# time_ps Epot_eV Ekin_eV Etot_eV Temp_K CPU_Time_s
    0.000000    -657.97144754       5.31671237    -652.65473517   663.418344     1.695777
    0.100000    -654.17646463       3.89698228    -650.27948235   486.264697     9.919633
    0.200000    -652.93439920       4.23939987    -648.69499934   528.991498    15.947179
    0.300000    -652.76868875       5.55228929    -647.21639947   692.813586    21.892869
    0.400000    -653.01459940       5.46902153    -647.54557787   682.423451    27.911263
    0.500000    -652.80994852       6.08874855    -646.72119997   759.752870    33.870257
    0.600000    -651.98375361       5.97377319    -646.00998041   745.406267    39.866102
    0.700000    -651.46414988       7.04654636    -644.41760352   879.266695    45.910254
    0.800000    -650.84068185       5.94098378    -644.89969807   741.314810    51.911804
    0.900000    -651.02195170       6.28369414    -644.73825756   784.078143    57.927935
    1.000000    -650.18754454       6.35114080    -643.83640375   792.494124    63.959773
    1.100000    -651.13993924       5.50726228    -645.63267696   687.195125    69.985213
    1.200000    -651.31429859       6.40569263    -644.90860596   799.301090    75.957700
    1.300000    -650.03717437       5.34161693    -644.69555744   666.525930    82.019213
    1.400000    -649.81995200       4.96933238    -644.85061962   620.072336    88.030761
    1.500000    -650.38617727       5.05002206    -645.33615520   630.140779    94.043854
    1.600000    -651.10966770       5.31767395    -645.79199375   663.538330   100.077411
    1.700000    -651.70855003       6.02183791    -645.68671212   751.403772   106.059891
    1.800000    -651.61520013       5.70786482    -645.90733531   712.226271   112.076946
    1.900000    -652.54933891       6.59778411    -645.95155480   823.270228   118.125424
    2.000000    -651.05694838       5.18970147    -645.86724692   647.569948   124.107142
    2.100000    -650.78246134       5.69944483    -645.08301651   711.175627   130.133976
    2.200000    -651.58708022       5.60100709    -645.98607313   698.892584   136.142766
    2.300000    -651.54176125       6.12968299    -645.41207825   764.860662   142.147910
    2.400000    -650.30527779       4.82296745    -645.48231034   601.808948   148.195590
    2.500000    -651.72599479       7.06444538    -644.66154941   881.500132   154.203573
    2.600000    -649.71326671       4.80262022    -644.91064649   599.270025   160.198663
    2.700000    -650.19733284       6.75686585    -643.44046699   843.120417   166.242647
    2.800000    -650.70375102       6.16315501    -644.54059601   769.037293   172.270221
    2.900000    -652.05529849       7.02924406    -645.02605443   877.107717   178.257222
    3.000000    -650.22323617       6.46060492    -643.76263125   806.153036   184.326657
    3.100000    -649.77941758       6.26450985    -643.51490773   781.684331   190.350050
    3.200000    -651.67834226       6.35375160    -645.32459067   792.819899   196.361145
    3.300000    -652.39485068       6.13270650    -646.26214417   765.237934   202.422753
    3.400000    -650.98793055       5.97391768    -645.01401287   745.424296   208.425647
    3.500000    -651.10979345       5.94565546    -645.16413799   741.897741   214.436529
    3.600000    -652.45804872       6.80970266    -645.64834606   849.713384   220.610474
    3.700000    -652.10222025       5.84981718    -646.25240308   729.939059   226.609150
    3.800000    -652.13658636       5.84818796    -646.28839840   729.735766   232.639820
    3.900000    -650.83625644       5.71415173    -645.12210470   713.010751   238.667727
    4.000000    -652.72568599       6.54937554    -646.17631044   817.229817   244.710990
    4.100000    -652.35441748       5.61586211    -646.73855537   700.746191   250.791838
    4.200000    -651.58504332       5.43484029    -646.15020303   678.158323   256.804832
    4.300000    -651.14326307       4.55316425    -646.59009882   568.142957   262.825035
    4.400000    -651.04394214       4.57582074    -646.46812140   570.970029   268.872924
    4.500000    -652.21758341       5.24661640    -646.97096701   654.671782   274.920574
    4.600000    -652.54932447       5.25275450    -647.29656997   655.437693   280.886053
    4.700000    -651.46251233       4.14468180    -647.31783053   517.172596   287.190505
    4.800000    -653.30192531       5.80483753    -647.49708778   724.326507   293.212010
    4.900000    -652.78187774       5.32770623    -647.45417151   664.790156   299.227798
    5.000000    -652.89810009       6.49157863    -646.40652147   810.017929   305.276766
    5.100000    -653.00321734       5.68036729    -647.32285006   708.795134   311.273252
    5.200000    -652.33533844       4.84391054    -647.49142790   604.422223   317.303561
    5.300000    -652.38806664       7.04680325    -645.34126339   879.298751   323.331022
    5.400000    -651.86748424       5.82803608    -646.03944816   727.221218   329.347842
    5.500000    -652.40274964       5.78262562    -646.62012402   721.554909   335.365506
    5.600000    -652.26175929       5.87430888    -646.38745041   732.995129   341.392697
    5.700000    -652.20772405       6.12646668    -646.08125738   764.459330   347.406437
    5.800000    -652.52830464       5.97868735    -646.54961729   746.019454   353.473230
    5.900000    -652.14415265       6.22370111    -645.92045154   776.592224   359.488591
    6.000000    -652.95433229       6.43738167    -646.51695062   803.255243   365.484206
    6.100000    -650.72418047       6.02985412    -644.69432635   752.404034   371.519004
    6.200000    -651.74914252       5.63710479    -646.11203773   703.396848   377.572074
    6.300000    -651.68657224       6.49498223    -645.19159001   810.442630   383.564706
    6.400000    -651.73331759       5.27033876    -646.46297882   657.631854   389.628456
    6.500000    -651.62181569       5.61238906    -646.00942663   700.312824   395.645046
    6.600000    -652.70717643       6.39473979    -646.31243665   797.934397   401.628487
    6.700000    -652.19893524       4.75642563    -647.44250962   593.505872   407.711665
    6.800000    -653.24551627       5.69813940    -647.54737687   711.012735   413.705034
    6.900000    -652.36297472       5.19226342    -647.17071130   647.889628   419.711209
    7.000000    -652.59224623       5.10646479    -647.48578144   637.183691   425.785441
    7.100000    -652.57957743       5.62469767    -646.95487975   701.848691   431.771413
    7.200000    -652.46520125       5.54603945    -646.91916179   692.033733   437.669363
    7.300000    -651.74107736       4.91938353    -646.82169383   613.839728   443.719003
    7.400000    -651.62799371       5.03905168    -646.58894203   628.771896   449.743917
    7.500000    -651.92343883       5.22150945    -646.70192938   651.538942   455.753970
    7.600000    -652.02142079       5.62471058    -646.39671021   701.850301   461.787289
    7.700000    -652.40410682       6.15677509    -646.24733173   768.241208   467.785349
    7.800000    -652.41593854       6.31076004    -646.10517850   787.455420   473.780457
    7.900000    -652.41511484       5.52972614    -646.88538870   689.998161   479.803559
    8.000000    -650.71182872       4.58901418    -646.12281454   572.616304   485.796168
    8.100000    -651.89787691       5.37810141    -646.51977550   671.078456   491.858268
    8.200000    -652.30680820       5.63179484    -646.67501336   702.734274   497.831503
    8.300000    -651.78120945       4.79147581    -646.98973364   597.879428   503.866089
    8.400000    -652.01555099       4.59041820    -647.42513279   572.791498   509.883045
    8.500000    -652.29187178       5.22881126    -647.06306052   652.450060   515.915557
    8.600000    -652.83820578       6.02395290    -646.81425288   751.667681   521.917153
    8.700000    -651.72515208       5.61120767    -646.11394442   700.165411   527.985483
    8.800000    -652.30347589       5.46380328    -646.83967261   681.772319   533.992076
    8.900000    -651.16646576       5.11697404    -646.04949172   638.495033   539.981206
    9.000000    -651.65907486       5.47651279    -646.18256206   683.358210   546.018877
    9.100000    -651.71213091       5.06785953    -646.64427138   632.366535   552.055714
    9.200000    -651.33600945       5.69201325    -645.64399619   710.248316   558.053453
    9.300000    -652.12842409       6.22506283    -645.90336126   776.762139   564.116985
    9.400000    -651.77476640       5.89262443    -645.88214197   735.280540   570.126223
    9.500000    -652.72195329       4.77753495    -647.94441834   596.139889   576.094090
    9.600000    -652.89885858       5.32804232    -647.57081626   664.832093   582.163330
    9.700000    -652.99090622       6.52279850    -646.46810772   813.913538   588.143240
    9.800000    -653.49508501       6.92754343    -646.56754158   864.417533   594.181197
    9.900000    -652.17081246       5.69440196    -646.47641050   710.546378   600.151957
   10.000000    -652.40629790       6.93490874    -645.47138917   865.336574   606.165237
   10.100000    -652.71069269       6.31073858    -646.39995412   787.452742   612.212959
   10.200000    -652.78735799       6.48389843    -646.30345956   809.059596   618.214620
   10.300000    -652.55576820       5.92422516    -646.63154305   739.223672   624.225799
   10.400000    -653.21668386       5.21083327    -648.00585058   650.206771   630.288300
   10.500000    -652.81401722       4.72639551    -648.08762171   589.758719   636.263151
   10.600000    -652.04903909       4.93866411    -647.11037498   616.245555   642.430162
   10.700000    -653.01059472       5.54942968    -647.46116504   692.456765   648.477784
   10.800000    -652.60875108       5.68605255    -646.92269853   709.504541   654.499389
   10.900000    -652.20607747       6.02682115    -646.17925632   752.025581   660.492120
   11.000000    -652.01565542       5.81604759    -646.19960783   725.725297   666.520913
   11.100000    -651.89722933       5.44915262    -646.44807671   679.944213   672.489821
   11.200000    -652.96261304       5.90659296    -647.05602008   737.023530   678.501319
   11.300000    -652.36285238       5.15684021    -647.20601217   643.469526   684.514825
   11.400000    -652.80358321       6.08296875    -646.72061446   759.031667   690.510794
   11.500000    -652.91443130       5.80801153    -647.10641977   724.722558   696.566631
   11.600000    -652.72759367       5.98332985    -646.74426382   746.598745   702.552061
   11.700000    -653.44003419       6.51397399    -646.92606021   812.812418   708.554185
   11.800000    -653.06692598       6.24663875    -646.82028722   779.454379   714.596001
   11.900000    -653.02515504       6.22171757    -646.80343747   776.344718   720.594621
   12.000000    -652.18928775       5.64293973    -646.54634802   704.124931   726.604640
   12.100000    -652.10608619       6.02512481    -646.08096138   751.813911   732.641064
   12.200000    -651.74448156       5.34169184    -646.40278972   666.535277   738.666840
   12.300000    -651.24193772       5.80744088    -645.43449683   724.651353   744.647370
   12.400000    -651.53323156       5.62480844    -645.90842313   701.862512   750.680152
   12.500000    -652.13171594       6.35814685    -645.77356908   793.368338   756.723783
   12.600000    -652.38931688       6.67486688    -645.71445000   832.888601   762.712945
   12.700000    -652.72104026       6.55657097    -646.16446930   818.127661   768.772534
   12.800000    -652.51975298       5.62351843    -646.89623455   701.701545   774.794139
   12.900000    -652.32358114       5.67016908    -646.65341206   707.522604   780.799697
   13.000000    -652.22906801       5.74101106    -646.48805696   716.362252   786.823014
   13.100000    -651.90362745       6.30343199    -645.60019546   786.541028   792.800233
   13.200000    -650.76081201       5.62278363    -645.13802838   701.609857   798.833271
   13.300000    -651.67357521       6.02654002    -645.64703519   751.990502   804.832495
   13.400000    -652.44477290       6.47825657    -645.96651633   808.355605   810.833676
   13.500000    -652.33974735       6.49341722    -645.84633012   810.247349   816.848193
   13.600000    -651.18387976       6.06150003    -645.12237973   756.352804   822.862687
   13.700000    -651.16393176       5.50134854    -645.66258322   686.457209   828.875096
   13.800000    -652.20712294       6.84438421    -645.36273873   854.040941   834.924406
   13.900000    -651.62945629       6.42405317    -645.20540312   801.592115   840.939517
   14.000000    -651.04048832       6.11314669    -644.92734163   762.797265   846.922242
   14.100000    -651.41714702       6.44626491    -644.97088211   804.363692   852.975675
   14.200000    -652.32740040       5.87306529    -646.45433511   732.839955   859.009487
   14.300000    -652.24372983       5.32161102    -646.92211880   664.029597   865.005528
   14.400000    -653.05588961       5.31811079    -647.73777882   663.592838   871.067874
   14.500000    -653.24345268       5.27515998    -647.96829270   658.233445   877.081952
   14.600000    -651.55709651       4.33279431    -647.22430220   540.645239   883.050153
   14.700000    -651.96963071       5.74748881    -646.22214190   717.170545   889.073745
   14.800000    -651.98822895       5.24828864    -646.73994031   654.880444   895.080048
   14.900000    -652.94398652       6.23412103    -646.70986549   777.892419   901.132100
   15.000000    -653.18246967       5.54131164    -647.64115803   691.443797   907.101095
   15.100000    -651.99962107       5.11892882    -646.88069225   638.738950   913.129404
   15.200000    -652.81685745       6.10787549    -646.70898195   762.139526   919.181723
   15.300000    -652.00370294       5.40004146    -646.60366148   673.816132   925.180419
   15.400000    -652.97547163       5.71844030    -647.25703134   713.545877   931.188647
   15.500000    -652.96934409       6.21077793    -646.75856616   774.979672   937.264722
   15.600000    -653.35564120       6.35797443    -646.99766677   793.346823   943.259901
   15.700000    -651.98981612       6.43636714    -645.55344898   803.128650   949.259774
   15.800000    -651.08738765       6.30718823    -644.78019942   787.009731   955.295274
   15.900000    -652.08758489       7.03967320    -645.04791169   878.409064   961.308421
   16.000000    -651.18566284       6.32353266    -644.86213017   789.049186   967.310319
   16.100000    -650.60451321       5.01570504    -645.58880817   625.858707   973.379487
   16.200000    -652.11737879       4.65937530    -647.45800349   581.395951   979.373669
   16.300000    -652.46691192       5.39307793    -647.07383399   672.947224   985.367181
   16.400000    -651.88197679       5.33061543    -646.55136136   665.153165   991.441853
   16.500000    -652.53295078       5.92269814    -646.61025264   739.033131   997.460539
   16.600000    -651.07120051       5.19028657    -645.88091394   647.642957  1003.454505
   16.700000    -651.44710301       5.57953132    -645.86757169   696.212842  1009.496035
   16.800000    -651.34363718       4.89937040    -646.44426678   611.342493  1015.489148
   16.900000    -652.52440538       5.29245407    -647.23195131   660.391398  1021.557707
   17.000000    -652.57345476       4.97742150    -647.59603326   621.081695  1027.532450
   17.100000    -653.19682343       6.76536237    -646.43146106   844.180611  1033.588582
   17.200000    -652.64524117       6.39771927    -646.24752190   798.306176  1039.623239
   17.300000    -651.92494798       6.29123503    -645.63371295   785.019094  1045.626061
   17.400000    -652.66518874       6.89948981    -645.76569893   860.917007  1051.637262
   17.500000    -651.71748850       5.98459764    -645.73289086   746.756939  1057.720837
   17.600000    -653.48119064       6.22612573    -647.25506492   776.894767  1063.743563
   17.700000    -651.76106395       5.56276128    -646.19830267   694.120280  1069.746826
   17.800000    -651.93401472       5.48274970    -646.45126502   684.136450  1075.809822
   17.900000    -652.43667363       5.87422515    -646.56244848   732.984681  1081.866650
   18.000000    -652.24245718       5.63099259    -646.61146460   702.634169  1087.882738
   18.100000    -651.95475539       5.59558240    -646.35917299   698.215693  1093.931978
   18.200000    -652.08885108       5.53950141    -646.54934968   691.217917  1099.933292
   18.300000    -652.03249542       4.92355730    -647.10893812   614.360530  1105.976234
   18.400000    -652.01863704       5.63173347    -646.38690358   702.726616  1112.021222
   18.500000    -652.10520120       5.45217108    -646.65303012   680.320856  1118.014180
   18.600000    -651.51782244       5.56226028    -645.95556216   694.057765  1124.059371
   18.700000    -651.27324147       5.49255897    -645.78068250   685.360449  1130.091705
   18.800000    -651.04113488       5.30549371    -645.73564117   662.018482  1136.109330
   18.900000    -651.77006196       6.61405565    -645.15600631   825.300588  1142.183021
   19.000000    -651.95575997       6.41774687    -645.53801310   800.805217  1148.205634
   19.100000    -652.43258416       5.47121415    -646.96137001   682.697046  1154.218160
   19.200000    -651.69970742       5.21841711    -646.48129031   651.153080  1160.469009
   19.300000    -652.71794360       5.15947741    -647.55846618   643.798596  1166.530241
   19.400000    -653.11422240       4.91492820    -648.19929420   613.283793  1172.530418
   19.500000    -652.60778971       4.90777632    -647.70001339   612.391383  1178.606604
   19.600000    -652.16629691       5.00106086    -647.16523606   624.031409  1184.616503
   19.700000    -652.23335849       5.24241684    -646.99094165   654.147762  1190.590744
   19.800000    -653.08853566       6.44778271    -646.64075295   804.553083  1196.618282
   19.900000    -651.77278023       5.03553396    -646.73724627   628.332957  1202.603234
   20.000000    -651.86412722       5.92031273    -645.94381449   738.735480  1208.677044
   20.100000    -652.50825237       6.56468079    -645.94357158   819.139603  1214.655733
   20.200000    -652.08508375       5.03833067    -647.04675308   628.681929  1220.684540
   20.300000    -652.56161630       4.85941082    -647.70220547   606.356345  1226.731555
   20.400000    -651.34401715       5.44130759    -645.90270957   678.965311  1232.735794
   20.500000    -651.88271983       5.17834461    -646.70437522   646.152842  1238.746103
   20.600000    -652.76929069       5.68311117    -647.08617953   709.137515  1244.823641
   20.700000    -652.39535774       5.12818130    -647.26717644   639.893473  1250.825836
   20.800000    -651.98679319       5.63796609    -646.34882710   703.504322  1256.841447
   20.900000    -650.57784334       4.87519918    -645.70264416   608.326414  1262.888596
   21.000000    -651.96106225       6.27842150    -645.68264076   783.420223  1268.920419
   21.100000    -651.01157369       5.84683047    -645.16474322   729.566378  1274.857260
   21.200000    -651.32754214       5.83979215    -645.48774999   728.688138  1280.886206
   21.300000    -651.97254009       6.32194758    -645.65059252   788.851399  1286.936274
   21.400000    -650.53782656       5.13968760    -645.39813896   641.329227  1292.914152
   21.500000    -650.95659162       5.29019124    -645.66640038   660.109042  1298.970156
   21.600000    -651.48721108       5.84657199    -645.64063909   729.534125  1304.992286
   21.700000    -650.94944595       5.27356348    -645.67588247   658.034234  1310.986823
   21.800000    -650.80158732       5.89994914    -644.90163818   736.194516  1317.009021
   21.900000    -651.39796758       4.93720911    -646.46075847   616.064000  1322.979102
   22.000000    -650.75424243       6.05931841    -644.69492402   756.080582  1329.020424
   22.100000    -650.35728016       6.49483438    -643.86244578   810.424181  1335.054769
   22.200000    -650.13865857       5.09603371    -645.04262486   635.882104  1341.028614
   22.300000    -650.84627662       6.41243266    -644.43384396   800.142110  1347.054739
   22.400000    -651.04895334       7.43221230    -643.61674104   927.390017  1353.313374
   22.500000    -650.74890326       6.84208005    -643.90682321   853.753429  1359.307959
   22.600000    -650.42186989       5.90188755    -644.51998235   736.436390  1365.371666
   22.700000    -651.41280414       6.41481486    -644.99798929   800.439360  1371.379617
   22.800000    -652.01031456       5.27085233    -646.73946223   657.695937  1377.360077
   22.900000    -652.25893704       5.71917085    -646.53976619   713.637036  1383.393031
   23.000000    -652.13681275       7.04136926    -645.09544349   878.620699  1389.438392
   23.100000    -650.93205923       5.76663656    -645.16542268   719.559797  1395.428590
   23.200000    -650.67768177       5.70268644    -644.97499533   711.580114  1401.491719
   23.300000    -652.58857998       6.11265093    -646.47592906   762.735404  1407.513129
   23.400000    -652.51558498       5.83587264    -646.67971234   728.199063  1413.479446
   23.500000    -652.02608256       4.55994021    -647.46614235   568.988460  1419.488445
   23.600000    -651.76598631       4.60115572    -647.16483059   574.131323  1425.460047
   23.700000    -653.01845249       5.84821816    -647.17023433   729.739534  1431.521702
   23.800000    -652.15681733       5.53737451    -646.61944282   690.952523  1437.543666
   23.900000    -651.95142973       5.84579931    -646.10563042   729.437711  1443.532509
   24.000000    -651.12198512       5.93507988    -645.18690525   740.578122  1449.543232
   24.100000    -651.58891610       5.26790569    -646.32101041   657.328256  1455.556364
   24.200000    -652.10405987       5.14501673    -646.95904314   641.994195  1461.557587
   24.300000    -651.18605024       5.24659355    -645.93945669   654.668931  1467.566598
   24.400000    -651.74214889       5.71520692    -646.02694197   713.142417  1473.603519
   24.500000    -651.92202383       5.45923607    -646.46278776   681.202423  1479.572018
   24.600000    -651.99536515       6.03991923    -645.95544592   753.659956  1485.654194
   24.700000    -651.60859319       5.77211392    -645.83647927   720.243261  1491.669680
   24.800000    -651.50552257       6.63299605    -644.87252652   827.663967  1497.638105
   24.900000    -651.45334325       5.19748434    -646.25585891   648.541093  1503.712104
   25.000000    -652.76262765       6.14052826    -646.62209940   766.213931  1509.692578
   25.100000    -651.84172128       5.62489255    -646.21682873   701.873007  1515.716886
   25.200000    -651.88341206       6.05200162    -645.83141044   755.167595  1521.728429
   25.300000    -651.92077792       5.46634273    -646.45443520   682.089191  1527.731866
   25.400000    -651.66810871       5.57740352    -646.09070518   695.947336  1533.780597
   25.500000    -651.36622359       5.07870953    -646.28751406   633.720396  1539.787287
   25.600000    -652.58437394       5.69671001    -646.88766393   710.834376  1545.789400
   25.700000    -652.40933207       5.23517661    -647.17415546   653.244327  1551.832062
   25.800000    -652.86312862       5.24399719    -647.61913144   654.344957  1557.830970
   25.900000    -652.36824531       5.04697326    -647.32127206   629.760349  1563.822437
   26.000000    -652.32450302       5.42361025    -646.90089277   676.757041  1569.881783
   26.100000    -651.92886161       5.13944649    -646.78941512   641.299142  1575.895394
   26.200000    -652.26952470       6.93288102    -645.33664368   865.083557  1581.882485
   26.300000    -651.15268447       5.46463619    -645.68804829   681.876249  1587.902604
   26.400000    -650.94295525       5.27656484    -645.66639041   658.408743  1593.883286
   26.500000    -650.45406291       7.01692054    -643.43714237   875.569992  1599.941050
   26.600000    -650.40731653       5.91823564    -644.48908089   738.476301  1605.912645
   26.700000    -651.09901710       6.07151833    -645.02749876   757.602886  1611.924152
   26.800000    -651.51670216       5.93193880    -645.58476336   740.186180  1617.983900
   26.900000    -651.71375686       6.01700380    -645.69675306   750.800573  1623.996533
   27.000000    -650.93064099       4.96040188    -645.97023911   618.957990  1629.981564
   27.100000    -651.52566530       5.34537718    -646.18028813   666.995133  1636.010373
   27.200000    -651.33980553       5.12741305    -646.21239247   639.797612  1642.055139
   27.300000    -650.99508211       5.49882943    -645.49625268   686.142875  1648.040375
   27.400000    -650.66819685       5.54056925    -645.12762760   691.351162  1654.101525
   27.500000    -652.50055181       6.18154856    -646.31900325   771.332436  1660.109699
   27.600000    -651.64321524       5.50932957    -646.13388567   687.453081  1666.096678
   27.700000    -652.09743718       5.91000215    -646.18743503   737.448928  1672.147108
   27.800000    -652.23142911       5.86797960    -646.36344951   732.205363  1678.125837
   27.900000    -652.49700475       5.99387547    -646.50312928   747.914625  1684.157399
   28.000000    -652.21918126       5.44337300    -646.77580826   679.223033  1690.157860
   28.100000    -651.84474899       5.61446639    -646.23028260   700.572033  1696.161888
   28.200000    -651.63558617       5.07715018    -646.55843600   633.525820  1702.224954
   28.300000    -652.35463574       5.82371075    -646.53092499   726.681504  1708.210551
   28.400000    -651.74751895       5.25946493    -646.48805402   656.275020  1714.191651
   28.500000    -650.88078604       4.54366685    -646.33711919   566.957873  1720.235558
   28.600000    -652.19634446       4.96827214    -647.22807232   619.940039  1726.266258
   28.700000    -651.84082450       5.90460983    -645.93621467   736.776076  1732.266961
   28.800000    -651.42045975       5.33828161    -646.08217814   666.109750  1738.301109
   28.900000    -651.22317275       5.66506426    -645.55810849   706.885625  1744.284778
   29.000000    -651.24773392       5.20511941    -646.04261450   649.493797  1750.335839
   29.100000    -651.99623162       5.69392877    -646.30230285   710.487333  1756.359149
   29.200000    -651.78635928       5.37819150    -646.40816778   671.089698  1762.423110
   29.300000    -653.31495555       5.61890558    -647.69604998   701.125954  1768.474167
   29.400000    -652.54070514       4.94133850    -647.59936664   616.579265  1774.494961
   29.500000    -651.88662023       5.80194398    -646.08467625   723.965451  1780.502195
   29.600000    -651.28303291       5.45784312    -645.82518979   681.028612  1786.542967
   29.700000    -651.59417107       5.90407131    -645.69009976   736.708879  1792.581864
   29.800000    -652.11008574       6.41108450    -645.69900124   799.973887  1798.573129
   29.900000    -651.67762866       5.37031205    -646.30731661   670.106502  1804.888630
   30.000000    -651.63097075       4.92071349    -646.71025725   614.005681  1810.894844
   30.100000    -651.77282291       5.58062925    -646.19219366   696.349841  1816.887419
   30.200000    -651.50599154       5.95014634    -645.55584520   742.458112  1822.941216
   30.300000    -650.96194365       5.71797387    -645.24396978   713.487677  1828.917671
   30.400000    -651.33662518       6.02011217    -645.31651301   751.188435  1834.934875
   30.500000    -651.88650775       5.53910218    -646.34740558   691.168101  1840.900322
   30.600000    -652.79326241       6.00298550    -646.79027691   749.051373  1846.906564
   30.700000    -652.41192491       5.65806982    -646.75385510   706.012860  1852.970290
   30.800000    -652.75070867       5.16294865    -647.58776002   644.231737  1858.967912
   30.900000    -652.52208991       4.65511851    -647.86697140   580.864790  1864.964408
   31.000000    -652.77640503       5.13593198    -647.64047305   640.860602  1870.990678
   31.100000    -652.43611719       5.07510792    -647.36100927   633.270987  1877.005579
   31.200000    -653.56158667       5.36235489    -648.19923178   669.113609  1883.007715
   31.300000    -653.36173806       5.49212387    -647.86961420   685.306157  1889.034904
   31.400000    -652.47061769       5.18963596    -647.28098174   647.561774  1895.009686
   31.500000    -651.98777314       5.20414527    -646.78362788   649.372243  1901.031863
   31.600000    -651.00176456       4.62739159    -646.37437296   577.405030  1907.029581
   31.700000    -650.63673800       5.73055141    -644.90618659   715.057099  1913.045403
   31.800000    -651.69790978       6.72350653    -644.97440325   838.957848  1919.063763
   31.900000    -650.87935668       5.51802384    -645.36133284   688.537950  1925.078798
   32.000000    -651.81807265       6.30797970    -645.51009295   787.108490  1931.071235
   32.100000    -652.94854070       5.45072212    -647.49781858   680.140054  1937.103128
   32.200000    -653.03898897       5.26526280    -647.77372617   656.998476  1943.139571
   32.300000    -651.61727583       4.49285814    -647.12441769   560.617972  1949.109963
   32.400000    -652.49011004       5.63439897    -646.85571108   703.059216  1955.186692
   32.500000    -652.60299428       5.58535162    -647.01764266   696.939098  1961.188264
   32.600000    -652.33539620       5.89044687    -646.44494932   735.008825  1967.164095
   32.700000    -652.43702869       5.52604962    -646.91097907   689.539406  1973.183519
   32.800000    -652.08982433       5.01066112    -647.07916321   625.229328  1979.163308
   32.900000    -652.98636219       5.42986066    -647.55650153   677.536966  1985.237425
   33.000000    -653.47395935       5.52921601    -647.94474333   689.934508  1991.214159
   33.100000    -652.90255301       5.99813709    -646.90441591   748.446390  1997.219741
   33.200000    -651.32986660       5.76969421    -645.56017239   719.941330  2003.267765
   33.300000    -652.86843286       6.80151015    -646.06692271   848.691125  2009.272983
   33.400000    -652.64755206       5.12229395    -647.52525811   639.158851  2015.274596
   33.500000    -653.10128317       5.39390581    -647.70737736   673.050527  2021.298204
   33.600000    -653.06476269       4.81478050    -648.24998220   600.787381  2027.315908
   33.700000    -652.95676991       4.59828552    -648.35848439   573.773180  2033.291929
   33.800000    -653.47316047       5.71191129    -647.76124919   712.731189  2039.345737
   33.900000    -652.65460508       6.05199042    -646.60261467   755.166197  2045.344147
   34.000000    -651.39205473       5.10035977    -646.29169496   636.421908  2051.326065
   34.100000    -653.43549005       5.99917527    -647.43631478   748.575932  2057.338886
   34.200000    -653.45217433       5.46854754    -647.98362679   682.364307  2063.329899
   34.300000    -653.00925970       4.67264379    -648.33661591   583.051591  2069.384475
   34.400000    -652.32999164       5.86060974    -646.46938190   731.285753  2075.391894
   34.500000    -651.18171640       5.38112625    -645.80059014   671.455896  2081.389891
   34.600000    -652.35524098       6.62977519    -645.72546579   827.262069  2087.418863
   34.700000    -652.56325758       5.98181232    -646.58144526   746.409387  2093.423314
   34.800000    -651.94610596       6.38616362    -645.55994234   796.864265  2099.425596
   34.900000    -652.73652017       6.52247306    -646.21404712   813.872930  2105.468542
   35.000000    -651.87591291       6.77231495    -645.10359796   845.048153  2111.502421
   35.100000    -652.71607324       4.97657321    -647.73950003   620.975845  2117.482127
   35.200000    -653.59389511       5.71226041    -647.88163471   712.774752  2123.518376
   35.300000    -653.73228670       5.84355399    -647.88873271   729.157539  2129.496428
   35.400000    -653.25093422       5.23627120    -648.01466303   653.380910  2135.510251
   35.500000    -653.04881271       5.95200825    -647.09680446   742.690441  2141.517492
   35.600000    -652.92641294       6.31067887    -646.61573407   787.445292  2147.514580
   35.700000    -652.55439026       6.86265053    -645.69173973   856.320209  2153.563439
   35.800000    -651.85127909       6.33063914    -645.52063995   789.935930  2159.525974
   35.900000    -651.32518324       5.90090060    -645.42428264   736.313239  2165.549486
   36.000000    -651.91248153       5.47347778    -646.43900374   682.979502  2171.576582
   36.100000    -652.50697042       5.85383252    -646.65313790   730.440092  2177.588126
   36.200000    -652.85421588       6.26639947    -646.58781641   781.920117  2183.597890
   36.300000    -652.10236986       6.37467361    -645.72769625   795.430543  2189.605437
   36.400000    -652.13469999       6.33961481    -645.79508518   791.055913  2195.643294
   36.500000    -650.70853463       5.19560113    -645.51293350   648.306107  2201.615929
   36.600000    -650.58709990       6.60582350    -643.98127640   824.273382  2207.693930
   36.700000    -651.22167014       5.81074367    -645.41092647   725.063474  2213.685803
   36.800000    -651.40019222       5.54420516    -645.85598706   691.804851  2219.718278
   36.900000    -651.38369444       5.77744887    -645.60624557   720.908956  2225.723295
   37.000000    -651.36340956       6.39198847    -644.97142108   797.591089  2231.699654
   37.100000    -651.05390682       5.54756354    -645.50634328   692.223908  2237.756373
   37.200000    -651.51694581       5.16544666    -646.35149914   644.543438  2243.769464
   37.300000    -651.63908241       5.86931816    -645.76976425   732.372388  2249.759972
   37.400000    -651.33840694       6.24094040    -645.09746654   778.743339  2255.777121
   37.500000    -651.35710522       6.60394637    -644.75315886   824.039154  2261.780030
   37.600000    -649.93130143       6.42854254    -643.50275889   802.152298  2267.796320
   37.700000    -651.37575198       7.23272327    -644.14302871   902.497814  2273.807627
   37.800000    -650.78011371       6.95326313    -643.82685058   867.626832  2279.842298
   37.900000    -651.63136408       6.17241592    -645.45894817   770.192868  2285.830484
   38.000000    -651.99189242       5.69416328    -646.29772915   710.516595  2291.883758
   38.100000    -651.59839059       5.46546730    -646.13292329   681.979956  2297.889048
   38.200000    -651.70148352       6.06745319    -645.63403032   757.095639  2303.886032
   38.300000    -652.03146594       6.17473219    -645.85673375   770.481892  2309.905856
   38.400000    -651.51336885       5.28731179    -646.22605706   659.749746  2315.881843
   38.500000    -651.52636073       5.97676698    -645.54959375   745.779831  2321.906350
   38.600000    -650.64267220       5.32872083    -645.31395137   664.916757  2327.909451
   38.700000    -651.48163684       6.41690236    -645.06473448   800.699839  2333.919223
   38.800000    -651.06313906       5.73449325    -645.32864581   715.548961  2339.980676
   38.900000    -652.09736418       6.21257964    -645.88478454   775.204489  2345.982698
   39.000000    -651.79153246       4.97646963    -646.81506283   620.962920  2351.978193
   39.100000    -651.88839183       5.40895985    -646.47943199   674.928966  2358.009592
   39.200000    -651.07553204       5.41832571    -645.65720633   676.097637  2364.028052
   39.300000    -651.69094088       5.48913364    -646.20180724   684.933036  2370.023772
   39.400000    -651.73081509       6.28853489    -645.44228020   784.682170  2376.056792
   39.500000    -650.89382423       5.96723332    -644.92659091   744.590223  2382.035258
   39.600000    -651.47951735       5.99284050    -645.48667685   747.785481  2388.041621
   39.700000    -652.04826824       6.32075387    -645.72751437   788.702448  2394.057503
   39.800000    -651.80037416       6.39090001    -645.40947415   797.455271  2400.066814
   39.900000    -650.92158388       5.59668746    -645.32489642   698.353581  2406.133308
   40.000000    -651.52124080       6.28536237    -645.23587843   784.286304  2412.106443
   40.100000    -650.54451023       5.39380891    -645.15070132   673.038435  2418.107965
   40.200000    -651.44998835       5.78884612    -645.66114223   722.331102  2424.158334
   40.300000    -652.04545287       6.14272410    -645.90272877   766.487928  2430.158030
   40.400000    -651.72337591       5.42388614    -646.29948977   676.791466  2436.156269
   40.500000    -651.79815313       5.14698805    -646.65116508   642.240176  2442.204248
   40.600000    -651.59991955       5.75044858    -645.84947097   717.539864  2448.194531
   40.700000    -651.00920189       4.85782919    -646.15137270   606.158989  2454.180423
   40.800000    -651.80360927       5.81828637    -645.98532290   726.004651  2460.231235
   40.900000    -651.09339910       5.60904213    -645.48435697   699.895195  2466.215439
   41.000000    -652.06796275       6.28781368    -645.78014907   784.592178  2472.245422
   41.100000    -652.38999844       5.98792485    -646.40207359   747.172108  2478.257925
   41.200000    -651.87186998       5.46391488    -646.40795509   681.786245  2484.212681
   41.300000    -651.22234863       4.99607040    -646.22627823   623.408700  2490.257982
   41.400000    -651.69522421       5.44140793    -646.25381628   678.977832  2496.218725
   41.500000    -651.56936949       5.85224417    -645.71712532   730.241898  2502.221508
   41.600000    -651.88524171       6.28882072    -645.59642099   784.717837  2508.265381
   41.700000    -651.95335610       5.55980375    -646.39355235   693.751240  2514.278044
   41.800000    -652.03344320       5.57109589    -646.46234731   695.160271  2520.268160
   41.900000    -651.86368585       4.94948667    -646.91419918   617.595992  2526.305012
   42.000000    -652.51971777       5.55910250    -646.96061528   693.663737  2532.405824
   42.100000    -652.23305827       4.59774893    -647.63530934   573.706225  2538.476982
   42.200000    -652.11183340       5.92417026    -646.18766315   739.216822  2544.600652
   42.300000    -651.64468985       5.50760991    -646.13707994   687.238502  2550.668092
   42.400000    -651.66432788       6.76321922    -644.90110866   843.913190  2556.756717
   42.500000    -650.86617758       5.95589818    -644.91027940   743.175826  2562.864779
   42.600000    -650.62692429       5.42682335    -645.20010094   677.157971  2568.952137
   42.700000    -649.79987500       5.18182785    -644.61804715   646.587479  2575.053104
   42.800000    -650.26429400       5.72591316    -644.53838084   714.478339  2581.127613
   42.900000    -650.39765283       5.96002118    -644.43763165   743.690293  2587.197242
   43.000000    -650.72879271       6.39247931    -644.33631340   797.652335  2593.366611
   43.100000    -650.48635417       5.85840763    -644.62794654   731.010974  2599.776771
   43.200000    -651.19922298       6.40313448    -644.79608850   798.981885  2605.846036
   43.300000    -650.95601987       5.39891857    -645.55710130   673.676018  2612.040805
   43.400000    -650.91549255       5.19692120    -645.71857135   648.470825  2618.154920
   43.500000    -651.46760313       6.26991637    -645.19768677   782.358955  2624.243193
   43.600000    -651.34992821       6.13841401    -645.21151421   765.950116  2630.431066
   43.700000    -650.04052168       5.99213062    -644.04839107   747.696902  2636.477465
   43.800000    -650.31852146       6.70866846    -643.60985299   837.106357  2642.580625
   43.900000    -650.23955205       5.44552577    -644.79402628   679.491655  2648.652045
   44.000000    -650.55810617       6.24457924    -644.31352693   779.197393  2654.793617
   44.100000    -649.88392264       6.25103499    -643.63288765   780.002941  2660.926209
   44.200000    -651.00814910       5.08291894    -645.92523017   634.245644  2667.026760
   44.300000    -652.69172830       5.52960740    -647.16212091   689.983344  2673.148229
   44.400000    -652.27182808       5.08975700    -647.18207108   635.098897  2679.286253
   44.500000    -650.96309431       5.09516024    -645.86793407   635.773112  2685.430159
   44.600000    -651.85299260       5.47951402    -646.37347858   683.732702  2691.477978
   44.700000    -651.50258003       6.14816449    -645.35441554   767.166779  2697.630567
   44.800000    -650.12356392       5.53221672    -644.59134720   690.308935  2703.680607
   44.900000    -651.29976943       5.92719255    -645.37257688   739.593943  2709.677739
   45.000000    -651.45382432       6.36189600    -645.09192831   793.836156  2715.760817
   45.100000    -650.90093400       6.46541476    -644.43551925   806.753206  2721.792680
   45.200000    -650.69650637       5.97924019    -644.71726617   746.088438  2727.808885
   45.300000    -651.42946610       6.39046474    -645.03900136   797.400958  2733.889279
   45.400000    -650.74099000       4.94085105    -645.80013895   616.518441  2739.925122
   45.500000    -650.82797330       4.49333420    -646.33463909   560.677375  2745.917489
   45.600000    -651.92108985       5.70972305    -646.21136680   712.458141  2752.012058
   45.700000    -652.26604435       5.61734333    -646.64870103   700.931017  2758.021833
   45.800000    -652.16273645       5.07534064    -647.08739581   633.300026  2764.080698
   45.900000    -652.36981905       4.82744778    -647.54237127   602.368003  2770.140866
   46.000000    -653.00004781       5.49386363    -647.50618418   685.523244  2776.244305
   46.100000    -652.39221367       5.69281482    -646.69939885   710.348335  2782.379730
   46.200000    -650.60490134       5.36500669    -645.23989466   669.444499  2788.459342
   46.300000    -652.79232452       5.48873153    -647.30359299   684.882862  2794.549232
   46.400000    -651.29115456       5.45897206    -645.83218250   681.169481  2800.715514
   46.500000    -651.20815369       5.63459693    -645.57355675   703.083918  2806.810493
   46.600000    -650.83806544       4.66303266    -646.17503278   581.852316  2812.822516
   46.700000    -651.46042642       5.57748851    -645.88293791   695.957941  2818.881100
   46.800000    -652.02776118       4.95357868    -647.07418250   618.106592  2824.896501
   46.900000    -651.39398415       5.02635988    -646.36762426   627.188216  2830.888675
   47.000000    -651.06400383       5.47863858    -645.58536525   683.623466  2836.935054
   47.100000    -651.27278662       5.54285874    -645.72992788   691.636845  2842.929628
   47.200000    -651.09021555       4.91091941    -646.17929613   612.783577  2848.898801
   47.300000    -651.78600886       5.00879680    -646.77721205   624.996699  2854.895175
   47.400000    -652.62765280       5.18289324    -647.44475956   646.720419  2860.895562
   47.500000    -652.82789642       5.94194270    -646.88595372   741.434464  2866.942939
   47.600000    -652.68159864       5.76618090    -646.91541773   719.502941  2872.904845
   47.700000    -651.94257603       5.48384398    -646.45873205   684.272995  2878.905672
   47.800000    -652.53475634       6.13368303    -646.40107332   765.359785  2884.945693
   47.900000    -651.20358931       4.57671309    -646.62687622   571.081377  2890.934726
   48.000000    -651.77372694       5.46533485    -646.30839210   681.963428  2896.938018
   48.100000    -653.12031701       5.49175918    -647.62855782   685.260652  2902.953256
   48.200000    -653.05501041       5.59176631    -647.46324411   697.739521  2908.983754
   48.300000    -652.59658055       4.63726986    -647.95931070   578.637638  2914.945541
   48.400000    -653.32948945       6.19247098    -647.13701847   772.695334  2921.012156
   48.500000    -652.14059722       5.01548478    -647.12511244   625.831223  2927.015118
   48.600000    -652.87947666       5.89026123    -646.98921543   734.985660  2932.981675
   48.700000    -652.53437138       5.53364965    -647.00072173   690.487736  2939.043723
   48.800000    -651.54036016       5.36454706    -646.17581311   669.387147  2945.025503
   48.900000    -651.96557323       6.09302876    -645.87254447   760.286953  2951.048017
   49.000000    -651.18381224       5.53405573    -645.64975651   690.538406  2957.052486
   49.100000    -653.12387131       6.06860458    -647.05526673   757.239309  2963.102341
   49.200000    -653.19805449       6.13781744    -647.06023705   765.875677  2969.141093
   49.300000    -652.46458617       5.44656942    -647.01801674   679.621882  2975.172575
   49.400000    -652.26307227       5.55300839    -646.71006388   692.903316  2981.191974
   49.500000    -652.57587110       5.63562026    -646.94025084   703.211609  2987.268998
   49.600000    -652.43882931       5.36279383    -647.07603548   669.168379  2993.255902
   49.700000    -652.93306324       6.00061806    -646.93244518   748.755965  2999.235851
   49.800000    -652.39092353       5.29040982    -647.10051371   660.136317  3005.269009
   49.900000    -651.59080338       4.40049200    -647.19031138   549.092543  3011.257972
   50.000000    -652.20563928       6.03764975    -646.16798953   753.376771  3017.229130
   50.100000    -652.65905828       6.87249927    -645.78655900   857.549134  3023.270673
   50.200000    -650.95857936       5.56051057    -645.39806879   693.839436  3029.264811
   50.300000    -651.75378590       5.25455198    -646.49923392   655.661983  3035.269739
   50.400000    -651.57451207       5.24932856    -646.32518351   655.010205  3041.293096
   50.500000    -652.99311748       5.86393685    -647.12918062   731.700909  3047.264863
   50.600000    -652.05482733       5.70808136    -646.34674597   712.253292  3053.277293
   50.700000    -652.77477018       6.39815437    -646.37661582   798.360468  3059.287923
   50.800000    -652.82850316       5.94955187    -646.87895128   742.383935  3065.288056
   50.900000    -652.99475468       5.01747996    -647.97727472   626.080181  3071.333951
   51.000000    -651.72650070       4.77094416    -646.95555654   595.317492  3077.305435
   51.100000    -651.96482888       6.22229246    -645.74253643   776.416452  3083.310466
   51.200000    -651.52044835       6.30938998    -645.21105836   787.284465  3089.370435
   51.300000    -651.62549870       5.78447283    -645.84102587   721.785404  3095.398161
   51.400000    -652.21628435       6.27226236    -645.94402199   782.651687  3101.409079
   51.500000    -652.97521934       6.03853186    -646.93668748   753.486841  3107.459616
   51.600000    -652.18991361       5.05831165    -647.13160195   631.175152  3113.522754
   51.700000    -652.28133058       5.81357284    -646.46775774   725.416497  3119.526064
   51.800000    -651.64343292       4.84244758    -646.80098533   604.239675  3125.591841
   51.900000    -652.50384252       6.28577163    -646.21807089   784.337372  3131.623810
   52.000000    -652.98812829       6.42411418    -646.56401411   801.599728  3137.637228
   52.100000    -650.52965358       4.81587683    -645.71377675   600.924182  3143.705775
   52.200000    -652.53849029       6.21451265    -646.32397764   775.445690  3149.714572
   52.300000    -652.56482129       4.74325774    -647.82156355   591.862786  3155.714894
   52.400000    -653.21785375       5.24302310    -647.97483065   654.223411  3161.786979
   52.500000    -653.05356622       4.83959131    -648.21397491   603.883271  3167.795646
   52.600000    -652.91877666       5.44313756    -647.47563910   679.193655  3173.840995
   52.700000    -652.87447311       5.72020849    -647.15426462   713.766512  3179.862665
   52.800000    -652.16648487       5.33359329    -646.83289158   665.524742  3185.884112
   52.900000    -652.28261876       5.21743998    -647.06517878   651.031154  3191.939754
   53.000000    -651.69492487       5.87969166    -645.81523321   733.666791  3197.972881
   53.100000    -651.80065694       6.23971861    -645.56093833   778.590885  3204.002795
   53.200000    -651.74823555       6.14596258    -645.60227298   766.892025  3210.090407
   53.300000    -651.56711066       5.21231729    -646.35479338   650.391946  3216.101056
   53.400000    -652.48966590       6.91136792    -645.57829798   862.399156  3222.114806
   53.500000    -651.53843969       6.58404336    -644.95439633   821.555660  3228.177926
   53.600000    -650.98162425       6.08880151    -644.89282274   759.759478  3234.219512
   53.700000    -651.26781142       7.21151539    -644.05629603   899.851499  3240.232363
   53.800000    -652.27223248       6.94512431    -645.32710817   866.611272  3246.282572
   53.900000    -651.98357379       6.22391329    -645.75966051   776.618699  3252.279708
   54.000000    -651.83641513       5.54469955    -646.29171558   691.866540  3258.343665
   54.100000    -652.76823518       5.15689494    -647.61134024   643.476355  3264.385755
   54.200000    -652.25767246       5.06009328    -647.19757919   631.397463  3270.393348
   54.300000    -652.21024591       5.72180694    -646.48843898   713.965966  3276.474207
   54.400000    -652.10357906       5.68879862    -646.41478043   709.847195  3282.461293
   54.500000    -652.48313854       4.95255455    -647.53058399   617.978802  3288.497515
   54.600000    -652.38175600       5.36772352    -647.01403248   669.783505  3294.545495
   54.700000    -652.55078898       5.33626854    -647.21452045   665.858558  3300.566467
   54.800000    -653.43123569       4.95289407    -648.47834162   618.021167  3306.597521
   54.900000    -652.88018770       4.89686933    -647.98331836   611.030411  3312.656863
   55.000000    -652.70613850       4.85609475    -647.85004376   605.942566  3318.705913
   55.100000    -651.69577192       5.17164873    -646.52412319   645.317331  3324.702385
   55.200000    -651.31325696       5.75498230    -645.55827466   718.105581  3330.806506
   55.300000    -651.85197343       6.03982880    -645.81214463   753.648673  3336.814243
   55.400000    -651.76355403       5.49956807    -646.26398596   686.235043  3342.799072
   55.500000    -652.93233727       6.31755599    -646.61478129   788.303418  3348.815161
   55.600000    -652.01871321       5.39144989    -646.62726333   672.744077  3354.786870
   55.700000    -651.93962653       5.42627004    -646.51335649   677.088929  3360.804062
   55.800000    -652.40621115       5.69477209    -646.71143906   710.592563  3366.778382
   55.900000    -652.02970039       5.37856884    -646.65113154   671.136783  3372.801910
   56.000000    -651.88982891       4.71734869    -647.17248022   588.629859  3378.880938
   56.100000    -653.28745509       5.61322753    -647.67422755   700.417449  3384.881845
   56.200000    -652.49535263       5.29045917    -647.20489346   660.142475  3390.902922
   56.300000    -653.21024226       5.54789052    -647.66235174   692.264709  3396.979669
   56.400000    -653.10399635       4.96035549    -648.14364087   618.952201  3403.001798
   56.500000    -653.44725357       5.69982115    -647.74743242   711.222584  3409.036285
   56.600000    -652.36721193       4.85576360    -647.51144833   605.901245  3415.107903
   56.700000    -652.30266360       5.89262391    -646.41003969   735.280475  3421.114842
   56.800000    -652.02115769       5.81601843    -646.20513925   725.721658  3427.088461
   56.900000    -652.01449306       5.83762196    -646.17687110   728.417342  3433.138215
   57.000000    -651.40230685       5.51107331    -645.89123353   687.670665  3439.139992
   57.100000    -652.73142197       7.14819858    -645.58322339   891.950840  3445.116672
   57.200000    -651.78492220       5.44397107    -646.34095113   679.297660  3451.146156
   57.300000    -652.03932782       6.02706426    -646.01226355   752.055916  3457.133792
   57.400000    -651.80598118       6.52807105    -645.27791012   814.571447  3463.108874
   57.500000    -652.31632166       6.12506021    -646.19126146   764.283831  3469.114830
   57.600000    -652.55592017       5.29689706    -647.25902312   660.945793  3475.101850
   57.700000    -653.04380267       5.85036678    -647.19343588   730.007639  3481.139735
   57.800000    -652.60839636       5.41288292    -647.19551344   675.418487  3487.122083
   57.900000    -651.51374912       4.78029405    -646.73345508   596.484169  3493.114805
   58.000000    -651.98597450       5.01448053    -646.97149397   625.705914  3499.143668
   58.100000    -651.04640500       4.51211093    -646.53429407   563.020332  3505.133454
   58.200000    -652.55753216       5.47440659    -647.08312557   683.095399  3511.132652
   58.300000    -651.94209119       5.23621725    -646.70587394   653.374179  3517.196736
   58.400000    -651.64256627       5.55759359    -646.08497269   693.475456  3523.172659
   58.500000    -652.30913851       5.17855872    -647.13057979   646.179559  3529.164617
   58.600000    -652.32353545       5.67902875    -646.64450670   708.628111  3535.199824
   58.700000    -652.91133211       5.85272916    -647.05860295   730.302416  3541.190163
   58.800000    -653.02992029       6.08496690    -646.94495339   759.280996  3547.178241
   58.900000    -651.85495708       5.55339436    -646.30156272   692.951477  3553.221409
   59.000000    -652.28649256       6.09231672    -646.19417584   760.198105  3559.205336
   59.100000    -651.65131789       5.74051633    -645.91080156   716.300520  3565.227601
   59.200000    -652.49615327       5.53276371    -646.96338956   690.377189  3571.252683
   59.300000    -651.66048584       4.50927439    -647.15121145   562.666389  3577.237350
   59.400000    -651.93289027       5.69383944    -646.23905083   710.476187  3583.593751
   59.500000    -651.25001521       5.88521187    -645.36480335   734.355602  3589.592729
   59.600000    -651.32443501       5.33755093    -645.98688408   666.018575  3595.590119
   59.700000    -651.82257661       5.28016560    -646.54241102   658.858045  3601.622605
   59.800000    -651.16595122       5.29784465    -645.86810658   661.064033  3607.591271
   59.900000    -652.67656863       6.35592769    -646.32064093   793.091432  3613.582196
   60.000000    -652.87755860       6.66321851    -646.21434009   831.435120  3619.645444
   60.100000    -651.52284511       5.89683166    -645.62601345   735.805517  3625.634540
   60.200000    -652.15278528       5.82234764    -646.33043764   726.511416  3631.632946
   60.300000    -652.49297734       6.03137034    -646.46160700   752.593228  3637.664824
   60.400000    -652.05531597       5.16955165    -646.88576432   645.055658  3643.655153
   60.500000    -652.06486826       5.54212259    -646.52274568   691.544987  3649.613180
   60.600000    -651.74085265       6.08218035    -645.65867229   758.933291  3655.656592
   60.700000    -651.91583342       5.43258931    -646.48324411   677.877447  3661.658484
   60.800000    -651.99172152       5.37338607    -646.61833545   670.490077  3667.610272
   60.900000    -651.38866748       4.35707512    -647.03159236   543.674993  3673.658233
   61.000000    -652.00884647       4.62352175    -647.38532472   576.922153  3679.661219
   61.100000    -651.83636112       3.93343224    -647.90292888   490.812916  3685.619973
   61.200000    -653.03014515       4.49415177    -648.53599338   560.779392  3691.625595
   61.300000    -652.36764671       5.07889316    -647.28875354   633.743309  3697.591010
   61.400000    -652.12660009       5.32598696    -646.80061313   664.575626  3703.603023
   61.500000    -651.83050136       5.71086855    -646.11963281   712.601076  3709.603380
   61.600000    -651.90820882       5.21877990    -646.68942892   651.198349  3715.585005
   61.700000    -652.04088820       5.62455999    -646.41632821   701.831511  3721.614427
   61.800000    -651.47032074       6.11626872    -645.35405203   763.186831  3727.616728
   61.900000    -650.66161833       5.33221083    -645.32940751   665.352238  3733.606148
   62.000000    -651.50515952       5.17377651    -646.33138301   645.582835  3739.628674
   62.100000    -650.73573199       5.62283305    -645.11289894   701.616023  3745.621395
   62.200000    -651.39077700       5.98276375    -645.40801324   746.528107  3751.611655
   62.300000    -651.36622305       6.35236085    -645.01386221   792.646361  3757.617496
   62.400000    -651.32516408       5.31544822    -646.00971586   663.260604  3763.641542
   62.500000    -651.26654338       4.73609640    -646.53044698   590.969195  3769.613641
   62.600000    -651.86130979       5.72458089    -646.13672890   714.312099  3775.643147
   62.700000    -651.52390544       6.30548872    -645.21841672   786.797666  3781.641932
   62.800000    -651.28385044       5.04360278    -646.24024766   629.339782  3787.621195
   62.900000    -651.92751683       5.53685864    -646.39065819   690.888153  3793.619015
   63.000000    -651.22737152       5.38966307    -645.83770844   672.521119  3799.592908
   63.100000    -651.18927206       6.07631868    -645.11295338   758.201872  3805.533547
   63.200000    -651.72424367       6.11737030    -645.60687337   763.324286  3811.581523
   63.300000    -651.92149968       5.95577271    -645.96572696   743.160170  3817.558617
   63.400000    -651.27018305       6.02006099    -645.25012206   751.182049  3823.560947
   63.500000    -652.05943127       5.51614753    -646.54328374   688.303825  3829.614228
   63.600000    -652.51483796       7.19123529    -645.32360267   897.320952  3835.673785
   63.700000    -652.18722178       5.36224501    -646.82497677   669.099898  3841.682107
   63.800000    -652.55352033       5.88590938    -646.66761095   734.442637  3847.767297
   63.900000    -651.85215611       5.30110549    -646.55105063   661.470920  3853.804995
   64.000000    -652.49380932       6.46405217    -646.02975715   806.583183  3859.791131
   64.100000    -652.65932780       5.18419731    -647.47513049   646.883140  3865.881752
   64.200000    -653.80741376       5.27237193    -648.53504182   657.885553  3871.885853
   64.300000    -652.96397102       4.92305743    -648.04091359   614.298156  3877.938508
   64.400000    -652.87493184       5.63075100    -647.24418083   702.604024  3883.970184
   64.500000    -652.76797849       6.25146902    -646.51650947   780.057098  3889.999827
   64.600000    -652.24732802       6.77170743    -645.47562060   844.972347  3896.093734
   64.700000    -652.35313824       6.44401706    -645.90912119   804.083205  3902.123595
   64.800000    -652.18115107       5.90605356    -646.27509751   736.956224  3908.169174
   64.900000    -653.17755710       6.29480484    -646.88275227   785.464533  3914.240500
   65.000000    -653.00689621       6.90661576    -646.10028044   861.806182  3920.272341
   65.100000    -652.15120166       6.02312246    -646.12807920   751.564059  3926.273629
   65.200000    -651.73558123       5.16093633    -646.57464490   643.980640  3932.350903
   65.300000    -652.49330815       5.65657664    -646.83673150   705.826542  3938.374549
   65.400000    -653.67333507       5.87303570    -647.80029937   732.836261  3944.421854
   65.500000    -652.94819789       6.14317546    -646.80502243   766.544249  3950.471342
   65.600000    -652.41698292       6.17828183    -646.23870109   770.924815  3956.487531
   65.700000    -652.81493603       7.00055252    -645.81438351   873.527593  3962.558096
   65.800000    -652.76167463       6.59344636    -646.16822827   822.728964  3968.578691
   65.900000    -653.35479769       6.59735628    -646.75744141   823.216844  3974.624078
   66.000000    -653.76088944       6.48969634    -647.27119310   809.783057  3980.684055
   66.100000    -652.38778240       5.34259864    -647.04518376   666.648427  3986.698766
   66.200000    -651.86660286       5.31093311    -646.55566975   662.697210  3992.717958
   66.300000    -652.34183727       6.57537664    -645.76646063   820.474229  3998.746412
   66.400000    -653.18737951       6.44403254    -646.74334697   804.085137  4004.749266
   66.500000    -652.51645071       6.02314077    -646.49330994   751.566343  4010.735114
   66.600000    -651.69373349       5.48109826    -646.21263524   683.930383  4016.788822
   66.700000    -651.83203768       4.92369007    -646.90834761   614.377097  4023.030226
   66.800000    -652.88288746       6.60402595    -646.27886151   824.049084  4029.025267
   66.900000    -651.37510970       5.60423645    -645.77087325   699.295543  4035.129591
   67.000000    -652.53863323       5.49468910    -647.04394412   685.626246  4041.170622
   67.100000    -653.28112279       6.16630433    -647.11481846   769.430265  4047.194054
   67.200000    -652.24575864       5.22096510    -647.02479354   651.471018  4053.235184
   67.300000    -653.12325960       5.82417911    -647.29908050   726.739945  4059.235419
   67.400000    -653.19572671       5.18457465    -648.01115206   646.930225  4065.304799
   67.500000    -653.05672222       5.00450831    -648.05221391   624.461582  4071.364783
   67.600000    -652.61460962       4.95652410    -647.65808552   618.474121  4077.381603
   67.700000    -653.11010627       5.58151450    -647.52859177   696.460303  4083.459598
   67.800000    -652.75846386       5.29945108    -647.45901279   661.264483  4089.445812
   67.900000    -652.28154901       5.64687020    -646.63467882   704.615374  4095.475034
   68.000000    -652.47655360       5.21275749    -647.26379610   650.446874  4101.583505
   68.100000    -654.06571074       5.88012637    -648.18558437   733.721034  4107.597347
   68.200000    -652.29353561       5.77433327    -646.51920234   720.520192  4113.616664
   68.300000    -652.77128413       6.25335024    -646.51793389   780.291836  4119.685076
   68.400000    -652.78730611       5.75984283    -647.02746328   718.712078  4125.746756
   68.500000    -653.20086941       6.17172572    -647.02914369   770.106745  4131.762344
   68.600000    -653.39769522       5.47729458    -647.92040065   683.455761  4137.824416
   68.700000    -652.36647589       5.97454572    -646.39193017   745.502663  4143.842604
   68.800000    -652.07162759       5.41618102    -646.65544657   675.830023  4149.894215
   68.900000    -652.80406488       5.42563504    -647.37842985   677.009693  4155.944508
   69.000000    -652.67922504       5.19210916    -647.48711587   647.870380  4161.936779
   69.100000    -653.70067868       5.25391299    -648.44676568   655.582250  4167.993701
   69.200000    -652.89208349       6.15443214    -646.73765134   767.948856  4173.972399
   69.300000    -653.40269581       5.85504879    -647.54764702   730.591858  4180.002648
   69.400000    -653.50773817       5.44723747    -648.06050071   679.705241  4186.025344
   69.500000    -653.31863284       5.41368766    -647.90494518   675.518902  4192.041762
   69.600000    -652.17351895       5.91761040    -646.25590856   738.398284  4198.051329
   69.700000    -652.26212515       5.85363123    -646.40849392   730.414976  4204.096380
   69.800000    -651.29404272       4.84516409    -646.44887863   604.578641  4210.109220
   69.900000    -653.19445374       6.64862655    -646.54582719   829.614338  4216.121545
   70.000000    -653.56860177       7.09129022    -646.47731155   884.849826  4222.157630
   70.100000    -652.31239762       6.23087809    -646.08151953   777.487766  4228.165657
   70.200000    -652.23773194       5.79166355    -646.44606838   722.682661  4234.181444
   70.300000    -651.90534532       6.14209268    -645.76325264   766.409140  4240.267166
   70.400000    -652.68385849       5.83352317    -646.85033532   727.905896  4246.294417
   70.500000    -653.28136591       4.58913769    -648.69222822   572.631716  4252.289091
   70.600000    -653.44692175       5.52758538    -647.91933637   689.731037  4258.327404
   70.700000    -653.17685055       5.58703124    -647.58981931   697.148680  4264.338794
   70.800000    -652.99300628       5.44889896    -647.54410732   679.912561  4270.413927
   70.900000    -654.20846960       5.08678777    -649.12168183   634.728397  4276.404640
   71.000000    -653.13617793       4.91423963    -648.22193830   613.197873  4282.456827
   71.100000    -652.93323933       5.37506746    -647.55817186   670.699881  4288.540895
   71.200000    -651.89479075       5.02928861    -646.86550214   627.553662  4294.521734
   71.300000    -652.80430266       5.82042772    -646.98387494   726.271848  4300.556287
   71.400000    -651.55276724       5.49029876    -646.06246848   685.078421  4306.633740
   71.500000    -652.36835049       5.33513415    -647.03321634   665.717011  4312.654143
   71.600000    -652.41548440       4.78278921    -647.63269519   596.795515  4318.672576
   71.700000    -653.13545673       5.69583083    -647.43962591   710.724672  4324.766260
   71.800000    -651.74734914       5.80733742    -645.94001172   724.638443  4330.772117
   71.900000    -652.04374847       5.71286381    -646.33088465   712.850045  4336.785187
   72.000000    -651.99939817       6.45038629    -645.54901187   804.877957  4342.840992
   72.100000    -651.78754018       5.05112479    -646.73641540   630.278377  4348.871699
   72.200000    -651.87328869       5.26230163    -646.61098706   656.628982  4354.883176
   72.300000    -652.29385599       5.67710474    -646.61675126   708.388034  4360.973697
   72.400000    -652.25983788       5.14248867    -647.11734920   641.678745  4366.994895
   72.500000    -651.74523503       5.41571804    -646.32951699   675.772253  4372.985037
   72.600000    -651.16863098       5.16297412    -646.00565685   644.234915  4379.025284
   72.700000    -651.73573310       5.46228616    -646.27344694   681.583013  4385.022542
   72.800000    -651.65790497       6.08574493    -645.57216004   759.378078  4391.094202
   72.900000    -651.74724679       6.16580455    -645.58144224   769.367902  4397.128644
   73.000000    -651.60938465       6.41430462    -645.19508003   800.375693  4403.163880
   73.100000    -651.77487870       5.88443673    -645.89044197   734.258881  4409.201719
   73.200000    -652.29264719       5.65576499    -646.63688220   705.725265  4415.223488
   73.300000    -652.71881010       5.22835366    -647.49045644   652.392962  4421.242615
   73.400000    -651.57351958       4.35277264    -647.22074693   543.138131  4427.303468
   73.500000    -652.59662012       5.75146553    -646.84515459   717.666759  4433.346896
   73.600000    -652.28127343       5.70301258    -646.57826085   711.620810  4439.359875
   73.700000    -651.49237711       5.18925107    -646.30312604   647.513748  4445.417028
   73.800000    -651.15569199       5.89060334    -645.26508866   735.028348  4451.444275
   73.900000    -651.96283633       6.66919239    -645.29364394   832.180540  4457.454500
   74.000000    -651.05681837       5.99319048    -645.06362789   747.829152  4463.526896
   74.100000    -650.89080105       5.51635100    -645.37445005   688.329214  4469.546129
   74.200000    -651.98077581       6.35524555    -645.62553026   793.006313  4475.591527
   74.300000    -651.26445143       6.69423804    -644.57021339   835.305731  4481.622637
   74.400000    -651.47960839       5.78178768    -645.69782071   721.450351  4487.619911
   74.500000    -651.36890262       5.88344898    -645.48545365   734.135628  4493.685685
   74.600000    -652.48838770       6.25704305    -646.23134465   780.752625  4499.730734
   74.700000    -652.49622927       5.79419876    -646.70203051   722.999003  4505.725210
   74.800000    -652.95400020       5.36579872    -647.58820148   669.543329  4511.776263
   74.900000    -653.18913102       4.92383815    -648.26529288   614.395575  4517.801666
   75.000000    -652.59046945       4.71271900    -647.87775044   588.052168  4523.810347
   75.100000    -652.59957028       5.98647784    -646.61309243   746.991551  4529.845986
   75.200000    -652.95851053       5.26747057    -647.69103996   657.273962  4535.876784
   75.300000    -652.58305601       5.45353162    -647.12952439   680.490624  4541.867180
   75.400000    -652.04073935       4.16518108    -647.87555827   519.730491  4547.821324
   75.500000    -653.30971719       5.02104942    -648.28866777   626.525578  4553.887218
   75.600000    -652.47511724       5.03690531    -647.43821193   628.504073  4559.914826
   75.700000    -652.48263843       5.77915649    -646.70348194   721.122032  4565.867409
   75.800000    -651.13839863       5.13999120    -645.99840743   641.367111  4571.955503
   75.900000    -652.19826308       6.42068375    -645.77757934   801.171679  4577.986051
   76.000000    -652.04549755       4.67055574    -647.37494180   582.791045  4583.988074
   76.100000    -652.61723521       5.13919880    -647.47803641   641.268235  4590.037627
   76.200000    -652.27207822       5.88475264    -646.38732559   734.298299  4596.034283
   76.300000    -652.26242207       5.42387620    -646.83854587   676.790226  4602.087885
   76.400000    -652.49657222       6.04227663    -646.45429559   753.954112  4608.135885
   76.500000    -651.77121695       5.32662945    -646.44458751   664.655795  4614.139881
   76.600000    -652.42369457       6.20809119    -646.21560337   774.644422  4620.215120
   76.700000    -651.74160780       5.82830357    -645.91330423   727.254595  4626.247759
   76.800000    -652.28523048       6.04932067    -646.23590981   754.833066  4632.273277
   76.900000    -651.99002960       5.99487926    -645.99515034   748.039877  4638.317896
   77.000000    -651.97639245       5.21219211    -646.76420034   650.376326  4644.340918
   77.100000    -651.88840932       5.62346567    -646.26494365   701.694961  4650.365145
   77.200000    -651.86101263       6.00567326    -645.85533937   749.386751  4656.433150
   77.300000    -652.72439500       7.17660458    -645.54779042   895.495335  4662.467705
   77.400000    -651.40621838       5.59472964    -645.81148874   698.109285  4668.445838
   77.500000    -651.31212963       5.44596870    -645.86616093   679.546923  4674.494959
   77.600000    -652.68913885       5.61943184    -647.06970701   701.191621  4680.537997
   77.700000    -652.58619466       4.77121847    -647.81497619   595.351721  4686.548891
   77.800000    -652.74112632       4.83138338    -647.90974294   602.859086  4692.613690
   77.900000    -652.95207774       5.19256503    -647.75951271   647.927263  4698.632932
   78.000000    -652.76997097       5.21268795    -647.55728302   650.438197  4704.637034
   78.100000    -652.22106221       5.10975530    -647.11130692   637.594280  4710.714981
   78.200000    -652.01653137       5.62910064    -646.38743073   702.398092  4716.731825
   78.300000    -651.73574018       5.32793168    -646.40780850   664.818287  4722.716396
   78.400000    -651.75941844       5.71244856    -646.04696989   712.798229  4728.753681
   78.500000    -652.32179716       5.86624235    -646.45555481   731.988589  4734.764949
   78.600000    -651.30991437       5.36389939    -645.94601497   669.306332  4740.847937
   78.700000    -652.02047661       5.93987563    -646.08060098   741.176535  4746.854703
   78.800000    -652.40753912       5.77714707    -646.63039205   720.871297  4752.874059
   78.900000    -653.07298777       6.61577468    -646.45721309   825.515088  4758.936352
   79.000000    -651.37036828       4.79741836    -646.57294992   598.620938  4764.942907
   79.100000    -651.72239419       6.17671485    -645.54567934   770.729288  4770.968720
   79.200000    -651.15898470       5.90229453    -645.25669017   736.487173  4777.019610
   79.300000    -651.15200517       5.51425354    -645.63775163   688.067493  4783.074813
   79.400000    -651.37627435       5.65842018    -645.71785417   706.056579  4789.069699
   79.500000    -652.71902863       5.08258034    -647.63644829   634.203394  4795.159150
   79.600000    -653.00008960       4.75392694    -648.24616266   593.194087  4801.197081
   79.700000    -653.12447776       5.36839600    -647.75608176   669.867418  4807.693767
   79.800000    -653.04448623       6.09106923    -646.95341700   760.042443  4813.736902
   79.900000    -652.48352902       4.87152378    -647.61200523   607.867798  4819.942348
   80.000000    -651.29380434       5.05889836    -646.23490597   631.248362  4826.223049
   80.100000    -651.96829084       6.41207272    -645.55621813   800.097196  4832.378033
   80.200000    -651.43040783       6.92431408    -644.50609375   864.014576  4838.588723
   80.300000    -651.64530099       6.11796200    -645.52733899   763.398118  4844.670090
   80.400000    -651.08124784       4.92343481    -646.15781303   614.345246  4850.695426
   80.500000    -651.45358097       5.91744774    -645.53613323   738.377987  4856.730534
   80.600000    -650.97722995       5.50310123    -645.47412872   686.675910  4862.805311
   80.700000    -652.05766029       6.90101450    -645.15664579   861.107259  4868.817485
   80.800000    -651.43889042       6.02996326    -645.40892716   752.417653  4874.832145
   80.900000    -650.81864430       5.78105070    -645.03759360   721.358391  4880.917527
   81.000000    -651.24267745       5.83193508    -645.41074236   727.707735  4886.946838
   81.100000    -651.76180123       6.66275619    -645.09904503   831.377432  4892.975146
   81.200000    -651.16450744       5.95411753    -645.21038991   742.953637  4899.012450
   81.300000    -651.44983454       5.63332404    -645.81651051   702.925087  4905.018214
   81.400000    -651.06015217       5.83351606    -645.22663611   727.905008  4911.082068
   81.500000    -651.15773044       5.86657576    -645.29115467   732.030192  4917.105208
   81.600000    -650.75874112       5.72119352    -645.03754760   713.889424  4923.138640
   81.700000    -650.80444057       5.63501081    -645.16942976   703.135562  4929.206677
   81.800000    -650.38337893       5.54972540    -644.83365354   692.493665  4935.196946
   81.900000    -651.16017899       5.19677141    -645.96340758   648.452134  4941.184276
   82.000000    -651.60366035       5.06904888    -646.53461147   632.514942  4947.254421
   82.100000    -652.34912701       5.77503619    -646.57409082   720.607902  4953.230760
   82.200000    -651.79886826       4.22261180    -647.57625647   526.896685  4959.231837
   82.300000    -651.85607673       4.75183188    -647.10424486   592.932665  4965.260533
   82.400000    -651.63883627       5.24856670    -646.39026957   654.915141  4971.262369
   82.500000    -651.85387222       5.63569807    -646.21817414   703.221318  4977.253649
   82.600000    -651.73236796       5.45639119    -646.27597677   680.847440  4983.288153
   82.700000    -651.53131293       4.94064438    -646.59066856   616.492652  4989.296370
   82.800000    -652.49902813       5.06222379    -647.43680434   631.663308  4995.287540
   82.900000    -652.94425384       6.13679230    -646.80746154   765.747759  5001.310406
   83.000000    -652.18531975       5.28191634    -646.90340341   659.076502  5007.285929
   83.100000    -651.68055037       5.81630748    -645.86424289   725.757726  5013.299252
   83.200000    -650.81651470       5.83517984    -644.98133486   728.112615  5019.309691
   83.300000    -652.39075389       6.04035715    -646.35039674   753.714600  5025.306183
   83.400000    -651.40945727       5.79028572    -645.61917155   722.510735  5031.368324
   83.500000    -651.77687493       5.72785443    -646.04902050   714.720571  5037.331889
   83.600000    -650.91875994       5.89845919    -645.02030075   736.008600  5043.359375
   83.700000    -651.01239466       5.34983099    -645.66256367   667.550879  5049.388380
   83.800000    -651.41434793       5.86425085    -645.55009709   731.740089  5055.383968
   83.900000    -651.00039410       6.15043177    -644.84996233   767.449690  5061.382470
   84.000000    -651.37328774       6.66996051    -644.70332723   832.276385  5067.412386
   84.100000    -652.08068045       5.31878201    -646.76189844   663.676593  5073.443682
   84.200000    -651.53204123       5.02572354    -646.50631769   627.108813  5079.418888
   84.300000    -651.76471077       5.59599510    -646.16871567   698.267189  5085.467147
   84.400000    -651.34962588       5.54457797    -645.80504791   691.851369  5091.501096
   84.500000    -651.42678866       5.53578117    -645.89100749   690.753707  5097.480043
   84.600000    -650.83974234       5.68391013    -645.15583220   709.237210  5103.509396
   84.700000    -651.21142477       6.21642505    -644.99499972   775.684318  5109.499120
   84.800000    -651.50756480       5.87831234    -645.62925247   733.494679  5115.538336
   84.900000    -650.12434702       5.58223399    -644.54211302   696.550081  5121.587695
   85.000000    -650.27901444       5.99799336    -644.28102107   748.428455  5127.565886
   85.100000    -651.29389040       4.78970709    -646.50418331   597.658727  5133.607143
   85.200000    -650.24392789       5.40921663    -644.83471126   674.961008  5139.632135
   85.300000    -650.31103670       6.16374581    -644.14729089   769.111013  5145.677642
   85.400000    -650.84844714       5.94919811    -644.89924903   742.339793  5151.790132
   85.500000    -650.31546333       5.47907921    -644.83638412   683.678447  5157.817251
   85.600000    -650.54725637       5.60549503    -644.94176134   699.452588  5163.833886
   85.700000    -650.88922123       5.39735238    -645.49186886   673.480588  5169.940428
   85.800000    -651.44920432       7.00469951    -644.44450482   874.045053  5176.035394
   85.900000    -650.82416715       5.14229983    -645.68186732   641.655181  5182.147284
   86.000000    -651.40353049       6.43833103    -644.96519947   803.373704  5188.354139
   86.100000    -650.38324328       5.71664267    -644.66660061   713.321570  5194.419582
   86.200000    -650.19771017       5.96455629    -644.23315389   744.256183  5200.522866
   86.300000    -650.18868861       5.77471629    -644.41397231   720.567985  5206.707412
   86.400000    -650.83365415       5.70975776    -645.12389638   712.462472  5212.845084
   86.500000    -650.07945131       5.60658671    -644.47286460   699.588808  5218.920679
   86.600000    -649.94491487       5.53804895    -644.40686592   691.036680  5225.047178
   86.700000    -651.40750063       6.52035894    -644.88714169   813.609131  5231.137952
   86.800000    -651.30197509       6.51764283    -644.78433226   813.270215  5237.244118
   86.900000    -652.09042760       6.29247699    -645.79795061   785.174065  5243.340304
   87.000000    -650.75519221       5.64604337    -645.10914884   704.512203  5249.441363
   87.100000    -651.55665172       6.63383581    -644.92281591   827.768753  5255.595831
   87.200000    -651.30304453       7.01165023    -644.29139430   874.912363  5261.636144
   87.300000    -651.15121704       6.50108911    -644.65012793   811.204645  5267.713562
   87.400000    -650.70709801       6.51535548    -644.19174253   812.984800  5273.817446
   87.500000    -650.11082516       5.74961579    -644.36120937   717.435949  5279.831956
   87.600000    -651.38884348       6.29967496    -645.08916852   786.072227  5285.865545
   87.700000    -651.59030985       5.90267399    -645.68763586   736.534522  5291.877864
   87.800000    -651.34208502       6.23136886    -645.11071617   777.549004  5297.918180
   87.900000    -651.11309937       4.40009392    -646.71300545   549.042870  5303.974938
   88.000000    -652.18010751       4.91512253    -647.26498498   613.308041  5310.145090
   88.100000    -651.00239672       5.05502630    -645.94737042   630.765207  5316.204340
   88.200000    -651.74809061       6.07541097    -645.67267965   758.088609  5322.288236
   88.300000    -651.45159971       5.98825900    -645.46334071   747.213803  5328.303712
   88.400000    -651.97822413       6.36417645    -645.61404768   794.120710  5334.283247
   88.500000    -651.45511300       5.44489322    -646.01021977   679.412726  5340.360984
   88.600000    -650.55734168       5.45036241    -645.10697927   680.095170  5346.339558
   88.700000    -652.39678848       6.23490736    -646.16188111   777.990538  5352.390248
   88.800000    -652.21196223       5.79065425    -646.42130798   722.556721  5358.455690
   88.900000    -650.69728399       4.71930743    -645.97797657   588.874270  5364.468744
   89.000000    -651.34153663       5.56101932    -645.78051731   693.902918  5370.501808
   89.100000    -651.18600244       5.44036366    -645.74563878   678.847528  5376.628374
   89.200000    -651.67584982       4.96182128    -646.71402853   619.135102  5382.628191
   89.300000    -651.32939325       5.57980292    -645.74959033   696.246731  5388.650170
   89.400000    -650.55380345       5.30424832    -645.24955513   661.863082  5394.690901
   89.500000    -650.59549932       5.33100918    -645.26449014   665.202297  5400.691329
   89.600000    -651.54610020       5.90337937    -645.64272084   736.622539  5406.672626
   89.700000    -651.51300084       5.52082170    -645.99217914   688.887067  5412.714834
   89.800000    -651.58158981       5.16066940    -646.42092042   643.947332  5418.702033
   89.900000    -651.43083687       5.69162626    -645.73921061   710.200027  5424.703264
   90.000000    -651.89880593       6.11838017    -645.78042576   763.450297  5430.716347
   90.100000    -652.78928119       6.25382243    -646.53545877   780.350756  5436.700902
   90.200000    -652.10244143       5.45285075    -646.64959068   680.405665  5442.777623
   90.300000    -651.95140735       4.98680639    -646.96460096   622.252739  5448.749786
   90.400000    -651.14674731       5.28174734    -645.86499997   659.055414  5454.786537
   90.500000    -652.09418415       5.27874235    -646.81544180   658.680452  5460.830391
   90.600000    -652.20689562       6.20111209    -646.00578353   773.773571  5466.834618
   90.700000    -652.43121290       6.32785267    -646.10336023   789.588235  5472.854292
   90.800000    -652.26263920       5.31014016    -646.95249905   662.598265  5478.949811
   90.900000    -651.90862231       4.76298065    -647.14564166   594.323806  5484.949385
   91.000000    -652.66345857       5.45811455    -647.20534402   681.062481  5490.965518
   91.100000    -651.98806013       5.12213095    -646.86592918   639.138512  5497.045617
   91.200000    -652.41401637       5.58417980    -646.82983657   696.792878  5503.069625
   91.300000    -651.06945465       5.23201834    -645.83743631   652.850240  5509.092274
   91.400000    -652.41098307       6.36973217    -646.04125090   794.813951  5515.125445
   91.500000    -651.42186741       5.08171794    -646.34014946   634.095785  5521.121817
   91.600000    -651.47304880       5.52205737    -645.95099142   689.041254  5527.200381
   91.700000    -652.62179668       5.74718450    -646.87461218   717.132574  5533.197283
   91.800000    -651.12181375       5.11850852    -646.00330523   638.686506  5539.227722
   91.900000    -650.78928923       5.64166014    -645.14762909   703.965264  5545.288200
   92.000000    -651.34790097       4.74296844    -646.60493253   591.826687  5551.289927
   92.100000    -651.90742356       6.05612417    -645.85129939   755.682006  5557.303999
   92.200000    -651.46597885       5.35874622    -646.10723263   668.663319  5563.393854
   92.300000    -651.75868479       5.40288181    -646.35580298   674.170550  5569.392792
   92.400000    -651.42375256       6.28370865    -645.14004391   784.079953  5575.397832
   92.500000    -651.93624739       6.23465820    -645.70158919   777.959448  5581.464316
   92.600000    -652.16246424       5.05450912    -647.10795512   630.700673  5587.488623
   92.700000    -652.17800383       4.59928552    -647.57871830   573.897960  5593.512939
   92.800000    -652.84515968       5.24392194    -647.60123774   654.335568  5599.566797
   92.900000    -651.99227051       5.95441263    -646.03785789   742.990459  5605.568747
   93.000000    -651.89610475       5.57246025    -646.32364450   695.330515  5611.597706
   93.100000    -651.77676359       4.91699810    -646.85976550   613.542074  5617.640165
   93.200000    -651.50010454       5.66775196    -645.83235258   707.220996  5623.627469
   93.300000    -651.65633473       5.18305788    -646.47327684   646.740963  5629.669593
   93.400000    -651.99537865       5.96434340    -646.03103525   744.229619  5635.658444
   93.500000    -651.77769700       5.98925489    -645.78844211   747.338070  5641.654346
   93.600000    -652.88122704       6.53251876    -646.34870829   815.126430  5647.711313
   93.700000    -651.85811959       5.86016085    -645.99795875   731.229740  5653.714914
   93.800000    -652.31291790       4.69328406    -647.61963384   585.627080  5659.711579
   93.900000    -653.36006217       4.95107217    -648.40899000   617.793830  5665.737958
   94.000000    -652.01804551       4.66519022    -647.35285529   582.121536  5671.770280
   94.100000    -653.15630228       5.21319361    -647.94310867   650.501292  5677.745124
   94.200000    -651.98447739       4.92427452    -647.06020287   614.450025  5683.779815
   94.300000    -651.71084612       4.77105841    -646.93978772   595.331747  5689.767041
   94.400000    -651.69758530       5.10388956    -646.59369574   636.862355  5695.803045
   94.500000    -651.86020328       5.38910714    -646.47109614   672.451749  5701.817700
   94.600000    -652.20914112       6.33975125    -645.86938987   791.072939  5707.786291
   94.700000    -650.81034572       4.74919882    -646.06114690   592.604113  5713.812758
   94.800000    -651.90284546       5.98182748    -645.92101798   746.411279  5719.814761
   94.900000    -651.93090370       4.58719186    -647.34371184   572.388915  5725.816797
   95.000000    -652.31763787       5.87269038    -646.44494749   732.793173  5731.853970
   95.100000    -651.54384207       6.72573956    -644.81810251   839.236485  5737.844969
   95.200000    -652.44134042       6.56348143    -645.87785899   818.989946  5743.836749
   95.300000    -652.21087601       5.79158778    -646.41928823   722.673206  5749.890814
   95.400000    -651.32827677       5.37165671    -645.95662006   670.274288  5755.898208
   95.500000    -651.53166339       5.61831366    -645.91334972   701.052095  5761.870256
   95.600000    -651.86783998       5.23701338    -646.63082660   653.473519  5767.915743
   95.700000    -651.44917711       5.83151541    -645.61766171   727.655368  5773.916247
   95.800000    -651.66134545       5.93664062    -645.72470483   740.772872  5779.918278
   95.900000    -652.02039705       5.73108768    -646.28930937   715.124015  5785.953142
   96.000000    -651.58530677       5.94955041    -645.63575635   742.383753  5791.938736
   96.100000    -651.50308798       6.24320929    -645.25987869   779.026450  5797.953628
   96.200000    -650.44720289       6.12340205    -644.32380084   764.076926  5803.989294
   96.300000    -651.56952068       6.50889797    -645.06062271   812.179033  5809.966392
   96.400000    -651.74381287       6.95040461    -644.79340826   867.270147  5816.008195
   96.500000    -650.90275135       5.38537635    -645.51737500   671.986222  5821.995979
   96.600000    -650.73885293       5.05020554    -645.68864739   630.163673  5827.998256
   96.700000    -652.45157710       5.72553629    -646.72604081   714.431314  5834.074003
   96.800000    -652.16961553       5.73930761    -646.43030792   716.149697  5840.054907
   96.900000    -651.69435816       5.03313222    -646.66122594   628.033268  5846.056253
   97.000000    -651.74992282       4.73074540    -647.01917743   590.301498  5852.084726
   97.100000    -652.28703446       5.28312403    -647.00391042   659.227198  5858.091835
   97.200000    -651.78163133       5.23769019    -646.54394114   653.557971  5864.088433
   97.300000    -651.59964369       4.88287013    -646.71677356   609.283593  5870.125130
   97.400000    -652.04299378       4.93535728    -647.10763651   615.832929  5876.144964
   97.500000    -652.42337177       5.42964309    -646.99372868   677.509818  5882.151697
   97.600000    -652.53969706       5.93832077    -646.60137629   740.982520  5888.155491
   97.700000    -652.36738681       5.48940121    -646.87798559   684.966425  5894.158023
   97.800000    -651.91582501       4.27354996    -647.64227506   533.252739  5900.229663
   97.900000    -652.32297733       4.48811602    -647.83486131   560.026251  5906.196876
   98.000000    -652.45586732       5.34955938    -647.10630794   667.516987  5912.284344
   98.100000    -652.42396293       5.06603813    -647.35792480   632.139261  5918.416688
   98.200000    -652.03107613       6.54335481    -645.48772131   816.478551  5924.420353
   98.300000    -651.41194285       5.08474352    -646.32719933   634.473315  5930.428664
   98.400000    -651.68257607       6.08439484    -645.59818124   759.209614  5936.485707
   98.500000    -652.43222912       6.37696839    -646.05526073   795.716886  5942.473507
   98.600000    -651.13953863       5.27999283    -645.85954580   658.836487  5948.475124
   98.700000    -651.12110983       5.82247364    -645.29863619   726.527138  5954.535147
   98.800000    -652.91122290       6.84861451    -646.06260839   854.568798  5960.554223
   98.900000    -652.31557754       5.26034155    -647.05523599   656.384404  5966.620814
   99.000000    -652.62151204       5.59983712    -647.02167492   698.746596  5972.651711
   99.100000    -653.01491462       6.24028711    -646.77462751   778.661822  5978.636369
   99.200000    -652.24153047       5.25222498    -646.98930548   655.371620  5984.681329
   99.300000    -652.21093630       5.42364901    -646.78728729   676.761877  5990.679346
   99.400000    -652.56403874       5.85207679    -646.71196195   730.221013  5996.699814
   99.500000    -652.16130389       5.89514240    -646.26616149   735.594732  6002.737117
   99.600000    -652.38366733       5.82203279    -646.56163454   726.472128  6008.726046
   99.700000    -652.47659334       6.45869135    -646.01790199   805.914260  6014.725456
   99.800000    -651.27501685       6.64564249    -644.62937436   829.241988  6020.807441
   99.900000    -650.35701382       5.73884398    -644.61816984   716.091845  6026.794213
  100.000000    -650.18281743       6.43260700    -643.75021043   802.659461  6032.799058
  100.100000    -650.93645530       5.39193428    -645.54452102   672.804520  6038.848144
  100.200000    -650.59922375       5.63295577    -644.96626798   702.879135  6044.847196
  100.300000    -651.21070635       6.75187499    -644.45883135   842.497659  6050.844734
  100.400000    -650.19804169       5.68830735    -644.50973435   709.785893  6056.897858
  100.500000    -650.44635290       6.03785329    -644.40849961   753.402169  6062.878389
  100.600000    -650.69918058       6.11948388    -644.57969670   763.588018  6068.883705
  100.700000    -650.44744405       5.90884473    -644.53859932   737.304506  6074.954777
  100.800000    -650.51634969       5.84306297    -644.67328672   729.096271  6080.937793
  100.900000    -651.34487591       6.18098328    -645.16389263   771.261901  6086.955302
  101.000000    -650.95283368       5.29737408    -645.65545960   661.005315  6092.922728
  101.100000    -652.00285734       5.62285921    -646.37999813   701.619288  6098.935645
  101.200000    -652.21540773       5.71559583    -646.49981189   713.190946  6104.968103
  101.300000    -651.98817436       5.22940136    -646.75877300   652.523693  6110.990838
  101.400000    -651.72544508       5.66264179    -646.06280329   706.583350  6117.015392
  101.500000    -652.68718657       5.41930705    -647.26787952   676.220088  6123.085737
  101.600000    -652.72945835       6.00253477    -646.72692358   748.995131  6129.079532
  101.700000    -652.72581788       5.51201225    -647.21380563   687.787825  6135.099597
  101.800000    -652.48170656       4.23477258    -648.24693398   528.414106  6141.166475
  101.900000    -653.07518459       4.61540020    -648.45978440   575.908746  6147.198744
  102.000000    -652.71520335       4.09627933    -648.61892403   511.132944  6153.208090
  102.100000    -653.00016458       4.96958154    -648.03058303   620.103427  6159.233037
  102.200000    -652.64618925       5.09801944    -647.54816981   636.129882  6165.228530
  102.300000    -652.75238312       5.33420511    -647.41817801   665.601085  6171.297703
  102.400000    -652.40373259       4.94593399    -647.45779860   617.152689  6177.313111
  102.500000    -652.01062205       5.93429128    -646.07633077   740.479721  6183.350747
  102.600000    -651.48036927       5.08795176    -646.39241751   634.873639  6189.425353
  102.700000    -652.13335676       6.52103416    -645.61232260   813.693384  6195.419263
  102.800000    -652.21852407       5.87851948    -646.34000459   733.520527  6201.442548
  102.900000    -652.64328765       5.04691924    -647.59636842   629.753609  6207.540493
  103.000000    -653.23403962       5.19578345    -648.03825617   648.328856  6213.532529
  103.100000    -652.33146105       5.58943662    -646.74202443   697.448824  6219.545315
  103.200000    -652.26178478       5.30181083    -646.95997394   661.558933  6225.579217
  103.300000    -652.32787361       5.29915578    -647.02871783   661.227636  6231.554864
  103.400000    -652.39564455       5.23601135    -647.15963320   653.348486  6237.522554
  103.500000    -652.03664308       5.13010344    -646.90653964   640.133318  6243.571806
  103.600000    -650.67492636       4.75512024    -645.91980612   593.342986  6249.572240
  103.700000    -651.84809172       4.71223313    -647.13585859   587.991542  6255.603520
  103.800000    -652.24577539       4.36765524    -647.87812016   544.995178  6261.629578
  103.900000    -651.89009349       4.98396963    -646.90612386   621.898769  6267.618842
  104.000000    -651.99792605       6.02354163    -645.97438442   751.616362  6273.673408
  104.100000    -651.34143946       6.11712075    -645.22431871   763.293148  6279.717273
  104.200000    -651.41206148       5.16606740    -646.24599408   644.620893  6285.711243
  104.300000    -652.24867469       6.76047564    -645.48819905   843.570847  6291.765756
  104.400000    -651.93288405       5.42634133    -646.50654272   677.097825  6297.777114
  104.500000    -651.00727268       5.65747109    -645.34980159   705.938152  6303.758857
  104.600000    -652.09596079       5.60196112    -646.49399966   699.011628  6309.793993
  104.700000    -651.99203756       5.92221529    -646.06982227   738.972882  6316.318608
  104.800000    -651.54488032       6.14159144    -645.40328888   766.346595  6322.292844
  104.900000    -651.15051303       5.63025815    -645.52025488   702.542526  6328.330727
  105.000000    -651.03408905       5.33224237    -645.70184669   665.356174  6334.310273
  105.100000    -651.75159533       6.14577239    -645.60582294   766.868293  6340.324765
  105.200000    -651.75379700       5.30271222    -646.45108478   661.671408  6346.326391
  105.300000    -653.59292196       5.60328508    -647.98963688   699.176832  6352.297280
  105.400000    -651.96511998       4.36390867    -647.60121131   544.527682  6358.339491
  105.500000    -651.73548777       5.58889360    -646.14659417   697.381066  6364.331764
  105.600000    -651.67266077       5.34951363    -646.32314714   667.511279  6370.301926
  105.700000    -652.33275181       6.32850732    -646.00424449   789.669922  6376.320435
  105.800000    -652.05828918       5.07759212    -646.98069706   633.580965  6382.302701
  105.900000    -651.86575000       6.10205762    -645.76369239   761.413573  6388.291890
  106.000000    -650.75818743       5.99952272    -644.75866470   748.619288  6394.311813
  106.100000    -652.48276827       5.85079357    -646.63197470   730.060893  6400.324089
  106.200000    -651.30415951       4.60079742    -646.70336209   574.086615  6406.290197
  106.300000    -652.27902865       6.65936149    -645.61966715   830.953842  6412.347747
  106.400000    -652.17635499       6.55455525    -645.62179973   817.876140  6418.337722
  106.500000    -651.59498790       6.50434828    -645.09063962   811.611324  6424.316142
  106.600000    -651.69241613       6.03944448    -645.65297165   753.600717  6430.308015
  106.700000    -650.72418218       5.50559118    -645.21859100   686.986605  6436.270558
  106.800000    -650.74864190       6.11497153    -644.63367037   763.024968  6442.295461
  106.900000    -650.89415915       5.38108214    -645.51307701   671.450392  6448.266685
  107.000000    -651.29664708       6.12849133    -645.16815576   764.711966  6454.264009
  107.100000    -652.07287954       5.55272644    -646.52015310   692.868134  6460.294059
  107.200000    -651.35389478       4.34793585    -647.00595893   542.534597  6466.237683
  107.300000    -651.74255809       5.28321880    -646.45933928   659.239023  6472.226334
  107.400000    -651.76432854       5.69509348    -646.06923506   710.632666  6478.280760
  107.500000    -652.85054373       6.21412774    -646.63641599   775.397660  6484.247454
  107.600000    -652.06980176       6.01413207    -646.05566969   750.442240  6490.239998
  107.700000    -651.80912726       5.46855347    -646.34057380   682.365047  6496.265456
  107.800000    -651.91972437       5.81375131    -646.10597306   725.438767  6502.238441
  107.900000    -652.33911744       5.61897553    -646.72014191   701.134683  6508.217228
  108.000000    -652.02231378       4.83302579    -647.18928799   603.064025  6514.272890
  108.100000    -652.42912612       4.88259644    -647.54652968   609.249442  6520.260726
  108.200000    -652.04589260       5.66944916    -646.37644345   707.432772  6526.243364
  108.300000    -652.20286227       6.36408953    -645.83877274   794.109863  6532.247553
  108.400000    -652.53114772       5.72790835    -646.80323937   714.727299  6538.204746
  108.500000    -650.91026663       4.89246457    -646.01780206   610.480786  6544.222472
  108.600000    -651.32747846       5.73675657    -645.59072189   715.831378  6550.210015
  108.700000    -651.59525576       5.65388629    -645.94136947   705.490841  6556.192894
  108.800000    -650.59044207       5.82339883    -644.76704324   726.642582  6562.201045
  108.900000    -652.06639976       7.16850970    -644.89789006   894.485257  6568.180112
  109.000000    -651.05288830       5.97736612    -645.07552218   745.854591  6574.156072
  109.100000    -651.65234883       5.76740230    -645.88494653   719.655346  6580.215501
  109.200000    -652.24425902       6.20654056    -646.03771845   774.450934  6586.178515
  109.300000    -652.47970081       6.22110378    -646.25859703   776.268130  6592.178923
  109.400000    -651.63363288       4.84412469    -646.78950819   604.448945  6598.289521
  109.500000    -653.29256275       5.58618053    -647.70638222   697.042529  6604.282078
  109.600000    -652.48353772       5.17014563    -647.31339210   645.129774  6610.258278
  109.700000    -652.72270366       4.47483133    -648.24787233   558.368591  6616.272856
  109.800000    -653.00236117       4.28384639    -648.71851479   534.537526  6622.238891
  109.900000    -653.90842826       5.29825350    -648.61017477   661.115050  6628.260017
  110.000000    -652.65690649       5.80130641    -646.85560008   723.885895  6634.257378
  110.100000    -652.45188660       5.33384932    -647.11803728   665.556690  6640.234603
  110.200000    -651.72830839       4.97624163    -646.75206676   620.934471  6646.288903
  110.300000    -652.88258262       5.22615062    -647.65643199   652.118067  6652.238113
  110.400000    -652.16845398       5.60290318    -646.56555080   699.129177  6658.255051
  110.500000    -652.02190849       5.71458074    -646.30732774   713.064283  6664.282238
  110.600000    -651.46961304       4.64555405    -646.82405899   579.671339  6670.254085
  110.700000    -651.41155869       5.44487548    -645.96668321   679.410512  6676.251190
  110.800000    -652.00082291       5.76275706    -646.23806586   719.075714  6682.253342
  110.900000    -651.67352814       5.81408929    -645.85943885   725.480940  6688.280094
  111.000000    -651.30144975       6.26449361    -645.03695614   781.682304  6694.294411
  111.100000    -651.61429070       5.84974341    -645.76454729   729.929855  6700.394148
  111.200000    -651.76871391       5.69461625    -646.07409766   710.573118  6706.414206
  111.300000    -651.91201849       6.62890746    -645.28311103   827.153794  6712.400587
  111.400000    -650.74687961       6.30915006    -644.43772955   787.254527  6718.440063
  111.500000    -650.48218094       5.41146784    -645.07071310   675.241913  6724.473134
  111.600000    -651.29594370       5.61029298    -645.68565072   700.051276  6730.545527
  111.700000    -650.51153510       5.17227080    -645.33926430   645.394953  6736.500087
  111.800000    -651.18932360       5.27844689    -645.91087671   658.643585  6742.499544
  111.900000    -650.88018038       5.86327556    -645.01690482   731.618394  6748.555411
  112.000000    -651.84307173       5.30082328    -646.54224846   661.435706  6754.536839
  112.100000    -651.62841105       5.87149781    -645.75691324   732.644364  6760.475096
  112.200000    -651.45401615       4.86842438    -646.58559177   607.481055  6766.530550
  112.300000    -651.85632576       4.01357193    -647.84275383   500.812731  6772.482026
  112.400000    -651.58028459       4.30898689    -647.27129770   537.674552  6778.472565
  112.500000    -652.09313965       5.14945452    -646.94368512   642.547942  6784.479398
  112.600000    -651.63823874       5.66111998    -645.97711876   706.393459  6790.458727
  112.700000    -651.44052286       6.01726110    -645.42326176   750.832680  6796.423061
  112.800000    -650.27335283       4.86835854    -645.40499429   607.472839  6802.482747
  112.900000    -651.79471758       6.73826881    -645.05644877   840.799883  6808.459375
  113.000000    -650.56370612       5.63892078    -644.92478534   703.623447  6814.436095
  113.100000    -651.99856355       6.06825855    -645.93030500   757.196132  6820.461417
  113.200000    -651.74144420       5.64389120    -646.09755300   704.243655  6826.452205
  113.300000    -651.70834757       5.65629037    -646.05205720   705.790821  6832.544412
  113.400000    -651.97928574       6.00808326    -645.97120248   749.687470  6838.605280
  113.500000    -652.02450695       6.17590555    -645.84860140   770.628303  6844.726924
  113.600000    -649.91214723       4.97455415    -644.93759308   620.723907  6850.914321
  113.700000    -651.01567238       6.06276296    -644.95290942   756.510392  6857.026266
  113.800000    -651.76753255       6.00251964    -645.76501291   748.993243  6863.202498
  113.900000    -652.47195193       6.30577289    -646.16617904   786.833125  6869.384417
  114.000000    -651.12597331       5.24765585    -645.87831746   654.801485  6875.467195
  114.100000    -652.95409944       5.89803286    -647.05606658   735.955402  6881.590525
  114.200000    -651.77919380       4.14511023    -647.63408356   517.226055  6887.692338
  114.300000    -652.00596567       5.20185825    -646.80410743   649.086869  6893.753940
  114.400000    -651.56052337       5.40062015    -646.15990322   673.888341  6899.850953
  114.500000    -650.15916169       5.56676897    -644.59239272   694.620358  6906.007715
  114.600000    -651.26844750       5.69086909    -645.57757841   710.105547  6912.101676
  114.700000    -650.92515192       5.08664727    -645.83850465   634.710865  6918.254548
  114.800000    -652.07066090       5.90002160    -646.17063931   736.203557  6924.411644
  114.900000    -650.50517064       6.19632139    -644.30884926   773.175787  6930.502618
  115.000000    -650.35627477       6.53594108    -643.82033369   815.553468  6936.645265
  115.100000    -650.86977533       6.48913780    -644.38063753   809.713364  6942.735865
  115.200000    -652.39978196       6.23196396    -646.16781800   777.623261  6948.842797
  115.300000    -651.90364638       5.55335513    -646.35029125   692.946581  6955.022278
  115.400000    -651.52444559       5.40720685    -646.11723874   674.710228  6961.163677
  115.500000    -652.22985269       6.44043536    -645.78941733   803.636282  6967.383817
  115.600000    -651.46384443       6.66536090    -644.79848354   831.702447  6973.516749
  115.700000    -651.40203183       6.18871398    -645.21331785   772.226536  6979.585899
  115.800000    -651.04748773       5.17281785    -645.87466988   645.463214  6985.725712
  115.900000    -651.89921160       5.35984446    -646.53936714   668.800358  6991.852216
  116.000000    -653.16539416       5.34760858    -647.81778558   667.273567  6997.900447
  116.100000    -651.78536566       5.09584138    -646.68952428   635.858105  7003.948447
  116.200000    -651.66761218       5.46509332    -646.20251886   681.933290  7009.950866
  116.300000    -651.31679438       4.86372152    -646.45307286   606.894233  7015.982604
  116.400000    -652.07151727       5.11736807    -646.95414919   638.544201  7022.023379
  116.500000    -652.32924850       5.91324577    -646.41600274   737.853666  7028.059862
  116.600000    -651.42817237       6.56583579    -644.86233658   819.283723  7034.081559
  116.700000    -650.94920496       6.13424065    -644.81496431   765.429365  7040.168112
  116.800000    -650.77877815       6.95763337    -643.82114478   868.172150  7046.170115
  116.900000    -650.93364267       6.40098247    -644.53266020   798.713357  7052.207209
  117.000000    -651.11267753       6.02913775    -645.08353978   752.314645  7058.264645
  117.100000    -650.66217939       5.54516867    -645.11701071   691.925078  7064.287299
  117.200000    -651.28180990       7.16762600    -644.11418390   894.374990  7070.295828
  117.300000    -651.92826251       6.74594225    -645.18232025   841.757373  7076.319868
  117.400000    -652.09446194       6.02159182    -646.07287012   751.373066  7082.307304
  117.500000    -650.97755813       5.53088007    -645.44667806   690.142148  7088.382395
  117.600000    -650.60540288       5.26307814    -645.34232474   656.725875  7094.472030
  117.700000    -651.55906272       5.98900656    -645.57005616   747.307083  7100.526140
  117.800000    -651.43346790       5.85026177    -645.58320613   729.994535  7106.692524
  117.900000    -651.67006195       5.40292048    -646.26714147   674.175375  7112.676147
  118.000000    -651.67448331       5.27687690    -646.39760641   658.447682  7118.656061
  118.100000    -651.90469153       5.88943242    -646.01525912   734.882241  7124.732121
  118.200000    -651.07295683       5.09175494    -645.98120189   635.348199  7130.696406
  118.300000    -650.66438173       5.10789672    -645.55648500   637.362368  7136.699769
  118.400000    -650.21486478       4.96844271    -645.24642207   619.961323  7142.717019
  118.500000    -651.77577215       5.47770970    -646.29806245   683.507560  7148.714449
  118.600000    -652.35256088       4.98984979    -647.36271109   622.632495  7154.699636
  118.700000    -652.27450498       6.16250777    -646.11199721   768.956531  7160.719025
  118.800000    -652.15209405       5.68574980    -646.46634425   709.466763  7166.687026
  118.900000    -652.09115484       5.73760236    -646.35355248   715.936915  7172.691624
  119.000000    -651.70278380       5.49812518    -646.20465862   686.054999  7178.676762
  119.100000    -651.11051648       5.73686964    -645.37364685   715.845487  7184.653003
  119.200000    -650.31137503       5.45104216    -644.86033286   680.179990  7190.702333
  119.300000    -651.29156552       6.21793354    -645.07363198   775.872548  7196.650016
  119.400000    -651.34486180       5.60914621    -645.73571560   699.908182  7202.646058
  119.500000    -650.74988586       5.17587205    -645.57401380   645.844316  7208.681101
  119.600000    -651.85291012       5.73631040    -646.11659972   715.775705  7214.656495
  119.700000    -651.35346736       5.37493506    -645.97853230   670.683360  7220.650182
  119.800000    -651.73205016       5.26678629    -646.46526387   657.188577  7226.695335
  119.900000    -652.04054732       5.29380549    -646.74674182   660.560028  7232.667660
  120.000000    -651.05652394       5.76895457    -645.28756937   719.849039  7238.652873
  120.100000    -650.46792490       5.54998572    -644.91793919   692.526147  7244.689415
  120.200000    -651.41640032       6.18206213    -645.23433819   771.396521  7250.710352
  120.300000    -651.50219641       5.60205101    -645.90014539   699.022845  7256.699815
  120.400000    -651.29749291       5.69336133    -645.60413158   710.416529  7262.713181
  120.500000    -651.11769949       4.90913101    -646.20856848   612.560420  7268.673876
  120.600000    -650.81395036       4.93685510    -645.87709526   616.019827  7274.664603
  120.700000    -650.77682245       6.04795081    -644.72887164   754.662135  7280.705176
  120.800000    -650.24866885       5.98816962    -644.26049922   747.202651  7286.670141
  120.900000    -651.44647242       6.18937782    -645.25709461   772.309370  7292.683678
  121.000000    -651.79980819       6.25618846    -645.54361972   780.645990  7298.641337
  121.100000    -651.95380429       6.03479379    -645.91901050   753.020405  7304.633377
  121.200000    -651.33558522       5.82300387    -645.51258135   726.593299  7310.673533
  121.300000    -651.58153917       6.05794431    -645.52359486   755.909122  7316.665925
  121.400000    -652.44909811       5.81090342    -646.63819469   725.083408  7322.658458
  121.500000    -651.70581004       6.09947202    -645.60633802   761.090942  7328.686629
  121.600000    -651.57285316       4.97938055    -646.59347261   621.326144  7334.667940
  121.700000    -652.36419568       5.47305814    -646.89113755   682.927138  7340.631487
  121.800000    -651.83707823       5.48365168    -646.35342655   684.248999  7346.661636
  121.900000    -651.87206759       6.02308244    -645.84898515   751.559065  7352.646982
  122.000000    -652.04417081       5.94082269    -646.10334812   741.294709  7358.638609
  122.100000    -651.52376055       5.49253116    -646.03122938   685.356979  7364.644575
  122.200000    -651.61843060       6.23697074    -645.38145987   778.248005  7370.612772
  122.300000    -651.35370326       5.74987965    -645.60382362   717.468873  7376.614417
  122.400000    -650.31507683       5.51743963    -644.79763720   688.465053  7382.619738
  122.500000    -651.83745808       6.63620801    -645.20125007   828.064755  7388.604696
  122.600000    -651.92856482       6.54357088    -645.38499394   816.505512  7394.656519
  122.700000    -651.16272522       5.53959172    -645.62313350   691.229186  7400.604854
  122.800000    -650.94602268       7.50746800    -643.43855468   936.780409  7406.625896
  122.900000    -649.88272465       6.52215499    -643.36056966   813.833241  7412.653982
  123.000000    -651.01531648       6.73737475    -644.27794173   840.688322  7418.624058
  123.100000    -651.21423277       6.18939899    -645.02483378   772.312012  7424.619274
  123.200000    -651.80772676       6.42852651    -645.37920025   802.150298  7430.626417
  123.300000    -651.53373987       5.98673697    -645.54700290   747.023884  7436.645300
  123.400000    -650.93310373       5.38577146    -645.54733227   672.035524  7442.604814
  123.500000    -651.12361945       5.12962154    -645.99399790   640.073187  7448.667934
  123.600000    -652.10106117       5.90722651    -646.19383466   737.102584  7454.660082
  123.700000    -651.38047669       5.91700172    -645.46347497   738.322333  7460.643941
  123.800000    -651.64511535       6.79766286    -644.84745248   848.211061  7466.638328
  123.900000    -651.35117894       5.73015135    -645.62102759   715.007180  7472.602206
  124.000000    -651.51401802       6.76114154    -644.75287648   843.653938  7478.626558
  124.100000    -651.68689392       6.04432796    -645.64256596   754.210077  7484.629999
  124.200000    -650.47540489       5.70921651    -644.76618838   712.394935  7490.596957
  124.300000    -651.31152968       6.16880329    -645.14272639   769.742084  7496.651455
  124.400000    -652.06943655       6.38451779    -645.68491876   796.658898  7502.584212
  124.500000    -650.60250484       4.99531347    -645.60719137   623.314252  7508.566344
  124.600000    -652.35719201       6.07586437    -646.28132764   758.145184  7514.603248
  124.700000    -651.60809973       4.88242506    -646.72567467   609.228058  7520.583227
  124.800000    -651.88866203       5.66331940    -646.22534263   706.667903  7526.572654
  124.900000    -652.49291771       5.49651137    -646.99640635   685.853628  7532.629121
  125.000000    -652.19922052       5.50442658    -646.69479394   686.841287  7538.599437
  125.100000    -650.99703547       5.00783983    -645.98919564   624.877288  7544.588419
  125.200000    -651.57124684       5.96259420    -645.60865264   744.011354  7550.612468
  125.300000    -652.15880135       5.66005866    -646.49874269   706.261028  7556.611720
  125.400000    -651.46437014       5.52454395    -645.93982619   689.351529  7562.593231
  125.500000    -651.39967680       6.58252150    -644.81715530   821.365764  7568.633523
  125.600000    -651.76554268       6.08954108    -645.67600160   759.851761  7574.613536
  125.700000    -652.36870076       6.39054193    -645.97815883   797.410589  7580.636634
  125.800000    -651.53567393       5.38392204    -646.15175189   671.804753  7586.652288
  125.900000    -652.19436457       5.62798731    -646.56637727   702.259171  7592.618272
  126.000000    -651.29698231       5.74902990    -645.54795240   717.362842  7598.645016
  126.100000    -651.69173697       6.05729674    -645.63444024   755.828319  7604.655557
  126.200000    -651.48290131       5.64063541    -645.84226590   703.837398  7610.623658
  126.300000    -651.81231644       5.37222902    -646.44008742   670.345700  7616.646351
  126.400000    -652.11108399       6.45774107    -645.65334292   805.795685  7622.625806
  126.500000    -651.09538485       5.99617702    -645.09920783   748.201812  7628.618041
  126.600000    -651.32929054       6.11432869    -645.21496185   762.944754  7634.657045
  126.700000    -651.34488065       6.27044452    -645.07443614   782.424857  7640.631176
  126.800000    -651.79991157       7.07109569    -644.72881588   882.329956  7646.618876
  126.900000    -651.80767888       6.77484123    -645.03283765   845.363382  7652.673058
  127.000000    -651.71870158       6.18022355    -645.53847803   771.167102  7658.634177
  127.100000    -651.58622363       4.84042740    -646.74579623   603.987597  7664.605546
  127.200000    -651.56948315       5.04835069    -646.52113246   629.932225  7670.628812
  127.300000    -651.57587964       5.39755655    -646.17832308   673.506066  7676.624904
  127.400000    -652.14636671       5.71301567    -646.43335104   712.868993  7682.603925
  127.500000    -652.13129681       6.02216429    -646.10913252   751.444498  7688.621272
  127.600000    -651.60449847       5.62142320    -645.98307527   701.440103  7694.583698
  127.700000    -652.21764850       6.51868275    -645.69896575   813.399976  7700.570379
  127.800000    -651.96397220       5.37246359    -646.59150860   670.374971  7706.610475
  127.900000    -652.32352489       6.65875821    -645.66476668   830.878565  7712.590828
  128.000000    -652.37539589       5.31856364    -647.05683225   663.649345  7718.568813
  128.100000    -651.63634250       4.41002079    -647.22632171   550.281544  7724.552714
  128.200000    -652.91062710       5.57058897    -647.34003813   695.097018  7730.537284
  128.300000    -651.54424599       5.23048083    -646.31376517   652.658389  7736.545516
  128.400000    -651.45535900       4.53529505    -646.92006395   565.913242  7742.544065
  128.500000    -652.32745229       5.54348179    -646.78397050   691.714589  7748.522770
  128.600000    -652.44108572       5.85110109    -646.58998463   730.099266  7754.573533
  128.700000    -652.60616622       4.63858893    -647.96757729   578.802232  7760.559652
  128.800000    -653.00092400       4.91669227    -648.08423173   613.503913  7766.537874
  128.900000    -652.50725997       6.18494952    -646.32231045   771.756808  7772.547969
  129.000000    -650.72444866       6.18813309    -644.53631557   772.154053  7778.566703
  129.100000    -651.32858543       7.44396318    -643.88462225   928.856290  7784.537187
  129.200000    -651.30848778       6.35770131    -644.95078647   793.312743  7790.575142
  129.300000    -651.19220144       5.52277077    -645.66943067   689.130272  7796.565005
  129.400000    -651.22516078       5.26133729    -645.96382349   656.508652  7802.539122
  129.500000    -652.35390948       5.19816134    -647.15574815   648.625569  7808.572766
  129.600000    -653.10914734       5.43988827    -647.66925907   678.788209  7814.563657
  129.700000    -652.70109054       5.73749081    -646.96359973   715.922996  7820.510500
  129.800000    -652.06163066       5.14451398    -646.91711668   641.931463  7826.512869
  129.900000    -652.21289219       6.07048614    -646.14240604   757.474090  7832.473419
  130.000000    -651.70251917       5.74409854    -645.95842063   716.747507  7838.522081
  130.100000    -651.23826695       5.84688664    -645.39138031   729.573387  7844.485959
  130.200000    -652.47977651       6.28398177    -646.19579474   784.114033  7850.463252
  130.300000    -651.48397711       5.77278427    -645.71119285   720.326907  7856.489390
  130.400000    -651.14431753       5.40265530    -645.74166223   674.142286  7862.469293
  130.500000    -650.11745276       5.79257863    -644.32487412   722.796845  7868.458726
  130.600000    -649.89164165       5.73142618    -644.16021547   715.166253  7874.523774
  130.700000    -651.64016179       6.68044635    -644.95971544   833.584807  7880.481941
  130.800000    -650.86931736       5.52648745    -645.34282991   689.594038  7886.477622
  130.900000    -652.16652162       5.27641794    -646.89010368   658.390413  7892.502390
  131.000000    -651.77425295       5.49996411    -646.27428885   686.284460  7898.485610
  131.100000    -652.96097928       6.54204273    -646.41893655   816.314829  7904.463077
  131.200000    -651.94833861       4.85904076    -647.08929785   606.310169  7910.501143
  131.300000    -652.37767286       5.98019462    -646.39747824   746.207531  7916.485277
  131.400000    -652.86261473       6.16468218    -646.69793255   769.227853  7922.492804
  131.500000    -651.46146231       5.51235965    -645.94910267   687.831173  7928.493150
  131.600000    -651.77885276       6.15601455    -645.62283821   768.146308  7934.463237
  131.700000    -651.45428408       5.96080447    -645.49347961   743.788032  7940.486792
  131.800000    -651.97946879       5.35834900    -646.62111980   668.613754  7946.490236
  131.900000    -652.64011593       5.49622296    -647.14389297   685.817640  7952.479565
  132.000000    -652.75356818       5.01214321    -647.74142497   625.414263  7958.534878
  132.100000    -652.50620020       5.19884106    -647.30735914   648.710385  7964.492579
  132.200000    -651.87484581       5.47051603    -646.40432978   682.609935  7970.465222
  132.300000    -652.78022025       5.44805609    -647.33216415   679.807388  7976.495084
  132.400000    -652.54694726       5.73960103    -646.80734623   716.186309  7982.470022
  132.500000    -652.33682912       5.41716990    -646.91965921   675.953415  7988.450897
  132.600000    -651.23489287       4.13842285    -647.09647001   516.391605  7994.556221
  132.700000    -652.23317820       5.03455940    -647.19861880   628.211351  8000.556958
  132.800000    -652.19286377       6.16304827    -646.02981549   769.023975  8006.558714
  132.900000    -652.16267007       5.98983675    -646.17283332   747.410674  8012.576581
  133.000000    -651.74444040       6.59336986    -645.15107054   822.719419  8018.561874
  133.100000    -652.15233851       6.62704086    -645.52529766   826.920880  8024.527043
  133.200000    -651.72919762       5.74114764    -645.98804997   716.379295  8030.597415
  133.300000    -652.24045166       5.79641428    -646.44403739   723.275455  8036.587628
  133.400000    -651.97014910       5.11415296    -646.85599614   638.143019  8042.476240
  133.500000    -651.14128375       4.82834775    -646.31293599   602.480301  8048.484450
  133.600000    -652.20156117       6.17335202    -646.02820915   770.309674  8054.508432
  133.700000    -652.44553978       6.27531396    -646.17022581   783.032466  8060.470676
  133.800000    -652.09410538       6.42245473    -645.67165065   801.392662  8066.490824
  133.900000    -651.20625134       5.53750366    -645.66874768   690.968638  8072.487815
  134.000000    -652.09844186       6.66575898    -645.43268288   831.752120  8078.468011
  134.100000    -652.40192919       7.27730368    -645.12462551   908.060549  8084.510671
  134.200000    -651.17635277       5.04826783    -646.12808493   629.921886  8090.492345
  134.300000    -651.93844723       5.56988270    -646.36856453   695.008888  8096.516414
  134.400000    -652.71555981       6.32248515    -646.39307466   788.918477  8102.520712
  134.500000    -652.48582732       6.08635763    -646.39946970   759.454531  8108.491059
  134.600000    -651.92874098       5.93334566    -645.99539532   740.361727  8114.493244
  134.700000    -652.52101829       5.99807461    -646.52294368   748.438593  8120.488080
  134.800000    -652.05971035       5.25134922    -646.80836113   655.262343  8126.484069
  134.900000    -651.60692261       5.36269554    -646.24422707   669.156115  8132.536483
  135.000000    -652.02531936       6.10070522    -645.92461414   761.244821  8138.484436
  135.100000    -652.79425385       5.92837565    -646.86587820   739.741570  8144.499871
  135.200000    -652.46249161       5.50602001    -646.95647160   687.040115  8150.512328
  135.300000    -652.43786687       5.08550472    -647.35236215   634.568298  8156.488538
  135.400000    -651.57239321       4.87241637    -646.69997684   607.979175  8162.485511
  135.500000    -652.65798571       6.15790425    -646.50008146   768.382104  8168.504333
  135.600000    -653.34186828       6.15392871    -647.18793957   767.886038  8175.187504
  135.700000    -652.72269139       6.36855451    -646.35413688   794.667003  8181.171422
  135.800000    -652.56510894       5.60896291    -646.95614603   699.885310  8187.233884
  135.900000    -651.54213516       5.84102003    -645.70111513   728.841352  8193.222716
  136.000000    -652.51748463       6.33820126    -646.17928337   790.879531  8199.192524
  136.100000    -652.83503473       6.20099525    -646.63403948   773.758991  8205.187379
  136.200000    -652.64828121       4.39470657    -648.25357464   548.370638  8211.155774
  136.300000    -652.86398945       5.46284441    -647.40114504   681.652671  8217.196592
  136.400000    -652.64661739       4.58075570    -648.06586170   571.585812  8223.194183
  136.500000    -652.12665648       4.40683388    -647.71982259   549.883882  8229.176280
  136.600000    -652.34118718       5.35492492    -646.98626226   668.186498  8235.200542
  136.700000    -651.46295936       4.96741824    -646.49554113   619.833489  8241.193900
  136.800000    -653.00037821       6.87240089    -646.12797733   857.536857  8247.180973
  136.900000    -651.42000286       6.13412258    -645.28588028   765.414632  8253.216723
  137.000000    -651.73075950       6.47647412    -645.25428538   808.133191  8259.183985
  137.100000    -651.63502677       6.88062102    -644.75440575   858.562564  8265.193628
  137.200000    -651.39126453       6.39525322    -644.99601131   797.998463  8271.404353
  137.300000    -651.18170768       5.93535764    -645.24635004   740.612781  8277.423374
  137.400000    -651.84784997       6.11362173    -645.73422823   762.856541  8283.392249
  137.500000    -651.64076200       5.64122185    -645.99954015   703.910575  8289.408574
  137.600000    -652.50717563       5.56305178    -646.94412385   694.156528  8295.378857
  137.700000    -652.33481385       6.46706765    -645.86774620   806.959454  8301.388533
  137.800000    -652.18567022       6.22313856    -645.96253165   776.522029  8307.389867
  137.900000    -652.39987094       5.29107688    -647.10879406   660.219552  8313.342389
  138.000000    -652.15975148       5.86517406    -646.29457742   731.855288  8319.365668
  138.100000    -652.19948427       4.85849023    -647.34099404   606.241474  8325.363662
  138.200000    -653.51097046       5.59789826    -647.91307220   698.504665  8331.333654
  138.300000    -652.68060156       5.45848745    -647.22211411   681.109011  8337.391890
  138.400000    -652.24800230       5.91655160    -646.33145070   738.266168  8343.349750
  138.500000    -653.17172708       4.86832326    -648.30340382   607.468438  8349.365041
  138.600000    -652.60012777       5.33132688    -647.26880089   665.241939  8355.365762
  138.700000    -651.81132467       4.73857573    -647.07274893   591.278566  8361.346664
  138.800000    -653.01361623       5.94666443    -647.06695180   742.023641  8367.333302
  138.900000    -652.89092015       5.10474716    -647.78617298   636.969367  8373.385045
  139.000000    -653.06811031       5.49291335    -647.57519696   685.404669  8379.347010
  139.100000    -652.47348693       5.11859245    -647.35489447   638.696979  8385.335285
  139.200000    -651.74377727       5.12827455    -646.61550273   639.905109  8391.336506
  139.300000    -653.33328203       6.29849499    -647.03478704   785.924990  8397.344733
  139.400000    -652.85389069       5.46091043    -647.39298026   681.411350  8403.302920
  139.500000    -652.84880835       5.58301249    -647.26579585   696.647222  8409.335775
  139.600000    -652.12485659       5.18537979    -646.93947680   647.030690  8415.314958
  139.700000    -652.50110922       6.21875219    -646.28235703   775.974699  8421.305026
  139.800000    -652.11812170       5.77522512    -646.34289658   720.631476  8427.319203
  139.900000    -652.02368516       5.85961995    -646.16406522   731.162247  8433.289264
  140.000000    -652.66659792       5.74612670    -646.92047122   717.000581  8439.307142
  140.100000    -651.80985606       5.66588671    -646.14396936   706.988250  8445.322082
  140.200000    -650.99108063       5.35996636    -645.63111427   668.815568  8451.299633
  140.300000    -652.96528553       5.78975330    -647.17553222   722.444300  8457.297765
  140.400000    -652.43109423       5.22153656    -647.20955767   651.542324  8463.310779
  140.500000    -652.94116958       5.80372171    -647.13744787   724.187276  8469.282204
  140.600000    -653.17397203       6.18959048    -646.98438155   772.335906  8475.297373
  140.700000    -652.36140498       5.73479051    -646.62661448   715.586053  8481.296702
  140.800000    -652.74683792       6.00330490    -646.74353302   749.091228  8487.291438
  140.900000    -651.81378208       5.20003919    -646.61374289   648.859887  8493.345625
  141.000000    -653.05811552       5.67892591    -647.37918961   708.615280  8499.330379
  141.100000    -653.23346025       5.48550118    -647.74795907   684.479780  8505.324889
  141.200000    -652.77298252       5.97630884    -646.79667368   745.722664  8511.341743
  141.300000    -652.26678772       5.52094253    -646.74584519   688.902144  8517.361576
  141.400000    -652.95053381       5.48220575    -647.46832806   684.068576  8523.307214
  141.500000    -652.78257940       5.75101804    -647.03156136   717.610922  8529.356437
  141.600000    -652.03997922       5.27487125    -646.76510797   658.197417  8535.348618
  141.700000    -651.72837957       5.72960150    -645.99877808   714.938570  8541.331996
  141.800000    -651.61011910       6.02551228    -645.58460682   751.862260  8547.348644
  141.900000    -651.62628886       5.24675645    -646.37953241   654.689257  8553.315670
  142.000000    -652.45563282       5.73876229    -646.71687053   716.081652  8559.319188
  142.100000    -652.32486684       6.48958394    -645.83528290   809.769033  8565.300119
  142.200000    -651.54283867       4.98303715    -646.55980152   621.782414  8571.295236
  142.300000    -653.24072179       6.18235137    -647.05837042   771.432612  8577.327093
  142.400000    -652.47991881       5.47452845    -647.00539036   683.110604  8583.287651
  142.500000    -652.88556992       5.46371096    -647.42185897   681.760799  8589.287067
  142.600000    -652.58276804       4.98307998    -647.59968806   621.787758  8595.317837
  142.700000    -654.09974728       5.48968734    -648.61005994   685.002127  8601.298112
  142.800000    -652.91104875       5.15982566    -647.75122309   643.842050  8607.295727
  142.900000    -652.24118826       6.16720915    -646.07397912   769.543168  8613.358711
  143.000000    -652.67108533       5.75575874    -646.91532658   718.202466  8619.332543
  143.100000    -651.02765607       4.43128240    -646.59637367   552.934563  8625.313923
  143.200000    -652.08579806       5.03793454    -647.04786352   628.632500  8631.338315
  143.300000    -652.34080650       4.88064407    -647.46016243   609.005826  8637.331202
  143.400000    -653.54041356       6.27283507    -647.26757850   782.723149  8643.317071
  143.500000    -651.54503932       3.60835198    -647.93668734   450.249464  8649.369810
  143.600000    -651.97318761       4.90054568    -647.07264193   611.489145  8655.355346
  143.700000    -653.68049082       6.65527653    -647.02521429   830.444122  8661.294742
  143.800000    -651.73699237       5.22399899    -646.51299337   651.849587  8667.335494
  143.900000    -651.93184672       5.12855953    -646.80328719   639.940669  8673.315927
  144.000000    -652.71735277       6.09419276    -646.62316001   760.432197  8679.349505
  144.100000    -652.93747058       5.79750335    -647.13996723   723.411349  8685.346595
  144.200000    -652.70318063       5.14993391    -647.55324672   642.607759  8691.343972
  144.300000    -653.11626305       5.81716013    -647.29910292   725.864119  8697.381157
  144.400000    -652.72194415       4.97390065    -647.74804350   620.642364  8703.364829
  144.500000    -652.60369445       5.72151885    -646.88217560   713.930019  8709.357897
  144.600000    -652.61238102       5.86408996    -646.74829106   731.720013  8715.367452
  144.700000    -652.23131715       5.67995592    -646.55136124   708.743804  8721.396086
  144.800000    -652.22394477       5.82756939    -646.39637538   727.162985  8727.365883
  144.900000    -652.47984488       5.56901649    -646.91082839   694.900803  8733.409171
  145.000000    -652.48387470       5.35112179    -647.13275292   667.711944  8739.401361
  145.100000    -652.32062710       5.78868781    -646.53193930   722.311348  8745.398082
  145.200000    -652.96905108       5.52741606    -647.44163501   689.709910  8751.397366
  145.300000    -653.21015701       5.42197024    -647.78818678   676.552400  8757.374123
  145.400000    -652.55967392       4.88919511    -647.67047881   610.072823  8763.392648
  145.500000    -652.65826126       5.37688597    -647.28137529   670.926794  8769.383775
  145.600000    -652.55958911       3.93417559    -648.62541352   490.905671  8775.383629
  145.700000    -652.35079600       4.76234403    -647.58845197   594.244369  8781.421207
  145.800000    -653.28905342       5.83181904    -647.45723438   727.693255  8787.382378
  145.900000    -652.88290508       5.85030208    -647.03260300   729.999565  8793.388024
  146.000000    -652.94348245       4.88362720    -648.05985524   609.378060  8799.453831
  146.100000    -651.75275651       5.19939296    -646.55336355   648.779250  8805.427220
  146.200000    -651.72947508       5.70503392    -646.02444117   711.873031  8811.438660
  146.300000    -653.02230603       6.24408666    -646.77821936   779.135929  8817.485296
  146.400000    -651.07703770       4.38452782    -646.69250988   547.100536  8823.461071
  146.500000    -650.76456605       5.51058475    -645.25398130   687.609702  8829.436806
  146.600000    -651.14860625       5.39656544    -645.75204081   673.382395  8835.470138
  146.700000    -652.58090749       6.94469594    -645.63621155   866.557820  8841.458095
  146.800000    -651.83964883       5.33661331    -646.50303552   665.901579  8847.427084
  146.900000    -651.73219912       5.77839999    -645.95379913   721.027637  8853.506158
  147.000000    -652.14616274       5.30059145    -646.84557129   661.406779  8859.503009
  147.100000    -652.77012470       5.67275566    -647.09736905   707.845357  8865.485346
  147.200000    -652.14373169       5.04077376    -647.10295793   628.986777  8871.498956
  147.300000    -653.10737040       4.26517899    -648.84219141   532.208211  8877.473871
  147.400000    -653.60326229       5.94302695    -647.66023534   741.569756  8883.521999
  147.500000    -653.32554327       5.16281651    -648.16272676   644.215248  8889.515066
  147.600000    -652.77905669       5.97302500    -646.80603168   745.312908  8895.513951
  147.700000    -653.11785435       5.00702755    -648.11082681   624.775932  8901.551474
  147.800000    -653.20988040       5.25459779    -647.95528261   655.667699  8907.528196
  147.900000    -653.11992918       5.20508798    -647.91484120   649.489874  8913.522547
  148.000000    -652.82802050       4.92082635    -647.90719416   614.019762  8919.535399
  148.100000    -652.70411730       5.22098103    -647.48313628   651.473006  8925.560920
  148.200000    -652.94892491       5.59016755    -647.35875736   697.540029  8931.517316
  148.300000    -652.19538505       5.96868008    -646.22670496   744.770749  8937.597110
  148.400000    -653.33834124       6.33447290    -647.00386834   790.414306  8943.593436
  148.500000    -652.13285156       6.45476926    -645.67808230   805.424863  8949.576820
  148.600000    -651.40385480       5.79087331    -645.61298149   722.584055  8955.561263
  148.700000    -651.36046319       5.97203354    -645.38842965   745.189193  8961.536731
  148.800000    -651.75709334       6.16923217    -645.58786117   769.795600  8967.589081
  148.900000    -652.04166006       6.56369619    -645.47796386   819.016745  8973.583849
  149.000000    -652.75653368       5.82645861    -646.93007507   727.024382  8979.594035
  149.100000    -652.98649419       6.73470991    -646.25178429   840.355803  8985.615095
  149.200000    -652.34171608       5.29354173    -647.04817436   660.527115  8991.625084
  149.300000    -652.10016826       6.53066814    -645.56950011   814.895511  8997.621715
  149.400000    -651.60559995       5.21751230    -646.38808765   651.040178  9003.690361
  149.500000    -652.58171877       5.39531824    -647.18640054   673.226769  9009.660808
  149.600000    -651.95530135       5.28573129    -646.66957006   659.552531  9015.667654
  149.700000    -652.71286385       5.46104967    -647.25181419   681.428724  9021.696792
  149.800000    -651.42381708       4.54547259    -646.87834449   567.183194  9027.700141
  149.900000    -652.51495364       5.30924451    -647.20570913   662.486506  9033.707659
  150.000000    -651.07781903       5.21205243    -645.86576660   650.358897  9039.740463
  150.100000    -652.95448637       6.00101185    -646.95347452   748.805101  9045.713841
  150.200000    -652.99051944       5.57005483    -647.42046461   695.030368  9051.722072
  150.300000    -652.73808562       5.02819732    -647.70988830   627.417492  9057.780909
  150.400000    -652.64745429       4.86129058    -647.78616371   606.590901  9063.761638
  150.500000    -651.94150992       5.46536080    -646.47614912   681.966666  9069.796177
  150.600000    -652.06305742       6.19014214    -645.87291528   772.404743  9075.749679
  150.700000    -652.33824482       5.31790719    -647.02033763   663.567433  9081.751810
  150.800000    -652.10131523       5.38989913    -646.71141610   672.550574  9087.809347
  150.900000    -652.09369851       4.95929650    -647.13440200   618.820061  9093.792403
  151.000000    -652.00595384       5.75707966    -646.24887418   718.367289  9099.790669
  151.100000    -652.37894752       5.71265840    -646.66628912   712.824413  9105.807450
  151.200000    -652.45818122       5.84300074    -646.61518048   729.088505  9111.798449
  151.300000    -653.85845091       6.41664764    -647.44180327   800.668055  9117.785655
  151.400000    -654.05044856       5.02706043    -649.02338814   627.275630  9123.838100
  151.500000    -654.04855634       5.02692766    -649.02162868   627.259063  9129.825422
  151.600000    -654.05352806       5.62982749    -648.42370057   702.488788  9135.827717
  151.700000    -654.08312964       5.94069709    -648.14243255   741.279037  9141.831979
  151.800000    -653.48392068       5.18450924    -648.29941144   646.922063  9147.794636
  151.900000    -653.55065279       5.03079495    -648.51985784   627.741624  9153.819160
  152.000000    -653.63528116       5.39128453    -648.24399663   672.723444  9159.792983
  152.100000    -653.31815663       5.56166143    -647.75649520   693.983041  9165.794425
  152.200000    -653.00112982       5.15818713    -647.84294269   643.637595  9171.844144
  152.300000    -653.23604451       5.17608506    -648.05995944   645.870896  9177.799785
  152.400000    -653.44159755       5.63520326    -647.80639429   703.159576  9183.834151
  152.500000    -652.95260926       5.61654081    -647.33606844   700.830879  9189.835152
  152.600000    -653.11409852       5.35666158    -647.75743693   668.403199  9195.820990
  152.700000    -653.57305643       5.81433963    -647.75871680   725.512177  9201.820465
  152.800000    -653.18183068       5.45192064    -647.72991004   680.289606  9207.851049
  152.900000    -652.44971647       5.76948724    -646.68022922   719.915505  9213.855367
  153.000000    -653.50564334       5.17359457    -648.33204877   645.560132  9219.846375
  153.100000    -653.15347825       5.17920891    -647.97426934   646.260688  9225.873158
  153.200000    -652.93337934       5.40853663    -647.52484271   674.876157  9231.855728
  153.300000    -653.60232272       5.19955948    -648.40276323   648.800029  9237.836598
  153.400000    -653.50626757       4.79060336    -648.71566420   597.770564  9243.882779
  153.500000    -653.11745156       5.29114083    -647.82631073   660.227532  9249.876536
  153.600000    -652.22633542       5.21055474    -647.01578068   650.172015  9255.855590
  153.700000    -653.44776295       6.24054284    -647.20722011   778.693731  9261.918811
  153.800000    -653.40488476       4.96677720    -648.43810756   619.753500  9267.890374
  153.900000    -653.16626334       5.00719630    -648.15906704   624.796988  9273.904225
  154.000000    -653.44626447       5.59455399    -647.85171048   698.087367  9279.863177
  154.100000    -653.05571558       5.07633011    -647.97938546   633.423492  9285.880769
  154.200000    -652.78282991       5.25758371    -647.52524620   656.040281  9291.885400
  154.300000    -653.63469276       6.21001306    -647.42467970   774.884232  9297.885069
  154.400000    -652.99129306       5.14206409    -647.84922897   641.625765  9303.879386
  154.500000    -652.97156622       5.31566049    -647.65590573   663.287091  9309.930741
  154.600000    -652.71667731       5.38830207    -647.32837524   672.351293  9315.910733
  154.700000    -654.32922580       5.67329786    -648.65592794   707.913013  9321.891801
  154.800000    -653.84769863       5.11625732    -648.73144131   638.405602  9327.910778
  154.900000    -653.34428409       4.71101400    -648.63327008   587.839419  9333.936017
  155.000000    -653.15294480       6.14098003    -647.01196476   766.270304  9339.900150
  155.100000    -652.20816675       6.05879139    -646.14937536   756.014821  9345.947758
  155.200000    -652.13138933       7.14035392    -644.99103541   890.971985  9351.947107
  155.300000    -651.83425093       6.31816530    -645.51608563   788.379448  9357.921908
  155.400000    -651.92580318       6.64047358    -645.28532960   828.597013  9363.972842
  155.500000    -651.73464819       5.51140862    -646.22323957   687.712504  9369.956666
  155.600000    -651.00616143       4.98326758    -646.02289385   621.811167  9375.925335
  155.700000    -653.87604642       5.41112556    -648.46492087   675.199203  9381.916864
  155.800000    -652.99453346       5.33894065    -647.65559282   666.191984  9387.911366
  155.900000    -653.51282144       5.58013284    -647.93268860   696.287899  9393.968000
  156.000000    -653.67081717       5.96034299    -647.71047418   743.730449  9399.918850
  156.100000    -652.89257623       5.21782297    -647.67475326   651.078943  9405.912729
  156.200000    -652.39106887       5.10671800    -647.28435087   637.215287  9411.948656
  156.300000    -651.46611771       4.74592394    -646.72019377   592.195473  9417.932879
  156.400000    -652.64414505       5.37346502    -647.27068003   670.499929  9423.920869
  156.500000    -653.23692924       7.19131483    -646.04561440   897.330878  9429.977738
  156.600000    -652.09661196       4.97622158    -647.12039038   620.931969  9435.947920
  156.700000    -653.08930558       5.91404026    -647.17526532   737.952802  9441.942201
  156.800000    -653.33654634       6.01434471    -647.32220163   750.468773  9447.967824
  156.900000    -652.27309425       4.68502085    -647.58807339   584.595998  9453.958552
  157.000000    -653.83443607       6.03614374    -647.79829233   753.188852  9459.937363
  157.100000    -652.98166145       4.98429039    -647.99737106   621.938793  9465.975829
  157.200000    -653.75621459       6.00037206    -647.75584253   748.725268  9471.957551
  157.300000    -653.71134323       5.79887022    -647.91247301   723.581908  9477.959552
  157.400000    -653.21767374       4.95374952    -648.26392422   618.127910  9483.965473
  157.500000    -652.74594196       5.51460543    -647.23133653   688.111402  9489.937275
  157.600000    -652.50728139       4.94948690    -647.55779448   617.596021  9495.994418
  157.700000    -652.84714215       4.93127275    -647.91586940   615.323262  9501.944740
  157.800000    -653.58612648       6.18286389    -647.40326259   771.496564  9507.973886
  157.900000    -651.77748408       4.89268433    -646.88479974   610.508207  9513.992241
  158.000000    -652.47415218       5.85667705    -646.61747513   730.795033  9519.988128
  158.100000    -653.25938985       5.61546668    -647.64392317   700.696849  9525.987513
  158.200000    -653.54051977       5.76153046    -647.77898931   718.922660  9531.999724
  158.300000    -653.33468472       5.82659116    -647.50809356   727.040921  9538.009143
  158.400000    -653.44675580       5.81095530    -647.63580050   725.089882  9543.974881
  158.500000    -652.42983453       5.61644612    -646.81338841   700.819064  9550.051563
  158.600000    -652.28724591       5.43501969    -646.85222622   678.180708  9556.117315
  158.700000    -653.23956168       6.51320246    -646.72635922   812.716147  9562.136134
  158.800000    -652.86756083       5.45091189    -647.41664894   680.163735  9568.177288
  158.900000    -652.17677610       6.36992944    -645.80684666   794.838567  9574.185283
  159.000000    -651.55960674       5.85350932    -645.70609742   730.399764  9580.227975
  159.100000    -652.28683375       6.55066975    -645.73616399   817.391308  9586.262888
  159.200000    -652.08488604       5.69646135    -646.38842469   710.803348  9592.270606
  159.300000    -652.15170600       5.46391280    -646.68779320   681.785986  9598.359813
  159.400000    -653.28593526       6.62210617    -646.66382909   826.305130  9604.357690
  159.500000    -653.70408238       6.23461531    -647.46946707   777.954096  9610.405695
  159.600000    -652.14573582       4.89145975    -647.25427607   610.355404  9616.449144
  159.700000    -652.31721612       6.18279511    -646.13442101   771.487981  9622.441428
  159.800000    -650.64926130       5.31980454    -645.32945676   663.804184  9628.465942
  159.900000    -651.37954086       6.49372438    -644.88581648   810.285676  9634.553692
  160.000000    -652.26535061       6.39876960    -645.86658101   798.437237  9640.555262
  160.100000    -651.91291610       5.59094102    -646.32197508   697.636542  9646.587688
  160.200000    -651.99338649       5.38891604    -646.60447045   672.427904  9652.659228
  160.300000    -652.50871546       5.56663064    -646.94208483   694.603097  9658.667683
  160.400000    -652.14351724       5.27420918    -646.86930806   658.114804  9664.676283
  160.500000    -651.41058666       5.33058814    -646.07999852   665.149760  9670.740616
  160.600000    -651.89784200       5.45353525    -646.44430675   680.491076  9676.760924
  160.700000    -652.31609550       5.59970566    -646.71638984   698.730192  9682.790534
  160.800000    -652.40393316       5.38784484    -647.01608832   672.294240  9688.827853
  160.900000    -652.73762133       4.92840172    -647.80921961   614.965016  9694.834771
  161.000000    -652.71205553       5.07371314    -647.63834239   633.096947  9700.916433
  161.100000    -652.70964320       5.60834226    -647.10130094   699.807865  9706.909168
  161.200000    -652.06716594       5.73928613    -646.32787981   716.147016  9712.965827
  161.300000    -651.85679172       4.73088815    -647.12590358   590.319310  9719.028876
  161.400000    -652.49930099       5.02804235    -647.47125864   627.398155  9725.044089
  161.500000    -653.01692765       6.34144695    -646.67548070   791.284527  9731.077641
  161.600000    -652.58524956       5.47050751    -647.11474204   682.608872  9737.178156
  161.700000    -652.00400381       5.37986188    -646.62414193   671.298128  9743.181750
  161.800000    -651.44461821       5.45450126    -645.99011695   680.611615  9749.209715
  161.900000    -651.86746941       5.31622014    -646.55124927   663.356924  9755.267348
  162.000000    -652.44689336       5.17859612    -647.26829724   646.184225  9761.300569
  162.100000    -652.72479128       4.98839443    -647.73639686   622.450894  9767.331657
  162.200000    -652.43477798       4.99478503    -647.43999295   623.248312  9773.378227
  162.300000    -652.11930696       5.21327082    -646.90603614   650.510927  9779.379181
  162.400000    -653.14210033       6.20909796    -646.93300237   774.770045  9785.437403
  162.500000    -651.58207200       6.36824605    -645.21382595   794.628514  9791.470219
  162.600000    -651.18590034       7.29279837    -643.89310198   909.993973  9797.482977
  162.700000    -650.02920292       6.50068284    -643.52852009   811.153950  9803.581431
  162.800000    -650.66881561       6.32926720    -644.33954841   789.764740  9809.572835
  162.900000    -651.21284246       7.25900270    -643.95383976   905.776957  9815.627046
  163.000000    -649.95404056       5.85007970    -644.10396086   729.971817  9821.641798
  163.100000    -651.58429299       5.38550559    -646.19878739   672.002349  9827.688936
  163.200000    -652.29268731       4.61252058    -647.68016673   575.549429  9833.730783
  163.300000    -652.55453840       6.34549039    -646.20904801   791.789067  9839.745965
  163.400000    -651.76222383       5.80850332    -645.95372051   724.783924  9845.762974
  163.500000    -652.69754172       5.79974520    -646.89779652   723.691087  9851.736728
  163.600000    -652.00048447       4.92545800    -647.07502647   614.597699  9857.772471
  163.700000    -651.98017492       5.89086426    -646.08931066   735.060906  9863.786104
  163.800000    -651.96067580       6.10527389    -645.85540190   761.814899  9869.765578
  163.900000    -652.74850592       6.78312708    -645.96537884   846.397289  9875.792073
  164.000000    -652.62565911       5.77106838    -646.85459073   720.112800  9881.799117
  164.100000    -652.00473516       5.14547694    -646.85925822   642.051621  9887.869278
  164.200000    -652.75509839       4.95883998    -647.79625841   618.763096  9893.913849
  164.300000    -652.68135547       5.95109449    -646.73026099   742.576422  9899.914658
  164.400000    -651.64094168       5.52181968    -646.11912200   689.011595  9905.961716
  164.500000    -651.10269431       6.23306921    -644.86962510   777.761174  9911.991787
  164.600000    -650.78680565       5.32269030    -645.46411535   664.164269  9918.010467
  164.700000    -652.14409504       6.55186497    -645.59223007   817.540447  9924.093924
  164.800000    -651.56395840       6.40121667    -645.16274173   798.742581  9930.092496
  164.900000    -651.15556737       6.76510365    -644.39046373   844.148328  9936.083476
  165.000000    -652.41623321       7.26899510    -645.14723811   907.023806  9942.098598
  165.100000    -651.59137763       6.12731233    -645.46406530   764.564851  9948.116319
  165.200000    -652.75821936       6.34165421    -646.41656515   791.310389  9954.069789
  165.300000    -652.91747724       6.73992595    -646.17755129   841.006659  9960.100312
  165.400000    -652.22873115       6.64599011    -645.58274105   829.285363  9966.078282
  165.500000    -651.21830473       5.72538426    -645.49292048   714.412343  9972.091864
  165.600000    -651.51406058       5.67868298    -645.83537760   708.584967  9978.094726
  165.700000    -651.04401844       5.77700103    -645.26701741   720.853074  9984.064543
  165.800000    -652.15482678       5.55660123    -646.59822555   693.351630  9990.095142
  165.900000    -653.18865346       5.80009276    -647.38856070   723.734456  9996.102694
  166.000000    -652.63647392       5.21024493    -647.42622899   650.133357 10002.082222
  166.100000    -652.76105404       5.69435153    -647.06670250   710.540086 10008.103260
  166.200000    -652.97584316       5.59991101    -647.37593215   698.755816 10014.092503
  166.300000    -652.98264094       4.76426908    -648.21837187   594.484576 10020.088428
  166.400000    -652.96517734       4.45972661    -648.50545073   556.483826 10026.154881
  166.500000    -654.50840355       5.40099414    -649.10740940   673.935008 10032.152280
  166.600000    -652.94485878       5.29031317    -647.65454562   660.124257 10038.186962
  166.700000    -652.11635436       4.96511745    -647.15123691   619.546398 10044.209761
  166.800000    -652.80600311       5.30753035    -647.49847276   662.272613 10050.086526
  166.900000    -652.03125496       5.62750783    -646.40374713   702.199341 10056.049890
  167.000000    -651.62107721       5.64051959    -645.98055763   703.822946 10061.995750
  167.100000    -652.12033557       5.52695712    -646.59337845   689.652643 10068.040391
  167.200000    -652.47418421       5.24152857    -647.23265564   654.036924 10074.035275
  167.300000    -652.89090204       5.91582756    -646.97507448   738.175822 10080.030849
  167.400000    -652.28062775       6.16303934    -646.11758840   769.022860 10086.076637
  167.500000    -651.10400803       5.04989395    -646.05411408   630.124793 10092.066613
  167.600000    -651.13856222       4.41856141    -646.72000081   551.347241 10098.030714
  167.700000    -652.75909910       5.81577162    -646.94332748   725.690861 10104.026953
  167.800000    -651.28599484       4.70379417    -646.58220066   586.938530 10110.027199
  167.900000    -652.17835989       5.58533537    -646.59302452   696.937070 10116.041906
  168.000000    -651.60578360       5.13634357    -646.46944002   640.911960 10122.042221
  168.100000    -651.85292880       6.52400607    -645.32892273   814.064219 10128.031808
  168.200000    -651.30619031       5.40521839    -645.90097192   674.462108 10134.088283
  168.300000    -652.03230856       5.65281515    -646.37949341   705.357184 10140.057600
  168.400000    -652.63517612       5.33491519    -647.30026093   665.689689 10146.052280
  168.500000    -652.84620346       5.58037125    -647.26583220   696.317649 10152.063800
  168.600000    -651.70250855       4.52348091    -647.17902764   564.439075 10158.075368
  168.700000    -652.25668258       5.55920002    -646.69748256   693.675906 10164.061745
  168.800000    -653.24178312       6.31687050    -646.92491263   788.217882 10170.128118
  168.900000    -652.84457410       5.66309629    -647.18147780   706.640063 10176.120427
  169.000000    -651.77543496       5.13029757    -646.64513739   640.157541 10182.080297
  169.100000    -652.47142348       5.57879099    -646.89263249   696.120464 10188.088089
  169.200000    -652.65414094       5.30062278    -647.35351816   661.410688 10194.075986
  169.300000    -651.81790525       5.34403697    -646.47386829   666.827902 10200.155679
  169.400000    -652.68605910       6.62337683    -646.06268228   826.463683 10206.149612
  169.500000    -652.66060525       6.53914874    -646.12145651   815.953718 10212.207311
  169.600000    -652.33883561       6.23618657    -646.10264904   778.150158 10218.267414
  169.700000    -651.48549436       5.48014305    -646.00535131   683.811193 10224.274259
  169.800000    -652.62075335       6.36442605    -646.25632730   794.151855 10230.302257
  169.900000    -652.38409315       6.67980980    -645.70428335   833.505378 10236.398652
  170.000000    -652.56156682       5.64960401    -646.91196281   704.956498 10242.396343
  170.100000    -652.13231173       5.07653880    -647.05577293   633.449532 10248.420697
  170.200000    -651.79842225       5.51020362    -646.28821862   687.562145 10254.478900
  170.300000    -651.67183761       5.27651363    -646.39532397   658.402353 10260.510579
  170.400000    -652.04619592       5.90146669    -646.14472922   736.383876 10266.491208
  170.500000    -651.24217420       6.33608863    -644.90608557   790.615917 10272.543911
  170.600000    -651.96391677       5.83070651    -646.13321026   727.554433 10278.564757
  170.700000    -652.53047439       6.28234848    -646.24812591   783.910231 10284.585158
  170.800000    -650.87688888       5.69946653    -645.17742235   711.178334 10290.581405
  170.900000    -651.11205538       5.32045922    -645.79159616   663.885875 10296.547705
  171.000000    -651.95646697       5.64706270    -646.30940427   704.639395 10302.594865
  171.100000    -651.39942633       5.73154067    -645.66788566   715.180540 10308.547812
  171.200000    -652.68441819       6.58094956    -646.10346862   821.169617 10314.567736
  171.300000    -651.59389565       5.02303078    -646.57086487   626.772812 10320.593818
  171.400000    -651.93699884       6.82750323    -645.10949561   851.934536 10326.565731
  171.500000    -651.18063784       7.03106344    -644.14957440   877.334739 10332.556248
  171.600000    -650.36897375       7.10404983    -643.26492392   886.441967 10338.616712
  171.700000    -651.01656792       6.44363230    -644.57293562   804.035196 10344.590840
  171.800000    -652.20191404       5.24044065    -646.96147339   653.901174 10350.586315
  171.900000    -653.70332410       5.76050413    -647.94281996   718.794595 10356.607561
  172.000000    -652.65903765       5.59362986    -647.06540779   697.972055 10362.602031
  172.100000    -652.08441178       5.59915369    -646.48525808   698.661318 10368.594682
  172.200000    -652.47613426       5.64549087    -646.83064339   704.443262 10374.616933
  172.300000    -651.78840815       5.47494303    -646.31346512   683.162335 10380.599314
  172.400000    -651.90705122       5.30236867    -646.60468256   661.628540 10386.592775
  172.500000    -653.84458851       5.81588541    -648.02870310   725.705059 10392.595606
  172.600000    -652.68738574       4.97947232    -647.70791342   621.337595 10398.589800
  172.700000    -653.32641145       5.36611908    -647.96029237   669.583304 10404.647593
  172.800000    -653.42415876       5.37566350    -648.04849526   670.774255 10410.590667
  172.900000    -652.65887423       5.63026452    -647.02860971   702.543321 10416.607205
  173.000000    -652.44863317       5.78466935    -646.66396381   721.809926 10422.635216
  173.100000    -651.39348786       6.00097684    -645.39251102   748.800733 10428.622513
  173.200000    -651.36025321       5.42283211    -645.93742110   676.659944 10434.608797
  173.300000    -652.20985234       6.14460625    -646.06524609   766.722783 10440.671051
  173.400000    -652.59950298       5.32411682    -647.27538617   664.342269 10446.654425
  173.500000    -653.50560604       5.94822994    -647.55737609   742.218985 10452.634976
  173.600000    -651.94898864       4.78713265    -647.16185599   597.337489 10458.682464
  173.700000    -652.42194348       5.70615599    -646.71578749   712.013044 10464.671883
  173.800000    -651.75915070       5.13908706    -646.62006363   641.254292 10470.647015
  173.900000    -651.66916805       6.34908687    -645.32008118   792.237835 10476.741907
  174.000000    -651.94013393       5.08895065    -646.85118328   634.998281 10482.719592
  174.100000    -652.36856980       5.43516849    -646.93340131   678.199276 10489.574087
  174.200000    -651.69587408       4.64735460    -647.04851948   579.896010 10495.556687
  174.300000    -652.35247552       4.90029651    -647.45217901   611.458053 10501.549538
  174.400000    -651.98941496       4.85992644    -647.12948852   606.420684 10507.603794
  174.500000    -651.73972399       5.80098946    -645.93873453   723.846346 10513.590101
  174.600000    -652.59805895       6.98597461    -645.61208434   871.708564 10519.585744
  174.700000    -652.24638973       6.60766821    -645.63872152   824.503565 10525.623853
  174.800000    -651.87281733       5.08430851    -646.78850882   634.419035 10531.598898
  174.900000    -653.28387692       5.20925481    -648.07462211   650.009811 10537.581179
  175.000000    -653.60838170       5.63157116    -647.97681054   702.706363 10543.631332
  175.100000    -653.01353678       5.83568543    -647.17785135   728.175702 10549.626878
  175.200000    -653.37974508       5.24077859    -648.13896650   653.943341 10555.626334
  175.300000    -653.38559149       4.81470605    -648.57088545   600.778092 10561.645108
  175.400000    -653.05461678       5.35868309    -647.69593368   668.655443 10567.614647
  175.500000    -652.61606172       5.82295878    -646.79310294   726.587673 10573.602109
  175.600000    -652.17478240       5.63755951    -646.53722288   703.453588 10579.593881
  175.700000    -653.25548821       5.43910833    -647.81637988   678.690888 10585.595113
  175.800000    -653.11297814       6.13410668    -646.97887146   765.412648 10591.614923
  175.900000    -651.60133021       5.52336456    -646.07796565   689.204364 10597.614663
  176.000000    -651.08668697       4.87532390    -646.21136308   608.341975 10603.601255
  176.100000    -652.07241984       5.56165039    -646.51076945   693.981663 10609.640266
  176.200000    -652.93153478       6.35253773    -646.57899704   792.668433 10615.613483
  176.300000    -652.46563554       5.70120808    -646.76442745   711.395645 10621.622696
  176.400000    -651.30304455       5.89335883    -645.40968572   735.372178 10627.633037
  176.500000    -652.75028030       6.16715907    -646.58312122   769.536920 10633.646588
  176.600000    -652.86580356       5.60651363    -647.25928994   699.579689 10639.618840
  176.700000    -651.86931403       4.78015627    -647.08915776   596.466978 10645.693321
  176.800000    -652.10705971       4.98774672    -647.11931299   622.370074 10651.685032
  176.900000    -652.21478770       5.61622313    -646.59856458   700.791238 10657.664051
  177.000000    -652.07966507       5.00959923    -647.07006584   625.096826 10663.670402
  177.100000    -652.94943364       6.07494860    -646.87448504   758.030915 10669.644145
  177.200000    -652.31697646       5.28174217    -647.03523429   659.054769 10675.659993
  177.300000    -652.36821272       6.39303089    -645.97518182   797.721162 10681.644680
  177.400000    -652.37079501       5.85476940    -646.51602560   730.556997 10687.635695
  177.500000    -653.03213132       5.70245900    -647.32967232   711.551734 10693.693932
  177.600000    -653.42442269       5.46209197    -647.96233072   681.558782 10699.642085
  177.700000    -653.74559743       5.65906124    -648.08653619   706.136570 10705.645627
  177.800000    -652.75157329       5.20269156    -647.54888172   649.190850 10711.689651
  177.900000    -652.28317031       6.03274463    -646.25042567   752.764712 10717.667688
  178.000000    -652.34453401       5.31939528    -647.02513872   663.753117 10723.669486
  178.100000    -652.10444621       5.01448566    -647.08996055   625.706554 10729.717820
  178.200000    -652.66978941       5.41213707    -647.25765234   675.325420 10735.683033
  178.300000    -652.88934636       5.48734551    -647.40200085   684.709914 10741.683076
  178.400000    -651.65635728       4.69537494    -646.96098234   585.887979 10747.726826
  178.500000    -652.05532324       5.21258323    -646.84274001   650.425130 10753.747072
  178.600000    -652.82235655       5.05620367    -647.76615287   630.912119 10759.731836
  178.700000    -653.04951506       5.05762605    -647.99188902   631.089603 10765.749173
  178.800000    -652.31740419       5.43544167    -646.88196252   678.233363 10771.727045
  178.900000    -652.04909192       5.88073685    -646.16835506   733.797210 10777.719135
  179.000000    -652.01800255       5.87148077    -646.14652177   732.642238 10783.737293
  179.100000    -652.09927993       4.92830362    -647.17097631   614.952775 10789.715446
  179.200000    -652.98637980       5.50388461    -647.48249519   686.773660 10795.719280
  179.300000    -652.61128519       6.33215379    -646.27913140   790.124928 10801.706837
  179.400000    -653.42305774       5.74211467    -647.68094307   716.499961 10807.706510
  179.500000    -653.23891692       5.44653340    -647.79238352   679.617386 10813.753562
  179.600000    -652.77624550       5.12886416    -647.64738134   639.978680 10819.715523
  179.700000    -651.95406902       5.55033002    -646.40373900   692.569109 10825.705348
  179.800000    -652.58496080       5.53345313    -647.05150766   690.463215 10831.767975
  179.900000    -652.78147121       5.68156917    -647.09990204   708.945105 10837.746677
  180.000000    -652.53914010       6.47152848    -646.06761161   807.516076 10843.744864
  180.100000    -652.54943789       6.36158229    -646.18785560   793.797010 10849.777557
  180.200000    -652.23528746       5.57921687    -646.65607059   696.173605 10855.773069
  180.300000    -652.52045080       5.46201279    -647.05843800   681.548902 10861.762847
  180.400000    -652.70104861       4.66096761    -648.04008100   581.594639 10867.846786
  180.500000    -653.30475870       6.27159099    -647.03316771   782.567914 10873.836906
  180.600000    -652.09422045       5.87893549    -646.21528495   733.572437 10879.809572
  180.700000    -652.01446076       5.26914031    -646.74532045   657.482311 10885.816412
  180.800000    -651.97928279       5.58944760    -646.38983518   697.450194 10891.789348
  180.900000    -652.61769682       6.64141172    -645.97628510   828.714074 10897.833682
  181.000000    -652.03151445       6.52383054    -645.50768391   814.042316 10903.828103
  181.100000    -650.58355464       5.09127940    -645.49227524   635.288861 10909.824486
  181.200000    -652.54476965       5.79738589    -646.74738376   723.396693 10915.857584
  181.300000    -652.94017225       6.67646225    -646.26371000   833.087672 10921.843740
  181.400000    -651.54098671       6.64433803    -644.89664868   829.079218 10927.824860
  181.500000    -652.15674718       5.52784311    -646.62890407   689.763197 10933.845428
  181.600000    -652.54933151       5.60086447    -646.94846703   698.874788 10939.853443
  181.700000    -653.27563302       5.76617396    -647.50945906   719.502074 10945.728743
  181.800000    -652.77810559       5.13303667    -647.64506891   640.499326 10951.772590
  181.900000    -651.97430328       4.53668500    -647.43761829   566.086679 10957.737688
  182.000000    -652.11220388       5.22145106    -646.89075282   651.531656 10963.760802
  182.100000    -652.24643204       5.95837067    -646.28806137   743.484343 10969.789159
  182.200000    -652.35304886       5.46587845    -646.88717041   682.031259 10975.774105
  182.300000    -652.27937857       6.27883782    -646.00054075   783.472172 10981.762976
  182.400000    -651.43236030       5.08790297    -646.34445733   634.867551 10987.833623
  182.500000    -652.04165617       6.76313894    -645.27851722   843.903173 10993.790855
  182.600000    -651.95779224       6.41277285    -645.54501939   800.184559 10999.775984
  182.700000    -651.41210619       6.19983802    -645.21226817   773.614592 11005.812389
  182.800000    -651.52162912       6.09247895    -645.42915017   760.218349 11011.793963
  182.900000    -651.73837235       6.12478529    -645.61358706   764.249527 11017.783880
  183.000000    -651.62932157       5.93827747    -645.69104410   740.977118 11023.794629
  183.100000    -650.89756694       6.33523565    -644.56233129   790.509482 11029.764971
  183.200000    -650.63639104       7.07789560    -643.55849544   883.178448 11035.786168
  183.300000    -651.33979206       6.68694073    -644.65285133   834.395174 11041.835648
  183.400000    -651.52656875       6.42466024    -645.10190851   801.667866 11047.803964
  183.500000    -651.19470332       6.26587706    -644.92882627   781.854931 11053.831200
  183.600000    -652.20323526       7.17870720    -645.02452805   895.757700 11059.785770
  183.700000    -652.00270977       6.63698322    -645.36572655   828.161486 11065.779771
  183.800000    -651.92038881       5.97862737    -645.94176144   746.011970 11071.832923
  183.900000    -652.81108496       5.73497227    -647.07611269   715.608734 11077.813228
  184.000000    -652.13836120       5.92436986    -646.21399134   739.241728 11083.809930
  184.100000    -651.39048640       5.69135749    -645.69912891   710.166489 11089.849744
  184.200000    -653.01996427       6.26125067    -646.75871360   781.277650 11095.835809
  184.300000    -652.91078961       5.28948114    -647.62130846   660.020437 11101.814843
  184.400000    -653.65604998       5.45535110    -648.20069888   680.717658 11107.866296
  184.500000    -653.11195410       5.29133333    -647.82062077   660.251553 11113.852938
  184.600000    -652.40750540       5.44558066    -646.96192474   679.498504 11119.858545
  184.700000    -652.29150783       4.95354091    -647.33796692   618.101879 11125.858011
  184.800000    -651.46503163       5.49228269    -645.97274894   685.325975 11131.835072
  184.900000    -651.65683372       6.45190631    -645.20492741   805.067625 11137.877884
  185.000000    -651.44909179       5.59689155    -645.85220024   698.379047 11143.830957
  185.100000    -652.04421185       5.99654710    -646.04766475   748.247991 11149.850929
  185.200000    -651.12325169       5.06344527    -646.05980642   631.815724 11155.878964
  185.300000    -652.09956355       6.55910789    -645.54045566   818.444218 11161.858660
  185.400000    -651.70490376       5.82132095    -645.88358281   726.383305 11167.863737
  185.500000    -651.70829818       6.03613617    -645.67216201   753.187907 11173.904682
  185.600000    -652.23117374       5.84138709    -646.38978664   728.887155 11179.881729
  185.700000    -652.27187352       5.47375113    -646.79812239   683.013610 11185.869059
  185.800000    -652.32338928       5.29936454    -647.02402474   661.253685 11191.916078
  185.900000    -652.29968070       5.15995536    -647.13972534   643.858235 11197.916308
  186.000000    -652.35193901       5.98867131    -646.36326770   747.265251 11203.909074
  186.100000    -651.65104142       5.66463569    -645.98640573   706.832149 11209.899270
  186.200000    -651.84865829       5.30397548    -646.54468281   661.829037 11215.860784
  186.300000    -652.38426790       5.47470849    -646.90955941   683.133070 11221.896476
  186.400000    -652.70645894       5.58381660    -647.12264234   696.747558 11227.865987
  186.500000    -652.38993279       5.53474903    -646.85518376   690.624916 11233.891686
  186.600000    -652.26183421       5.75380294    -646.50803127   717.958421 11239.903464
  186.700000    -651.99044262       5.19829931    -646.79214331   648.642785 11245.904390
  186.800000    -652.59435453       5.78191210    -646.81244244   721.465876 11251.894615
  186.900000    -651.14995366       5.32838673    -645.82156693   664.875068 11257.909655
  187.000000    -651.14001984       5.84452062    -645.29549922   729.278155 11263.938092
  187.100000    -651.33000041       4.97276821    -646.35723220   620.501058 11269.891054
  187.200000    -651.39762816       5.35291518    -646.04471299   667.935723 11275.932099
  187.300000    -651.39944970       5.53700703    -645.86244266   690.906670 11281.917413
  187.400000    -652.48580807       4.95717645    -647.52863162   618.555521 11287.919577
  187.500000    -652.21838732       5.08796682    -647.13042050   634.875518 11293.976367
  187.600000    -652.38168236       6.37201090    -646.00967146   795.098290 11299.954995
  187.700000    -652.09260118       5.46649822    -646.62610296   682.108593 11305.962796
  187.800000    -651.33836837       4.81207056    -646.52629781   600.449236 11311.918156
  187.900000    -650.64244792       4.88094025    -645.76150767   609.042783 11317.931177
  188.000000    -650.87034046       5.77043948    -645.09990098   720.034325 11324.058679
  188.100000    -651.29710024       5.61139534    -645.68570490   700.188828 11330.039144
  188.200000    -651.43948866       5.34768772    -646.09180094   667.283442 11336.050134
  188.300000    -651.68291530       6.25524446    -645.42767085   780.528197 11342.085030
  188.400000    -651.93576872       5.64815053    -646.28761820   704.775133 11348.084002
  188.500000    -651.52978640       6.77110609    -644.75868032   844.897312 11354.073776
  188.600000    -651.20634754       5.44748896    -645.75885858   679.736622 11360.129503
  188.700000    -651.70547497       5.70977777    -645.99569719   712.464969 11366.195119
  188.800000    -651.47267775       5.57433074    -645.89834702   695.563914 11372.218660
  188.900000    -651.85543581       4.85991455    -646.99552127   606.419199 11378.219221
  189.000000    -652.03546967       5.82582149    -646.20964819   726.944881 11384.188217
  189.100000    -652.26457403       5.59709660    -646.66747743   698.404635 11390.220980
  189.200000    -652.25837991       5.02467858    -647.23370134   626.978424 11396.241155
  189.300000    -652.12516700       5.34022909    -646.78493790   666.352756 11402.211669
  189.400000    -651.73488157       5.67149512    -646.06338645   707.688067 11408.232126
  189.500000    -652.10882902       5.16086023    -646.94796878   643.971144 11414.205528
  189.600000    -652.02485790       4.79869590    -647.22616200   598.780348 11420.200266
  189.700000    -651.36510222       4.26893685    -647.09616536   532.677117 11426.250354
  189.800000    -652.60342895       6.25044129    -646.35298766   779.928859 11432.241489
  189.900000    -651.46762267       5.59029131    -645.87733137   697.555471 11438.183846
  190.000000    -651.96845436       6.47893136    -645.48952301   808.439805 11444.234819
  190.100000    -651.77430665       6.11000385    -645.66430280   762.405102 11450.228123
  190.200000    -650.60027094       5.61672467    -644.98354627   700.853821 11456.195638
  190.300000    -649.83693560       5.37038127    -644.46655433   670.115138 11462.191297
  190.400000    -651.19314733       6.01003062    -645.18311671   749.930461 11468.160898
  190.500000    -651.16180322       5.52334245    -645.63846077   689.201606 11474.192880
  190.600000    -651.81276259       5.09843736    -646.71432523   636.182030 11480.196376
  190.700000    -651.64918474       6.18864241    -645.46054233   772.217606 11486.158581
  190.800000    -652.26013325       6.51197839    -645.74815486   812.563408 11492.178621
  190.900000    -652.40915338       5.81135606    -646.59779732   725.139888 11498.143438
  191.000000    -652.21204954       5.58205237    -646.62999717   696.527418 11504.130940
  191.100000    -651.24623271       5.50479309    -645.74143963   686.887020 11510.184488
  191.200000    -650.96014920       5.79053402    -645.16961517   722.541719 11516.178041
  191.300000    -652.08243622       7.22561467    -644.85682156   901.610804 11522.181118
  191.400000    -651.36668728       6.33275980    -645.03392748   790.200546 11528.204084
  191.500000    -651.69306386       6.08013139    -645.61293247   758.677622 11534.204073
  191.600000    -651.45000479       4.96288632    -646.48711847   619.267998 11540.192487
  191.700000    -651.72708132       5.73207165    -645.99500967   715.246795 11546.212461
  191.800000    -651.17712733       6.11418580    -645.06294153   762.926925 11552.187649
  191.900000    -652.16490935       6.07943118    -646.08547817   758.590249 11558.208077
  192.000000    -650.84308239       4.60391744    -646.23916495   574.475931 11564.210914
  192.100000    -651.81439139       6.05400149    -645.76038990   755.417138 11570.203434
  192.200000    -651.11231060       5.54435205    -645.56795855   691.823180 11576.245219
  192.300000    -651.38956866       5.82479666    -645.56477200   726.817004 11582.233366
  192.400000    -651.68111395       4.78045692    -646.90065703   596.504492 11588.222951
  192.500000    -651.92684803       5.02269218    -646.90415584   626.730562 11594.245398
  192.600000    -651.03760964       4.59937840    -646.43823125   573.909549 11600.254058
  192.700000    -651.16806230       5.01423017    -646.15383213   625.674673 11606.227906
  192.800000    -650.64604555       4.45706470    -646.18898085   556.151673 11612.269166
  192.900000    -651.44434640       5.89647454    -645.54787185   735.760956 11618.280877
  193.000000    -651.59473750       5.41463162    -646.18010588   675.636689 11624.261125
  193.100000    -651.52981463       4.80280807    -646.72700656   599.293465 11630.308719
  193.200000    -650.94300994       5.09745488    -645.84555507   636.059436 11636.290887
  193.300000    -651.34397494       5.44589895    -645.89807600   679.538220 11642.259999
  193.400000    -650.80311227       5.47447468    -645.32863758   683.103895 11648.227775
  193.500000    -649.72941631       4.80599820    -644.92341811   599.691529 11654.226950
  193.600000    -650.49871587       6.58169957    -643.91701630   821.263203 11660.248081
  193.700000    -650.08538047       5.43843265    -644.64694782   678.606578 11666.241670
  193.800000    -651.21863399       5.93638893    -645.28224506   740.741466 11672.225372
  193.900000    -649.16911568       5.12806868    -644.04104700   639.879421 11678.236032
  194.000000    -650.95620057       6.32429814    -644.63190244   789.144702 11684.233030
  194.100000    -650.81689587       4.97627519    -645.84062068   620.938658 11690.227111
  194.200000    -651.02781857       5.14656285    -645.88125572   642.187120 11696.259119
  194.300000    -651.32615404       6.15792632    -645.16822772   768.384859 11702.250634
  194.400000    -651.50303589       6.34998980    -645.15304609   792.350502 11708.231879
  194.500000    -650.24503488       6.01577423    -644.22926066   750.647148 11714.254538
  194.600000    -650.68486965       6.45340601    -644.23146364   805.254757 11720.223778
  194.700000    -650.54380234       6.20693121    -644.33687113   774.499679 11726.233603
  194.800000    -650.54587414       5.94926182    -644.59661231   742.347743 11732.244176
  194.900000    -650.38963223       5.45524781    -644.93438441   680.704770 11738.283535
  195.000000    -651.47704923       5.73659085    -645.74045838   715.810700 11744.319959
  195.100000    -651.19371569       5.06072400    -646.13299169   631.476165 11750.312846
  195.200000    -650.74222243       6.03435559    -644.70786683   752.965727 11756.304613
  195.300000    -651.25611711       5.95856840    -645.29754871   743.509016 11762.372427
  195.400000    -649.87252998       4.93427483    -644.93825515   615.697862 11768.350310
  195.500000    -650.69128318       6.01144842    -644.67983476   750.107374 11774.343982
  195.600000    -650.10773231       5.22958452    -644.87814780   652.546547 11780.359780
  195.700000    -650.96732059       5.07079199    -645.89652860   632.732446 11786.364650
  195.800000    -651.58428448       5.42111957    -646.16316491   676.446254 11792.342853
  195.900000    -650.90589155       5.63533319    -645.27055836   703.175788 11798.360929
  196.000000    -651.26908239       5.47383359    -645.79524880   683.023899 11804.332048
  196.100000    -651.19194988       5.38699872    -645.80495116   672.188662 11810.341294
  196.200000    -651.57428719       5.44768013    -646.12660706   679.760476 11816.336297
  196.300000    -651.01492978       5.49674667    -645.51818310   685.882989 11822.331933
  196.400000    -652.09231373       5.44249615    -646.64981758   679.113620 11828.374480
  196.500000    -652.14343387       6.06484043    -646.07859344   756.769619 11834.327194
  196.600000    -651.06648897       5.76983969    -645.29664928   719.959483 11840.328819
  196.700000    -650.39037257       5.38508339    -645.00528918   671.949667 11846.378680
  196.800000    -651.48340065       6.64454177    -644.83885887   829.104641 11852.360492
  196.900000    -651.80533024       5.79234041    -646.01298983   722.767119 11858.366673
  197.000000    -651.71781807       5.14932815    -646.56848992   642.532173 11864.383419
  197.100000    -652.00066573       6.55136946    -645.44929627   817.478618 11870.402154
  197.200000    -650.59301245       5.10611291    -645.48689954   637.139784 11876.372456
  197.300000    -651.14217993       5.53115655    -645.61102338   690.176647 11882.422758
  197.400000    -651.73823061       5.45320818    -646.28502243   680.450264 11888.407199
  197.500000    -651.72908312       4.70893374    -647.02014938   587.579844 11894.384472
  197.600000    -651.37314505       5.21378310    -646.15936195   650.574850 11900.379820
  197.700000    -652.03620753       6.28946985    -645.74673768   784.798835 11906.363652
  197.800000    -651.18928021       6.03179690    -645.15748332   752.646453 11912.418148
  197.900000    -650.99819200       5.96242229    -645.03576971   743.989904 11918.366217
  198.000000    -650.82639687       5.16252849    -645.66386838   644.179309 11924.373100
  198.100000    -651.82116060       6.62889271    -645.19226789   827.151954 11930.400576
  198.200000    -652.37880045       5.75883711    -646.61996334   718.586583 11936.398943
  198.300000    -652.13204237       5.70317274    -646.42886963   711.640795 11942.391955
  198.400000    -651.19828632       4.88307113    -646.31521518   609.308674 11948.457690
  198.500000    -651.59829613       6.08984586    -645.50845027   759.889792 11954.424792
  198.600000    -652.13790389       6.29146441    -645.84643948   785.047715 11960.404868
  198.700000    -653.12641029       7.39832581    -645.72808448   923.161668 11966.453883
  198.800000    -651.18957813       4.93913599    -646.25044214   616.304436 11972.439692
  198.900000    -652.27713691       5.97699211    -646.30014480   745.807922 11978.451412
  199.000000    -652.35511865       6.27966780    -646.07545085   783.575736 11984.500318
  199.100000    -651.86180687       4.92465709    -646.93714979   614.497761 11990.484101
  199.200000    -651.85707795       5.01391935    -646.84315861   625.635889 11996.470171
  199.300000    -651.53675268       6.14934881    -645.38740387   767.314558 12002.442782
  199.400000    -651.97320689       6.67890449    -645.29430240   833.392414 12008.452137
  199.500000    -651.54005746       6.49060540    -645.04945206   809.896489 12014.484388
  199.600000    -650.53845262       7.12298925    -643.41546337   888.805224 12020.460034
  199.700000    -651.33921298       7.38957640    -643.94963658   922.069917 12026.454220
  199.800000    -651.85240912       7.34784659    -644.50456253   916.862880 12032.514544
  199.900000    -651.18134386       6.50839173    -644.67295212   812.115865 12038.490641
  200.000000    -651.92177707       4.63602267    -647.28575440   578.482015 12044.470918
  200.100000    -651.52661204       5.79519566    -645.73141638   723.123396 12050.515082
  200.200000    -651.92044416       5.88824012    -646.03220403   734.733467 12056.512605
  200.300000    -650.46299658       5.69726884    -644.76572775   710.904107 12062.524250
  200.400000    -651.05288063       5.90871604    -645.14416460   737.288447 12068.552662
  200.500000    -651.30643576       6.22992322    -645.07651254   777.368618 12074.527376
  200.600000    -652.01420448       5.35821614    -646.65598834   668.597176 12080.540652
  200.700000    -651.81448617       6.28009881    -645.53438736   783.629518 12086.482194
  200.800000    -652.02330805       6.30319877    -645.72010928   786.511926 12092.477700
  200.900000    -651.67089916       4.49284763    -647.17805153   560.616661 12098.521103
  201.000000    -650.96429775       4.48138660    -646.48291115   559.186556 12104.508696
  201.100000    -651.66350311       4.69629665    -646.96720645   586.002991 12110.490865
  201.200000    -652.64923862       5.12172328    -647.52751534   639.087643 12116.518197
  201.300000    -652.46810200       4.47411222    -647.99398978   558.278860 12122.508828
  201.400000    -652.96454037       6.37618102    -646.58835935   795.618638 12128.500498
  201.500000    -651.79016914       5.68787232    -646.10229682   709.731610 12134.475815
  201.600000    -652.47954730       7.08682911    -645.39271819   884.293170 12140.441988
  201.700000    -651.59846869       6.02315853    -645.57531017   751.568559 12146.513581
  201.800000    -651.09952748       5.85648085    -645.24304663   730.770551 12152.447050
  201.900000    -651.05701022       5.25505803    -645.80195220   655.725127 12158.448604
  202.000000    -650.93886864       7.06919867    -643.86966997   882.093246 12164.488042
  202.100000    -649.87388085       5.71100703    -644.16287382   712.618356 12170.465425
  202.200000    -650.80852008       6.52188858    -644.28663150   813.799999 12176.464133
  202.300000    -651.92307157       7.76316590    -644.15990568   968.686343 12182.479782
  202.400000    -652.17236123       5.81647411    -646.35588713   725.778517 12188.486893
  202.500000    -652.16272631       5.80113944    -646.36158687   723.865060 12194.468222
  202.600000    -652.79089067       5.90030106    -646.89058960   736.238429 12200.459231
  202.700000    -652.72449435       5.40198009    -647.32251427   674.058033 12206.425383
  202.800000    -653.41134481       6.40076131    -647.01058349   798.685762 12212.667322
  202.900000    -651.31052958       5.10114015    -646.20938943   636.519284 12218.620899
  203.000000    -652.45448328       4.55771634    -647.89676694   568.710966 12224.599729
  203.100000    -652.22152410       5.21775428    -647.00376982   651.070372 12230.646617
  203.200000    -652.03219221       4.48436652    -647.54782569   559.558389 12236.611499
  203.300000    -652.45643508       5.94558914    -646.51084594   741.889466 12242.609646
  203.400000    -651.11697107       5.57513091    -645.54184016   695.663760 12248.631074
  203.500000    -651.97436442       5.53959751    -646.43476691   691.229908 12254.620849
  203.600000    -651.88642295       5.38279674    -646.50362621   671.664338 12260.618898
  203.700000    -652.35483399       5.87176174    -646.48307225   732.677297 12266.596394
  203.800000    -651.57929861       6.05652238    -645.52277623   755.731694 12272.555496
  203.900000    -652.13164486       5.53230522    -646.59933964   690.319978 12278.580313
  204.000000    -651.91886424       6.16864726    -645.75021699   769.722615 12284.545117
  204.100000    -651.56968776       6.43056669    -645.13912107   802.404871 12290.529540
  204.200000    -651.38945423       6.65030589    -644.73914834   829.823886 12296.563337
  204.300000    -651.02982859       5.52314919    -645.50667940   689.177491 12302.536103
  204.400000    -650.63783850       5.23933033    -645.39850817   653.762628 12308.525929
  204.500000    -651.79030358       5.83488213    -645.95542145   728.075467 12314.546491
  204.600000    -652.47234826       6.01285081    -646.45949745   750.282364 12320.553179
  204.700000    -651.94780744       5.55215058    -646.39565686   692.796278 12326.544291
  204.800000    -653.33469210       6.29933893    -647.03535317   786.030297 12332.577324
  204.900000    -652.42646575       5.69038233    -646.73608342   710.044810 12338.538097
  205.000000    -652.21589309       5.37140670    -646.84448639   670.243092 12344.587678
  205.100000    -652.16990396       4.86001759    -647.30988637   606.432057 12350.551212
  205.200000    -652.30423861       5.17637933    -647.12785928   645.907614 12356.568350
  205.300000    -652.69026311       5.12579038    -647.56447273   639.595134 12362.581897
  205.400000    -652.05386357       4.47441638    -647.57944718   558.316813 12368.564656
  205.500000    -652.32169941       5.43291483    -646.88878458   677.918064 12374.546106
  205.600000    -651.61193941       5.49433671    -646.11760270   685.582275 12380.552272
  205.700000    -652.01680605       5.54815860    -646.46864745   692.298160 12386.544006
  205.800000    -650.63210955       5.96669259    -644.66541696   744.522750 12392.535063
  205.900000    -650.71724784       6.76983560    -643.94741224   844.738780 12398.542798
  206.000000    -651.50003049       6.41566350    -645.08436699   800.545254 12404.498632
  206.100000    -651.27865601       5.54891641    -645.72973960   692.392719 12410.505076
  206.200000    -651.49542142       5.58720112    -645.90822030   697.169878 12416.450872
  206.300000    -651.84590911       5.75091554    -646.09499358   717.598132 12422.472206
  206.400000    -651.28392425       5.86508961    -645.41883464   731.844750 12428.474788
  206.500000    -652.00438594       6.01917152    -645.98521442   751.071061 12434.441631
  206.600000    -652.43643049       5.96051157    -646.47591892   743.751484 12440.429957
  206.700000    -652.11945515       5.88840025    -646.23105490   734.753448 12446.471146
  206.800000    -652.89158179       5.36758197    -647.52399982   669.765843 12452.414317
  206.900000    -653.28203218       5.62038454    -647.66164765   701.310498 12458.383225
  207.000000    -651.77978432       5.48647116    -646.29331316   684.600813 12464.406685
  207.100000    -653.07213827       6.68682850    -646.38530977   834.381170 12470.383542
  207.200000    -651.60792334       5.10637929    -646.50154405   637.173023 12476.376393
  207.300000    -652.54843349       6.63957620    -645.90885729   828.485038 12482.409385
  207.400000    -652.79086342       6.14858285    -646.64228057   767.218982 12488.375854
  207.500000    -652.48870559       5.23205611    -647.25664948   652.854952 12494.386924
  207.600000    -652.73020503       6.27685226    -646.45335277   783.224414 12500.320950
  207.700000    -652.21881680       5.27042285    -646.94839395   657.642347 12506.314690
  207.800000    -652.53870545       4.89916838    -647.63953707   611.317285 12512.360226
  207.900000    -652.76169192       5.22924721    -647.53244472   652.504458 12518.328985
  208.000000    -653.37307090       4.78270098    -648.59036992   596.784505 12524.283487
  208.100000    -653.19518065       5.02549108    -648.16968957   627.079808 12530.327576
  208.200000    -652.76527799       5.24299523    -647.52228277   654.219933 12536.306180
  208.300000    -652.59312544       6.41940613    -646.17371931   801.012259 12542.291161
  208.400000    -651.47424612       5.84413814    -645.63010798   729.230429 12548.269858
  208.500000    -651.64077779       5.70975514    -645.93102266   712.462144 12554.218714
  208.600000    -653.01698938       6.03829419    -646.97869519   753.457184 12560.244313
  208.700000    -652.29041020       6.13912156    -646.15128863   766.038404 12566.209025
  208.800000    -650.82402615       5.16011842    -645.66390773   643.878581 12572.180250
  208.900000    -651.38963001       5.65678165    -645.73284836   705.852123 12578.183032
  209.000000    -651.60883513       5.86026259    -645.74857254   731.242436 12584.178906
  209.100000    -651.76849267       6.20407845    -645.56441422   774.143712 12590.134509
  209.200000    -652.24198601       5.79377718    -646.44820884   722.946398 12596.163908
  209.300000    -652.61975561       5.58153556    -647.03822005   696.462931 12602.150534
  209.400000    -652.99138064       4.98642477    -648.00495587   622.205121 12608.119848
  209.500000    -652.60743760       5.37019762    -647.23723998   670.092223 12614.091445
  209.600000    -652.72714759       4.79082960    -647.93631799   597.798794 12620.051461
  209.700000    -653.90266830       5.66253347    -648.24013483   706.569835 12626.092008
  209.800000    -652.57082491       5.12328126    -647.44754365   639.282047 12632.037454
  209.900000    -653.60583292       5.43530711    -648.17052581   678.216573 12638.016424
  210.000000    -653.48830932       6.17268024    -647.31562908   770.225850 12644.038367
  210.100000    -652.12586970       5.35327569    -646.77259401   667.980708 12650.010004
  210.200000    -652.32890908       5.42659664    -646.90231245   677.129682 12655.999064
  210.300000    -653.25343474       5.13685805    -648.11657669   640.976157 12662.017668
  210.400000    -653.11789392       4.47196547    -648.64592845   558.010988 12667.986152
  210.500000    -653.20972098       5.17210179    -648.03761919   645.373863 12673.958819
  210.600000    -652.77992921       4.92877944    -647.85114977   615.012148 12679.983424
  210.700000    -653.01577672       5.78570086    -647.23007585   721.938637 12685.955780
  210.800000    -652.62096172       5.65759730    -646.96336443   705.953899 12691.949499
  210.900000    -652.39042741       5.40653908    -646.98388834   674.626903 12697.915472
  211.000000    -652.97913856       5.19453017    -647.78460839   648.172473 12703.887868
  211.100000    -653.40548953       5.42888831    -647.97660122   677.415636 12709.917075
  211.200000    -653.36259143       4.98185528    -648.38073615   621.634940 12715.850403
  211.300000    -653.10146217       4.73539440    -648.36606776   590.881600 12721.860571
  211.400000    -653.22702816       5.09628974    -648.13073842   635.914051 12727.872830
  211.500000    -653.14271733       4.82260269    -648.32011465   601.763433 12733.851846
  211.600000    -652.95508308       4.31313664    -648.64194644   538.192358 12739.837159
  211.700000    -652.75010528       5.87523677    -646.87486851   733.110911 12745.825940
  211.800000    -653.90048813       6.05768641    -647.84280173   755.876941 12751.823527
  211.900000    -652.47886360       4.76949866    -647.70936494   595.137123 12757.807777
  212.000000    -651.72548238       5.67671384    -646.04876854   708.339258 12763.826014
  212.100000    -651.86854463       5.43022828    -646.43831634   677.582838 12769.802759
  212.200000    -652.77763074       5.98857166    -646.78905908   747.252817 12775.777472
  212.300000    -653.10422154       5.54365906    -647.56056248   691.736708 12781.747892
  212.400000    -653.39349866       5.34100074    -648.05249793   666.449042 12787.702789
  212.500000    -652.90913760       5.10939882    -647.79973878   637.549799 12793.707365
  212.600000    -652.09364189       5.84159540    -646.25204649   728.913147 12799.691958
  212.700000    -652.10536443       6.08047810    -646.02488632   758.720885 12805.684345
  212.800000    -652.05531805       5.24588806    -646.80942999   654.580901 12811.677693
  212.900000    -652.94577712       6.06428354    -646.88149358   756.700130 12817.686403
  213.000000    -652.44408552       5.77654949    -646.66753604   720.796731 12823.640524
  213.100000    -652.08985943       5.58658284    -646.50327658   697.092730 12829.691444
  213.200000    -653.02617061       5.20529183    -647.82087878   649.515311 12835.713439
  213.300000    -653.24152126       5.32509726    -647.91642400   664.464609 12841.693021
  213.400000    -653.27925793       5.76666736    -647.51259057   719.563641 12847.651880
  213.500000    -652.92528862       5.59722335    -647.32806526   698.420450 12853.638686
  213.600000    -652.98991807       5.78265509    -647.20726298   721.558587 12859.721903
  213.700000    -651.87180861       4.75986662    -647.11194199   593.935239 12865.693415
  213.800000    -652.21976262       5.31045071    -646.90931191   662.637016 12871.711653
  213.900000    -653.66418901       6.67850183    -646.98568718   833.342171 12877.806789
  214.000000    -652.09953156       4.90963566    -647.18989589   612.623391 12883.799110
  214.100000    -653.06141139       6.04917217    -647.01223921   754.814537 12889.809688
  214.200000    -653.47007144       5.76964231    -647.70042913   719.934854 12895.864692
  214.300000    -653.30494827       5.20421568    -648.10073260   649.381028 12901.878248
  214.400000    -652.71511065       5.07886373    -647.63624692   633.739636 12907.891532
  214.500000    -652.63530812       5.49560234    -647.13970577   685.740200 12913.889063
  214.600000    -653.11135224       5.05700020    -648.05435204   631.011509 12919.886221
  214.700000    -652.86295825       4.60802622    -648.25493203   574.988623 12925.977579
  214.800000    -652.62510339       4.53914560    -648.08595779   566.393712 12931.982125
  214.900000    -652.35122655       5.05643586    -647.29479069   630.941091 12937.972154
  215.000000    -652.89751277       5.73581060    -647.16170217   715.713340 12944.008109
  215.100000    -652.32968994       6.34174693    -645.98794301   791.321959 12950.018256
  215.200000    -652.34752334       7.21942454    -645.12809880   900.838401 12956.030524
  215.300000    -651.35456939       5.51522935    -645.83934004   688.189254 12962.057522
  215.400000    -651.58411470       5.44715150    -646.13696320   679.694513 12968.102474
  215.500000    -652.24614765       7.47094283    -644.77520481   932.222806 12974.095198
  215.600000    -651.30618507       5.76672181    -645.53946326   719.570436 12980.151140
  215.700000    -652.64486168       6.15064576    -646.49421592   767.476391 12986.152248
  215.800000    -652.24463431       6.19356697    -646.05106734   772.832091 12992.125941
  215.900000    -652.09492280       5.50461546    -646.59030733   686.864856 12998.120777
  216.000000    -651.31403962       5.30681655    -646.00722306   662.183546 13004.074949
  216.100000    -651.25509169       6.35373520    -644.90135649   792.817853 13010.076397
  216.200000    -651.76105578       5.34385588    -646.41719990   666.805306 13016.069154
  216.300000    -652.78962177       6.37226776    -646.41735401   795.130342 13022.072507
  216.400000    -652.34495281       6.15671823    -646.18823458   768.234113 13028.114428
  216.500000    -651.49400520       6.42910876    -645.06489645   802.222950 13034.068724
  216.600000    -651.02846746       5.20274522    -645.82572223   649.197545 13040.030968
  216.700000    -651.60245804       5.08909189    -646.51336614   635.015905 13046.081039
  216.800000    -652.05410237       6.92145032    -645.13265206   863.657235 13052.054095
  216.900000    -651.96291988       5.47166125    -646.49125864   682.752835 13058.004155
  217.000000    -652.95147507       5.79911040    -647.15236467   723.611877 13064.008584
  217.100000    -652.11703015       5.47024978    -646.64678037   682.576712 13070.019763
  217.200000    -652.17318171       5.50452540    -646.66865632   686.853617 13076.097082
  217.300000    -652.29519995       5.80348192    -646.49171803   724.157354 13082.085047
  217.400000    -652.10821433       5.36365681    -646.74455752   669.276063 13088.110400
  217.500000    -652.33736378       5.72625226    -646.61111152   714.520653 13094.208483
  217.600000    -651.48069364       4.51199524    -646.96869841   563.005895 13100.193060
  217.700000    -651.82072235       6.10853147    -645.71219088   762.221379 13106.197957
  217.800000    -652.58462913       6.74687395    -645.83775519   841.873629 13112.252290
  217.900000    -651.84137327       5.56897283    -646.27240045   694.895355 13118.266301
  218.000000    -652.36527574       6.35932069    -646.00595505   793.514810 13124.280719
  218.100000    -652.52334131       6.55412108    -645.96922023   817.821964 13130.340856
  218.200000    -652.79351043       6.14580229    -646.64770815   766.872024 13136.343402
  218.300000    -652.07504585       6.23629417    -645.83875168   778.163584 13142.392658
  218.400000    -651.25519682       5.84246252    -645.41273430   729.021346 13148.367759
  218.500000    -652.27357566       7.29323141    -644.98034425   910.048008 13154.387417
  218.600000    -652.06940741       6.53710904    -645.53229837   815.699205 13160.441540
  218.700000    -651.71776445       6.18625377    -645.53151068   771.919552 13166.469850
  218.800000    -650.78743131       5.50382390    -645.28360741   686.766084 13172.457039
  218.900000    -651.03584735       5.82905457    -645.20679278   727.348305 13178.530349
  219.000000    -651.99157844       5.81516980    -646.17640864   725.615766 13184.542634
  219.100000    -651.38552737       5.65608551    -645.72944185   705.765259 13190.561146
  219.200000    -652.32321353       5.40403290    -646.91918064   674.314182 13196.566944
  219.300000    -651.80282786       5.60117046    -646.20165740   698.912969 13202.561654
  219.400000    -652.69472438       6.27132394    -646.42340044   782.534591 13208.616945
  219.500000    -651.06902455       5.23397677    -645.83504778   653.094611 13214.608113
  219.600000    -651.82980224       5.44096374    -646.38883850   678.922405 13220.627321
  219.700000    -652.86075172       5.92394337    -646.93680835   739.188511 13226.687515
  219.800000    -651.61336168       6.10741086    -645.50595083   762.081548 13232.684292
  219.900000    -650.76405751       5.48301007    -645.28104744   684.168939 13238.705629
  220.000000    -651.06752655       5.67197427    -645.39555228   707.747855 13244.730397
  220.100000    -651.71550126       6.20225957    -645.51324169   773.916753 13250.746511
  220.200000    -652.08857594       5.16835729    -646.92021865   644.906626 13256.757035
  220.300000    -651.56382500       4.06274148    -647.50108352   506.948099 13262.758006
  220.400000    -652.55150572       5.12533863    -647.42616709   639.538766 13268.740384
  220.500000    -652.32635372       4.84567070    -647.48068302   604.641855 13274.797620
  220.600000    -652.38610129       4.75657708    -647.62952422   593.524770 13280.834881
  220.700000    -653.42963334       5.60189046    -647.82774289   699.002810 13286.826797
  220.800000    -651.42848627       4.76709342    -646.66139285   594.836997 13292.871645
  220.900000    -652.35580664       6.38567578    -645.97013086   796.803392 13298.881640
  221.000000    -651.67162257       6.11945441    -645.55216816   763.584340 13304.907426
  221.100000    -651.57012864       6.02882963    -645.54129900   752.276199 13310.940164
  221.200000    -651.22954805       4.63543705    -646.59411099   578.408941 13316.983625
  221.300000    -652.15399734       6.59775900    -645.55623835   823.267095 13322.984399
  221.400000    -651.52187294       6.17312295    -645.34874999   770.281091 13329.030261
  221.500000    -651.71955252       6.77859890    -644.94095362   845.832263 13335.020826
  221.600000    -651.54145509       5.35499358    -646.18646151   668.195066 13341.040340
  221.700000    -651.54811143       5.59656658    -645.95154486   698.338498 13348.052236
  221.800000    -652.13499045       5.72810138    -646.40688907   714.751385 13354.078369
  221.900000    -651.45728501       6.21590302    -645.24138198   775.619180 13360.142439
  222.000000    -651.77201828       5.12147979    -646.65053849   639.057261 13366.139437
  222.100000    -652.73432336       5.70049953    -647.03382382   711.307232 13372.147383
  222.200000    -653.36760476       5.99497572    -647.37262903   748.051914 13378.229820
  222.300000    -652.72094241       6.22168497    -646.49925745   776.340650 13384.236559
  222.400000    -652.75723953       5.38406598    -647.37317355   671.822714 13390.225898
  222.500000    -652.36569746       4.37723135    -647.98846611   546.190083 13396.230365
  222.600000    -652.61333741       5.01466204    -647.59867537   625.728562 13402.224056
  222.700000    -652.90445626       5.63640546    -647.26805080   703.309586 13408.295300
  222.800000    -652.31774353       5.60588623    -646.71185729   699.501403 13414.221665
  222.900000    -651.81668876       5.32489511    -646.49179365   664.439384 13420.212061
  223.000000    -651.71776433       6.53280325    -645.18496108   815.161929 13426.256598
  223.100000    -652.24019394       6.45378797    -645.78640597   805.302418 13432.214479
  223.200000    -651.54018319       5.63667914    -645.90350405   703.343736 13438.181792
  223.300000    -650.01343109       4.85898042    -645.15445068   606.302639 13444.197069
  223.400000    -652.71181596       6.36852360    -646.34329236   794.663146 13450.174423
  223.500000    -650.63254141       5.07500147    -645.55753994   633.257704 13456.174956
  223.600000    -650.99718766       5.72115226    -645.27603540   713.884276 13462.137537
  223.700000    -651.99211840       6.60965932    -645.38245907   824.752015 13468.115489
  223.800000    -652.15688172       5.60483762    -646.55204410   699.370558 13474.180696
  223.900000    -651.87230070       5.15076053    -646.72154017   642.710906 13480.180488
  224.000000    -650.89208052       5.36134147    -645.53073906   668.987154 13486.199187
  224.100000    -650.98883578       5.50052380    -645.48831198   686.354299 13492.252825
  224.200000    -652.10349200       4.62163068    -647.48186132   576.686184 13498.249036
  224.300000    -651.46753234       5.42437451    -646.04315783   676.852404 13504.277466
  224.400000    -651.89160789       5.16854555    -646.72306234   644.930116 13510.314926
  224.500000    -652.38644997       5.84413932    -646.54231065   729.230577 13516.328172
  224.600000    -651.55505508       4.99978757    -646.55526751   623.872529 13522.335845
  224.700000    -652.00559476       6.14810486    -645.85748990   767.159339 13528.383428
  224.800000    -650.88047150       5.83235543    -645.04811606   727.760186 13534.372391
  224.900000    -652.53696269       6.25404029    -646.28292239   780.377942 13540.401201
  225.000000    -651.78516974       5.02955540    -646.75561434   627.586953 13546.403246
  225.100000    -652.83211436       4.47952854    -648.35258583   558.954707 13552.443758
  225.200000    -651.56646124       4.91743787    -646.64902337   613.596949 13558.482671
  225.300000    -652.06475694       5.37026003    -646.69449691   670.100011 13564.484494
  225.400000    -652.64870637       5.39205629    -647.25665009   672.819744 13570.495696
  225.500000    -652.08124463       5.23836943    -646.84287520   653.642726 13576.547607
  225.600000    -652.20540681       6.37654069    -645.82886611   795.663518 13582.547758
  225.700000    -652.41656873       6.26900105    -646.14756768   782.244742 13588.566517
  225.800000    -652.50429126       6.89493477    -645.60935649   860.348630 13594.659157
  225.900000    -652.55093922       6.23324718    -646.31769204   777.783381 13600.669932
  226.000000    -652.64784310       5.56802973    -647.07981337   694.777675 13606.659029
  226.100000    -652.66078008       5.45595259    -647.20482748   680.792712 13612.666018
  226.200000    -653.04243625       5.97055845    -647.07187779   745.005132 13618.678328
  226.300000    -652.85994997       5.92229438    -646.93765559   738.982751 13624.749600
  226.400000    -652.84874635       5.76683868    -647.08190767   719.585018 13630.727166
  226.500000    -653.03408205       6.12886866    -646.90521339   764.759049 13636.744576
  226.600000    -653.50536618       6.54841551    -646.95695067   817.110024 13642.811026
  226.700000    -652.32583025       5.46006161    -646.86576863   681.305435 13648.802661
  226.800000    -652.96190912       5.04718651    -647.91472261   629.786959 13654.803467
  226.900000    -653.21081248       6.02074935    -647.19006312   751.267943 13660.849186
  227.000000    -652.94171573       5.72041108    -647.22130465   713.791791 13666.845528
  227.100000    -652.72638637       5.75629510    -646.97009127   718.269392 13672.869498
  227.200000    -653.63818589       5.86513618    -647.77304971   731.850561 13678.860874
  227.300000    -652.81132115       5.15034903    -647.66097212   642.659558 13684.892128
  227.400000    -654.14348123       6.18660352    -647.95687771   771.963194 13690.944872
  227.500000    -654.42901544       5.57600225    -648.85301318   695.772485 13696.935874
  227.600000    -652.25234186       5.27981399    -646.97252787   658.814171 13702.952178
  227.700000    -653.13831553       5.25009871    -647.88821682   655.106305 13708.979818
  227.800000    -653.46598968       6.44347895    -647.02251073   804.016061 13715.004743
  227.900000    -652.94117075       6.48132859    -646.45984217   808.738931 13720.997050
  228.000000    -652.42291986       5.20153758    -647.22138228   649.046856 13727.047626
  228.100000    -652.43869739       5.70296496    -646.73573243   711.614868 13733.053510
  228.200000    -652.24353338       6.09095439    -646.15257899   760.028114 13739.069988
  228.300000    -652.00671797       6.06175359    -645.94496439   756.384443 13745.071629
  228.400000    -652.25191545       7.72165832    -644.53025714   963.507036 13751.075940
  228.500000    -652.40042009       6.72785384    -645.67256625   839.500305 13757.133100
  228.600000    -651.54208597       6.13098498    -645.41110099   765.023123 13763.129875
  228.700000    -652.41409397       5.34847321    -647.06562076   667.381456 13769.142096
  228.800000    -652.08328109       6.00151100    -646.08177008   748.867385 13775.168880
  228.900000    -651.86139418       5.95110389    -645.91029029   742.577596 13781.182575
  229.000000    -652.28790260       5.11339579    -647.17450681   638.048540 13787.126623
  229.100000    -651.91186050       5.27206864    -646.63979187   657.847707 13793.176969
  229.200000    -652.67827874       5.93775695    -646.74052178   740.912167 13799.152889
  229.300000    -652.36782274       5.07704271    -647.29078002   633.512410 13805.102731
  229.400000    -652.15909292       5.53732112    -646.62177180   690.945861 13811.070567
  229.500000    -652.20683248       6.28592350    -645.92090897   784.356322 13817.063081
  229.600000    -652.05420553       5.79738202    -646.25682352   723.396210 13823.107830
  229.700000    -651.98113712       5.37383243    -646.60730469   670.545774 13829.056937
  229.800000    -652.14740303       4.76384828    -647.38355475   594.432069 13835.061934
  229.900000    -652.75344369       5.75934017    -646.99410353   718.649355 13841.099620
  230.000000    -652.07207973       5.24338049    -646.82869924   654.268006 13847.071480
  230.100000    -651.30646308       6.19706237    -645.10940071   773.268247 13853.038980
  230.200000    -651.29107603       6.02608441    -645.26499161   751.933651 13859.060401
  230.300000    -650.62011493       6.28149816    -644.33861677   783.804128 13865.028227
  230.400000    -651.69520379       6.35540339    -645.33980040   793.026009 13871.038393
  230.500000    -651.73314217       6.50266100    -645.23048118   811.400785 13877.016990
  230.600000    -652.04351853       5.96854296    -646.07497557   744.753640 13882.983088
  230.700000    -652.29512728       5.84869631    -646.44643096   729.799198 13888.994983
  230.800000    -652.16081955       6.50461883    -645.65620072   811.645083 13894.975005
  230.900000    -652.17944696       5.89531970    -646.28412726   735.616855 13900.963436
  231.000000    -652.01916216       5.25241741    -646.76674475   655.395631 13907.001118
  231.100000    -652.18160161       5.18192482    -646.99967679   646.599579 13912.968266
  231.200000    -652.45346918       5.53558051    -646.91788868   690.728668 13918.952850
  231.300000    -653.34122618       5.26868566    -648.07254052   657.425580 13924.978421
  231.400000    -652.51453362       5.46879446    -647.04573916   682.395118 13930.951947
  231.500000    -653.17782363       5.26323351    -647.91459011   656.745262 13936.919772
  231.600000    -652.63507984       6.14493289    -646.49014695   766.763541 13942.928410
  231.700000    -651.92960436       6.23229152    -645.69731284   777.664133 13948.893337
  231.800000    -652.06419962       6.45564429    -645.60855532   805.534049 13954.884210
  231.900000    -651.21318287       4.64922821    -646.56395466   580.129799 13960.837204
  232.000000    -652.42494273       5.75146775    -646.67347498   717.667037 13966.817737
  232.100000    -651.21455516       5.38949133    -645.82506384   672.499688 13972.855945
  232.200000    -651.59291579       4.80341660    -646.78949919   599.369396 13978.812213
  232.300000    -650.88590464       5.11673563    -645.76916901   638.465286 13984.779233
  232.400000    -652.52456918       5.47018281    -647.05438637   682.568356 13990.838507
  232.500000    -652.80937512       4.93207901    -647.87729611   615.423867 13996.814941
  232.600000    -653.07056457       6.23754375    -646.83302082   778.319505 14002.765700
  232.700000    -652.17818386       5.55184194    -646.62634192   692.757766 14008.744912
  232.800000    -652.03038944       5.71016697    -646.32022246   712.513534 14014.735096
  232.900000    -651.94191164       4.65970938    -647.28220225   581.437638 14020.758126
  233.000000    -652.87030952       5.67595192    -647.19435760   708.244185 14026.697654
  233.100000    -653.17263689       6.04631980    -647.12631709   754.458618 14032.685549
  233.200000    -652.81678875       6.95455071    -645.86223804   867.787496 14038.718815
  233.300000    -651.23857786       5.20549754    -646.03308032   649.540979 14044.671522
  233.400000    -652.95967776       6.40447967    -646.55519808   799.149738 14050.645828
  233.500000    -651.96425548       5.76556155    -646.19869393   719.425658 14056.673806
  233.600000    -650.98304346       4.78971594    -646.19332752   597.659831 14062.638122
  233.700000    -651.93075793       5.73171509    -646.19904284   715.202303 14068.631116
  233.800000    -652.02639276       6.32668388    -645.69970888   789.442395 14074.606667
  233.900000    -651.32779651       5.25313691    -646.07465960   655.485411 14080.592617
  234.000000    -652.26128951       5.63862788    -646.62266162   703.586899 14086.638102
  234.100000    -651.62922393       4.68980230    -646.93942163   585.192626 14092.576969
  234.200000    -651.59814968       5.27369232    -646.32445737   658.050310 14098.566389
  234.300000    -652.44328792       5.76930174    -646.67398619   719.892358 14104.614006
  234.400000    -652.64688880       6.09488465    -646.55200414   760.518531 14110.574371
  234.500000    -652.39261388       5.47659419    -646.91601970   683.368366 14116.536498
  234.600000    -653.13187618       6.72991557    -646.40196061   839.757567 14122.583949
  234.700000    -652.94485875       5.53611435    -647.40874440   690.795281 14128.570594
  234.800000    -653.76125466       5.37575827    -648.38549638   670.786080 14134.524584
  234.900000    -652.50049899       5.09472207    -647.40577693   635.718437 14140.505688
  235.000000    -652.47947688       5.26066263    -647.21881426   656.424468 14146.467025
  235.100000    -652.21547559       5.50754497    -646.70793062   687.230399 14152.487656
  235.200000    -652.07982589       5.61975974    -646.46006615   701.232536 14158.464666
  235.300000    -652.28232102       5.78879228    -646.49352874   722.324384 14164.449073
  235.400000    -652.14010538       5.68601824    -646.45408714   709.500259 14170.484799
  235.500000    -651.32666232       5.34805787    -645.97860446   667.329629 14176.445927
  235.600000    -652.65174833       5.57630614    -647.07544219   695.810404 14182.427130
  235.700000    -652.14455459       5.29251835    -646.85203623   660.399419 14188.451054
  235.800000    -651.25353064       5.04429019    -646.20924045   629.425557 14194.423745
  235.900000    -651.91741166       5.14492201    -646.77248965   641.982376 14200.432865
  236.000000    -651.62615715       5.13067127    -646.49548588   640.204171 14206.401515
  236.100000    -652.23749147       5.41701209    -646.82047938   675.933723 14212.359968
  236.200000    -652.35974223       5.47549310    -646.88424913   683.230973 14218.414938
  236.300000    -651.94120372       4.98572050    -646.95548322   622.117242 14224.347369
  236.400000    -652.08395022       5.65859974    -646.42535048   706.078984 14230.334216
  236.500000    -652.28547492       6.02866936    -646.25680555   752.256200 14236.397377
  236.600000    -651.83071355       4.93148854    -646.89922501   615.350189 14242.359933
  236.700000    -651.52987015       5.59504844    -645.93482172   698.149065 14248.339569
  236.800000    -651.58976362       4.65498520    -646.93477842   580.848155 14254.359391
  236.900000    -652.90717891       5.87669274    -647.03048617   733.292586 14260.337494
  237.000000    -653.05572307       5.91640194    -647.13932113   738.247492 14266.319844
  237.100000    -651.66955282       5.19077163    -646.47878119   647.703483 14272.293200
  237.200000    -651.25376916       6.04044404    -645.21332512   753.725442 14278.257522
  237.300000    -650.56721571       5.92483789    -644.64237782   739.300130 14284.302449
  237.400000    -651.41727410       6.49633879    -644.92093531   810.611901 14290.230797
  237.500000    -652.43979667       5.44220254    -646.99759414   679.076983 14296.227353
  237.600000    -651.55605139       5.74939289    -645.80665850   717.408135 14302.262317
  237.700000    -651.23399228       4.87610701    -646.35788527   608.439692 14308.231387
  237.800000    -650.64542030       4.57887018    -646.06655012   571.350538 14314.225011
  237.900000    -652.53761845       5.54224874    -646.99536972   691.560728 14320.227046
  238.000000    -652.57817373       6.11352350    -646.46465023   762.844283 14326.212199
  238.100000    -652.62220256       6.15435443    -646.46784813   767.939158 14332.203761
  238.200000    -652.48285953       6.13163215    -646.35122737   765.103877 14338.231453
  238.300000    -651.77193586       6.51736611    -645.25456975   813.235686 14344.206200
  238.400000    -651.10797294       6.27516557    -644.83280737   783.013949 14350.212080
  238.500000    -651.99080748       6.94655332    -645.04425416   866.789583 14356.149484
  238.600000    -651.89296448       6.05034482    -645.84261966   754.960859 14362.142563
  238.700000    -651.92080747       5.75992356    -646.16088391   718.722150 14368.177387
  238.800000    -651.82903630       6.38934002    -645.43969628   797.260615 14374.147973
  238.900000    -650.98063607       5.88521026    -645.09542581   734.355401 14380.129572
  239.000000    -651.27416329       5.80534682    -645.46881648   724.390056 14386.135458
  239.100000    -651.85637311       5.48453034    -646.37184277   684.358638 14392.120010
  239.200000    -651.70634853       6.01395243    -645.69239610   750.419824 14398.112943
  239.300000    -651.66501253       5.06434605    -646.60066648   631.928123 14404.087399
  239.400000    -652.33525962       5.18790540    -647.14735422   647.345835 14410.050669
  239.500000    -652.18940514       5.44873494    -646.74067020   679.892094 14416.096012
  239.600000    -651.93002736       5.71716131    -646.21286605   713.386285 14422.029474
  239.700000    -651.50919929       6.41750800    -645.09169129   800.775411 14428.051731
  239.800000    -650.73587727       4.70013877    -646.03573849   586.482410 14434.060195
  239.900000    -651.55921339       5.72078122    -645.83843217   713.837978 14440.039680
  240.000000    -652.27872564       6.00541361    -646.27331203   749.354352 14446.029753
  240.100000    -651.16798892       5.22623222    -645.94175670   652.128248 14452.038804
  240.200000    -651.36896218       5.32482711    -646.04413507   664.430900 14458.020921
  240.300000    -651.68628156       6.84768879    -644.83859277   854.453286 14464.005589
  240.400000    -651.60511293       5.69062964    -645.91448330   710.075668 14470.040068
  240.500000    -651.72846591       5.64021046    -646.08825544   703.784373 14476.017745
  240.600000    -651.55306581       6.27315137    -645.27991444   782.762618 14482.004434
  240.700000    -651.93581137       5.57331521    -646.36249616   695.437197 14487.934968
  240.800000    -652.11971970       5.08432243    -647.03539726   634.420773 14493.951667
  240.900000    -652.62679007       5.80987145    -646.81691862   724.954639 14499.944724
  241.000000    -652.55588629       5.46996670    -647.08591959   682.541390 14505.910666
  241.100000    -652.46728605       4.81295678    -647.65432927   600.559819 14511.891457
  241.200000    -652.41634093       5.24746113    -647.16887981   654.777187 14517.928833
  241.300000    -652.24672731       5.04799633    -647.19873098   629.888008 14523.883375
  241.400000    -651.08116485       5.36365134    -645.71751351   669.275380 14529.837333
  241.500000    -653.15685159       6.44347201    -646.71337958   804.015194 14535.855166
  241.600000    -651.14449251       4.98555856    -646.15893394   622.097036 14541.825667
  241.700000    -652.04183136       5.50581887    -646.53601248   687.015017 14547.813156
  241.800000    -651.94313093       5.12756928    -646.81556165   639.817106 14553.774769
  241.900000    -652.36216661       6.19799475    -646.16417186   773.384589 14559.796415
  242.000000    -650.82685787       5.21689278    -645.60996509   650.962875 14565.810729
  242.100000    -651.16024476       6.18438169    -644.97586307   771.685954 14571.783688
  242.200000    -651.18600742       6.14548777    -645.04051965   766.832779 14577.770191
  242.300000    -652.11823784       6.71575537    -645.40248247   837.990660 14583.810158
  242.400000    -651.42497710       5.57280137    -645.85217573   695.373080 14589.794296
  242.500000    -651.44800332       5.73810906    -645.70989427   716.000141 14595.749282
  242.600000    -651.24692436       6.57649133    -644.67043303   820.613320 14601.792301
  242.700000    -650.70056487       6.43823447    -644.26233040   803.361655 14607.772728
  242.800000    -651.46370770       6.75833815    -644.70536955   843.304131 14613.710653
  242.900000    -652.39906336       6.30052283    -646.09854053   786.178023 14619.728106
  243.000000    -651.72218091       4.32294304    -647.39923787   539.415999 14625.687215
  243.100000    -653.33705013       6.53728266    -646.79976747   815.720869 14631.693536
  243.200000    -652.50896582       5.13818477    -647.37078105   641.141704 14637.692170
  243.300000    -653.30312797       5.32132665    -647.98180132   663.994113 14643.702938
  243.400000    -652.25783000       5.01140004    -647.24642996   625.321530 14649.717514
  243.500000    -652.09463648       5.10894809    -646.98568839   637.493558 14655.717628
  243.600000    -652.45958092       6.16718294    -646.29239799   769.539897 14661.667080
  243.700000    -651.64942492       5.51873597    -646.13068895   688.626810 14667.716502
  243.800000    -650.53876266       5.11040880    -645.42835386   637.675824 14673.685061
  243.900000    -651.70718475       6.15030726    -645.55687749   767.434153 14679.640920
  244.000000    -651.87183771       5.62354328    -646.24829443   701.704646 14685.609626
  244.100000    -652.97011148       5.99241357    -646.97769791   747.732209 14691.566839
  244.200000    -651.87875901       5.52035940    -646.35839961   688.829381 14697.578530
  244.300000    -651.06597216       5.73987783    -645.32609433   716.220848 14703.562205
  244.400000    -651.51359411       5.54430198    -645.96929213   691.816932 14709.590131
  244.500000    -650.42391842       5.47290658    -644.95101184   682.908228 14715.657942
  244.600000    -651.61885024       5.52345406    -646.09539619   689.215532 14721.670923
  244.700000    -651.54672039       5.55754021    -645.98918019   693.468795 14727.650412
  244.800000    -651.17875598       5.66828301    -645.51047296   707.287261 14733.715384
  244.900000    -651.17888105       5.46515537    -645.71372568   681.941033 14739.727614
  245.000000    -651.28442181       5.74865302    -645.53576879   717.315815 14745.735281
  245.100000    -651.79121444       5.46219019    -646.32902425   681.571038 14751.741328
  245.200000    -650.71655461       5.12380630    -645.59274831   639.347562 14757.735975
  245.300000    -651.04585794       4.82440770    -646.22145024   601.988662 14763.788597
  245.400000    -651.36074230       4.96577282    -646.39496948   619.628174 14769.797494
  245.500000    -651.47240345       3.96956876    -647.50283469   495.322024 14775.801406
  245.600000    -652.76947523       5.10557956    -647.66389567   637.073233 14781.870423
  245.700000    -652.32259207       5.32737588    -646.99521619   664.748934 14787.866190
  245.800000    -651.65927538       5.94277432    -645.71650106   741.538233 14793.860611
  245.900000    -651.41231007       5.87948417    -645.53282590   733.640901 14799.934485
  246.000000    -650.62213051       5.75028801    -644.87184250   717.519829 14805.948096
  246.100000    -650.50407900       5.83250481    -644.67157420   727.778825 14811.944101
  246.200000    -650.39207231       5.43611931    -644.95595300   678.317919 14817.953374
  246.300000    -651.19555822       5.52002823    -645.67552999   688.788057 14823.945532
  246.400000    -651.83440028       5.85963237    -645.97476791   731.163797 14830.003826
  246.500000    -651.07148394       4.73667551    -646.33480843   591.041456 14835.976525
  246.600000    -651.80986508       5.65292458    -646.15694050   705.370838 14841.974333
  246.700000    -650.55202084       4.43792646    -646.11409437   553.763608 14848.007949
  246.800000    -652.03448682       5.70406779    -646.33041903   711.752479 14853.959323
  246.900000    -652.43513771       5.37600352    -647.05913419   670.816682 14859.949828
  247.000000    -651.68787922       4.88949201    -646.79838721   610.109870 14865.936141
  247.100000    -651.83169299       5.42723598    -646.40445701   677.209459 14871.901410
  247.200000    -651.38875406       6.19827905    -645.19047501   773.420064 14877.875923
  247.300000    -651.72608654       6.22762257    -645.49846398   777.081542 14883.870317
  247.400000    -651.49230242       5.22371172    -646.26859070   651.813740 14889.831859
  247.500000    -651.73870045       5.44684697    -646.29185349   679.656514 14895.822274
  247.600000    -651.41873918       5.63011646    -645.78862272   702.524846 14901.788191
  247.700000    -651.61297394       5.87266805    -645.74030590   732.790386 14907.767776
  247.800000    -652.93549625       6.08099596    -646.85450029   758.785503 14913.827430
  247.900000    -651.84589778       4.98316736    -646.86273043   621.798661 14919.814783
  248.000000    -652.13905024       5.51029601    -646.62875423   687.573673 14925.828714
  248.100000    -652.32974821       5.18715298    -647.14259522   647.251949 14931.858683
  248.200000    -651.70453543       4.80304352    -646.90149191   599.322844 14937.878559
  248.300000    -651.76922166       5.59395863    -646.17526304   698.013078 14943.869897
  248.400000    -652.62581028       6.20596252    -646.41984776   774.378806 14949.948972
  248.500000    -652.54517561       5.76991567    -646.77525994   719.968965 14955.929053
  248.600000    -652.77989637       5.81638054    -646.96351583   725.766842 14961.849345
  248.700000    -652.85196493       5.53078576    -647.32117917   690.130381 14967.886831
  248.800000    -651.54426015       5.70797353    -645.83628662   712.239836 14973.867541
  248.900000    -652.14460238       4.98585153    -647.15875085   622.133592 14979.811228
  249.000000    -653.15367839       7.05228361    -646.10139477   879.982589 14985.832524
  249.100000    -652.32714775       5.89141121    -646.43573654   735.129154 14991.820858
  249.200000    -652.22593159       5.21905803    -647.00687356   651.233055 14997.850591
  249.300000    -651.66699063       5.45199233    -646.21499830   680.298551 15003.822099
  249.400000    -652.14655736       6.41314364    -645.73341372   800.230826 15009.829340
  249.500000    -651.57603757       5.25165355    -646.32438402   655.300316 15015.889932
  249.600000    -651.85546728       5.12496982    -646.73049745   639.492746 15021.895555
  249.700000    -651.51923871       4.87933004    -646.63990867   608.841861 15027.883400
  249.800000    -652.92804676       5.53560967    -647.39243710   690.732307 15033.933635
  249.900000    -652.62542452       6.10778127    -646.51764326   762.127768 15039.917845
  250.000000    -651.53437727       4.94093024    -646.59344704   616.528322 15045.910831
  250.100000    -650.95431172       6.04443229    -644.90987943   754.223095 15051.927007
  250.200000    -652.47963096       6.54192818    -645.93770278   816.300536 15057.890419
  250.300000    -651.78558998       5.38721573    -646.39837425   672.215739 15063.879947
  250.400000    -651.58529922       5.29999100    -646.28530822   661.331855 15069.812676
  250.500000    -652.28495281       5.08212946    -647.20282335   634.147134 15075.806439
  250.600000    -652.16909421       5.80112133    -646.36797287   723.862801 15081.826477
  250.700000    -652.51401143       5.51792399    -646.99608744   688.525491 15087.794848
  250.800000    -652.23277104       5.65364137    -646.57912967   705.460279 15093.782702
  250.900000    -651.88963132       5.39483824    -646.49479308   673.166875 15099.779230
  251.000000    -651.95853038       4.67399950    -647.28453088   583.220756 15105.750742
  251.100000    -652.16675663       5.76396075    -646.40279588   719.225911 15111.732983
  251.200000    -651.55954513       5.56171207    -645.99783307   693.989359 15117.724778
  251.300000    -651.50598037       5.33120845    -646.17477192   665.227162 15123.684125
  251.400000    -652.10120616       5.91507102    -646.18613514   738.081421 15129.680782
  251.500000    -651.62342303       5.96124318    -645.66217985   743.842774 15135.643973
  251.600000    -652.44962325       6.18864450    -646.26097875   772.217867 15141.604946
  251.700000    -652.29466719       5.04540360    -647.24926359   629.564488 15147.638474
  251.800000    -652.27409821       5.92742386    -646.34667435   739.622806 15153.575427
  251.900000    -652.18614145       5.10825049    -647.07789096   637.406511 15159.580154
  252.000000    -652.05614080       6.30413356    -645.75200724   786.628570 15165.585826
  252.100000    -651.30228451       4.61902282    -646.68326169   576.360776 15171.555747
  252.200000    -652.24290708       5.48666493    -646.75624215   684.624991 15177.540093
  252.300000    -652.26922638       4.97335911    -647.29586727   620.574790 15183.528057
  252.400000    -652.26592814       6.34603024    -645.91989790   791.856429 15189.506431
  252.500000    -652.29482465       5.15645343    -647.13837122   643.421265 15195.477897
  252.600000    -653.00023328       6.09545543    -646.90477784   760.589753 15201.492389
  252.700000    -652.33253862       5.70338214    -646.62915648   711.666923 15207.455476
  252.800000    -651.54221570       6.11923881    -645.42297689   763.557438 15213.437509
  252.900000    -651.43882633       6.54801722    -644.89080911   817.060326 15219.369390
  253.000000    -652.41766622       6.21659290    -646.20107332   775.705263 15225.386816
  253.100000    -652.06983728       6.64188652    -645.42795076   828.773318 15231.386257
  253.200000    -651.50169472       6.00870655    -645.49298818   749.765244 15237.368050
  253.300000    -652.86732939       5.51224535    -647.35508405   687.816911 15243.382005
  253.400000    -651.51047461       5.58903710    -645.92143751   697.398971 15249.416234
  253.500000    -651.52147674       5.53493688    -645.98653986   690.648356 15255.443740
  253.600000    -651.83124302       5.66528462    -646.16595840   706.913122 15261.426242
  253.700000    -652.60179251       5.14811443    -647.45367808   642.380725 15267.444765
  253.800000    -652.39759759       5.19520102    -647.20239657   648.256181 15273.432928
  253.900000    -651.98102189       5.78970817    -646.19131373   722.438668 15279.477137
  254.000000    -651.72276574       5.84698313    -645.87578261   729.585427 15285.486126
  254.100000    -652.11923814       7.02847577    -645.09076238   877.011850 15291.488172
  254.200000    -650.78703276       5.42317029    -645.36386247   676.702143 15297.537899
  254.300000    -651.88223562       6.34955716    -645.53267846   792.296518 15303.617162
  254.400000    -651.11918066       4.89319070    -646.22598995   610.571392 15309.633557
  254.500000    -651.92220060       6.44012835    -645.48207225   803.597973 15315.702844
  254.600000    -651.52828977       6.42913762    -645.09915215   802.226552 15321.679317
  254.700000    -651.17627311       5.78893194    -645.38734117   722.341811 15327.660784
  254.800000    -650.87781292       6.70837821    -644.16943471   837.070139 15333.707739
  254.900000    -650.90013291       5.43224497    -645.46788794   677.834479 15339.683674
  255.000000    -651.87990173       5.25304506    -646.62685667   655.473949 15345.642603
  255.100000    -652.87564761       6.52650619    -646.34914142   814.376184 15351.607750
  255.200000    -652.64329382       5.31496227    -647.32833155   663.199967 15357.573051
  255.300000    -652.50696706       5.38069336    -647.12627370   671.401879 15363.607627
  255.400000    -652.26362815       4.91069456    -647.35293359   612.755520 15369.534917
  255.500000    -651.52485294       4.67984894    -646.84500400   583.950648 15375.516294
  255.600000    -651.80468759       5.71902518    -646.08566241   713.618859 15381.531051
  255.700000    -651.89252772       5.53043046    -646.36209725   690.086046 15387.488235
  255.800000    -652.43372680       6.21404325    -646.21968355   775.387118 15393.472148
  255.900000    -653.58179831       6.30057226    -647.28122605   786.184191 15399.478765
  256.000000    -651.86619980       4.83204358    -647.03415622   602.941466 15405.433867
  256.100000    -652.43297695       5.57487372    -646.85810323   695.631668 15411.403066
  256.200000    -652.49332511       5.97796236    -646.51536274   745.928991 15417.417205
  256.300000    -653.52260172       6.32742534    -647.19517638   789.534914 15423.378335
  256.400000    -652.94139319       5.40655918    -647.53483401   674.629411 15429.423580
  256.500000    -653.20181242       5.61341930    -647.58839312   700.441377 15435.415072
  256.600000    -652.17811721       5.22909411    -646.94902310   652.485354 15441.375891
  256.700000    -653.01255360       5.33235650    -647.68019710   665.370416 15447.395471
  256.800000    -652.68671477       5.06001971    -647.62669506   631.388283 15453.389770
  256.900000    -651.85155724       5.94065713    -645.91090010   741.274051 15459.397230
  257.000000    -652.58103989       6.19624392    -646.38479597   773.166121 15465.463628
  257.100000    -652.06425032       6.28981276    -645.77443756   784.841623 15471.445886
  257.200000    -651.64687023       5.35182198    -646.29504825   667.799314 15477.458796
  257.300000    -652.50954031       6.22542768    -646.28411263   776.807665 15483.489534
  257.400000    -651.08857379       5.17374835    -645.91482545   645.579321 15489.497386
  257.500000    -652.12271346       5.97420263    -646.14851082   745.459852 15495.490679
  257.600000    -651.56825754       5.70064936    -645.86760818   711.325927 15501.508631
  257.700000    -651.69492394       6.16356721    -645.53135673   769.088727 15507.509138
  257.800000    -650.77513414       5.31722986    -645.45790428   663.482916 15513.476137
  257.900000    -652.20887890       6.04469736    -646.16418154   754.256171 15519.494489
  258.000000    -652.57222333       5.74532730    -646.82689603   716.900832 15525.535546
  258.100000    -651.69392757       5.55742158    -646.13650600   693.453992 15531.526383
  258.200000    -652.10388954       5.48977276    -646.61411677   685.012787 15537.539632
  258.300000    -651.46602726       6.00324470    -645.46278256   749.083716 15543.529855
  258.400000    -651.04171358       5.78102289    -645.26069069   721.354921 15549.566626
  258.500000    -650.42085697       4.89772420    -645.52313277   611.137081 15555.562068
  258.600000    -651.32717333       5.29954750    -646.02762583   661.276515 15561.578216
  258.700000    -651.76612746       4.95261176    -646.81351570   617.985940 15567.610736
  258.800000    -651.40009176       5.46277959    -645.93731216   681.644584 15573.609781
  258.900000    -652.32382704       5.85962721    -646.46419983   731.163154 15579.623140
  259.000000    -651.55611352       5.51773593    -646.03837759   688.502025 15585.650790
  259.100000    -652.07793858       5.84386158    -646.23407700   729.195921 15591.636919
  259.200000    -651.37360844       4.38493789    -646.98867055   547.151704 15597.622075
  259.300000    -652.07185109       5.94777985    -646.12407124   742.162823 15603.694892
  259.400000    -652.28256106       5.43555232    -646.84700874   678.247170 15609.695016
  259.500000    -653.07861609       6.02400387    -647.05461222   751.674041 15615.665900
  259.600000    -652.09269474       4.41347060    -647.67922414   550.712010 15621.662019
  259.700000    -653.20234264       6.13650787    -647.06583477   765.712269 15627.651372
  259.800000    -651.33570291       5.26245589    -646.07324703   656.648230 15633.722964
  259.900000    -652.60421087       6.14033840    -646.46387247   766.190240 15639.684763
  260.000000    -651.76591591       5.90255157    -645.86336433   736.519247 15645.693226
  260.100000    -651.80359971       6.79055870    -645.01304101   847.324604 15651.756516
  260.200000    -651.55499445       5.05452818    -646.50046627   630.703051 15657.746802
  260.300000    -652.25563047       4.93998021    -647.31565026   616.409778 15663.757742
  260.400000    -652.61115616       5.71173414    -646.89942202   712.709084 15669.795508
  260.500000    -652.60852950       5.42590094    -647.18262856   677.042873 15675.794078
  260.600000    -652.59827498       5.80010290    -646.79817208   723.735721 15681.797232
  260.700000    -652.69732188       6.08688501    -646.61043687   759.520337 15687.821448
  260.800000    -652.28301380       6.25826948    -646.02474432   780.905659 15693.810350
  260.900000    -651.51667949       5.62475380    -645.89192570   701.855694 15699.835289
  261.000000    -652.27030632       6.08285579    -646.18745053   759.017572 15705.814469
  261.100000    -652.09198165       6.26064626    -645.83133539   781.202233 15711.854326
  261.200000    -651.56632156       5.06680125    -646.49952031   632.234483 15717.888677
  261.300000    -652.99608463       4.94668420    -648.04940044   617.246300 15723.873970
  261.400000    -652.84957788       5.20234019    -647.64723768   649.147006 15729.886296
  261.500000    -652.90043281       5.02948467    -647.87094814   627.578127 15735.965147
  261.600000    -652.78006448       5.78449299    -646.99557149   721.787919 15741.945688
  261.700000    -652.52770210       5.29703542    -647.23066668   660.963058 15747.918658
  261.800000    -652.41303024       5.52209735    -646.89093289   689.046242 15753.915020
  261.900000    -652.81689418       6.61241247    -646.20448171   825.095552 15759.884973
  262.000000    -651.78631215       5.85145119    -645.93486097   730.142951 15765.856562
  262.100000    -651.33509859       4.32804177    -647.00705682   540.052217 15771.842149
  262.200000    -652.59306534       4.92842399    -647.66464135   614.967795 15777.802774
  262.300000    -653.28562910       5.80825712    -647.47737198   724.753203 15783.828817
  262.400000    -652.51805196       5.65735445    -646.86069751   705.923597 15789.882802
  262.500000    -653.06805646       5.06554958    -648.00250688   632.078299 15795.880036
  262.600000    -653.29529539       4.97365258    -648.32164281   620.611409 15801.919989
  262.700000    -651.81479296       4.65090381    -647.16388914   580.338881 15807.888440
  262.800000    -651.71443349       4.89018902    -646.82424447   610.196842 15813.883884
  262.900000    -652.36566256       5.69974605    -646.66591651   711.213213 15819.931905
  263.000000    -652.69041068       5.84594834    -646.84446234   729.456306 15825.945060
  263.100000    -652.40683246       3.92393203    -648.48290044   489.627481 15831.943922
  263.200000    -652.45846158       5.08740753    -647.37105405   634.805730 15837.984023
  263.300000    -652.05530183       5.66457646    -646.39072537   706.824758 15843.987082
  263.400000    -652.24857509       4.76288112    -647.48569397   594.311387 15850.002114
  263.500000    -652.12483365       5.82785267    -646.29698098   727.198332 15856.012393
  263.600000    -652.08078449       6.01302562    -646.06775887   750.304177 15862.188024
  263.700000    -651.92048656       5.51580530    -646.40468126   688.261121 15868.452237
  263.800000    -652.12443539       5.41238595    -646.71204944   675.356474 15874.617659
  263.900000    -651.40730576       4.96482528    -646.44248048   619.509941 15880.819049
  264.000000    -652.09168565       6.78036245    -645.31132321   846.052318 15886.896987
  264.100000    -651.71236424       5.12781709    -646.58454715   639.848027 15892.911287
  264.200000    -652.33292114       5.45778705    -646.87513410   681.021615 15898.935212
  264.300000    -653.31463592       5.37900157    -647.93563434   671.190779 15904.981028
  264.400000    -653.58966662       4.75667587    -648.83299075   593.537098 15910.983689
  264.500000    -652.71646444       4.17057105    -648.54589339   520.403051 15917.050988
  264.600000    -652.48292019       4.96302051    -647.51989968   619.284742 15923.065916
  264.700000    -652.27660867       4.79277450    -647.48383417   598.041478 15929.111675
  264.800000    -652.59529532       6.38871802    -646.20657729   797.183003 15935.193668
  264.900000    -652.83613353       6.34655299    -646.48958054   791.921657 15941.243142
  265.000000    -651.01368987       4.80647674    -646.20721313   599.751241 15947.249457
  265.100000    -651.10789888       5.29025746    -645.81764143   660.117305 15953.336160
  265.200000    -652.21332292       6.46774148    -645.74558144   807.043535 15959.390790
  265.300000    -652.39585790       6.41377387    -645.98208403   800.309467 15965.376693
  265.400000    -652.06102980       5.20885671    -646.85217309   649.960135 15971.414780
  265.500000    -652.83245240       5.37216582    -647.46028659   670.337814 15977.448802
  265.600000    -651.20073721       4.15728962    -647.04344759   518.745797 15983.486231
  265.700000    -652.05427418       6.02502416    -646.02925002   751.801353 15989.545061
  265.800000    -652.06287717       5.28963705    -646.77324012   660.039891 15995.570961
  265.900000    -652.68461039       5.75332934    -646.93128104   717.899326 16001.636797
  266.000000    -652.65717718       5.40304358    -647.25413360   674.190735 16007.660508
  266.100000    -651.82251460       5.93597744    -645.88653715   740.690120 16013.681800
  266.200000    -652.56624464       6.81115985    -645.75508479   849.895212 16019.770221
  266.300000    -652.20018247       6.31000944    -645.89017303   787.361761 16025.776037
  266.400000    -651.84734353       5.55821705    -646.28912648   693.553251 16031.813918
  266.500000    -651.56599973       4.99530483    -646.57069490   623.313173 16037.821038
  266.600000    -652.53361193       6.01882863    -646.51478329   751.028276 16043.856010
  266.700000    -653.36145501       6.15768450    -647.20377051   768.354684 16049.893313
  266.800000    -652.34040836       5.54092425    -646.79948410   691.395460 16055.966053
  266.900000    -652.12633272       5.61416981    -646.51216292   700.535026 16061.986635
  267.000000    -651.70286741       4.71398534    -646.98888207   588.210182 16068.026210
  267.100000    -653.17699833       6.15500862    -647.02198971   768.020788 16074.032280
  267.200000    -652.31789823       6.24211345    -646.07578478   778.889712 16080.110440
  267.300000    -651.85118590       5.35954971    -646.49163618   668.763580 16086.100036
  267.400000    -652.46839139       5.05286437    -647.41552703   630.495441 16092.140895
  267.500000    -652.83076175       6.16892190    -646.66183985   769.756884 16098.241919
  267.600000    -652.03000691       4.64863644    -647.38137047   580.055958 16104.254153
  267.700000    -652.43969646       5.85065579    -646.58904067   730.043701 16110.256137
  267.800000    -651.99065038       5.74670482    -646.24394556   717.072719 16116.360993
  267.900000    -652.13211921       6.05920310    -646.07291611   756.066194 16122.400545
  268.000000    -652.44021404       5.19287076    -647.24734327   647.965412 16128.308707
  268.100000    -653.17545424       5.86700899    -647.30844525   732.084250 16134.357035
  268.200000    -652.72093229       5.09549952    -647.62543276   635.815448 16140.346772
  268.300000    -651.87074440       4.84448352    -647.02626087   604.493720 16146.329128
  268.400000    -652.84376925       4.89106714    -647.95270210   610.306415 16152.327951
  268.500000    -652.90793300       4.59409516    -648.31383783   573.250308 16158.348330
  268.600000    -651.63915418       5.31918193    -646.31997225   663.726495 16164.375722
  268.700000    -652.45454808       6.20311580    -646.25143229   774.023592 16170.382837
  268.800000    -652.08939015       6.26184639    -645.82754376   781.351985 16176.389461
  268.900000    -652.67521707       6.26003592    -646.41518115   781.126074 16182.435681
  269.000000    -652.47165423       5.92643366    -646.54522057   739.499249 16188.462251
  269.100000    -652.20351186       6.01167142    -646.19184043   750.135200 16194.488151
  269.200000    -652.28543202       6.32875333    -645.95667869   789.700620 16200.534428
  269.300000    -651.58245043       5.59862094    -645.98382948   698.594841 16206.541380
  269.400000    -651.80225088       6.84484597    -644.95740491   854.098559 16212.606277
  269.500000    -651.36648607       6.40751201    -644.95897406   799.528113 16218.615770
  269.600000    -650.95252537       5.11367666    -645.83884871   638.083587 16224.671992
  269.700000    -652.42839284       5.74403972    -646.68435311   716.740168 16230.741675
  269.800000    -652.25135921       5.79691496    -646.45444425   723.337930 16236.784977
  269.900000    -654.09861331       5.16157233    -648.93704097   644.060000 16242.800800
  270.000000    -654.07232942       4.97358697    -649.09874245   620.603223 16248.878282
  270.100000    -654.18047260       5.29811779    -648.88235481   661.098115 16254.898309
  270.200000    -652.43686208       4.37986269    -648.05699940   546.518421 16260.922058
  270.300000    -653.65573093       6.05765398    -647.59807695   755.872895 16266.963634
  270.400000    -653.84529987       5.32323378    -648.52206609   664.232084 16272.970391
  270.500000    -653.60802301       5.79595637    -647.81206664   723.218318 16279.009020
  270.600000    -653.51246457       5.48693286    -648.02553171   684.658424 16285.063602
  270.700000    -652.76442260       5.84967536    -646.91474723   729.921363 16291.110369
  270.800000    -653.84073492       5.97223899    -647.86849593   745.214829 16297.205081
  270.900000    -652.86340754       4.87060841    -647.99279913   607.753577 16303.263921
  271.000000    -652.12025595       5.45431638    -646.66593957   680.588546 16309.272476
  271.100000    -652.43966356       6.82080702    -645.61885654   851.098985 16315.298576
  271.200000    -651.26884755       6.22655714    -645.04229041   776.948599 16321.313125
  271.300000    -651.00215646       5.78027312    -645.22188333   721.261365 16327.392317
  271.400000    -651.59690594       5.33801888    -646.25888707   666.076966 16333.389838
  271.500000    -652.38693084       6.41770447    -645.96922637   800.799926 16339.442075
  271.600000    -652.05986025       4.27828777    -647.78157248   533.843922 16345.578062
  271.700000    -653.50019208       4.89394309    -648.60624899   610.665275 16351.601420
  271.800000    -653.77773978       5.78276945    -647.99497034   721.572856 16357.615660
  271.900000    -653.07990534       5.19594834    -647.88395699   648.349432 16363.690590
  272.000000    -653.39993183       5.90951993    -647.49041189   737.388758 16369.713973
  272.100000    -653.45468860       5.89374399    -647.56094461   735.420239 16375.723339
  272.200000    -651.26187866       4.69049607    -646.57138259   585.279194 16381.809496
  272.300000    -652.21204116       5.35963013    -646.85241103   668.773614 16387.787195
  272.400000    -652.17116747       5.07477032    -647.09639715   633.228862 16393.800289
  272.500000    -652.09966714       4.63328498    -647.46638216   578.140406 16399.789609
  272.600000    -652.18691357       5.36852422    -646.81838935   669.883417 16405.794847
  272.700000    -652.09169606       4.48963110    -647.60206496   560.215303 16411.794314
  272.800000    -652.22737470       4.82629234    -647.40108236   602.223827 16417.832689
  272.900000    -652.40233785       5.35225367    -647.05008418   667.853180 16423.815998
  273.000000    -653.03667304       5.44536313    -647.59130991   679.471361 16429.875252
  273.100000    -652.49035411       4.57359966    -647.91675445   570.692884 16435.856764
  273.200000    -653.70596008       5.51120177    -648.19475831   687.686694 16441.851741
  273.300000    -652.34854557       4.51930648    -647.82923909   563.918191 16447.812586
  273.400000    -652.55924725       5.44349814    -647.11574911   679.238648 16453.837126
  273.500000    -653.28479954       6.32090031    -646.96389922   788.720722 16459.883495
  273.600000    -652.32760961       4.90929024    -647.41831937   612.580289 16465.890401
  273.700000    -652.65181320       5.56965285    -647.08216034   694.980209 16471.885655
  273.800000    -652.96377972       6.04313960    -646.92064012   754.061793 16477.907789
  273.900000    -652.08832111       5.54809355    -646.54022756   692.290043 16483.916023
  274.000000    -651.02618035       5.71595183    -645.31022852   713.235367 16489.899748
  274.100000    -652.41873767       5.95450725    -646.46423042   743.002266 16495.960255
  274.200000    -651.87222444       5.52503715    -646.34718729   689.413070 16501.934840
  274.300000    -651.60022235       5.40483939    -646.19538296   674.414816 16507.945442
  274.400000    -651.17493084       5.25036137    -645.92456947   655.139079 16513.924711
  274.500000    -651.77169302       5.79017322    -645.98151980   722.496697 16519.916344
  274.600000    -651.83055084       6.79072105    -645.03982979   847.344863 16525.947361
  274.700000    -652.14422121       5.62523296    -646.51898826   701.915483 16531.960990
  274.800000    -653.13913472       6.39143209    -646.74770263   797.521664 16537.943783
  274.900000    -651.32821929       6.23134900    -645.09687029   777.546526 16543.982401
  275.000000    -651.99445965       5.35654857    -646.63791108   668.389097 16549.980948
  275.100000    -652.19422533       5.79174676    -646.40247857   722.693043 16555.947717
  275.200000    -652.34877768       5.14577358    -647.20300411   642.088634 16561.953723
  275.300000    -652.55655768       5.67514983    -646.88140786   708.144101 16567.958595
  275.400000    -651.71835835       4.99845620    -646.71990215   623.706401 16573.991615
  275.500000    -652.19165167       5.12776222    -647.06388945   639.841180 16579.997106
  275.600000    -652.09579242       6.24939663    -645.84639580   779.798505 16586.012795
  275.700000    -650.92980525       5.49761016    -645.43219509   685.990735 16592.056061
  275.800000    -652.34798220       5.57853874    -646.76944346   696.088988 16598.122661
  275.900000    -652.15773942       5.53331152    -646.62442790   690.445544 16604.141395
  276.000000    -652.99678289       5.95058188    -647.04620101   742.512459 16610.237430
  276.100000    -651.56342166       5.27573948    -646.28768218   658.305755 16616.255680
  276.200000    -651.32552308       5.75753740    -645.56798568   718.424406 16622.270303
  276.300000    -651.57625645       5.26198681    -646.31426964   656.589699 16628.265769
  276.400000    -651.96466526       5.90803675    -646.05662850   737.203686 16634.243898
  276.500000    -651.35587056       5.46850196    -645.88736860   682.358620 16640.243405
  276.600000    -652.54820356       5.66121884    -646.88698472   706.405795 16646.327508
  276.700000    -651.49365455       5.10191114    -646.39174340   636.615488 16652.348882
  276.800000    -651.91032417       6.30155275    -645.60877141   786.306537 16658.286994
  276.900000    -651.98562702       5.37363075    -646.61199627   670.520609 16664.356906
  277.000000    -651.85245808       5.31943515    -646.53302294   663.758091 16670.351101
  277.100000    -651.22967069       5.26109176    -645.96857893   656.478015 16676.349008
  277.200000    -652.85011477       6.13684455    -646.71327022   765.754279 16682.337647
  277.300000    -651.71774667       4.82679506    -646.89095161   602.286557 16688.357618
  277.400000    -651.29023064       4.75136046    -646.53887018   592.873842 16694.372859
  277.500000    -651.46919036       5.47673129    -645.99245907   683.385473 16700.375631
  277.600000    -651.20408909       4.75466610    -646.44942299   593.286319 16706.384612
  277.700000    -650.74414479       5.52584257    -645.21830221   689.513570 16712.382386
  277.800000    -649.95335769       5.62897162    -644.32438606   702.381993 16718.409292
  277.900000    -650.28984339       6.60476846    -643.68507492   824.141735 16724.401750
  278.000000    -649.54750036       6.78436957    -642.76313079   846.552326 16730.464201
  278.100000    -649.83275711       6.47268171    -643.36007541   807.659975 16736.445242
  278.200000    -650.50032479       5.82459810    -644.67572669   726.792228 16742.464934
  278.300000    -650.00545985       6.40052303    -643.60493682   798.656029 16748.443461
  278.400000    -651.80325295       7.21053802    -644.59271493   899.729543 16754.453840
  278.500000    -651.27047140       6.14644226    -645.12402913   766.951880 16760.494020
  278.600000    -650.99926997       5.80519248    -645.19407749   724.370798 16766.522660
  278.700000    -651.54069313       4.60805497    -646.93263816   574.992211 16772.485466
  278.800000    -651.79667307       5.13915897    -646.65751410   641.263265 16778.572905
  278.900000    -652.00302186       5.97938891    -646.02363295   746.106995 16784.580236
  279.000000    -650.74356864       5.59380291    -645.14976573   697.993648 16790.533874
  279.100000    -651.56306681       6.23380105    -645.32926576   777.852493 16796.546366
  279.200000    -651.34061503       5.84160600    -645.49900903   728.914470 16802.563029
  279.300000    -650.10583065       5.05385028    -645.05198037   630.618463 16808.597308
  279.400000    -651.21388641       5.25167711    -645.96220930   655.303257 16814.605035
  279.500000    -651.21468173       5.00828380    -646.20639792   624.932687 16820.621185
  279.600000    -650.49224221       4.92870517    -645.56353704   615.002881 16826.661483
  279.700000    -651.81540209       6.37899335    -645.43640875   795.969559 16832.668057
  279.800000    -651.71363102       5.62218819    -646.09144284   701.535558 16838.667861
  279.900000    -651.34051965       5.73402344    -645.60649621   715.490339 16844.679404
  280.000000    -651.26838209       5.27583252    -645.99254957   658.317364 16850.666883
  280.100000    -650.95918258       5.64321231    -645.31597027   704.158944 16856.731792
  280.200000    -650.38806732       5.11483854    -645.27322877   638.228567 16862.705733
  280.300000    -650.55348385       5.30461781    -645.24886603   661.909188 16868.713181
  280.400000    -649.90438524       5.07558864    -644.82879660   633.330971 16874.791689
  280.500000    -650.22716819       5.68210942    -644.54505877   709.012517 16880.789051
  280.600000    -650.17305338       6.03391123    -644.13914216   752.910279 16886.779330
  280.700000    -651.00701333       5.72116737    -645.28584596   713.886161 16894.296460
  280.800000    -650.89399981       6.31540678    -644.57859303   788.035239 16900.294435
  280.900000    -650.85966807       5.86913724    -644.99053083   732.349813 16906.322520
  281.000000    -650.74571790       5.47646611    -645.26925179   683.352384 16912.321850
  281.100000    -651.48581267       6.76656561    -644.71924706   844.330751 16918.330405
  281.200000    -650.56483241       4.74982604    -645.81500637   592.682378 16924.399845
  281.300000    -651.39508550       5.08147584    -646.31360966   634.065575 16930.385540
  281.400000    -651.19476667       5.38974819    -645.80501848   672.531739 16936.361470
  281.500000    -651.08015431       6.31108682    -644.76906749   787.496196 16942.409872
  281.600000    -651.08736043       6.65743027    -644.42993016   830.712865 16948.392858
  281.700000    -650.88209383       6.49465005    -644.38744378   810.401181 16954.401341
  281.800000    -651.05949917       6.50133013    -644.55816904   811.234719 16960.409618
  281.900000    -650.51536401       6.18466910    -644.33069491   771.721817 16966.399879
  282.000000    -651.53077991       6.88449695    -644.64628296   859.046202 16972.411781
  282.100000    -651.52061037       5.98709369    -645.53351667   747.068396 16978.409862
  282.200000    -650.92162607       5.23597363    -645.68565244   653.343780 16984.414565
  282.300000    -651.59195864       6.46094595    -645.13101269   806.195590 16990.476061
  282.400000    -652.03213705       5.88207311    -646.15006394   733.963948 16996.506003
  282.500000    -651.40277918       5.11433187    -646.28844731   638.165344 17002.479678
  282.600000    -650.99489025       3.86958049    -647.12530976   482.845507 17008.523384
  282.700000    -651.56624805       5.53616381    -646.03008424   690.801452 17014.509570
  282.800000    -651.51881093       6.03906975    -645.47974119   753.553958 17020.508615
  282.900000    -650.81232478       5.64180828    -645.17051650   703.983749 17026.529851
  283.000000    -652.00237204       6.28803063    -645.71434141   784.619249 17032.528078
  283.100000    -651.56824085       6.05095018    -645.51729067   755.036396 17038.537680
  283.200000    -651.42685230       6.05026514    -645.37658716   754.950917 17044.542077
  283.300000    -651.09271544       5.39103872    -645.70167672   672.692771 17050.555392
  283.400000    -651.77879829       5.60724097    -646.17155732   699.670446 17056.573958
  283.500000    -651.61102931       5.15629193    -646.45473738   643.401113 17062.593192
  283.600000    -651.23166278       4.67486284    -646.55679994   583.328484 17068.579718
  283.700000    -651.41639729       5.57787082    -645.83852647   696.005645 17074.635253
  283.800000    -651.01490032       4.58801477    -646.42688555   572.491599 17080.609201
  283.900000    -651.87302093       5.27853872    -646.59448221   658.655044 17086.616117
  284.000000    -651.44985193       6.19324296    -645.25660897   772.791662 17092.594147
  284.100000    -651.73497760       6.42418454    -645.31079306   801.608508 17098.606101
  284.200000    -651.35772118       5.60611275    -645.75160843   699.529668 17104.650118
  284.300000    -651.08865492       5.91041674    -645.17823818   737.500661 17110.662597
  284.400000    -651.19035679       5.81725034    -645.37310646   725.875375 17116.642537
  284.500000    -651.80172880       7.20875084    -644.59297796   899.506539 17122.700984
  284.600000    -651.80562904       5.46170283    -646.34392621   681.510226 17128.695518
  284.700000    -651.67020597       5.57326382    -646.09694215   695.430784 17134.689546
  284.800000    -652.43504563       6.09331569    -646.34172994   760.322756 17140.704845
  284.900000    -651.86756248       5.58075867    -646.28680380   696.365991 17146.703844
  285.000000    -652.75504833       6.39998729    -646.35506104   798.589179 17152.721799
  285.100000    -651.60679620       5.39822441    -646.20857180   673.589400 17158.753945
  285.200000    -651.58885583       5.98656479    -645.60229105   747.002399 17164.758238
  285.300000    -651.42301716       5.75148904    -645.67152813   717.669692 17170.813780
  285.400000    -652.47631369       5.41668558    -647.05962811   675.892982 17176.850912
  285.500000    -651.64708168       4.62864352    -647.01843817   577.561245 17182.871506
  285.600000    -652.44851659       6.37517978    -646.07333680   795.493704 17188.940472
  285.700000    -652.10117177       5.86474933    -646.23642244   731.802290 17194.943621
  285.800000    -652.09476323       6.38380243    -645.71096080   796.569636 17200.977928
  285.900000    -651.93206324       6.46414977    -645.46791348   806.595361 17206.955592
  286.000000    -652.10148375       4.87817828    -647.22330548   608.698144 17212.991554
  286.100000    -652.80348145       5.62367571    -647.17980575   701.721170 17219.021351
  286.200000    -652.99549766       5.86967801    -647.12581965   732.417289 17225.020881
  286.300000    -653.37767691       5.38148172    -647.99619519   671.500251 17231.023222
  286.400000    -653.02596097       4.55201430    -648.47394668   567.999466 17237.051266
  286.500000    -653.22982114       6.02627533    -647.20354582   751.957473 17243.065933
  286.600000    -652.35887148       5.48936090    -646.86951058   684.961394 17249.050123
  286.700000    -651.53297285       5.34794097    -646.18503188   667.315042 17255.060836
  286.800000    -651.39904418       5.24616518    -646.15287900   654.615479 17261.056934
  286.900000    -651.14228557       5.76973391    -645.37255166   719.946285 17267.089892
  287.000000    -652.33708207       6.17377677    -646.16330531   770.362674 17273.109667
  287.100000    -651.67561474       5.25163199    -646.42398275   655.297626 17279.115441
  287.200000    -651.61330536       5.14668876    -646.46661660   642.202831 17285.138336
  287.300000    -651.81419794       5.52566992    -646.28852803   689.492026 17291.148901
  287.400000    -652.54182517       5.25967714    -647.28214803   656.301499 17297.128434
  287.500000    -652.73545648       6.25116302    -646.48429345   780.018916 17303.207420
  287.600000    -651.39024697       5.32491155    -646.06533543   664.441436 17309.264764
  287.700000    -651.33182168       5.87126322    -645.46055846   732.615092 17315.256238
  287.800000    -651.86410045       5.67209509    -646.19200535   707.762931 17321.294713
  287.900000    -652.00514628       5.51760912    -646.48753716   688.486201 17327.370852
  288.000000    -652.04743644       5.27236703    -646.77506941   657.884941 17333.441320
  288.100000    -651.37931089       5.48567279    -645.89363810   684.501192 17339.485570
  288.200000    -651.59989504       5.67300678    -645.92688826   707.876692 17345.531669
  288.300000    -651.26002957       5.58135588    -645.67867369   696.440510 17351.605342
  288.400000    -652.15559193       4.98359675    -647.17199518   621.852241 17357.640983
  288.500000    -652.10150591       5.25707213    -646.84443378   655.976446 17363.658392
  288.600000    -652.57854233       5.20393543    -647.37460690   649.346060 17369.701158
  288.700000    -651.91875576       5.34334847    -646.57540729   666.741991 17375.706110
  288.800000    -653.26492718       5.96929071    -647.29563647   744.846943 17381.772026
  288.900000    -652.16013192       5.21529404    -646.94483787   650.763385 17387.778957
  289.000000    -652.20104260       5.00388028    -647.19716232   624.383217 17393.838015
  289.100000    -650.88599394       4.94818543    -645.93780851   617.433624 17399.897346
  289.200000    -651.73609952       5.93593426    -645.80016527   740.684732 17405.949097
  289.300000    -651.11314907       4.70690649    -646.40624257   587.326884 17411.967631
  289.400000    -653.15248668       5.78707954    -647.36540714   722.110668 17418.048602
  289.500000    -652.35853716       6.18519584    -646.17334133   771.787543 17424.082061
  289.600000    -651.30863836       5.30063053    -646.00800784   661.411655 17430.105976
  289.700000    -651.77597426       5.93258927    -645.84338498   740.267345 17436.155026
  289.800000    -651.71010683       5.21973687    -646.49036996   651.317759 17442.177442
  289.900000    -652.02112292       5.06447420    -646.95664873   631.944114 17448.223034
  290.000000    -651.55555762       5.12114286    -646.43441476   639.015218 17454.250457
  290.100000    -651.95578901       5.99442008    -645.96136893   747.982582 17460.282600
  290.200000    -651.41949581       4.81472313    -646.60477268   600.780224 17466.356190
  290.300000    -651.90699204       5.28148625    -646.62550579   659.022836 17472.379633
  290.400000    -651.88483973       4.74475364    -647.14008609   592.049444 17478.370964
  290.500000    -651.20976692       5.56354939    -645.64621753   694.218619 17484.388913
  290.600000    -651.68052310       5.67649713    -646.00402597   708.312216 17490.366544
  290.700000    -650.99906307       5.79604430    -645.20301877   723.229289 17496.408169
  290.800000    -650.61104498       5.54708280    -645.06396218   692.163922 17502.450220
  290.900000    -651.32395032       6.97614827    -644.34780205   870.482435 17508.454088
  291.000000    -650.63192903       5.68812092    -644.94380811   709.762631 17514.513150
  291.100000    -651.01729946       7.04871399    -643.96858547   879.537172 17520.565724
  291.200000    -650.46312701       5.58562912    -644.87749788   696.973724 17526.542579
  291.300000    -651.46912295       5.93501609    -645.53410686   740.570162 17532.595587
  291.400000    -651.77596407       5.60873637    -646.16722770   699.857042 17538.620932
  291.500000    -652.01330832       4.74828840    -647.26501992   592.490511 17544.610397
  291.600000    -651.92298701       5.29142593    -646.63156108   660.263107 17550.638990
  291.700000    -651.98116235       5.82388725    -646.15727510   726.703528 17556.629838
  291.800000    -651.16793148       5.67494845    -645.49298303   708.118973 17562.655673
  291.900000    -651.56316613       5.67296130    -645.89020483   707.871017 17568.637938
  292.000000    -650.61943242       5.30682874    -645.31260368   662.185067 17574.647450
  292.100000    -650.74332345       5.40739778    -645.33592566   674.734052 17580.708223
  292.200000    -650.64146895       5.11943500    -645.52203395   638.802112 17586.692638
  292.300000    -651.82086740       5.11714878    -646.70371862   638.516837 17592.687701
  292.400000    -652.06241677       5.45148917    -646.61092760   680.235767 17598.755245
  292.500000    -651.30953138       4.92760202    -646.38192936   614.865229 17604.773322
  292.600000    -650.80967515       5.41731319    -645.39236195   675.971295 17610.746729
  292.700000    -650.29118815       6.20306262    -644.08812554   774.016957 17616.762990
  292.800000    -650.87262255       5.96446281    -644.90815974   744.244518 17622.767959
  292.900000    -650.37379429       6.00192458    -644.37186970   748.918991 17628.819110
  293.000000    -651.05807384       6.27355194    -644.78452190   782.812600 17634.812371
  293.100000    -650.84854011       6.73793005    -644.11061006   840.757612 17640.826112
  293.200000    -651.07744254       5.39356115    -645.68388139   673.007520 17646.901849
  293.300000    -651.49828399       6.61166987    -644.88661413   825.002890 17652.854631
  293.400000    -651.56393741       5.56254786    -646.00138955   694.093649 17658.752567
  293.500000    -651.49392780       5.51383988    -645.98008792   688.015876 17664.801860
  293.600000    -651.49012431       5.37050361    -646.11962070   670.130404 17670.775163
  293.700000    -649.89811985       4.63443129    -645.26368857   578.283442 17676.802608
  293.800000    -651.04668082       5.74308843    -645.30359239   716.621467 17682.849331
  293.900000    -650.46149225       5.80729525    -644.65419700   724.633181 17688.869492
  294.000000    -650.64090544       5.97134078    -644.66956466   745.102750 17694.876226
  294.100000    -650.97711650       5.35400672    -645.62310978   668.071926 17700.921625
  294.200000    -651.61627542       5.18167490    -646.43460051   646.568395 17706.930072
  294.300000    -652.08975134       5.54041122    -646.54934012   691.331443 17712.941029
  294.400000    -651.87923779       5.59907881    -646.28015899   698.651974 17719.008530
  294.500000    -651.49736409       6.29192380    -645.20544029   785.105038 17725.004003
  294.600000    -650.47022103       5.99009938    -644.48012166   747.443445 17731.022762
  294.700000    -651.13873462       5.44513071    -645.69360391   679.442360 17737.008844
  294.800000    -652.00354738       6.40899670    -645.59455068   799.713371 17743.016063
  294.900000    -651.05343608       5.32504936    -645.72838673   664.458631 17749.066216
  295.000000    -651.02543718       6.15223569    -644.87320149   767.674782 17755.096473
  295.100000    -651.29933968       5.49762102    -645.80171866   685.992090 17761.051519
  295.200000    -651.47299860       5.11994684    -646.35305176   638.865979 17767.100749
  295.300000    -651.97423153       5.74597592    -646.22825560   716.981767 17773.095739
  295.400000    -651.65692380       5.57333209    -646.08359171   695.439304 17779.079089
  295.500000    -651.39386344       5.35532465    -646.03853879   668.236376 17785.080437
  295.600000    -652.89755024       5.51893595    -647.37861429   688.651763 17791.097150
  295.700000    -652.40296431       5.36301592    -647.03994839   669.196092 17797.137820
  295.800000    -652.50872625       5.09595067    -647.41277558   635.871742 17803.111515
  295.900000    -651.64584933       4.60770945    -647.03813988   574.949096 17809.119305
  296.000000    -652.97704833       5.98339849    -646.99364984   746.607309 17815.183400
  296.100000    -652.24295815       4.74233594    -647.50062220   591.747764 17821.194053
  296.200000    -653.00058689       4.12268904    -648.87789785   514.428343 17827.157629
  296.300000    -652.62168464       4.88584968    -647.73583496   609.655380 17833.215635
  296.400000    -652.63757344       4.97918591    -647.65838753   621.301857 17839.207139
  296.500000    -652.47480184       5.24863790    -647.22616394   654.924025 17845.214318
  296.600000    -651.99664279       3.76753476    -648.22910803   470.112261 17851.243249
  296.700000    -652.88167773       5.17131120    -647.71036653   645.275214 17857.247324
  296.800000    -652.14908857       4.70425887    -647.44482969   586.996515 17863.263068
  296.900000    -651.91700336       4.97537226    -646.94163110   620.825991 17869.286734
  297.000000    -651.88708462       5.61317605    -646.27390857   700.411024 17875.295328
  297.100000    -651.23006694       5.43382234    -645.79624460   678.031303 17881.303206
  297.200000    -651.13795225       6.94208203    -644.19587023   866.231656 17887.343978
  297.300000    -650.70838806       6.29094069    -644.41744737   784.982365 17893.339025
  297.400000    -651.14068946       6.51912042    -644.62156904   813.454588 17899.358483
  297.500000    -650.46282789       6.23819946    -644.22462843   778.401325 17905.345089
  297.600000    -651.83665805       6.57648834    -645.26016972   820.612946 17911.368652
  297.700000    -652.54014366       6.79344901    -645.74669465   847.685257 17917.378122
  297.800000    -651.95234569       6.53097864    -645.42136705   814.934255 17923.381561
  297.900000    -651.30690077       5.20106754    -646.10583323   648.988205 17929.434715
  298.000000    -652.26906768       5.77257298    -646.49649470   720.300543 17935.450126
  298.100000    -653.40049890       5.43380514    -647.96669376   678.029157 17941.442928
  298.200000    -652.83443795       4.98966438    -647.84477357   622.609359 17947.494711
  298.300000    -653.20834245       5.01013998    -648.19820248   625.164300 17953.489656
  298.400000    -652.65444373       5.17090023    -647.48354351   645.223933 17959.497289
  298.500000    -652.25291805       5.26067409    -646.99224396   656.425898 17965.572648
  298.600000    -653.22952980       4.18193134    -649.04759846   521.820586 17971.565579
  298.700000    -653.35681872       4.71701031    -648.63980841   588.587637 17977.621306
  298.800000    -653.47671126       5.51864364    -647.95806762   688.615288 17983.640015
  298.900000    -653.36210593       4.94622947    -648.41587646   617.189559 17989.685369
  299.000000    -653.79254093       5.77816997    -648.01437096   720.998935 17995.753496
  299.100000    -653.28866256       6.11089345    -647.17776911   762.516106 18001.789461
  299.200000    -653.70519583       5.94610761    -647.75908822   741.954160 18007.767960
  299.300000    -652.85396505       5.50139082    -647.35257424   686.462485 18013.862134
  299.400000    -653.44849088       5.63218996    -647.81630092   702.783576 18019.891114
  299.500000    -653.87033679       5.11148853    -648.75884826   637.810553 18025.908024
  299.600000    -652.93359423       4.49455132    -648.43904291   560.829247 18031.969689
  299.700000    -653.24223869       4.95259263    -648.28964605   617.983553 18038.009656
  299.800000    -654.22471293       5.65281317    -648.57189976   705.356937 18044.062898
  299.900000    -653.38199471       5.14567852    -648.23631619   642.076773 18050.117143
  300.000000    -652.53210675       5.73595168    -646.79615507   715.730945 18056.136860
  300.100000    -654.02697093       6.27897588    -647.74799505   783.489399 18062.219756
  300.200000    -652.66212378       4.88600147    -647.77612231   609.674321 18068.256945
  300.300000    -652.17715730       5.86117350    -646.31598380   731.356098 18074.263435
  300.400000    -652.06477420       5.61606835    -646.44870586   700.771925 18080.304891
  300.500000    -651.84894376       5.34462493    -646.50431883   666.901268 18086.353621
  300.600000    -653.12510563       5.73547918    -647.38962646   715.671985 18092.403857
  300.700000    -653.43428574       5.61497208    -647.81931367   700.635133 18098.452207
  300.800000    -653.23486253       5.02510017    -648.20976236   627.031029 18104.483735
  300.900000    -654.09873624       5.06374740    -649.03498884   631.853424 18110.572537
  301.000000    -652.69083264       4.90629062    -647.78454202   612.205997 18116.594181
  301.100000    -652.69595993       5.69633331    -646.99962662   710.787372 18122.623145
  301.200000    -652.91691813       6.35241244    -646.56450569   792.652799 18128.691061
  301.300000    -652.20909658       4.98724824    -647.22184834   622.307874 18134.702171
  301.400000    -652.82080992       5.27012550    -647.55068442   657.605244 18140.775859
  301.500000    -652.69689227       5.21859690    -647.47829537   651.175514 18146.831526
  301.600000    -653.43570896       5.85923420    -647.57647476   731.114113 18152.858859
  301.700000    -653.30074254       5.53144654    -647.76929600   690.212832 18158.914430
  301.800000    -652.68705566       4.69324789    -647.99380776   585.622567 18164.969177
  301.900000    -653.71699908       6.48336532    -647.23363376   808.993073 18170.970679
  302.000000    -653.15590313       4.67943049    -648.47647265   583.898433 18177.097606
  302.100000    -652.87009802       5.40340131    -647.46669672   674.235373 18183.144041
  302.200000    -652.28184261       4.98210318    -647.29973943   621.665874 18189.134322
  302.300000    -652.05194204       5.69308084    -646.35886120   710.381529 18195.170402
  302.400000    -652.08698117       5.80591465    -646.28106652   724.460910 18201.221315
  302.500000    -652.42704556       5.44350363    -646.98354193   679.239332 18207.278721
  302.600000    -652.26281960       4.92623075    -647.33658885   614.694123 18213.320934
  302.700000    -652.92238259       5.03822253    -647.88416006   628.668435 18219.367177
  302.800000    -653.33654647       6.03998231    -647.29656416   753.667827 18225.451980
  302.900000    -652.30436627       5.35551969    -646.94884658   668.260714 18231.482964
  303.000000    -653.28142140       5.79516831    -647.48625309   723.119984 18237.514475
  303.100000    -651.73574987       4.84853501    -646.88721486   604.999264 18243.566380
  303.200000    -652.36026603       6.12739466    -646.23287137   764.575123 18249.575135
  303.300000    -651.90389296       6.86976960    -645.03412336   857.208525 18255.652465
  303.400000    -652.11586136       5.61905341    -646.49680795   701.144400 18261.718438
  303.500000    -651.61219157       6.00727617    -645.60491540   749.586761 18267.757905
  303.600000    -651.38894909       6.12887290    -645.26007620   764.759578 18273.815728
  303.700000    -651.03110304       6.46673643    -644.56436661   806.918124 18279.863034
  303.800000    -652.40853215       7.87332482    -644.53520732   982.431953 18285.899721
  303.900000    -651.24252973       5.86185355    -645.38067619   731.440955 18291.980721
  304.000000    -652.08227004       6.05086429    -646.03140575   755.025679 18298.031811
  304.100000    -652.21505695       6.26853495    -645.94652200   782.186582 18304.039434
  304.200000    -651.96449789       6.23951007    -645.72498782   778.564863 18310.079403
  304.300000    -651.57208753       6.38674177    -645.18534576   796.936407 18316.122180
  304.400000    -652.80043845       5.68127715    -647.11916130   708.908667 18322.194451
  304.500000    -652.97128540       5.66642331    -647.30486209   707.055208 18328.235857
  304.600000    -652.25505216       4.77855986    -647.47649231   596.267777 18334.278330
  304.700000    -652.98961079       5.34581399    -647.64379679   667.049639 18340.347011
  304.800000    -653.26007815       5.16581647    -648.09426168   644.589583 18346.384740
  304.900000    -652.73542736       6.33444691    -646.40098045   790.411064 18352.421947
  305.000000    -652.44388672       5.04367338    -647.40021334   629.348591 18358.480764
  305.100000    -652.99866212       5.42909418    -647.56956795   677.441324 18364.490516
  305.200000    -653.70070799       5.52139465    -648.17931333   688.958560 18370.564624
  305.300000    -652.98649682       5.22085915    -647.76563767   651.457797 18376.588818
  305.400000    -652.85755864       5.45715951    -647.40039913   680.943311 18382.657618
  305.500000    -651.97726503       5.31033732    -646.66692771   662.622866 18388.713788
  305.600000    -652.38616534       4.79843309    -647.58773225   598.747555 18394.776066
  305.700000    -653.47190386       5.61292017    -647.85898370   700.379096 18400.811337
  305.800000    -652.79301312       5.82808739    -646.96492573   727.227620 18406.887398
  305.900000    -652.18539870       6.29900393    -645.88639477   785.988495 18412.906942
  306.000000    -651.45195536       4.87452327    -646.57743209   608.242073 18418.860610
  306.100000    -651.67232828       6.10839142    -645.56393686   762.203903 18424.931538
  306.200000    -652.80319683       7.25209862    -645.55109821   904.915467 18430.909914
  306.300000    -650.91174032       5.62004641    -645.29169390   701.268307 18436.936196
  306.400000    -651.04072559       5.14363749    -645.89708809   641.822094 18442.942618
  306.500000    -651.26990543       5.33407460    -645.93583084   665.584799 18448.953059
  306.600000    -652.09152133       5.68815952    -646.40336181   709.767447 18454.970435
  306.700000    -652.58338847       5.72269670    -646.86069178   714.076990 18461.009788
  306.800000    -652.27738237       5.77565502    -646.50172735   720.685119 18466.993494
  306.900000    -652.25046003       5.68470169    -646.56575834   709.335981 18473.023893
  307.000000    -653.02768556       6.36803652    -646.65964904   794.602368 18479.003059
  307.100000    -652.36473345       5.14660435    -647.21812910   642.192299 18485.034657
  307.200000    -652.96075039       5.04787942    -647.91287097   629.873420 18491.032827
  307.300000    -653.33990601       5.45189462    -647.88801140   680.286358 18497.072448
  307.400000    -652.93631366       5.79548299    -647.14083067   723.159250 18503.099089
  307.500000    -652.34778682       4.75892859    -647.58885823   593.818191 18509.113616
  307.600000    -653.54464671       5.79048343    -647.75416328   722.535406 18515.126850
  307.700000    -652.17473691       6.07686854    -646.09786836   758.270484 18521.165705
  307.800000    -652.53953865       5.92427674    -646.61526192   739.230108 18527.209440
  307.900000    -652.09799607       4.46109554    -647.63690053   556.654641 18533.199912
  308.000000    -652.84920991       5.47769818    -647.37151173   683.506122 18539.233586
  308.100000    -653.34679425       5.39247347    -647.95432078   672.871800 18545.220797
  308.200000    -653.78792322       5.19638909    -648.59153413   648.404428 18551.250294
  308.300000    -653.17750367       5.34432088    -647.83318279   666.863328 18557.275248
  308.400000    -653.29344131       5.60329483    -647.69014648   699.178048 18563.290711
  308.500000    -652.34741661       5.32738429    -647.02003232   664.749984 18569.343157
  308.600000    -651.94536522       5.15745602    -646.78790920   643.546367 18575.383255
  308.700000    -652.76316908       6.10269392    -646.66047516   761.492970 18581.357395
  308.800000    -653.13302312       6.05987129    -647.07315183   756.149571 18587.429924
  308.900000    -652.69981533       5.44749971    -647.25231562   679.737963 18593.429958
  309.000000    -652.86170951       5.42699012    -647.43471939   677.178780 18599.412628
  309.100000    -653.13514068       6.00274965    -647.13239103   749.021944 18605.432920
  309.200000    -652.96645616       5.55273427    -647.41372189   692.869111 18611.443443
  309.300000    -651.91649501       5.03978494    -646.87671006   628.863393 18617.456362
  309.400000    -653.19833519       6.85347030    -646.34486489   855.174701 18623.485089
  309.500000    -652.51357562       5.49502857    -647.01854706   685.668605 18629.505761
  309.600000    -652.74814782       5.78905319    -646.95909463   722.356940 18635.541531
  309.700000    -652.66259191       4.72674157    -647.93585034   589.801901 18641.543318
  309.800000    -652.02631359       5.25402372    -646.77228987   655.596066 18647.547596
  309.900000    -652.30530317       5.82717020    -646.47813297   727.113174 18653.603950
  310.000000    -652.26418010       4.91692456    -647.34725554   613.532898 18659.622900
  310.100000    -652.92314459       6.23905811    -646.68408648   778.508467 18665.696200
  310.200000    -652.69270835       5.71206896    -646.98063940   712.750863 18671.719171
  310.300000    -652.56554649       5.42533026    -647.14021623   676.971663 18677.767477
  310.400000    -651.71963682       5.42321777    -646.29641905   676.708068 18683.868555
  310.500000    -652.27354660       5.52863489    -646.74491171   689.861995 18689.893961
  310.600000    -651.18832186       5.43697920    -645.75134266   678.425216 18695.935538
  310.700000    -653.32306300       7.43332287    -645.88974014   927.528593 18702.032214
  310.800000    -652.73530234       5.40818975    -647.32711260   674.832873 18708.067385
  310.900000    -652.92001639       6.24385909    -646.67615730   779.107533 18714.105847
  311.000000    -652.34249784       5.90581325    -646.43668459   736.926238 18720.163832
  311.100000    -652.17917061       6.44817173    -645.73099889   804.601624 18726.212880
  311.200000    -652.03634171       5.63493198    -646.40140973   703.125725 18732.257400
  311.300000    -652.24113012       5.74426225    -646.49686787   716.767936 18738.325562
  311.400000    -652.87225143       6.39109444    -646.48115700   797.479531 18744.371232
  311.500000    -652.27585934       5.56848389    -646.70737545   694.834346 18750.436788
  311.600000    -652.71293267       6.09673823    -646.61619444   760.749821 18756.521248
  311.700000    -652.41586627       5.26592705    -647.14993923   657.081361 18762.549509
  311.800000    -652.89370948       5.31643115    -647.57727833   663.383254 18768.589142
  311.900000    -652.86553802       5.76144247    -647.10409555   718.911680 18774.592525
  312.000000    -652.60839173       5.91278003    -646.69561170   737.795551 18780.657192
  312.100000    -652.77863342       6.73400912    -646.04462430   840.268359 18786.681594
  312.200000    -653.68634624       5.38915341    -648.29719283   672.457523 18792.683316
  312.300000    -652.90278982       5.88710442    -647.01568540   734.591754 18798.709752
  312.400000    -652.67367892       5.11226627    -647.56141266   637.907599 18804.747837
  312.500000    -652.14734310       5.10536352    -647.04197958   637.046275 18810.719278
  312.600000    -652.44352686       5.38841373    -647.05511313   672.365226 18816.814490
  312.700000    -652.13501228       5.04440205    -647.09061023   629.439515 18822.838896
  312.800000    -652.71865132       5.13365577    -647.58499555   640.576576 18828.804367
  312.900000    -653.51954630       5.63024347    -647.88930283   702.540695 18834.865225
  313.000000    -652.03081837       4.99663640    -647.03418197   623.479326 18840.860760
  313.100000    -651.57875183       5.04475788    -646.53399395   629.483915 18846.882973
  313.200000    -652.57590968       6.04240030    -646.53350939   753.969543 18852.915908
  313.300000    -652.42222317       5.19195186    -647.23027131   647.850751 18858.930752
  313.400000    -653.74535984       5.57283484    -648.17252500   695.377256 18864.979368
  313.500000    -652.73077577       5.51605552    -647.21472026   688.292343 18870.995762
  313.600000    -652.72894040       5.37777660    -647.35116380   671.037927 18876.995395
  313.700000    -652.03818360       5.84721154    -646.19097206   729.613928 18883.022826
  313.800000    -651.21874548       4.84273462    -646.37601086   604.275492 18889.003015
  313.900000    -652.27545955       7.14957361    -645.12588594   892.122416 18895.045218
  314.000000    -650.74437094       5.98168846    -644.76268248   746.393933 18901.057613
  314.100000    -651.40671111       5.70354081    -645.70317030   711.686722 18907.059218
  314.200000    -651.89183083       6.65906543    -645.23276539   830.916900 18913.138296
  314.300000    -651.78608681       7.52274898    -644.26333783   938.687167 18919.124124
  314.400000    -652.06084561       6.58841204    -645.47243358   822.100783 18925.124782
  314.500000    -651.72062404       5.90076736    -645.81985668   736.296613 18931.200696
  314.600000    -653.15531329       7.12731814    -646.02799515   889.345383 18937.197081
  314.700000    -651.42256982       6.11141709    -645.31115274   762.581445 18943.190761
  314.800000    -652.01239201       7.27041020    -644.74198180   907.200383 18949.243664
  314.900000    -651.46377355       6.10191779    -645.36185576   761.396125 18955.230899
  315.000000    -651.50891443       6.51787715    -644.99103728   813.299454 18961.263582
  315.100000    -652.13077412       6.47657360    -645.65420051   808.145605 18967.299480
  315.200000    -652.85739533       6.93776945    -645.91962589   865.693533 18973.310544
  315.300000    -652.51901724       5.76228790    -646.75672934   719.017173 18979.361372
  315.400000    -651.68197336       5.13651562    -646.54545774   640.933428 18985.406186
  315.500000    -652.64655629       5.41114866    -647.23540763   675.202086 18991.388983
  315.600000    -651.98344526       5.29383969    -646.68960558   660.564295 18997.476737
  315.700000    -652.63944933       5.53837856    -647.10107077   691.077809 19003.511508
  315.800000    -651.84214092       5.69895109    -646.14318983   711.114018 19009.563995
  315.900000    -652.66354167       5.97137968    -646.69216199   745.107605 19015.580832
  316.000000    -652.09341892       6.32984388    -645.76357504   789.836699 19021.588457
  316.100000    -651.25778246       4.72716930    -646.53061316   589.855274 19027.610552
  316.200000    -651.56329692       6.11546200    -645.44783492   763.086168 19033.656812
  316.300000    -652.11212962       6.18931226    -645.92281736   772.301190 19039.640233
  316.400000    -651.76155174       4.84249143    -646.91906031   604.245147 19045.708339
  316.500000    -651.87758190       5.47677988    -646.40080202   683.391537 19051.704828
  316.600000    -651.32913539       5.73484835    -645.59428704   715.593271 19057.705879
  316.700000    -650.67126593       6.59218792    -644.07907801   822.571937 19063.714751
  316.800000    -650.28521293       6.57940640    -643.70580652   820.977062 19069.738665
  316.900000    -650.78189322       5.78099497    -645.00089826   721.351437 19075.788745
  317.000000    -651.35868031       6.10671489    -645.25196542   761.994706 19081.802225
  317.100000    -650.70713409       6.39753471    -644.30959938   798.283147 19087.817628
  317.200000    -651.47279203       6.32896927    -645.14382276   789.727564 19093.863135
  317.300000    -652.06995413       5.98746056    -646.08249357   747.114174 19099.904978
  317.400000    -652.60581946       5.96475448    -646.64106498   744.280913 19105.898261
  317.500000    -651.42079438       5.80051521    -645.62027917   723.787169 19111.915342
  317.600000    -651.49900947       6.24830428    -645.25070519   779.662203 19117.902560
  317.700000    -652.34284245       6.55408410    -645.78875836   817.817349 19123.936057
  317.800000    -652.56882923       4.61621653    -647.95261270   576.010608 19129.957266
  317.900000    -652.36542489       5.59474670    -646.77067819   698.111414 19135.968365
  318.000000    -652.46639901       5.06752746    -647.39887155   632.325099 19142.002255
  318.100000    -653.18988808       6.00578696    -647.18410112   749.400938 19148.049155
  318.200000    -652.47932808       5.45002835    -647.02929973   680.053486 19154.033397
  318.300000    -652.84383309       5.69505690    -647.14877619   710.628101 19160.096769
  318.400000    -652.23673352       5.71752117    -646.51921235   713.431189 19166.082858
  318.500000    -652.00030219       5.24463802    -646.75566417   654.424921 19172.106442
  318.600000    -652.22301468       4.23535749    -647.98765719   528.487090 19178.084237
  318.700000    -652.57165513       5.53604923    -647.03560591   690.787154 19184.130902
  318.800000    -652.40349343       4.95287470    -647.45061873   618.018749 19190.160294
  318.900000    -653.37334452       5.11237868    -648.26096584   637.921626 19196.178091
  319.000000    -653.44088427       5.41865151    -648.02223276   676.138291 19202.193707
  319.100000    -652.41376346       5.48172123    -646.93204223   684.008117 19208.237164
  319.200000    -652.25015021       5.34940022    -646.90074999   667.497127 19214.243784
  319.300000    -652.15798975       5.45261833    -646.70537142   680.376663 19220.225794
  319.400000    -652.72521813       5.85595506    -646.86926308   730.704942 19226.233746
  319.500000    -651.62779852       4.86538557    -646.76241295   607.101873 19232.192873
  319.600000    -653.52854779       5.94562242    -647.58292537   741.893618 19238.226064
  319.700000    -653.20043469       5.05651252    -648.14392216   630.950657 19244.236589
  319.800000    -653.85324101       5.26363496    -648.58960605   656.795355 19250.228615
  319.900000    -651.98913776       5.09753553    -646.89160223   636.069500 19256.251899
  320.000000    -652.66723117       5.78745604    -646.87977512   722.157649 19262.276882
  320.100000    -653.20036521       6.25828307    -646.94208214   780.907354 19268.234197
  320.200000    -652.26594665       5.44764420    -646.81830245   679.755993 19274.314410
  320.300000    -650.91117850       5.82496934    -645.08620915   726.838551 19280.328190
  320.400000    -650.19787999       5.78142049    -644.41645950   721.404534 19286.284141
  320.500000    -651.68129280       5.71299542    -645.96829738   712.866467 19292.283627
  320.600000    -651.65531022       6.53037877    -645.12493145   814.859403 19298.280368
  320.700000    -652.22660448       5.92048659    -646.30611789   738.757175 19304.329718
  320.800000    -651.09416529       4.95300443    -646.14116086   618.034937 19310.296968
  320.900000    -652.68346033       5.82137678    -646.86208355   726.390271 19316.295652
  321.000000    -652.23759344       5.66932455    -646.56826889   707.417224 19322.337489
  321.100000    -651.79368932       5.47887475    -646.31481457   683.652935 19328.365630
  321.200000    -652.90110308       5.82910778    -647.07199530   727.354945 19334.337851
  321.300000    -652.70060456       5.14843283    -647.55217172   642.420456 19340.365931
  321.400000    -653.16210537       6.34941446    -646.81269091   792.278711 19346.342402
  321.500000    -653.15221456       5.54403206    -647.60818250   691.783251 19352.351027
  321.600000    -652.70680060       5.14843182    -647.55836878   642.420329 19358.376969
  321.700000    -653.13589590       5.19723358    -647.93866231   648.509804 19364.375095
  321.800000    -652.38171734       5.27226112    -647.10945622   657.871725 19370.405903
  321.900000    -653.96370593       6.47545012    -647.48825581   808.005417 19376.413769
  322.000000    -652.19881897       5.00284225    -647.19597671   624.253691 19382.430813
  322.100000    -653.04878509       5.57598759    -647.47279750   695.770656 19388.504862
  322.200000    -651.94574099       5.14214409    -646.80359690   641.635747 19394.497771
  322.300000    -651.79444901       5.31488585    -646.47956316   663.190431 19400.489406
  322.400000    -652.54744300       5.24855313    -647.29888987   654.913447 19406.531898
  322.500000    -653.04147738       5.68477280    -647.35670457   709.344854 19412.515027
  322.600000    -652.20203797       4.67614330    -647.52589467   583.488259 19418.543652
  322.700000    -651.92911538       4.87385180    -647.05526358   608.158288 19424.613461
  322.800000    -652.46241205       5.26781160    -647.19460045   657.316515 19430.598292
  322.900000    -651.81487215       5.62131035    -646.19356180   701.426021 19436.627462
  323.000000    -651.74290990       6.04462727    -645.69828263   754.247425 19442.648140
  323.100000    -651.88872197       6.03311397    -645.85560800   752.810797 19448.671669
  323.200000    -652.29032665       6.07236789    -646.21795876   757.708894 19454.714009
  323.300000    -650.84866167       5.72702169    -645.12163998   714.616661 19460.733513
  323.400000    -651.17553697       5.80017910    -645.37535787   723.745229 19466.732764
  323.500000    -652.24882191       6.55897417    -645.68984775   818.427531 19472.751119
  323.600000    -651.95668482       5.74496388    -646.21172095   716.855484 19478.740321
  323.700000    -651.18483332       4.88834245    -646.29649087   609.966428 19484.818549
  323.800000    -651.76875497       6.73981190    -645.02894307   840.992429 19490.807024
  323.900000    -651.72494962       5.11614878    -646.60880084   638.392058 19496.830367
  324.000000    -652.30609813       5.33161270    -646.97448543   665.277605 19502.910744
  324.100000    -653.19448366       5.59312044    -647.60136321   697.908490 19508.899895
  324.200000    -652.36412715       5.15863495    -647.20549220   643.693474 19514.891019
  324.300000    -653.35188818       5.92472701    -647.42716118   739.286293 19520.943831
  324.400000    -652.15274388       4.97847931    -647.17426457   621.213688 19526.929128
  324.500000    -651.76763027       5.60918452    -646.15844576   699.912962 19532.944486
  324.600000    -652.02593103       6.06640929    -645.95952175   756.965381 19539.011881
  324.700000    -652.48388550       5.87490222    -646.60898328   733.069166 19544.992212
  324.800000    -652.89119759       5.60557595    -647.28562164   699.462686 19551.023728
  324.900000    -652.81358412       5.41807085    -647.39551328   676.065835 19557.045542
  325.000000    -652.33501832       6.84238641    -645.49263191   853.791657 19563.045208
  325.100000    -651.33264986       5.80397981    -645.52867006   724.219481 19569.089498
  325.200000    -651.88537327       5.63932467    -646.24604860   703.673844 19575.135549
  325.300000    -652.01338061       5.57526498    -646.43811563   695.680489 19581.112528
  325.400000    -652.15057953       5.91511867    -646.23546085   738.087367 19587.127272
  325.500000    -652.29165726       5.98357862    -646.30807864   746.629786 19593.123010
  325.600000    -651.68673889       5.34762897    -646.33910992   667.276111 19599.191535
  325.700000    -652.12934839       6.37153409    -645.75781430   795.038795 19605.174203
  325.800000    -651.41262703       5.54289743    -645.86972961   691.641672 19611.182447
  325.900000    -652.13579074       5.17087252    -646.96491822   645.220476 19617.258723
  326.000000    -652.63303693       5.07163957    -647.56139736   632.838208 19623.281029
  326.100000    -652.27968986       4.83134886    -647.44834100   602.854779 19629.252841
  326.200000    -653.11199209       5.88144103    -647.23055107   733.885077 19635.305951
  326.300000    -653.04766442       5.25989212    -647.78777230   656.328324 19641.288519
  326.400000    -652.57784833       4.96647346    -647.61137488   619.715600 19647.428345
  326.500000    -652.45058030       6.08592158    -646.36465872   759.400121 19653.407337
  326.600000    -651.87349141       6.02819400    -645.84529741   752.196885 19659.443759
  326.700000    -651.82100844       5.47405556    -646.34695289   683.051596 19665.472878
  326.800000    -651.94217610       5.76599593    -646.17618017   719.479860 19671.473302
  326.900000    -651.94830620       5.53426616    -646.41404004   690.564664 19677.486184
  327.000000    -651.79357143       5.31511841    -646.47845302   663.219450 19683.537192
  327.100000    -653.13889300       6.01350586    -647.12538714   750.364101 19689.534754
  327.200000    -651.99162256       6.35758215    -645.63404041   793.297874 19695.533116
  327.300000    -651.01660647       6.25092997    -644.76567649   779.989836 19701.551136
  327.400000    -651.13499019       6.58130737    -644.55368281   821.214264 19707.536949
  327.500000    -650.74394853       6.27478152    -644.46916701   782.966027 19713.603584
  327.600000    -650.56141822       6.49741243    -644.06400580   810.745869 19719.592318
  327.700000    -650.64549209       6.11466781    -644.53082429   762.987070 19725.629161
  327.800000    -651.73778119       6.60927476    -645.12850642   824.704030 19731.705193
  327.900000    -651.81648716       5.86350131    -645.95298585   731.646563 19737.795909
  328.000000    -651.81377063       6.27667781    -645.53709282   783.202646 19743.825825
  328.100000    -651.91265542       5.76972496    -646.14293045   719.945168 19749.899545
  328.200000    -652.99829137       5.36162008    -647.63667129   669.021919 19755.897327
  328.300000    -652.28672673       4.77664738    -647.51007935   596.029139 19761.890920
  328.400000    -651.58845923       5.02724723    -646.56121200   627.298939 19767.951187
  328.500000    -652.49391524       6.10089082    -646.39302442   761.267979 19773.946978
  328.600000    -652.29840130       5.69785656    -646.60054474   710.977442 19779.967336
  328.700000    -651.02596699       5.65566012    -645.37030687   705.712179 19785.997120
  328.800000    -650.39111830       6.24957088    -644.14154742   779.820249 19792.008297
  328.900000    -649.87680854       5.53815526    -644.33865329   691.049944 19798.067433
  329.000000    -651.87348465       6.66096138    -645.21252327   831.153477 19804.068412
  329.100000    -650.16602321       5.97158021    -644.19444300   745.132627 19810.039659
  329.200000    -650.30581879       4.95295922    -645.35285957   618.029296 19816.099755
  329.300000    -652.13608278       6.89886058    -645.23722220   860.838492 19822.069665
  329.400000    -650.87074888       6.34532350    -644.52542538   791.768242 19828.075055
  329.500000    -651.39856199       6.62366017    -644.77490182   826.499038 19834.057797
  329.600000    -650.53106439       5.95194749    -644.57911690   742.682860 19840.081543
  329.700000    -650.87890401       5.46649204    -645.41241197   682.107823 19846.084600
  329.800000    -652.15222506       5.66526420    -646.48696086   706.910574 19852.251979
  329.900000    -651.22950609       6.06584713    -645.16365896   756.895235 19858.253787
  330.000000    -651.16651637       5.21886894    -645.94764744   651.209459 19864.407230
  330.100000    -651.47685239       5.70019812    -645.77665427   711.269622 19870.547379
  330.200000    -650.67360294       5.61097905    -645.06262388   700.136884 19876.680981
  330.300000    -651.74894127       5.78262656    -645.96631470   721.555027 19882.708994
  330.400000    -651.93268060       6.45983831    -645.47284228   806.057379 19888.690655
  330.500000    -650.67339102       5.61144599    -645.06194503   700.195148 19894.720392
  330.600000    -652.22326255       5.57605497    -646.64720758   695.779064 19900.759217
  330.700000    -652.27586095       5.45746408    -646.81839687   680.981315 19906.789951
  330.800000    -651.72461654       5.37446365    -646.35015289   670.624537 19912.832199
  330.900000    -652.01391649       6.46170485    -645.55221164   806.290285 19918.880868
  331.000000    -652.54864192       6.01499095    -646.53365097   750.549411 19924.874418
  331.100000    -652.59058908       5.01191722    -647.57867187   625.386063 19930.892990
  331.200000    -653.13841404       5.50191918    -647.63649486   686.528414 19936.876815
  331.300000    -652.39631061       5.05288074    -647.34342987   630.497484 19942.949377
  331.400000    -652.20606682       5.55136904    -646.65469779   692.698758 19948.943332
  331.500000    -651.81914463       5.30535453    -646.51379010   662.001115 19954.968149
  331.600000    -651.98049539       5.33201306    -646.64848233   665.327562 19961.042687
  331.700000    -652.13865217       5.53870105    -646.59995112   691.118049 19967.052456
  331.800000    -651.86147656       6.52097218    -645.34050439   813.685650 19973.037409
  331.900000    -651.82594305       6.22856321    -645.59737984   777.198916 19979.081488
  332.000000    -651.37985006       5.93936114    -645.44048892   741.112337 19985.069479
  332.100000    -651.94808058       6.11115153    -645.83692905   762.548310 19991.046444
  332.200000    -651.25936005       5.38018558    -645.87917447   671.338519 19997.129230
  332.300000    -650.72489950       5.58355782    -645.14134168   696.715268 20003.109051
  332.400000    -651.91881409       6.10609023    -645.81272386   761.916761 20009.135182
  332.500000    -652.72510117       6.23234160    -646.49275957   777.670383 20015.140894
  332.600000    -650.86075862       5.14909926    -645.71165935   642.503613 20021.142774
  332.700000    -652.10005196       5.54757384    -646.55247811   692.225194 20027.190882
  332.800000    -652.52593030       5.59887343    -646.92705687   698.626346 20033.245534
  332.900000    -651.92345780       4.92279776    -647.00066004   614.265755 20039.322657
  333.000000    -651.12108866       5.23787872    -645.88320994   653.581496 20045.419431
  333.100000    -650.58383213       5.09002063    -645.49381150   635.131792 20051.417817
  333.200000    -652.04650218       7.05494918    -644.99155300   880.315197 20057.427703
  333.300000    -651.95292544       5.54521671    -646.40770873   691.931072 20063.412389
  333.400000    -652.48456797       5.49468441    -646.98988356   685.625661 20069.440165
  333.500000    -651.79634424       5.56184210    -646.23450213   694.005585 20075.504709
  333.600000    -652.45530481       5.86619756    -646.58910725   731.983000 20081.517036
  333.700000    -651.89748547       5.75649167    -646.14099379   718.293920 20087.529430
  333.800000    -653.08345588       6.67640312    -646.40705276   833.080293 20093.570663
  333.900000    -652.40244898       5.25751387    -647.14493511   656.031566 20099.598582
  334.000000    -653.03137977       5.27887792    -647.75250184   658.697369 20105.591621
  334.100000    -652.54057216       5.93637963    -646.60419253   740.740305 20111.670430
  334.200000    -651.62581406       6.46194539    -645.16386867   806.320299 20117.666245
  334.300000    -652.09647846       5.86013212    -646.23634634   731.226155 20123.701009
  334.400000    -651.43827135       5.72696613    -645.71130522   714.609729 20129.694868
  334.500000    -652.55871713       6.22604991    -646.33266722   776.885307 20135.717977
  334.600000    -652.36644451       4.80146307    -647.56498145   599.125635 20141.763930
  334.700000    -652.59157197       5.48120383    -647.11036814   683.943556 20147.820490
  334.800000    -653.20246357       5.28038313    -647.92208044   658.885188 20153.812573
  334.900000    -652.83031950       4.76866297    -648.06165653   595.032845 20159.889571
  335.000000    -652.63074248       5.87272305    -646.75801943   732.797250 20165.888423
  335.100000    -651.67735531       5.03601340    -646.64134191   628.392781 20171.910795
  335.200000    -652.22788091       5.45731595    -646.77056496   680.962831 20177.914940
  335.300000    -652.69902458       6.19844726    -646.50057732   773.441053 20183.943960
  335.400000    -652.28299007       5.61103443    -646.67195564   700.143794 20190.011244
  335.500000    -653.08743763       6.65950239    -646.42793524   830.971424 20196.039982
  335.600000    -653.00178116       5.22660638    -647.77517478   652.174936 20202.030374
  335.700000    -652.59905587       4.81704435    -647.78201152   601.069865 20208.098678
  335.800000    -652.88927458       5.30734316    -647.58193141   662.249256 20214.110590
  335.900000    -652.92808180       6.56360269    -646.36447912   819.005077 20220.108428
  336.000000    -653.18141269       6.06806925    -647.11334344   757.172510 20226.129543
  336.100000    -653.21285845       6.00683181    -647.20602664   749.531315 20232.141873
  336.200000    -653.14712520       6.12673852    -647.02038668   764.493250 20238.212386
  336.300000    -652.72554287       4.74052115    -647.98502172   591.521315 20244.200602
  336.400000    -652.80896082       5.56109891    -647.24786190   693.912849 20250.215695
  336.500000    -653.70046841       6.18648538    -647.51398303   771.948452 20256.311189
  336.600000    -652.72345337       4.83479955    -647.88865382   603.285355 20262.310469
  336.700000    -652.52218765       5.54628285    -646.97590480   692.064105 20268.303540
  336.800000    -652.86227778       5.70151046    -647.16076732   711.433375 20274.371718
  336.900000    -653.38418123       6.12500572    -647.25917552   764.277032 20280.370833
  337.000000    -654.05331394       5.53038842    -648.52292551   690.080800 20286.373344
  337.100000    -654.08604992       5.72302238    -648.36302753   714.117629 20292.458840
  337.200000    -653.81031194       6.41528690    -647.39502504   800.498261 20298.445275
  337.300000    -653.10870072       5.65346409    -647.45523662   705.438159 20304.482070
  337.400000    -653.03254068       5.73618031    -647.29636037   715.759472 20310.500776
  337.500000    -652.12491913       4.77077593    -647.35414320   595.296501 20316.515800
  337.600000    -651.74735586       5.06937325    -646.67798261   632.555416 20322.538530
  337.700000    -653.21727127       5.84355950    -647.37371177   729.158227 20328.595793
  337.800000    -653.25333557       5.93943741    -647.31389816   741.121854 20334.607065
  337.900000    -652.17635969       6.37056295    -645.80579674   794.917616 20340.662981
  338.000000    -652.02548944       6.53959423    -645.48589520   816.009307 20346.656173
  338.100000    -652.16537142       5.75668108    -646.40869034   718.317555 20352.682420
  338.200000    -651.44041252       6.25477909    -645.18563344   780.470128 20358.698571
  338.300000    -652.21549056       6.24876975    -645.96672081   779.720284 20364.707587
  338.400000    -652.12656215       6.35090772    -645.77565443   792.465040 20370.772054
  338.500000    -652.29580709       5.40058702    -646.89522007   673.884207 20376.801041
  338.600000    -652.66941835       5.71057003    -646.95884832   712.563827 20382.787148
  338.700000    -652.59229823       5.39775773    -647.19454050   673.531168 20388.879104
  338.800000    -653.08424310       6.01150730    -647.07273580   750.114722 20394.903035
  338.900000    -651.84732012       5.28746948    -646.55985064   659.769422 20400.926589
  339.000000    -652.49015454       6.67505811    -645.81509643   832.912463 20406.987613
  339.100000    -652.93833596       5.94203829    -646.99629767   741.446391 20412.978788
  339.200000    -653.00205422       5.93606092    -647.06599331   740.700536 20419.049106
  339.300000    -653.00289585       5.89456048    -647.10833537   735.522120 20425.052481
  339.400000    -652.93575789       5.09240488    -647.84335302   635.429298 20431.084281
  339.500000    -653.22853191       5.74949151    -647.47904040   717.420442 20437.144984
  339.600000    -653.31269354       5.30931003    -648.00338350   662.494682 20443.187871
  339.700000    -652.58534159       5.59239546    -646.99294613   697.818026 20449.172339
  339.800000    -652.75889248       6.36397794    -646.39491454   794.095940 20455.222622
  339.900000    -652.48934233       5.19563365    -647.29370868   648.310165 20461.216802
  340.000000    -652.60318903       5.65484510    -646.94834393   705.610481 20467.254087
  340.100000    -652.55672644       5.73668426    -646.82004219   715.822355 20473.280479
  340.200000    -653.01245588       6.01456909    -646.99788679   750.496771 20479.300315
  340.300000    -652.02903266       5.45966492    -646.56936773   681.255936 20485.333892
  340.400000    -652.27336751       5.36769226    -646.90567526   669.779604 20491.339384
  340.500000    -652.75635659       5.64180395    -647.11455264   703.983208 20497.356143
  340.600000    -653.20180169       5.32648196    -647.87531972   664.637392 20503.395042
  340.700000    -652.19140887       4.94671989    -647.24468899   617.250754 20509.431470
  340.800000    -652.47328555       6.32453908    -646.14874647   789.174766 20515.432299
  340.900000    -652.15657693       6.22109624    -645.93548068   776.267189 20521.519950
  341.000000    -652.29706607       5.41818383    -646.87888224   676.079933 20527.512566
  341.100000    -651.82285572       4.86526315    -646.95759257   607.086597 20533.553497
  341.200000    -651.58381688       4.70703335    -646.87678353   587.342714 20539.539833
  341.300000    -652.52621809       6.89133478    -645.63488332   859.899424 20545.559886
  341.400000    -651.56466043       5.85572743    -645.70893300   730.676539 20551.607285
  341.500000    -651.11744429       5.20016183    -645.91728246   648.875191 20557.659685
  341.600000    -651.51623768       5.24640982    -646.26982786   654.646006 20563.640062
  341.700000    -652.44689838       5.59134706    -646.85555132   697.687207 20569.702592
  341.800000    -652.76786409       5.90947542    -646.85838868   737.383203 20575.694284
  341.900000    -652.35778873       5.65216004    -646.70562869   705.275440 20581.710998
  342.000000    -652.48872770       5.81919421    -646.66953349   726.117931 20587.786734
  342.100000    -652.21408202       5.47768183    -646.73640019   683.504082 20593.778010
  342.200000    -652.82668240       5.75603771    -647.07064468   718.237276 20599.815720
  342.300000    -653.20418916       5.71047582    -647.49371334   712.552071 20605.846836
  342.400000    -653.47635602       5.12138408    -648.35497194   639.045317 20611.857459
  342.500000    -653.13899463       5.96666282    -647.17233181   744.519036 20617.915884
  342.600000    -652.85659109       5.22041482    -647.63617626   651.402355 20623.964992
  342.700000    -653.33300260       4.97761112    -648.35539148   621.105356 20629.951584
  342.800000    -653.30975792       5.49216464    -647.81759328   685.311245 20635.974144
  342.900000    -653.18549217       4.50292506    -648.68256711   561.874121 20641.993100
  343.000000    -652.50242111       4.87011559    -647.63230553   607.692083 20648.072380
  343.100000    -652.59244477       5.38302653    -647.20941824   671.693012 20654.059813
  343.200000    -652.70125160       5.40776159    -647.29349001   674.779447 20660.074583
  343.300000    -653.12567340       5.51188670    -647.61378670   687.772159 20666.126129
  343.400000    -652.47026638       5.81866370    -646.65160267   726.051735 20672.172171
  343.500000    -651.49150657       5.22748324    -646.26402333   652.284350 20678.158998
  343.600000    -652.04316703       5.69032075    -646.35284628   710.037126 20684.220522
  343.700000    -652.39964389       6.27131814    -646.12832575   782.533867 20690.215125
  343.800000    -652.43325632       5.49315205    -646.94010428   685.434453 20696.237010
  343.900000    -652.26934486       5.40669908    -646.86264578   674.646868 20702.278109
  344.000000    -651.95157649       4.98879982    -646.96277667   622.501479 20708.308711
  344.100000    -652.14223760       5.97484072    -646.16739687   745.539473 20714.339761
  344.200000    -651.60937079       5.78369967    -645.82567112   721.688930 20720.376833
  344.300000    -652.32435715       5.73504466    -646.58931249   715.617766 20726.391854
  344.400000    -652.61538585       5.26021594    -647.35516991   656.368731 20732.429171
  344.500000    -653.25148899       5.39190343    -647.85958556   672.800670 20738.440495
  344.600000    -652.72644765       6.07491754    -646.65153011   758.027039 20744.427910
  344.700000    -652.83825689       5.41200220    -647.42625469   675.308591 20750.439889
  344.800000    -652.85310749       5.18397939    -647.66912810   646.855949 20756.408264
  344.900000    -653.08498305       5.31712988    -647.76785317   663.470440 20762.454426
  345.000000    -653.74108574       4.96020783    -648.78087791   618.933776 20768.427683
  345.100000    -653.31597211       5.61320025    -647.70277186   700.414044 20774.449508
  345.200000    -652.09354472       5.43490661    -646.65863811   678.166599 20780.490348
  345.300000    -651.52407169       6.21672286    -645.30734884   775.721479 20786.485471
  345.400000    -651.22975687       7.20813950    -644.02161737   899.430257 20792.493469
  345.500000    -650.28557571       6.41033234    -643.87524338   799.880032 20798.566805
  345.600000    -650.97926945       6.54876746    -644.43050199   817.153941 20804.576650
  345.700000    -652.44386679       7.12241043    -645.32145637   888.732999 20810.585171
  345.800000    -651.90671312       5.89371335    -646.01299977   735.416415 20816.617899
  345.900000    -650.81144239       5.54981150    -645.26163089   692.504408 20822.613547
  346.000000    -652.49631077       6.68597397    -645.81033680   834.274542 20828.665188
  346.100000    -652.15015132       6.18655524    -645.96359608   771.957169 20834.689852
  346.200000    -651.76601802       6.00521729    -645.76080074   749.329855 20840.640482
  346.300000    -652.93033051       7.31626316    -645.61406735   912.921906 20846.700643
  346.400000    -651.66371518       5.46358982    -646.20012536   681.745684 20852.693712
  346.500000    -651.72261569       5.65842022    -646.06419547   706.056584 20858.693403
  346.600000    -652.35939330       6.27547336    -646.08391994   783.052355 20864.783585
  346.700000    -651.38710335       5.16755943    -646.21954392   644.807069 20870.776289
  346.800000    -652.00755707       5.95353398    -646.05402310   742.880821 20876.769192
  346.900000    -651.94799209       5.43778056    -646.51021153   678.525210 20882.834332
  347.000000    -652.72571549       6.46937645    -646.25633904   807.247545 20888.829309
  347.100000    -650.99650093       4.74408440    -646.25241653   591.965936 20894.839563
  347.200000    -651.07769714       5.59307384    -645.48462330   697.902675 20900.914336
  347.300000    -652.90826474       6.30302886    -646.60523588   786.490725 20906.907106
  347.400000    -652.24181064       6.09125901    -646.15055163   760.066124 20912.942716
  347.500000    -653.21904103       5.83095760    -647.38808343   727.585764 20918.971293
  347.600000    -652.55853243       4.87956118    -647.67897125   608.870702 20924.859714
  347.700000    -652.33808392       5.28090272    -647.05718120   658.950022 20930.627745
  347.800000    -651.40609760       5.13818035    -646.26791725   641.141153 20936.396093
  347.900000    -652.52799411       6.27963641    -646.24835770   783.571820 20942.162332
  348.000000    -652.35203359       5.99825346    -646.35378013   748.460909 20947.923558
  348.100000    -652.70661496       6.05025105    -646.65636391   754.949159 20953.690619
  348.200000    -651.90264590       6.00548977    -645.89715613   749.363855 20959.464253
  348.300000    -652.28748519       6.14452543    -646.14295976   766.712698 20965.237314
  348.400000    -652.29226879       5.38775432    -646.90451447   672.282945 20971.007838
  348.500000    -652.43553705       4.99194058    -647.44359648   622.893382 20976.780951
  348.600000    -652.88478570       4.79136320    -648.09342250   597.865376 20982.550881
  348.700000    -652.92456450       5.59904586    -647.32551863   698.647863 20988.320893
  348.800000    -652.98507415       5.75024094    -647.23483321   717.513956 20994.096859
  348.900000    -652.95008247       5.29177139    -647.65831108   660.306214 20999.879439
  349.000000    -653.58475872       5.93509603    -647.64966269   740.580138 21005.689521
  349.100000    -653.32693067       5.40900749    -647.91792318   674.934912 21011.490523
  349.200000    -652.47837867       5.34074300    -647.13763567   666.416882 21017.268300
  349.300000    -654.03226465       6.01625226    -648.01601240   750.706796 21023.121116
  349.400000    -653.71440686       5.44798403    -648.26642283   679.798396 21028.890821
  349.500000    -653.29206570       5.20276833    -648.08929736   649.200429 21034.657002
  349.600000    -652.64059613       5.71761933    -646.92297680   713.443437 21040.424059
  349.700000    -651.33956184       5.28860517    -646.05095668   659.911132 21046.205550
  349.800000    -651.54418058       6.85233369    -644.69184689   855.032876 21051.982477
  349.900000    -651.30621770       7.20209453    -644.10412317   898.675966 21057.757270
  350.000000    -650.48509481       5.80957381    -644.67552099   724.917500 21063.533850
  350.100000    -652.51410817       5.59259972    -646.92150846   697.843514 21069.352865
  350.200000    -652.17014253       5.22880412    -646.94133841   652.449169 21075.124072
  350.300000    -652.94906248       5.85887464    -647.09018784   731.069247 21080.895544
  350.400000    -653.02755576       5.37139578    -647.65615998   670.241729 21086.661974
  350.500000    -653.33732489       5.69958932    -647.63773557   711.193656 21092.432676
  350.600000    -653.65802877       6.08982884    -647.56819993   759.887668 21098.202123
  350.700000    -652.88204223       5.33677160    -647.54527062   665.921331 21103.974098
  350.800000    -652.79061130       4.82564057    -647.96497073   602.142500 21109.738935
  350.900000    -653.79089691       6.02139979    -647.76949712   751.349104 21115.510291
  351.000000    -652.55058265       5.02463256    -647.52595009   626.972681 21121.321044
  351.100000    -652.56138354       4.99625012    -647.56513342   623.431126 21127.090250
  351.200000    -653.40570102       5.85375456    -647.55194647   730.430364 21132.859442
  351.300000    -653.15736020       5.24482124    -647.91253896   654.447782 21138.606578
  351.400000    -653.15958717       5.27956996    -647.88001722   658.783721 21144.372603
  351.500000    -653.17776766       5.32721925    -647.85054842   664.729390 21150.139459
  351.600000    -652.50025338       4.87525423    -647.62499915   608.333283 21155.900761
  351.700000    -653.83799618       5.50665411    -648.33134207   687.119237 21161.664954
  351.800000    -653.02078649       5.57059225    -647.45019424   695.097426 21167.477178
  351.900000    -652.41824313       5.02475767    -647.39348546   626.988293 21173.241305
  352.000000    -653.24564227       5.53892893    -647.70671334   691.146484 21179.009599
  352.100000    -653.05789213       5.70209423    -647.35579790   711.506218 21184.776660
  352.200000    -652.14854103       5.72164318    -646.42689785   713.945532 21190.545708
  352.300000    -651.79077723       4.67449014    -647.11628709   583.281978 21196.316220
  352.400000    -652.91604658       6.30952251    -646.60652408   787.301001 21202.097109
  352.500000    -652.22775794       5.77508730    -646.45267065   720.614279 21207.866830
  352.600000    -653.35646277       5.60192987    -647.75453291   699.007728 21213.678666
  352.700000    -652.31954401       4.52962979    -647.78991421   565.206332 21219.447042
  352.800000    -652.40023568       5.48232038    -646.91791529   684.082880 21225.215611
  352.900000    -651.84552836       6.28666094    -645.55886742   784.448340 21230.982741
  353.000000    -651.28429049       6.79898475    -644.48530574   848.376006 21236.748488
  353.100000    -651.69934658       7.01932400    -644.68002258   875.869894 21242.513961
  353.200000    -651.99202722       4.83238101    -647.15964621   602.983570 21248.282252
  353.300000    -651.61898845       4.96174130    -646.65724715   619.125123 21254.050226
  353.400000    -652.59299175       5.52217671    -647.07081505   689.056144 21259.860291
  353.500000    -651.92409787       5.86538685    -646.05871102   731.881839 21265.623317
  353.600000    -652.09491707       5.82597275    -646.26894433   726.963756 21272.873411
  353.700000    -652.13103011       5.15585316    -646.97517695   643.346363 21278.637732
  353.800000    -652.54820833       6.07139614    -646.47681220   757.587639 21284.396403
  353.900000    -651.75638015       6.34891514    -645.40746501   792.216407 21290.146996
  354.000000    -653.13976611       5.58894001    -647.55082610   697.386857 21295.905182
  354.100000    -652.99597739       5.72365330    -647.27232409   714.196354 21301.669028
  354.200000    -652.72311775       5.08630380    -647.63681395   634.668008 21307.481024
  354.300000    -653.08939299       5.92510510    -647.16428789   739.333471 21313.248077
  354.400000    -652.94426747       5.85120741    -647.09306006   730.112532 21319.015851
  354.500000    -652.13568896       5.24496328    -646.89072568   654.465507 21324.779647
  354.600000    -653.15335881       5.73085015    -647.42250866   715.094377 21330.547598
  354.700000    -653.52162245       5.13777276    -648.38384968   641.090295 21336.316572
  354.800000    -653.99428986       5.85235303    -648.14193683   730.255482 21342.081266
  354.900000    -652.86711014       5.27654276    -647.59056737   658.405988 21347.842980
  355.000000    -652.55630329       5.26797534    -647.28832795   657.336947 21353.608464
  355.100000    -653.02224057       5.29290788    -647.72933269   660.448024 21359.416527
  355.200000    -652.75413337       5.26161717    -647.49251620   656.543576 21365.164913
  355.300000    -652.90342902       5.22781245    -647.67561657   652.325429 21370.915556
  355.400000    -654.20458861       5.14354553    -649.06104309   641.810619 21376.667420
  355.500000    -652.93598060       4.87551034    -648.06047027   608.365239 21382.416215
  355.600000    -653.75391406       6.29949908    -647.45441498   786.050280 21388.164322
  355.700000    -652.42425584       4.91457694    -647.50967891   613.239962 21393.915271
  355.800000    -652.76525634       4.74232781    -648.02292852   591.746750 21399.668840
  355.900000    -653.16081184       6.10040974    -647.06040210   761.207951 21405.459327
  356.000000    -652.28653692       4.75697453    -647.52956238   593.574364 21411.210814
  356.100000    -653.04753323       6.54364636    -646.50388687   816.514930 21416.966683
  356.200000    -653.02264235       5.96136712    -647.06127523   743.858240 21422.722104
  356.300000    -652.38572435       5.07037444    -647.31534991   632.680345 21428.475577
  356.400000    -652.26364295       5.93018609    -646.33345686   739.967476 21434.238973
  356.500000    -652.23349503       6.23879166    -645.99470337   778.475220 21440.005204
  356.600000    -651.32145763       6.99267658    -644.32878105   872.544834 21445.774559
  356.700000    -651.56859776       6.16747773    -645.40112003   769.576681 21451.584404
  356.800000    -652.75370643       6.49648240    -646.25722404   810.629820 21457.348362
  356.900000    -652.15476656       5.80000994    -646.35475662   723.724121 21463.113862
  357.000000    -652.89350036       6.35185748    -646.54164289   792.583551 21468.883574
  357.100000    -651.69084684       5.38428317    -646.30656367   671.849815 21474.654013
  357.200000    -652.10854545       5.50985239    -646.59869306   687.518318 21480.424562
  357.300000    -652.07260623       6.18621627    -645.88638996   771.914873 21486.190798
  357.400000    -652.14304959       5.34223950    -646.80081009   666.603614 21492.137917
  357.500000    -652.10965515       4.81328387    -647.29637128   600.600633 21497.924390
  357.600000    -653.18487782       4.83413244    -648.35074538   603.202114 21503.718494
  357.700000    -652.21608589       5.15263860    -647.06344729   642.945251 21509.485930
  357.800000    -652.42726943       5.36006740    -647.06720203   668.828176 21515.253933
  357.900000    -652.92654770       5.85680856    -647.06973915   730.811442 21521.022951
  358.000000    -652.78627683       5.45040731    -647.33586951   680.100773 21526.793934
  358.100000    -651.97464669       5.84365346    -646.13099323   729.169952 21532.561757
  358.200000    -651.69967344       5.52498188    -646.17469156   689.406174 21538.336958
  358.300000    -652.44663933       4.79203808    -647.65460126   597.949587 21544.108887
  358.400000    -652.43278785       4.48668580    -647.94610205   559.847788 21549.928930
  358.500000    -652.29097200       5.22576467    -647.06520733   652.069908 21555.699914
  358.600000    -652.68662508       6.05536272    -646.63126236   755.586992 21561.476159
  358.700000    -652.32335729       6.14280675    -646.18055054   766.498241 21567.247119
  358.800000    -653.01892661       6.71094947    -646.30797714   837.390981 21573.016368
  358.900000    -651.41160085       6.71130671    -644.70029414   837.435556 21578.787140
  359.000000    -652.43105887       6.41717002    -646.01388884   800.733238 21584.561630
  359.100000    -652.00405901       5.96321442    -646.04084459   744.088745 21590.332492
  359.200000    -652.39696458       7.01525019    -645.38171439   875.361566 21596.144856
  359.300000    -652.36911255       6.44785983    -645.92125272   804.562706 21601.913476
  359.400000    -651.16744253       5.56928070    -645.59816183   694.933772 21607.681585
  359.500000    -652.76784910       6.16366287    -646.60418623   769.100664 21613.451702
  359.600000    -651.93729949       5.38752503    -646.54977446   672.254334 21619.223987
  359.700000    -651.99003404       5.50833809    -646.48169595   687.329364 21624.993120
  359.800000    -652.17895854       5.45061680    -646.72834174   680.126913 21630.762818
  359.900000    -653.08139475       6.15394174    -646.92745301   767.887663 21636.536088
  360.000000    -652.88094614       5.95991241    -646.92103373   743.676721 21642.308897
  360.100000    -653.61362674       5.25120972    -648.36241701   655.244937 21648.124735
  360.200000    -653.17182882       5.96239938    -647.20942944   743.987045 21653.894097
  360.300000    -652.56060575       6.02300835    -646.53759739   751.549821 21659.663162
  360.400000    -651.89726390       6.08516470    -645.81209920   759.305677 21665.436156
  360.500000    -651.79357782       6.13798276    -645.65559507   765.896304 21671.185813
  360.600000    -651.95021965       5.31432921    -646.63589045   663.120973 21676.967680
  360.700000    -652.24070754       5.34775328    -646.89295426   667.291623 21682.729062
  360.800000    -652.60865704       5.40484139    -647.20381565   674.415066 21688.483660
  360.900000    -652.41569261       5.20558097    -647.21011165   649.551389 21694.278525
  361.000000    -652.72135876       5.98363528    -646.73772348   746.636856 21700.025247
  361.100000    -652.39064286       5.39061783    -647.00002502   672.640253 21705.778751
  361.200000    -652.45793482       5.74599676    -646.71193806   716.984367 21711.536733
  361.300000    -652.04998993       5.42413470    -646.62585523   676.822482 21717.297938
  361.400000    -650.86305361       4.73769435    -646.12535927   591.168587 21723.062958
  361.500000    -652.22088028       5.84588184    -646.37499845   729.448008 21728.827514
  361.600000    -652.24651829       4.86164788    -647.38487041   606.635484 21734.593466
  361.700000    -652.48271074       5.00650879    -647.47620195   624.711202 21740.362083
  361.800000    -652.66035956       4.82117482    -647.83918474   601.585264 21746.171458
  361.900000    -652.65210727       4.12763752    -648.52446975   515.045814 21751.938682
  362.000000    -653.22787081       5.43917625    -647.78869456   678.699363 21757.707249
  362.100000    -652.74424380       5.46454584    -647.27969795   681.864976 21763.474824
  362.200000    -652.61649157       5.94459339    -646.67189818   741.765216 21769.239657
  362.300000    -651.90478799       5.20233235    -646.70245564   649.146027 21775.014123
  362.400000    -652.08002881       5.94764824    -646.13238057   742.146400 21780.774844
  362.500000    -651.99341674       5.97916517    -646.01425157   746.079076 21786.521970
  362.600000    -651.62250898       6.26089279    -645.36161620   781.232994 21792.335907
  362.700000    -651.84142378       6.29427827    -645.54714551   785.398828 21798.108970
  362.800000    -652.18592219       5.46231765    -646.72360454   681.586942 21803.881824
  362.900000    -651.66765113       5.45867396    -646.20897717   681.132284 21809.653245
  363.000000    -651.74863903       5.14228674    -646.60635230   641.653547 21815.423211
  363.100000    -651.95942022       5.14215887    -646.81726134   641.637592 21821.193652
  363.200000    -652.23566198       6.35783647    -645.87782551   793.329608 21826.963627
  363.300000    -651.23260121       6.14416724    -645.08843397   766.668003 21832.736817
  363.400000    -651.04582868       5.45303994    -645.59278874   680.429272 21838.509480
  363.500000    -651.84516263       5.46327464    -646.38188799   681.706356 21844.329829
  363.600000    -651.16482959       5.44860448    -645.71622511   679.875816 21850.097497
  363.700000    -652.15078040       6.70456856    -645.44621184   836.594771 21855.865737
  363.800000    -652.30173208       6.21595499    -646.08577709   775.625665 21861.632475
  363.900000    -652.17353601       5.12521481    -647.04832120   639.523315 21867.407351
  364.000000    -651.95953480       4.98068786    -646.97884695   621.489270 21873.181434
  364.100000    -652.00351527       4.91614175    -647.08737352   613.435219 21878.950467
  364.200000    -652.30697044       5.05678494    -647.25018549   630.984650 21884.722867
  364.300000    -653.20385064       6.47520302    -646.72864762   807.974584 21890.542009
  364.400000    -652.68303089       6.73988847    -645.94314243   841.001983 21896.313309
  364.500000    -651.24774095       5.13043636    -646.11730459   640.174860 21902.085398
  364.600000    -652.33011616       5.20161335    -647.12850282   649.056310 21907.858797
  364.700000    -652.35721424       5.79052764    -646.56668660   722.540921 21913.625646
  364.800000    -652.21871645       4.91885564    -647.29986081   613.773858 21919.395622
  364.900000    -652.12604350       5.14995074    -646.97609276   642.609860 21925.171203
  365.000000    -651.72121516       4.92772094    -646.79349422   614.880069 21930.948319
  365.100000    -651.16172185       4.83535703    -646.32636482   603.354918 21936.728414
  365.200000    -650.73094268       5.10588142    -645.62506126   637.110898 21942.544318
  365.300000    -651.08107029       6.34009429    -644.74097601   791.115742 21948.315710
  365.400000    -650.80898180       5.24618758    -645.56279422   654.618274 21954.090978
  365.500000    -652.76875847       6.84059106    -645.92816741   853.567633 21959.863099
  365.600000    -652.26443125       6.04400342    -646.22042782   754.169581 21965.630324
  365.700000    -652.08886161       5.91922028    -646.16964133   738.599164 21971.403079
  365.800000    -651.73820465       4.92199941    -646.81620523   614.166138 21977.172755
  365.900000    -652.51093579       6.44399644    -646.06693935   804.080633 21982.932575
  366.000000    -652.35044389       6.31148389    -646.03896001   787.545742 21988.759663
  366.100000    -652.19150982       6.04714929    -646.14436053   754.562122 21994.527668
  366.200000    -652.20522310       5.57655056    -646.62867253   695.840904 22000.290573
  366.300000    -651.49727573       4.94873594    -646.54853979   617.502316 22006.065389
  366.400000    -652.54380560       5.89385229    -646.64995331   735.433751 22011.823016
  366.500000    -652.06959534       5.61065031    -646.45894504   700.095863 22017.595365
  366.600000    -652.41856084       4.90645807    -647.51210277   612.226891 22023.364033
  366.700000    -653.42056856       5.77921599    -647.64135256   721.129457 22029.128801
  366.800000    -652.45915726       4.98894005    -647.47021721   622.518977 22034.900675
  366.900000    -653.13702507       5.85206209    -647.28496298   730.219179 22040.713136
  367.000000    -651.90785421       5.29080679    -646.61704741   660.185851 22046.487875
  367.100000    -651.92511699       4.88592313    -647.03919386   609.664546 22052.258571
  367.200000    -652.25077183       5.69359620    -646.55717563   710.445835 22058.024667
  367.300000    -652.38331604       5.54921405    -646.83410199   692.429859 22063.793582
  367.400000    -652.80229569       5.43547905    -647.36681664   678.238027 22069.564012
  367.500000    -652.82404233       5.99610855    -646.82793379   748.193268 22075.333282
  367.600000    -653.64887049       6.57106072    -647.07780977   819.935689 22081.105244
  367.700000    -652.70858463       5.27573887    -647.43284576   658.305678 22086.923365
  367.800000    -652.23036334       5.56785499    -646.66250835   694.755872 22092.684045
  367.900000    -651.98962365       6.69610760    -645.29351605   835.539015 22098.454076
  368.000000    -651.56127307       6.68420439    -644.87706867   834.053735 22104.224585
  368.100000    -651.19504103       5.91127475    -645.28376628   737.607723 22109.997855
  368.200000    -651.47299617       5.54295417    -645.93004200   691.648752 22115.759677
  368.300000    -651.89963335       5.36011528    -646.53951806   668.834151 22121.529312
  368.400000    -651.55098265       4.71748474    -646.83349791   588.646835 22127.298143
  368.500000    -651.86617690       5.77183973    -646.09433717   720.209048 22133.073249
  368.600000    -651.43797271       6.15054443    -645.28742828   767.463748 22138.896586
  368.700000    -651.89784186       6.09510226    -645.80273961   760.545684 22144.671377
  368.800000    -652.28206386       6.06225760    -646.21980626   756.447333 22150.439854
  368.900000    -653.30429092       6.09898217    -647.20530875   761.029818 22156.211338
  369.000000    -653.13910781       6.50556396    -646.63354385   811.763017 22161.981702
  369.100000    -653.50226614       5.69210964    -647.81015649   710.260343 22167.747710
  369.200000    -653.23894700       5.55070879    -647.68823820   692.616372 22173.514797
  369.300000    -652.62268811       5.39279019    -647.22989792   672.911320 22179.277001
  369.400000    -652.12572628       5.83091939    -646.29480688   727.580997 22185.081532
  369.500000    -651.52122837       4.98977104    -646.53145733   622.622668 22190.848026
  369.600000    -651.74992635       6.05783014    -645.69209620   755.894876 22196.614373
  369.700000    -651.82740551       5.90913946    -645.91826605   737.341282 22202.372745
  369.800000    -652.01103812       5.80094956    -646.21008857   723.841367 22208.130734
  369.900000    -652.02575629       5.70528425    -646.32047204   711.904268 22213.894160
  370.000000    -652.89951112       6.11254595    -646.78696517   762.722305 22219.672846
  370.100000    -652.56528295       5.54781109    -647.01747185   692.254798 22225.445787
  370.200000    -652.07220575       5.60814018    -646.46406557   699.782650 22231.240300
  370.300000    -650.93647398       5.20982373    -645.72665026   650.080799 22237.605125
  370.400000    -651.72795622       6.06511944    -645.66283678   756.804433 22244.265114
  370.500000    -652.05453634       6.84295644    -645.21157990   853.862784 22250.818021
  370.600000    -652.00637469       6.93256911    -645.07380558   865.044637 22257.381142
  370.700000    -652.35254296       5.63028249    -646.72226047   702.545563 22263.714132
  370.800000    -652.42457237       5.91531936    -646.50925301   738.112408 22269.594272
  370.900000    -652.15496139       5.67193117    -646.48303021   707.742478 22275.505454
  371.000000    -653.63702681       6.60887634    -647.02815048   824.654314 22281.412031
  371.100000    -653.36187863       5.23865365    -648.12322498   653.678192 22287.323740
  371.200000    -652.27766743       5.43595439    -646.84171304   678.297340 22293.214914
  371.300000    -652.99200420       5.61243165    -647.37957255   700.318139 22299.695506
  371.400000    -652.77032033       6.07997383    -646.69034650   758.657962 22306.274244
  371.500000    -653.28592582       5.83180509    -647.45412073   727.691514 22312.353889
  371.600000    -653.28025875       6.14587047    -647.13438828   766.880532 22318.423254
  371.700000    -653.08620777       5.70603887    -647.38016890   711.998430 22324.434804
  371.800000    -653.01129535       4.90757942    -648.10371592   612.366814 22330.449775
  371.900000    -652.90754360       5.68514721    -647.22239639   709.391572 22336.521567
  372.000000    -653.74011400       6.24797721    -647.49213679   779.621391 22342.557606
  372.100000    -653.55139812       5.66756118    -647.88383694   707.197191 22348.616188
  372.200000    -653.58139262       5.33820246    -648.24319016   666.099873 22354.684417
  372.300000    -652.91177872       5.81997971    -647.09179902   726.215945 22360.711516
  372.400000    -652.14391504       6.16825746    -645.97565759   769.673975 22366.800778
  372.500000    -652.12384171       5.86746875    -646.25637295   732.141619 22372.857798
  372.600000    -650.83844999       5.61040341    -645.22804658   700.065055 22378.866844
  372.700000    -652.44458605       6.50700305    -645.93758300   811.942585 22384.951271
  372.800000    -651.57186921       4.78585465    -646.78601456   597.178020 22390.963011
  372.900000    -651.99579836       5.80669172    -646.18910664   724.557873 22397.045993
  373.000000    -652.97027131       5.28891630    -647.68135501   659.949955 22403.110717
  373.100000    -653.51515852       5.73766336    -647.77749516   715.944527 22409.129696
  373.200000    -652.75492727       5.60105612    -647.15387115   698.898702 22415.221052
  373.300000    -652.76355779       5.03176849    -647.73178930   627.863101 22421.264966
  373.400000    -653.01755480       5.00993896    -648.00761583   625.139217 22427.273136
  373.500000    -653.86772582       6.11878443    -647.74894138   763.500741 22433.331696
  373.600000    -653.77539550       5.20551134    -648.56988416   649.542701 22439.383718
  373.700000    -653.68367110       4.68591789    -648.99775321   584.707931 22445.442458
  373.800000    -653.75037105       6.21794294    -647.53242810   775.873721 22451.521488
  373.900000    -653.43773363       5.84193418    -647.59579945   728.955420 22457.562451
  374.000000    -652.95615622       3.83617234    -649.11998388   478.676844 22463.661467
  374.100000    -653.74037698       6.06577032    -647.67460665   756.885651 22469.705022
  374.200000    -654.73192919       6.43020722    -648.30172198   802.360016 22475.704404
  374.300000    -653.84934094       5.88567520    -647.96366574   734.413417 22481.772182
  374.400000    -652.55205972       5.54968518    -647.00237454   692.488647 22487.800939
  374.500000    -652.19119184       5.53800937    -646.65318247   691.031740 22493.901169
  374.600000    -652.38181095       6.22323666    -646.15857428   776.534271 22499.946966
  374.700000    -651.48690397       5.13843022    -646.34847375   641.172331 22505.960478
  374.800000    -652.83372690       5.97955361    -646.85417330   746.127546 22512.080330
  374.900000    -652.97502850       6.08083547    -646.89419302   758.765477 22518.108486
  375.000000    -653.41226705       5.56018365    -647.85208340   693.798643 22524.153852
  375.100000    -652.97740231       5.27191672    -647.70548559   657.828751 22530.219606
  375.200000    -652.90764099       5.31983853    -647.58780246   663.808425 22536.253644
  375.300000    -653.13911023       5.73796016    -647.40115007   715.981562 22542.371072
  375.400000    -652.54466697       6.66550195    -645.87916502   831.720048 22548.398343
  375.500000    -651.95565713       6.04092614    -645.91473098   753.785599 22554.438949
  375.600000    -652.17253842       4.74907674    -647.42346168   592.588880 22560.516210
  375.700000    -652.64354271       4.93154902    -647.71199369   615.357735 22566.519932
  375.800000    -653.61323907       4.97104290    -648.64219617   620.285774 22572.573763
  375.900000    -653.28708056       5.35364351    -647.93343705   668.026604 22578.632098
  376.000000    -652.64084073       5.39386026    -647.24698047   673.044842 22584.694668
  376.100000    -652.99527772       5.35157924    -647.64369848   667.769025 22590.758993
  376.200000    -652.91217354       5.23012723    -647.68204632   652.614266 22596.827274
  376.300000    -653.08839110       6.52921120    -646.55917990   814.713714 22602.832653
  376.400000    -651.13378990       5.55818197    -645.57560793   693.548874 22608.955603
  376.500000    -652.65468989       6.24051544    -646.41417444   778.690313 22614.978658
  376.600000    -652.43210670       5.89789700    -646.53420970   735.938449 22621.031948
  376.700000    -652.29371316       6.55561342    -645.73809974   818.008178 22627.065014
  376.800000    -651.19246170       6.28309999    -644.90936172   784.004004 22633.108237
  376.900000    -651.52090965       5.90968009    -645.61122956   737.408742 22639.185698
  377.000000    -651.86032869       6.68440727    -645.17592142   834.079050 22645.249037
  377.100000    -651.65155346       5.32016544    -646.33138803   663.849217 22651.271089
  377.200000    -650.67162745       5.36235006    -645.30927739   669.113007 22657.374316
  377.300000    -650.47007635       6.37640452    -644.09367183   795.646526 22663.386478
  377.400000    -651.28524870       5.97045990    -645.31478880   744.992835 22669.469906
  377.500000    -651.70175625       6.61929750    -645.08245876   825.954665 22675.513499
  377.600000    -651.35980871       6.05985253    -645.29995619   756.147229 22681.564860
  377.700000    -652.10299512       6.04002118    -646.06297393   753.672678 22687.632818
  377.800000    -652.16393250       5.18592066    -646.97801184   647.098180 22693.712273
  377.900000    -653.15757893       5.67517833    -647.48240060   708.147657 22699.743788
  378.000000    -653.12285548       6.07954022    -647.04331525   758.603856 22705.808487
  378.100000    -651.98334605       4.99992339    -646.98342266   623.889476 22711.827389
  378.200000    -653.41978242       6.31997501    -647.09980741   788.605263 22717.889723
  378.300000    -652.58312939       4.59904721    -647.98408218   573.868224 22723.957496
  378.400000    -652.87739805       5.60985078    -647.26754728   699.996098 22729.996473
  378.500000    -652.30084201       6.05159566    -646.24924634   755.116940 22736.098202
  378.600000    -651.99605830       5.77737406    -646.21868424   720.899621 22742.144212
  378.700000    -651.52308428       5.80146404    -645.72162024   723.905563 22748.169883
  378.800000    -652.70696603       6.37937745    -646.32758858   796.017488 22754.239833
  378.900000    -652.17965316       5.83439239    -646.34526077   728.014357 22760.276426
  379.000000    -653.01446852       6.02655502    -646.98791350   751.992372 22766.341981
  379.100000    -652.23349601       5.41742169    -646.81607432   675.984834 22772.391262
  379.200000    -652.97135064       5.62607199    -647.34527866   702.020177 22778.436749
  379.300000    -652.66529214       4.97911960    -647.68617254   621.293584 22784.536740
  379.400000    -652.18509897       5.36041272    -646.82468626   668.871265 22790.596586
  379.500000    -653.26271002       5.59580732    -647.66690270   698.243758 22796.627251
  379.600000    -653.94600638       5.78228047    -648.16372591   721.511842 22802.706264
  379.700000    -653.13257432       5.77884867    -647.35372565   721.083623 22808.725320
  379.800000    -652.34865195       4.87432249    -647.47432946   608.217020 22814.803693
  379.900000    -652.84554462       5.41353241    -647.43201221   675.499530 22820.842860
  380.000000    -652.63851822       5.28573205    -647.35278617   659.552626 22826.867657
  380.100000    -652.43917172       4.96590500    -647.47326672   619.644668 22832.966239
  380.200000    -652.95772613       5.57935495    -647.37837118   696.190835 22839.006713
  380.300000    -652.17218649       5.19781761    -646.97436887   648.582679 22845.001890
  380.400000    -652.94292877       6.15606630    -646.78686247   768.152766 22851.046923
  380.500000    -652.91730837       5.79821607    -647.11909229   723.500283 22857.108082
  380.600000    -651.99949962       5.18757469    -646.81192493   647.304570 22863.172312
  380.700000    -652.30241913       5.59036091    -646.71205822   697.564156 22869.229165
  380.800000    -652.18837360       5.75702003    -646.43135358   718.359849 22875.239179
  380.900000    -652.30389668       5.85189969    -646.45199699   730.198914 22881.343587
  381.000000    -651.86317662       5.20758434    -646.65559229   649.801369 22887.382586
  381.100000    -652.84837193       5.39367963    -647.45469230   673.022304 22893.392941
  381.200000    -652.45939481       5.13575743    -647.32363738   640.838822 22899.455292
  381.300000    -652.14133307       5.36986028    -646.77147279   670.050130 22905.500535
  381.400000    -652.59574612       6.09405283    -646.50169330   760.414736 22911.559379
  381.500000    -652.63960407       5.69106430    -646.94853977   710.129906 22917.617821
  381.600000    -652.70945368       5.73827515    -646.97117853   716.020866 22923.650095
  381.700000    -652.66757248       5.84223860    -646.82533389   728.993405 22929.738567
  381.800000    -652.09865732       5.47407581    -646.62458151   683.054124 22935.784917
  381.900000    -652.28656650       5.73240619    -646.55416031   715.288538 22941.766318
  382.000000    -651.25074062       5.37109397    -645.87964665   670.204070 22947.822294
  382.100000    -651.91675545       6.31426697    -645.60248849   787.893014 22953.871300
  382.200000    -651.31873494       5.82309504    -645.49563990   726.604676 22959.950285
  382.300000    -651.93624087       5.41698039    -646.51926048   675.929769 22965.999205
  382.400000    -652.16622958       5.53592503    -646.63030455   690.771657 22972.032113
  382.500000    -653.18085401       6.21252697    -646.96832704   775.197917 22978.131792
  382.600000    -651.67275901       5.26186523    -646.41089378   656.574528 22984.176167
  382.700000    -651.75532184       5.62735239    -646.12796945   702.179945 22990.191912
  382.800000    -651.99878795       5.62964559    -646.36914236   702.466091 22996.272186
  382.900000    -651.58906672       5.62801825    -645.96104847   702.263032 23002.297412
  383.000000    -651.60543494       5.88657705    -645.71885789   734.525949 23008.352150
  383.100000    -651.73364307       6.40936898    -645.32427409   799.759825 23014.388491
  383.200000    -651.81084019       6.66311861    -645.14772159   831.422654 23020.402732
  383.300000    -651.21779687       6.06616290    -645.15163397   756.934637 23026.529584
  383.400000    -651.57469919       5.31849563    -646.25620356   663.640859 23032.555095
  383.500000    -652.25771270       5.53977262    -646.71794008   691.251759 23038.566707
  383.600000    -652.83984925       5.56004268    -647.27980657   693.781053 23044.625193
  383.700000    -652.48882511       4.74066674    -647.74815837   591.539482 23050.668226
  383.800000    -652.36736979       5.83843375    -646.52893605   728.518637 23056.731698
  383.900000    -652.82651214       7.05682806    -645.76968408   880.549644 23062.792219
  384.000000    -650.95104396       5.47420780    -645.47683616   683.070594 23068.802097
  384.100000    -652.02195625       6.48219440    -645.53976184   808.846967 23074.910078
  384.200000    -651.58903182       6.20727511    -645.38175671   774.542591 23080.930160
  384.300000    -652.50037309       6.35923197    -646.14114112   793.503738 23086.973796
  384.400000    -652.81870835       6.41013676    -646.40857159   799.855629 23093.044264
  384.500000    -651.31186919       5.17111948    -646.14074971   645.251291 23099.066918
  384.600000    -651.84811769       5.20704543    -646.64107226   649.734124 23105.120354
  384.700000    -652.80916255       6.55268781    -646.25647474   817.643121 23111.181635
  384.800000    -652.14446270       4.92812896    -647.21633374   614.930981 23117.217051
  384.900000    -652.01439003       6.11970135    -645.89468868   763.615154 23123.299565
  385.000000    -651.90372697       6.53052948    -645.37319749   814.878208 23129.364575
  385.100000    -650.82547345       6.31452412    -644.51094932   787.925102 23135.357008
  385.200000    -651.46892040       5.56468405    -645.90423635   694.360202 23141.416290
  385.300000    -652.82825851       5.32861990    -647.49963861   664.904163 23147.456132
  385.400000    -652.37262611       6.24907353    -646.12355258   779.758190 23153.501482
  385.500000    -651.85326753       4.71611167    -647.13715586   588.475504 23159.555297
  385.600000    -651.73146768       5.12562103    -646.60584665   639.574003 23165.570455
  385.700000    -652.15238728       5.09958389    -647.05280339   636.325094 23171.632676
  385.800000    -653.62777131       6.12615104    -647.50162027   764.419945 23177.713278
  385.900000    -652.97172551       5.15487587    -647.81684965   643.224416 23183.735073
  386.000000    -652.85185380       5.49695944    -647.35489436   685.909538 23189.822905
  386.100000    -652.55903020       4.79337941    -647.76565079   598.116958 23195.824222
  386.200000    -652.26481205       5.58653639    -646.67827565   697.086934 23201.877008
  386.300000    -653.07723277       5.57450272    -647.50273005   695.585374 23207.932840
  386.400000    -652.66993188       5.89118944    -646.77874244   735.101482 23213.968567
  386.500000    -652.69371157       5.56552579    -647.12818578   694.465235 23220.040611
  386.600000    -652.72915783       5.65624306    -647.07291477   705.784918 23226.090573
  386.700000    -652.20186218       5.41892287    -646.78293931   676.172151 23232.104902
  386.800000    -652.86351173       5.70241288    -647.16109886   711.545979 23238.171660
  386.900000    -652.85454124       5.74464413    -647.10989710   716.815587 23244.215894
  387.000000    -653.01928010       5.48288195    -647.53639815   684.152952 23250.277430
  387.100000    -652.72837155       4.23308298    -648.49528857   528.203278 23256.338881
  387.200000    -652.93623138       5.37020147    -647.56602991   670.092704 23262.357613
  387.300000    -652.92109940       4.75217882    -648.16892057   592.975957 23268.468960
  387.400000    -653.17351144       5.45227278    -647.72123865   680.333546 23274.496300
  387.500000    -653.11200149       5.11042527    -648.00157622   637.677879 23280.517387
  387.600000    -653.49915686       4.68320392    -648.81595293   584.369282 23286.575154
  387.700000    -653.48206675       4.83163071    -648.65043604   602.889948 23292.631496
  387.800000    -653.84129298       6.27516224    -647.56613073   783.013534 23298.697900
  387.900000    -653.11077267       4.14664636    -648.96412631   517.417733 23304.744711
  388.000000    -652.58403240       5.26396707    -647.32006533   656.836796 23310.785022
  388.100000    -652.68909019       4.83000579    -647.85908441   602.687190 23316.845999
  388.200000    -654.00638791       6.61758558    -647.38880233   825.741052 23322.926714
  388.300000    -652.71273305       5.26764093    -647.44509212   657.295219 23328.945982
  388.400000    -652.05458366       5.74723860    -646.30734506   717.139324 23335.018871
  388.500000    -651.59439226       6.57648908    -645.01790318   820.613039 23341.033944
  388.600000    -651.47627080       6.18306026    -645.29321055   771.521066 23347.104221
  388.700000    -652.14665952       6.43702877    -645.70963076   803.211208 23353.160787
  388.800000    -653.01894345       5.54839814    -647.47054531   692.328050 23359.175774
  388.900000    -653.43872035       5.80988283    -647.62883752   724.956059 23365.289277
  389.000000    -653.21234331       5.25306224    -647.95928108   655.476093 23371.319259
  389.100000    -653.37275049       5.23312459    -648.13962591   652.988276 23377.342377
  389.200000    -652.90043325       5.05713400    -647.84329925   631.028205 23383.422936
  389.300000    -653.41591191       5.64819336    -647.76771855   704.780478 23389.448094
  389.400000    -652.76521165       6.30420141    -646.46101024   786.637035 23395.528783
  389.500000    -652.44547849       6.60967994    -645.83579855   824.754588 23401.588234
  389.600000    -652.48534899       5.39070192    -647.09464707   672.650746 23407.592137
  389.700000    -653.32411362       5.51960916    -647.80450446   688.735766 23413.712598
  389.800000    -652.23969063       4.64643940    -647.59325123   579.781812 23419.726076
  389.900000    -652.39778205       4.94861240    -647.44916965   617.486901 23425.751133
  390.000000    -652.89389149       5.21620612    -647.67768536   650.877194 23431.824096
  390.100000    -651.45993197       6.25984209    -645.20008987   781.101889 23437.858167
  390.200000    -652.28474405       6.76673410    -645.51800994   844.351776 23443.930502
  390.300000    -652.27604227       7.61349095    -644.66255132   950.009932 23450.016567
  390.400000    -651.96582486       5.84734044    -646.11848442   729.630012 23456.038830
  390.500000    -651.86830868       5.62042252    -646.24788616   701.315238 23462.131590
  390.600000    -652.52315396       5.61552227    -646.90763168   700.703786 23468.140115
  390.700000    -652.47100100       4.96625822    -647.50474278   619.688742 23474.193595
  390.800000    -652.21785212       5.62334464    -646.59450748   701.679859 23480.267347
  390.900000    -652.35147071       5.55555126    -646.79591945   693.220615 23486.314956
  391.000000    -651.83831030       5.36976773    -646.46854258   670.038581 23492.412575
  391.100000    -652.20910510       5.74644139    -646.46266371   717.039848 23498.482712
  391.200000    -653.08074829       5.63493735    -647.44581094   703.126396 23504.490666
  391.300000    -652.29015532       5.48167566    -646.80847966   684.002431 23510.575130
  391.400000    -652.25008766       6.47874759    -645.77134007   808.416875 23516.611817
  391.500000    -652.31839534       6.75421852    -645.56417682   842.790083 23522.700247
  391.600000    -651.70185122       5.26164321    -646.44020801   656.546825 23528.764405
  391.700000    -652.12177704       5.44659989    -646.67517715   679.625683 23534.785573
  391.800000    -653.49981039       5.88033050    -647.61947989   733.746506 23540.910821
  391.900000    -652.61611775       4.69287369    -647.92324406   585.575874 23546.937500
  392.000000    -652.08681455       5.66075959    -646.42605496   706.348490 23552.974793
  392.100000    -651.85010492       5.80549073    -646.04461419   724.408014 23559.026766
  392.200000    -652.49301718       5.34949425    -647.14352293   667.508861 23565.064197
  392.300000    -651.76234224       5.04576715    -646.71657509   629.609852 23571.127589
  392.400000    -653.43970562       6.66551948    -646.77418613   831.722235 23577.213871
  392.500000    -650.93618169       5.81868673    -645.11749496   726.054607 23583.243349
  392.600000    -651.14651878       5.74414075    -645.40237803   716.752775 23589.308520
  392.700000    -651.96837262       6.28813993    -645.68023270   784.632887 23595.337349
  392.800000    -651.24817450       4.87548959    -646.37268491   608.362650 23601.438028
  392.900000    -652.65354276       5.98836237    -646.66518039   747.226701 23607.469366
  393.000000    -652.30545420       5.26092922    -647.04452498   656.457733 23613.511822
  393.100000    -653.24211570       5.42515735    -647.81695835   676.950088 23619.618893
  393.200000    -651.71963193       6.22985993    -645.48977199   777.360721 23625.666861
  393.300000    -651.23761156       5.29060378    -645.94700779   660.160519 23631.685290
  393.400000    -651.58002215       5.11427954    -646.46574261   638.158815 23637.800904
  393.500000    -652.26159406       6.75027569    -645.51131837   842.298099 23643.821623
  393.600000    -651.71389271       4.96422407    -646.74966864   619.434922 23649.856180
  393.700000    -651.80142550       6.21763933    -645.58378616   775.835836 23655.879949
  393.800000    -651.36594615       6.16842975    -645.19751639   769.695475 23661.896264
  393.900000    -651.86385563       6.04458280    -645.81927283   754.241876 23667.959950
  394.000000    -651.58357264       5.81265290    -645.77091973   725.301708 23674.034559
  394.100000    -650.84474107       4.99502741    -645.84971366   623.278557 23680.047982
  394.200000    -651.15160079       5.65545066    -645.49615014   705.686042 23686.113621
  394.300000    -651.08491816       7.09597025    -643.98894791   885.433799 23692.113230
  394.400000    -650.10385219       6.82742269    -643.27642950   851.924487 23698.181678
  394.500000    -649.69766637       5.81420582    -643.88346055   725.495481 23704.231648
  394.600000    -650.74708956       5.33691446    -645.41017509   665.939157 23710.251804
  394.700000    -651.23713009       6.78427010    -644.45286000   846.539914 23716.332256
  394.800000    -651.08282770       7.15667988    -643.92614782   893.009135 23722.409768
  394.900000    -649.75844065       5.71217330    -644.04626734   712.763883 23728.424389
  395.000000    -651.09383470       5.98918160    -645.10465310   747.328924 23734.496802
  395.100000    -651.03254162       5.44230311    -645.59023852   679.089532 23740.502247
  395.200000    -650.92557330       6.60120646    -644.32436683   823.697269 23746.582291
  395.300000    -650.67968403       6.06298466    -644.61669938   756.538056 23752.604666
  395.400000    -651.08788810       6.62589862    -644.46198948   826.778352 23758.651768
  395.500000    -651.16547779       6.36348238    -644.80199541   794.034104 23764.724528
  395.600000    -650.70630944       6.10701267    -644.59929676   762.031863 23770.788725
  395.700000    -650.14911795       5.11617842    -645.03293953   638.395757 23776.794772
  395.800000    -652.32714378       6.21504475    -646.11209903   775.512084 23782.915513
  395.900000    -651.14954161       4.74909237    -646.40044924   592.590830 23788.942261
  396.000000    -652.03215620       5.68205229    -646.35010392   709.005388 23794.973869
  396.100000    -651.58041792       5.10217541    -646.47824251   636.648463 23801.023553
  396.200000    -651.25553821       5.34528050    -645.91025771   666.983070 23807.056523
  396.300000    -652.89295856       5.62385371    -647.26910485   701.743381 23813.133737
  396.400000    -652.22977198       5.48352560    -646.74624639   684.233266 23819.197512
  396.500000    -652.15962065       5.08305377    -647.07656688   634.262469 23825.217009
  396.600000    -651.22429483       5.22101009    -646.00328474   651.476632 23831.319170
  396.700000    -651.32787101       5.60716559    -645.72070541   699.661041 23837.368460
  396.800000    -652.06410691       5.89778918    -646.16631773   735.924996 23843.354685
  396.900000    -652.17112082       6.09285248    -646.07826834   760.264957 23849.428890
  397.000000    -651.65227918       4.40365965    -647.24861953   549.487801 23855.450761
  397.100000    -652.17618227       5.11883190    -647.05735037   638.726857 23861.526543
  397.200000    -652.72363292       5.27810181    -647.44553111   658.600525 23867.583327
  397.300000    -652.38302687       6.71558141    -645.66744546   837.968953 23873.584197
  397.400000    -651.74465315       5.80875165    -645.93590150   724.814911 23879.689657
  397.500000    -651.15590965       5.10005397    -646.05585568   636.383751 23885.711247
  397.600000    -652.15014785       5.85171999    -646.29842786   730.176491 23891.732043
  397.700000    -651.57842940       5.08519497    -646.49323443   634.529647 23897.808013
  397.800000    -651.69888707       5.24646208    -646.45242498   654.652526 23903.832059
  397.900000    -652.10406407       7.10891367    -644.99515040   887.048876 23909.899981
  398.000000    -652.03757933       6.54657515    -645.49100418   816.880384 23915.921521
  398.100000    -651.04207450       5.64051237    -645.40156214   703.822045 23921.935719
  398.200000    -651.33206549       6.53519575    -644.79686974   815.460465 23928.033607
  398.300000    -649.92822854       5.40533969    -644.52288885   674.477244 23934.065950
  398.400000    -651.02842267       6.34222372    -644.68619894   791.381453 23940.074205
  398.500000    -651.60042951       5.41687319    -646.18355632   675.916391 23946.143543
  398.600000    -652.45827281       6.47790279    -645.98037003   808.311460 23952.169435
  398.700000    -651.85746830       6.01781218    -645.83965612   750.901443 23958.236889
  398.800000    -652.90462456       5.82404461    -647.08057996   726.723163 23964.268491
  398.900000    -652.65360515       5.72286549    -646.93073966   714.098052 23970.298303
  399.000000    -652.11930720       5.21982706    -646.89948014   651.329014 23976.381114
  399.100000    -652.33933418       6.19825637    -646.14107780   773.417234 23982.421261
  399.200000    -651.82159744       6.11564081    -645.70595663   763.108480 23988.433096
  399.300000    -653.38922267       6.34434515    -647.04487753   791.646164 23994.491561
  399.400000    -652.80499724       6.03738678    -646.76761046   753.343957 24000.490201
  399.500000    -652.69396067       5.72740554    -646.96655513   714.664558 24006.563068
  399.600000    -652.37181213       6.33707938    -646.03473275   790.739542 24012.570669
  399.700000    -652.54292394       5.12894921    -647.41397473   639.989293 24018.594765
  399.800000    -652.09132147       5.69134568    -646.39997580   710.165016 24024.712780
  399.900000    -651.08765566       5.30314600    -645.78450966   661.725535 24030.736655
  400.000000    -651.65952367       4.82940224    -646.83012143   602.611880 24036.746344
  400.100000    -652.34974076       5.29954330    -647.05019746   661.275991 24042.831310
  400.200000    -652.02764526       5.33908088    -646.68856438   666.209482 24048.878316
  400.300000    -651.59812692       4.90643162    -646.69169530   612.223591 24054.972502
  400.400000    -651.73519628       6.91227132    -644.82292496   862.511882 24061.044780
  400.500000    -650.64708941       6.55801100    -644.08907841   818.307348 24067.068960
  400.600000    -650.61754106       6.05651706    -644.56102400   755.731030 24073.120773
  400.700000    -650.91889281       6.30640103    -644.61249177   786.911504 24079.165662
  400.800000    -651.78752474       6.58622273    -645.20130201   821.827602 24085.171019
  400.900000    -651.06363577       5.17846613    -645.88516964   646.168005 24091.266525
  401.000000    -652.75634938       5.52157919    -647.23477018   688.981587 24097.307885
  401.100000    -653.25132691       6.42563686    -646.82569004   801.789728 24103.281972
  401.200000    -651.95638152       5.01572922    -646.94065230   625.861725 24109.345327
  401.300000    -652.06345468       4.82934115    -647.23411353   602.604257 24115.364043
  401.400000    -652.71239461       6.54777429    -646.16462032   817.030013 24121.402186
  401.500000    -651.21573644       5.54546671    -645.67026973   691.962266 24127.465511
  401.600000    -651.07032015       5.94221362    -645.12810652   741.468270 24133.504521
  401.700000    -651.96326928       6.01395318    -645.94931610   750.419918 24139.561012
  401.800000    -652.00461723       6.02005484    -645.98456240   751.181281 24145.639121
  401.900000    -652.80709287       5.70606031    -647.10103255   712.001105 24151.657625
  402.000000    -651.62888601       5.41835004    -646.21053597   676.100673 24157.717087
  402.100000    -651.76643354       5.19731761    -646.56911593   648.520288 24163.714951
  402.200000    -651.44798024       5.81914897    -645.62883127   726.112286 24169.797386
  402.300000    -651.48590783       6.13145502    -645.35445281   765.081775 24175.812640
  402.400000    -651.37521239       5.50443153    -645.87078086   686.841904 24181.836131
  402.500000    -652.09068818       6.56287413    -645.52781405   818.914167 24187.932818
  402.600000    -651.21622005       5.84492069    -645.37129936   729.328076 24193.962001
  402.700000    -652.06696008       6.22968676    -645.83727332   777.339112 24199.968252
  402.800000    -651.70095424       5.88763425    -645.81331999   734.657866 24206.044652
  402.900000    -652.29218033       5.53891808    -646.75326225   691.145130 24212.095416
  403.000000    -650.46471068       4.90043391    -645.56427677   611.475199 24218.088363
  403.100000    -651.36063169       5.68826022    -645.67237147   709.780012 24224.169375
  403.200000    -652.23803682       5.49359010    -646.74444672   685.489113 24230.174512
  403.300000    -652.27969165       5.19221635    -647.08747529   647.883755 24236.192192
  403.400000    -651.59127597       5.39994984    -646.19132613   673.804699 24242.263603
  403.500000    -652.61926558       5.16703149    -647.45223408   644.741193 24248.292949
  403.600000    -653.16805079       5.86096655    -647.30708425   731.330275 24254.347230
  403.700000    -651.35804325       4.66166066    -646.69638259   581.681118 24260.422675
  403.800000    -653.01901087       5.86852279    -647.15048808   732.273142 24266.439885
  403.900000    -653.41978283       6.12325459    -647.29652824   764.058527 24272.515353
  404.000000    -652.36319932       5.49645607    -646.86674325   685.846728 24278.519600
  404.100000    -651.96739134       5.77124156    -646.19614978   720.134409 24284.563757
  404.200000    -652.22355845       5.86892568    -646.35463277   732.323414 24290.614783
  404.300000    -652.15331931       6.33687550    -645.81644380   790.714103 24296.643820
  404.400000    -651.51476460       5.84897880    -645.66578580   729.834446 24302.743956
  404.500000    -652.95366177       5.80243801    -647.15122375   724.027096 24308.817722
  404.600000    -652.15874650       6.72308359    -645.43566290   838.905074 24314.822166
  404.700000    -650.97666398       5.39824429    -645.57841969   673.591881 24320.927507
  404.800000    -651.07415142       5.36300481    -645.71114661   669.194706 24326.931128
  404.900000    -651.17525732       5.62762346    -645.54763386   702.213769 24332.889639
  405.000000    -651.55847456       5.96459912    -645.59387544   744.261528 24339.012261
  405.100000    -651.72788239       6.31553387    -645.41234852   788.051098 24345.039127
  405.200000    -651.38812659       6.34268607    -645.04544053   791.439144 24351.053429
  405.300000    -651.74383440       5.46061348    -646.28322092   681.374297 24357.106282
  405.400000    -651.85582210       5.89246546    -645.96335665   735.260703 24363.134165
  405.500000    -652.09303627       5.47926001    -646.61377625   683.701008 24369.212882
  405.600000    -652.56030731       5.15657866    -647.40372865   643.436890 24375.284687
  405.700000    -652.60553026       5.63075961    -646.97477065   702.605098 24381.301630
  405.800000    -653.07702868       6.09182234    -646.98520634   760.136416 24387.412697
  405.900000    -652.23801258       4.69543108    -647.54258151   585.894984 24393.453561
  406.000000    -652.31128682       4.99310658    -647.31818024   623.038876 24399.451758
  406.100000    -652.67600853       4.59246761    -648.08354092   573.047223 24405.520198
  406.200000    -652.23052684       5.32824001    -646.90228682   664.856761 24411.547551
  406.300000    -652.46218550       4.79094403    -647.67124147   597.813072 24417.625102
  406.400000    -653.46037834       5.94868274    -647.51169560   742.275485 24423.685463
  406.500000    -652.02258204       5.00688937    -647.01569266   624.758690 24429.692901
  406.600000    -651.80956940       5.90910708    -645.90046231   737.337242 24435.799712
  406.700000    -652.99956410       5.30369133    -647.69587276   661.793581 24441.818907
  406.800000    -653.13935409       5.59116131    -647.54819278   697.664029 24447.846574
  406.900000    -653.00524843       5.93480611    -647.07044232   740.543961 24453.889108
  407.000000    -652.55941006       5.05358629    -647.50582376   630.585523 24459.944830
  407.100000    -652.85192938       5.03356417    -647.81836521   628.087166 24466.014522
  407.200000    -653.67685265       6.61016162    -647.06669103   824.814692 24472.058654
  407.300000    -651.62033596       4.67415873    -646.94617723   583.240624 24478.095284
  407.400000    -652.61458830       5.24942427    -647.36516403   655.022148 24484.173233
  407.500000    -652.70983363       5.76570062    -646.94413301   719.443011 24490.223014
  407.600000    -652.06358643       5.87585628    -646.18773016   733.188213 24496.234903
  407.700000    -651.18086284       5.45512041    -645.72574242   680.688873 24502.314781
  407.800000    -652.65306278       5.88550406    -646.76755872   734.392062 24508.348964
  407.900000    -652.51133901       6.27130194    -646.24003707   782.531846 24514.448261
  408.000000    -651.91163933       5.63953516    -646.27210417   703.700109 24520.464573
  408.100000    -653.02160398       4.99227550    -648.02932849   622.935173 24526.488177
  408.200000    -653.61264876       5.31456517    -648.29808359   663.150417 24532.580588
  408.300000    -652.76156434       4.68337871    -648.07818563   584.391092 24538.610534
  408.400000    -652.13241970       5.56018575    -646.57223394   693.798906 24544.631146
  408.500000    -651.97927291       5.05647426    -646.92279866   630.945882 24550.699708
  408.600000    -652.99181956       5.17892503    -647.81289452   646.225267 24556.704222
  408.700000    -653.24844778       4.86373886    -648.38470892   606.896397 24562.752383
  408.800000    -653.88823538       4.88489324    -649.00334214   609.536037 24568.782092
  408.900000    -652.84770544       5.53531028    -647.31239516   690.694949 24574.803890
  409.000000    -653.31657690       5.50855586    -647.80802105   687.356537 24580.888969
  409.100000    -653.63183164       5.73913859    -647.89269304   716.128607 24586.930437
  409.200000    -653.47759906       6.18357989    -647.29401918   771.585906 24592.950262
  409.300000    -652.36259279       5.64471619    -646.71787659   704.346597 24599.023626
  409.400000    -651.94936965       5.95423887    -645.99513078   742.968778 24605.077623
  409.500000    -651.07077116       6.69380467    -644.37696650   835.251655 24611.086267
  409.600000    -651.06595906       6.62684396    -644.43911511   826.896310 24617.169213
  409.700000    -651.11328026       6.22468207    -644.88859820   776.714628 24623.160977
  409.800000    -652.07787436       5.85547042    -646.22240394   730.644469 24629.224049
  409.900000    -651.63155586       5.57193211    -646.05962375   695.264614 24635.234721
  410.000000    -651.95000141       4.86122655    -647.08877486   606.582911 24641.262918
  410.100000    -651.10430884       5.01038257    -646.09392626   625.194571 24647.301712
  410.200000    -652.60056449       6.23443373    -646.36613077   777.931438 24653.383764
  410.300000    -651.91078423       5.39422768    -646.51655655   673.090689 24659.389502
  410.400000    -651.43045945       5.51283034    -645.91762911   687.889906 24665.494250
  410.500000    -651.15424710       5.94083581    -645.21341129   741.296346 24671.514730
  410.600000    -651.39667392       5.56547622    -645.83119770   694.459049 24677.529166
  410.700000    -651.58362753       5.33570443    -646.24792309   665.788170 24683.576769
  410.800000    -651.35316160       5.36504012    -645.98812148   669.448671 24689.601796
  410.900000    -652.05616295       4.72488548    -647.33127747   589.570299 24695.678225
  411.000000    -652.60636183       5.48238484    -647.12397698   684.090923 24701.709672
  411.100000    -651.64996074       4.77181810    -646.87814264   595.426542 24707.711883
  411.200000    -651.45956782       5.84401758    -645.61555024   729.215387 24713.818440
  411.300000    -651.74028250       7.01043452    -644.72984798   874.760667 24719.860710
  411.400000    -651.31064792       5.92359655    -645.38705137   739.145234 24725.903508
  411.500000    -650.99820868       5.41104883    -645.58715984   675.189630 24731.996460
  411.600000    -650.97620273       4.92517836    -646.05102437   614.562805 24737.993463
  411.700000    -650.88725995       6.01002391    -644.87723604   749.929624 24744.021144
  411.800000    -651.18444813       6.09301203    -645.09143610   760.284866 24750.075097
  411.900000    -650.89142237       5.94324528    -644.94817710   741.596999 24756.114635
  412.000000    -650.79231202       5.53905725    -645.25325477   691.162496 24762.212665
  412.100000    -650.87352425       6.00672310    -644.86680115   749.517750 24768.235095
  412.200000    -650.13315994       5.68333201    -644.44982793   709.165072 24774.253538
  412.300000    -650.90775259       6.25080787    -644.65694472   779.974600 24780.357858
  412.400000    -651.47484971       5.59225932    -645.88259039   697.801039 24786.360314
  412.500000    -652.60070192       6.25252491    -646.34817701   780.188852 24792.399666
  412.600000    -651.65883648       5.69127943    -645.96755705   710.156749 24798.421074
  412.700000    -652.07863979       5.74631108    -646.33232870   717.023589 24804.486964
  412.800000    -650.85513150       5.59300836    -645.26212314   697.894504 24810.515113
  412.900000    -651.18315594       6.31809091    -644.86506504   788.370165 24816.566599
  413.000000    -650.87322641       6.05173892    -644.82148749   755.134815 24822.574820
  413.100000    -651.15382265       6.11487894    -645.03894371   763.013415 24828.654235
  413.200000    -651.54428766       6.31570729    -645.22858037   788.072738 24834.704650
  413.300000    -651.00352293       6.04902134    -644.95450159   754.795716 24840.724650
  413.400000    -651.16828375       5.63331204    -645.53497171   702.923590 24846.801845
  413.500000    -651.75205388       4.96874002    -646.78331386   619.998421 24852.821816
  413.600000    -651.90230281       5.63622558    -646.26607722   703.287141 24858.834806
  413.700000    -652.29947948       5.59612611    -646.70335338   698.283536 24864.893911
  413.800000    -652.97171403       5.46457321    -647.50714082   681.868391 24870.919604
  413.900000    -653.13591685       5.31788754    -647.81802931   663.564981 24876.984314
  414.000000    -652.62799809       4.88224376    -647.74575433   609.205435 24883.054311
  414.100000    -653.14235966       4.84388204    -648.29847762   604.418667 24889.059576
  414.200000    -651.62386127       5.13924264    -646.48461863   641.273706 24895.148549
  414.300000    -651.70410670       5.88090608    -645.82320062   733.818326 24901.152107
  414.400000    -652.61513074       5.68480305    -646.93032769   709.348629 24907.194922
  414.500000    -652.73996843       5.76164362    -646.97832481   718.936780 24913.198428
  414.600000    -651.58033175       5.54959243    -646.03073931   692.477074 24919.234442
  414.700000    -651.47955309       5.31567198    -646.16388111   663.288524 24925.307429
  414.800000    -650.97309159       5.26319396    -645.70989763   656.740328 24931.343609
  414.900000    -651.45089023       5.90457969    -645.54631054   736.772315 24937.358730
  415.000000    -652.26248648       6.05154695    -646.21093953   755.110861 24943.428962
  415.100000    -651.62302980       5.57174921    -646.05128059   695.241791 24949.493439
  415.200000    -651.47981071       5.58044042    -645.89937029   696.326279 24955.510917
  415.300000    -652.90629094       5.55997360    -647.34631734   693.772433 24961.587210
  415.400000    -652.34780916       5.34435731    -647.00345185   666.867874 24967.589530
  415.500000    -652.91022661       5.61583115    -647.29439545   700.742328 24973.665087
  415.600000    -652.17415731       5.44141191    -646.73274539   678.978329 24979.683063
  415.700000    -651.31451654       4.80326138    -646.51125516   599.350028 24985.711426
  415.800000    -652.28820059       5.29322809    -646.99497250   660.487980 24991.758347
  415.900000    -653.08772473       5.29189062    -647.79583411   660.321091 24997.844517
  416.000000    -653.44155941       5.17177513    -648.26978428   645.333104 25003.866300
  416.100000    -652.19971656       5.55256031    -646.64715624   692.847405 25009.961802
  416.200000    -651.82636975       5.77469051    -646.05167924   720.564768 25015.979346
  416.300000    -651.13298668       5.38930402    -645.74368266   672.476316 25022.039188
  416.400000    -650.74189281       5.56520966    -645.17668315   694.425788 25028.051761
  416.500000    -651.59635193       5.99387085    -645.60248108   747.914049 25034.088099
  416.600000    -651.59971068       5.48265917    -646.11705150   684.125154 25040.149215
  416.700000    -652.06670356       4.66998073    -647.39672283   582.719295 25046.226976
  416.800000    -652.81727274       5.06843446    -647.74883828   632.438274 25052.224974
  416.900000    -652.69107450       5.29811139    -647.39296312   661.097317 25058.331556
  417.000000    -651.99407573       4.51434618    -647.47972954   563.299246 25064.372787
  417.100000    -652.64961334       6.31673247    -646.33288087   788.200659 25070.363084
  417.200000    -652.58610121       5.67376775    -646.91233346   707.971645 25076.435994
  417.300000    -651.71128911       4.99014332    -646.72114579   622.669121 25082.452998
  417.400000    -652.78816824       5.14002717    -647.64814108   641.371598 25088.489727
  417.500000    -653.19792246       6.10213227    -647.09579019   761.422887 25094.518740
  417.600000    -652.78691786       5.26385298    -647.52306488   656.822559 25100.577264
  417.700000    -652.05431303       4.72964304    -647.32466999   590.163946 25106.621054
  417.800000    -651.56365648       5.30357054    -646.26008594   661.778509 25112.677795
  417.900000    -651.36931005       5.44497405    -645.92433600   679.422812 25118.692458
  418.000000    -652.19057861       5.14963625    -647.04094236   642.570618 25124.796252
  418.100000    -652.06553458       6.34852350    -645.71701107   792.167538 25130.849906
  418.200000    -651.00194182       5.73862825    -645.26331358   716.064926 25136.839780
  418.300000    -652.20297853       6.82706374    -645.37591479   851.879696 25142.923481
  418.400000    -651.95258923       5.93274649    -646.01984274   740.286963 25148.955235
  418.500000    -651.24826998       5.42529775    -645.82297223   676.967607 25154.998659
  418.600000    -651.49153968       5.81469823    -645.67684145   725.556923 25161.075540
  418.700000    -651.42748265       6.06643835    -645.36104431   756.969007 25167.097081
  418.800000    -651.59737775       5.85275160    -645.74462615   730.305216 25173.177630
  418.900000    -651.84685263       6.07610478    -645.77074786   758.175182 25179.220208
  419.000000    -653.09325063       6.13149051    -646.96176012   765.086204 25185.247447
  419.100000    -652.06751855       4.82480395    -647.24271460   602.038107 25191.323263
  419.200000    -651.10340302       5.03544298    -646.06796004   628.321604 25197.328394
  419.300000    -651.36915360       6.21367101    -645.15548259   775.340670 25203.389521
  419.400000    -651.70613256       6.24647965    -645.45965291   779.434526 25209.453387
  419.500000    -651.21006856       4.86174989    -646.34831867   606.648213 25215.481022
  419.600000    -651.47722169       5.33496131    -646.14226038   665.695443 25221.574025
  419.700000    -651.65824428       5.17835779    -646.47988649   646.154486 25227.599867
  419.800000    -651.10361834       5.63574157    -645.46787678   703.226746 25233.605285
  419.900000    -651.73493318       6.18481146    -645.55012172   771.739581 25239.710989
  420.000000    -651.60076891       5.41485629    -646.18591263   675.664723 25245.737905
  420.100000    -651.66019562       4.87368435    -646.78651127   608.137393 25251.758066
  420.200000    -652.22803925       5.83548451    -646.39255474   728.150631 25257.801755
  420.300000    -650.45082762       5.61212322    -644.83870440   700.279653 25263.851893
  420.400000    -650.51296047       5.03430806    -645.47865241   628.179988 25269.901513
  420.500000    -650.39284261       5.42197123    -644.97087139   676.552524 25275.959152
  420.600000    -651.01823191       5.61939043    -645.39884148   701.186453 25281.988091
  420.700000    -650.16503013       5.49741897    -644.66761116   685.966879 25288.057345
  420.800000    -650.91349883       5.91192050    -645.00157833   737.688300 25294.120577
  420.900000    -650.86793927       7.38980734    -643.47813193   922.098734 25300.115056
  421.000000    -650.69814472       5.28334024    -645.41480447   659.254176 25306.172928
  421.100000    -650.67319869       5.17276859    -645.50043010   645.457066 25312.174779
  421.200000    -651.60672616       6.14680019    -645.45992596   766.996542 25318.216497
  421.300000    -650.61738562       5.14373075    -645.47365487   641.833731 25324.238488
  421.400000    -651.00229114       4.99197732    -646.01031382   622.897967 25330.299153
  421.500000    -650.55585669       5.44427327    -645.11158342   679.335368 25336.358802
  421.600000    -650.20216748       5.99085367    -644.21131381   747.537565 25342.396720
  421.700000    -650.13807989       6.73610096    -643.40197893   840.529378 25348.436626
  421.800000    -649.77914150       6.66100869    -643.11813281   831.159380 25354.493324
  421.900000    -650.92657697       6.02850985    -644.89806712   752.236297 25360.573936
  422.000000    -650.81369973       6.12623318    -644.68746655   764.430194 25366.578831
  422.100000    -651.32302339       6.10499329    -645.21803011   761.779885 25372.635686
  422.200000    -650.67948575       5.05425431    -645.62523144   630.668878 25378.661134
  422.300000    -651.73027468       5.91684459    -645.81343009   738.302726 25384.740887
  422.400000    -651.21790067       5.35787535    -645.86002532   668.554652 25390.765102
  422.500000    -651.22294639       6.90144062    -644.32150578   861.160429 25396.799101
  422.600000    -651.38366897       5.91769272    -645.46597625   738.408556 25402.904053
  422.700000    -651.80542135       5.16004777    -646.64537357   643.869766 25408.934550
  422.800000    -651.77596187       5.79944461    -645.97651727   723.653579 25414.950177
  422.900000    -651.50555267       5.40322518    -646.10232750   674.213395 25421.052550
  423.000000    -651.19400219       5.70304214    -645.49096005   711.624498 25427.111564
  423.100000    -651.10715111       5.03210230    -646.07504882   627.904754 25433.103336
  423.200000    -651.33272139       5.40814870    -645.92457269   674.827752 25439.182035
  423.300000    -651.52681146       5.00304893    -646.52376253   624.279480 25445.214023
  423.400000    -652.22887854       5.79477048    -646.43410806   723.070342 25451.276320
  423.500000    -652.21090512       6.41143133    -645.79947378   800.017165 25457.339257
  423.600000    -651.37772359       5.10187785    -646.27584573   636.611334 25463.363449
  423.700000    -651.36369083       5.71334824    -645.65034259   712.910492 25469.446303
  423.800000    -651.87905964       5.07931806    -646.79974158   633.796328 25475.498692
  423.900000    -651.29326893       4.94031246    -646.35295648   616.451235 25481.507968
  424.000000    -651.12915275       4.54942328    -646.57972947   567.676160 25487.565996
  424.100000    -651.51980584       4.26260832    -647.25719752   531.887444 25493.588140
  424.200000    -651.76900262       5.64219462    -646.12680800   704.031956 25499.684164
  424.300000    -650.98498281       4.76084586    -646.22413695   594.057428 25505.783175
  424.400000    -651.93001925       5.07756835    -646.85245090   633.577999 25511.828707
  424.500000    -651.96124820       5.36490484    -646.59634336   669.431791 25517.932734
  424.600000    -651.96097912       4.89090681    -647.07007231   610.286408 25523.957751
  424.700000    -651.22275600       4.76420529    -646.45855071   594.476617 25529.983035
  424.800000    -651.64415043       5.54891473    -646.09523571   692.392509 25536.083637
  424.900000    -651.11483000       4.63241888    -646.48241113   578.032334 25542.135798
  425.000000    -651.72279606       6.37291545    -645.34988061   795.211161 25548.148523
  425.100000    -651.08941150       5.52397880    -645.56543270   689.281009 25554.268223
  425.200000    -650.87608789       6.06537219    -644.81071570   756.835972 25560.363666
  425.300000    -651.00041680       5.59620455    -645.40421225   698.293324 25566.436978
  425.400000    -651.71238286       6.34752715    -645.36485570   792.043213 25572.473418
  425.500000    -651.44029735       5.06055539    -646.37974195   631.455126 25578.512350
  425.600000    -651.25013523       6.00557767    -645.24455756   749.374823 25584.576437
  425.700000    -651.65540556       6.84113908    -644.81426648   853.636015 25590.657494
  425.800000    -651.36980710       6.05354088    -645.31626622   755.359663 25596.685619
  425.900000    -651.40370859       4.69150413    -646.71220446   585.404981 25602.770613
  426.000000    -653.10672288       5.03507315    -648.07164973   628.275457 25608.776837
  426.100000    -652.87843400       5.53663739    -647.34179661   690.860545 25614.839621
  426.200000    -651.01146164       5.10532306    -645.90613858   637.041226 25620.865134
  426.300000    -651.17809851       5.64818763    -645.52991089   704.779762 25626.903921
  426.400000    -651.22103243       4.48009801    -646.74093442   559.025766 25632.991383
  426.500000    -651.79060267       5.15492583    -646.63567684   643.230651 25639.020590
  426.600000    -652.17433540       5.94160175    -646.23273365   741.391920 25645.043983
  426.700000    -651.34152292       5.44172199    -645.89980093   679.017021 25651.129418
  426.800000    -651.83447013       6.37903342    -645.45543670   795.974560 25657.142281
  426.900000    -652.35150873       5.50689115    -646.84461758   687.148815 25663.170740
  427.000000    -652.94327792       5.78491306    -647.15836486   721.840336 25669.205772
  427.100000    -652.64754504       5.48589152    -647.16165353   684.528485 25675.277127
  427.200000    -652.15577213       4.66074283    -647.49502930   581.566591 25681.334895
  427.300000    -651.65444865       4.94065146    -646.71379719   616.493536 25687.375503
  427.400000    -652.26767869       5.13916409    -647.12851460   641.263904 25693.409657
  427.500000    -652.98502970       5.73077163    -647.25425808   715.084578 25699.476638
  427.600000    -652.85315858       6.16680563    -646.68635295   769.492817 25705.517768
  427.700000    -652.31016986       5.45702977    -646.85314009   680.927122 25711.523105
  427.800000    -652.80819554       5.47202825    -647.33616729   682.798630 25717.612205
  427.900000    -652.62338741       4.85567331    -647.76771410   605.889978 25723.628876
  428.000000    -653.01091519       5.78143423    -647.22948097   721.406248 25729.665502
  428.100000    -652.95967163       5.40657456    -647.55309707   674.631331 25735.693575
  428.200000    -652.18034421       4.90584676    -647.27449745   612.150612 25741.719605
  428.300000    -652.02847653       4.90730435    -647.12117219   612.332490 25747.814939
  428.400000    -653.79548741       5.99747965    -647.79800776   748.364354 25753.845665
  428.500000    -653.05238105       4.73114500    -648.32123605   590.351360 25759.842063
  428.600000    -652.46154656       5.35169965    -647.10984691   667.784050 25765.942957
  428.700000    -651.72025826       5.16305555    -646.55720270   644.245076 25771.972224
  428.800000    -651.65098764       5.61464249    -646.03634515   700.594007 25777.989769
  428.900000    -651.64617499       5.82286176    -645.82331323   726.575568 25784.046831
  429.000000    -652.32048182       6.02322754    -646.29725427   751.577171 25790.088434
  429.100000    -652.33632384       5.84410964    -646.49221419   729.226874 25796.132695
  429.200000    -652.60032985       6.35220010    -646.24812974   792.626303 25802.419963
  429.300000    -652.18069961       5.69736121    -646.48333841   710.915632 25808.453879
  429.400000    -651.94466227       6.04065187    -645.90401040   753.751375 25814.491666
  429.500000    -651.55021171       5.38361266    -646.16659905   671.766150 25820.572043
  429.600000    -652.72277234       5.69724478    -647.02552757   710.901104 25826.585396
  429.700000    -651.67928202       4.80233891    -646.87694311   599.234922 25832.665848
  429.800000    -653.37534337       5.69940676    -647.67593661   711.170876 25838.660190
  429.900000    -652.22656616       5.70710591    -646.51946026   712.131574 25844.715673
  430.000000    -651.60518225       5.69922247    -645.90595978   711.147880 25850.723289
  430.100000    -651.25268788       5.60881824    -645.64386964   699.867258 25856.759906
  430.200000    -652.27636161       6.66184808    -645.61451354   831.264118 25862.836990
  430.300000    -652.01111791       6.43325671    -645.57786120   802.740531 25868.885404
  430.400000    -651.91585932       5.89371134    -646.02214798   735.416164 25874.892391
  430.500000    -651.15424092       5.11090222    -646.04333869   637.737394 25880.992222
  430.600000    -652.12366834       5.23892296    -646.88474538   653.711796 25887.040679
  430.700000    -652.51805481       5.82287180    -646.69518301   726.576820 25893.018984
  430.800000    -651.91330568       5.08256926    -646.83073642   634.202012 25899.084393
  430.900000    -651.78852471       5.55983975    -646.22868495   693.755732 25905.105607
  431.000000    -651.46647216       5.75995931    -645.70651284   718.726612 25911.157203
  431.100000    -650.92539140       5.70985435    -645.21553705   712.474524 25917.211912
  431.200000    -650.84511072       5.12655285    -645.71855787   639.690276 25923.222097
  431.300000    -652.19581720       6.24150024    -645.95431696   778.813196 25929.300888
  431.400000    -652.71625114       5.51396854    -647.20228260   688.031931 25935.356715
  431.500000    -652.00159004       4.43545990    -647.56613014   553.455831 25941.451885
  431.600000    -651.44233658       4.58251420    -646.85982238   571.805238 25947.507142
  431.700000    -651.75602965       6.33157925    -645.42445040   790.053238 25953.520920
  431.800000    -651.77827988       6.08277156    -645.69550832   759.007062 25959.593853
  431.900000    -650.71131754       4.70186812    -646.00944942   586.698197 25965.597723
  432.000000    -651.21378000       5.88194190    -645.33183811   733.947575 25971.627092
  432.100000    -650.75091910       5.78131064    -644.96960846   721.390826 25977.687095
  432.200000    -650.96411218       5.37908303    -645.58502916   671.200942 25983.729179
  432.300000    -652.17361248       6.09107242    -646.08254006   760.042841 25989.722743
  432.400000    -651.58775996       5.32956584    -646.25819412   665.022198 25995.814725
  432.500000    -651.66467438       5.18864348    -646.47603090   647.437933 26001.836292
  432.600000    -651.92009458       5.49811680    -646.42197777   686.053954 26007.861726
  432.700000    -652.15987041       4.94260482    -647.21726558   616.737277 26013.944588
  432.800000    -652.48086633       5.64022915    -646.84063719   703.786705 26019.954872
  432.900000    -651.92473272       5.38001764    -646.54471508   671.317563 26025.952770
  433.000000    -651.98819494       5.61402300    -646.37417195   700.516706 26032.003819
  433.100000    -651.96508784       5.85444217    -646.11064568   730.516164 26038.017795
  433.200000    -652.05959502       5.63361836    -646.42597665   702.961812 26044.128369
  433.300000    -651.53741382       4.66834209    -646.86907173   582.514825 26050.284450
  433.400000    -652.01291179       5.15212966    -646.86078213   642.881746 26056.410517
  433.500000    -651.72406681       5.27594305    -646.44812376   658.331155 26062.582563
  433.600000    -650.38258033       5.27473439    -645.10784593   658.180340 26068.720605
  433.700000    -650.45518490       6.09971106    -644.35547384   761.120769 26074.829101
  433.800000    -651.17088573       6.33922988    -644.83165585   791.007882 26080.978564
  433.900000    -650.66163255       6.00229564    -644.65933691   748.965292 26087.078799
  434.000000    -650.60389502       4.92730352    -645.67659150   614.827983 26093.252058
  434.100000    -651.16373171       5.44672530    -645.71700641   679.641332 26099.359444
  434.200000    -650.88033345       4.69818022    -646.18215323   586.238022 26105.506663
  434.300000    -651.26844218       5.30415948    -645.96428270   661.851996 26111.672131
  434.400000    -651.36635025       5.34188919    -646.02446106   666.559903 26117.844245
  434.500000    -652.04363839       6.53164062    -645.51199778   815.016856 26123.933921
  434.600000    -652.28216492       6.21314041    -646.06902451   775.274462 26130.129832
  434.700000    -650.66866656       5.29180026    -645.37686630   660.309816 26136.359461
  434.800000    -651.21409283       4.92606482    -646.28802801   614.673418 26142.575066
  434.900000    -652.05931690       5.69352780    -646.36578909   710.437301 26148.808314
  435.000000    -651.16315246       4.56196893    -646.60118353   569.241603 26154.962914
  435.100000    -652.15637108       5.55709336    -646.59927772   693.413038 26161.038411
  435.200000    -652.76026218       5.28147103    -647.47879114   659.020937 26167.102823
  435.300000    -651.90328221       4.76672641    -647.13655580   594.791202 26173.137076
  435.400000    -652.24214180       4.96374024    -647.27840156   619.374550 26179.238803
  435.500000    -653.67387786       6.08943528    -647.58444259   759.838559 26185.310202
  435.600000    -651.88265880       5.65098503    -646.23167377   705.128823 26191.346174
  435.700000    -652.63403888       5.81122104    -646.82281783   725.123041 26197.432516
  435.800000    -652.04789209       5.16155128    -646.88634080   644.057374 26203.452541
  435.900000    -652.37303767       5.87907835    -646.49395932   733.590262 26209.514466
  436.000000    -652.58288988       5.57179114    -647.01109873   695.247024 26215.590831
  436.100000    -652.49523872       5.57855742    -646.91668130   696.091319 26221.637522
  436.200000    -653.16193569       6.34655239    -646.81538330   791.921583 26227.723091
  436.300000    -651.80530642       5.51710267    -646.28820375   688.423007 26233.817716
  436.400000    -651.77703340       5.69244189    -646.08459151   710.301801 26239.821754
  436.500000    -652.00341846       5.71160980    -646.29180867   712.693569 26245.942883
  436.600000    -652.25456603       6.34729659    -645.90726944   792.014444 26251.979714
  436.700000    -652.13537696       6.53326505    -645.60211190   815.219553 26258.026132
  436.800000    -650.68711945       5.73260293    -644.95451652   715.313088 26264.105906
  436.900000    -651.28611162       5.61166889    -645.67444273   700.222962 26270.166764
  437.000000    -651.79638309       5.87710548    -645.91927761   733.344088 26276.244895
  437.100000    -652.20762281       6.04346451    -646.16415830   754.102336 26282.305972
  437.200000    -652.94697290       6.73731438    -646.20965852   840.680789 26288.366082
  437.300000    -651.95140190       5.88842737    -646.06297452   734.756832 26294.460160
  437.400000    -652.62485051       6.36930932    -646.25554119   794.761188 26300.525634
  437.500000    -652.35215511       5.83555816    -646.51659695   728.159822 26306.559368
  437.600000    -652.90722106       5.86856094    -647.03866012   732.277902 26312.679048
  437.700000    -652.25524726       5.58463675    -646.67061052   696.849896 26318.737323
  437.800000    -652.65501625       5.61635931    -647.03865694   700.808231 26324.768597
  437.900000    -651.99563655       5.06269613    -646.93294043   631.722246 26330.845892
  438.000000    -651.91024142       5.25222613    -646.65801530   655.371763 26336.884582
  438.100000    -653.00371265       5.54986619    -647.45384646   692.511232 26342.979462
  438.200000    -652.61838578       4.35423377    -648.26415202   543.320449 26349.045382
  438.300000    -651.79200162       5.29360030    -646.49840132   660.534424 26355.066909
  438.400000    -652.61022134       5.96644250    -646.64377884   744.491544 26361.186579
  438.500000    -651.86010375       5.55692933    -646.30317441   693.392570 26367.223391
  438.600000    -651.91490983       4.95216270    -646.96274713   617.929907 26373.259327
  438.700000    -652.70844889       6.08714777    -646.62130112   759.553125 26379.355860
  438.800000    -651.45959690       5.22051714    -646.23907977   651.415121 26385.397725
  438.900000    -652.70584835       5.51443385    -647.19141450   688.089992 26391.449829
  439.000000    -652.77354423       5.65848788    -647.11505634   706.065027 26397.547508
  439.100000    -653.09498624       5.87296269    -647.22202355   732.827152 26403.599763
  439.200000    -652.63654114       5.48986807    -647.14667307   685.024679 26409.653670
  439.300000    -651.86324163       5.44682929    -646.41641234   679.654309 26415.747151
  439.400000    -652.43044810       5.59368571    -646.83676239   697.979024 26421.781205
  439.500000    -651.92083448       5.33272260    -646.58811188   665.416097 26427.868968
  439.600000    -652.68450293       5.57828743    -647.10621550   696.057630 26433.889741
  439.700000    -652.54763971       5.10870271    -647.43893700   637.462939 26439.966468
  439.800000    -652.94973325       5.40494387    -647.54478938   674.427853 26446.006129
  439.900000    -652.82285209       5.05742750    -647.76542459   631.064828 26452.070397
  440.000000    -652.86548272       5.37459613    -647.49088658   670.641069 26458.139228
  440.100000    -651.27526211       5.03715175    -646.23811036   628.534824 26464.206583
  440.200000    -651.35343844       5.66553546    -645.68790298   706.944422 26470.235696
  440.300000    -652.74524843       6.23101445    -646.51423398   777.504781 26476.332074
  440.400000    -650.58279472       6.13208568    -644.45070904   765.160468 26482.404406
  440.500000    -651.13933848       5.60107414    -645.53826434   698.900950 26488.429718
  440.600000    -650.93223917       6.05687885    -644.87536032   755.776174 26494.512266
  440.700000    -651.48591578       6.34278972    -645.14312606   791.452078 26500.526895
  440.800000    -652.07976983       4.72315761    -647.35661222   589.354696 26506.594462
  440.900000    -652.92486890       5.49688778    -647.42798111   685.900597 26512.681605
  441.000000    -653.08634768       5.48017658    -647.60617111   683.815376 26518.721643
  441.100000    -652.21462284       4.36384971    -647.85077313   544.520326 26524.788728
  441.200000    -652.49941004       5.44455471    -647.05485533   679.370486 26530.882949
  441.300000    -651.99405368       5.10783443    -646.88621925   637.354595 26536.882867
  441.400000    -652.32191733       6.15282106    -646.16909627   767.747825 26542.995835
  441.500000    -652.03527228       6.22165213    -645.81362015   776.336552 26549.034209
  441.600000    -652.53954490       5.67194702    -646.86759788   707.744455 26555.080705
  441.700000    -652.26084366       5.28565294    -646.97519072   659.542755 26561.139085
  441.800000    -652.04677560       4.50857003    -647.53820558   562.578498 26567.197661
  441.900000    -652.18958775       6.05250737    -646.13708038   755.230702 26573.279088
  442.000000    -651.91830771       6.01941984    -645.89888786   751.102047 26579.338596
  442.100000    -651.97511685       6.46220084    -645.51291600   806.352175 26585.381821
  442.200000    -651.57602796       6.07787352    -645.49815445   758.395885 26591.472060
  442.300000    -651.54880839       5.33217447    -646.21663392   665.347702 26597.532662
  442.400000    -651.78358163       4.57546483    -647.20811680   570.925619 26603.566999
  442.500000    -652.08041813       4.94435505    -647.13606308   616.955669 26609.658145
  442.600000    -653.26246115       4.85468067    -648.40778049   605.766117 26615.676081
  442.700000    -653.81816798       5.25477314    -648.56339484   655.689579 26621.746878
  442.800000    -653.75861732       5.30770301    -648.45091432   662.294157 26627.819712
  442.900000    -652.73619129       4.14144979    -648.59474150   516.769305 26633.858331
  443.000000    -652.47424458       5.40511368    -647.06913090   674.449043 26639.950005
  443.100000    -652.26634134       6.12873463    -646.13760670   764.742325 26646.033036
  443.200000    -651.53960903       6.12950478    -645.41010425   764.838425 26652.048298
  443.300000    -652.35612033       5.60914208    -646.74697825   699.907667 26658.167458
  443.400000    -651.59402902       5.58980227    -646.00422675   697.494449 26664.212274
  443.500000    -653.11211130       5.88414616    -647.22796514   734.222622 26670.245934
  443.600000    -651.89382275       5.05486138    -646.83896137   630.744628 26676.315512
  443.700000    -651.64629552       4.34549904    -647.30079649   542.230532 26682.338580
  443.800000    -652.08162538       5.82600311    -646.25562227   726.967544 26690.325322
  443.900000    -651.40908188       5.26584415    -646.14323772   657.071018 26696.423646
  444.000000    -651.54394348       5.75435619    -645.78958729   718.027456 26702.470625
  444.100000    -652.64972501       5.44787562    -647.20184938   679.784869 26708.546486
  444.200000    -652.35982647       5.34198948    -647.01783699   666.572417 26714.572748
  444.300000    -652.60395483       5.33242873    -647.27152611   665.379428 26720.647732
  444.400000    -652.21613637       5.24908906    -646.96704732   654.980320 26726.670940
  444.500000    -652.45775820       6.35931793    -646.09844027   793.514465 26732.720769
  444.600000    -652.05955136       4.99496044    -647.06459092   623.270200 26738.810128
  444.700000    -652.54632444       5.88880478    -646.65751966   734.803924 26744.873088
  444.800000    -652.49481619       5.39939061    -647.09542557   673.734919 26750.880430
  444.900000    -652.86122358       5.42094624    -647.44027734   676.424627 26757.008303
  445.000000    -652.11159181       5.62433158    -646.48726023   701.803009 26763.030094
  445.100000    -650.43337706       4.89016014    -645.54321692   610.193238 26769.049209
  445.200000    -651.71850994       6.31751398    -645.40099596   788.298176 26775.155334
  445.300000    -652.01002076       5.27922276    -646.73079800   658.740398 26781.184669
  445.400000    -652.26686540       5.16249429    -647.10437111   644.175041 26787.253580
  445.500000    -652.98826652       5.64688816    -647.34137836   704.617615 26793.283604
  445.600000    -652.46340957       5.08934608    -647.37406349   635.047623 26799.330322
  445.700000    -652.56543318       5.57848649    -646.98694669   696.082468 26805.422148
  445.800000    -652.38988486       5.22685845    -647.16302641   652.206389 26811.494049
  445.900000    -653.79280705       6.49718821    -647.29561885   810.717891 26817.516642
  446.000000    -651.48622844       5.74711807    -645.73911037   717.124284 26823.587883
  446.100000    -651.50881460       6.63451883    -644.87429578   827.853979 26829.609184
  446.200000    -649.80831838       5.11869377    -644.68962461   638.709621 26835.658291
  446.300000    -651.19589018       5.21072866    -645.98516153   650.193717 26841.733206
  446.400000    -652.12591907       6.89463266    -645.23128642   860.310933 26847.786995
  446.500000    -651.76737174       5.70084705    -646.06652469   711.350595 26853.861439
  446.600000    -652.14898728       5.91286500    -646.23612228   737.806154 26859.915441
  446.700000    -651.06050037       6.03874990    -645.02175047   753.514048 26865.968497
  446.800000    -652.19496872       5.37659685    -646.81837187   670.890717 26872.049383
  446.900000    -652.23998535       5.37334894    -646.86663641   670.485444 26878.105023
  447.000000    -652.84979680       5.15884629    -647.69095052   643.719844 26884.134814
  447.100000    -652.51374689       6.79017243    -645.72357446   847.276406 26890.240964
  447.200000    -651.51306441       5.28759314    -646.22547126   659.784852 26896.281257
  447.300000    -651.81939893       6.28783752    -645.53156142   784.595152 26902.370149
  447.400000    -652.23383482       5.71605807    -646.51777675   713.248623 26908.604770
  447.500000    -652.54712179       6.26108869    -646.28603310   781.257439 26914.893789
  447.600000    -652.13450803       6.02981056    -646.10469747   752.398598 26921.159421
  447.700000    -652.03063944       5.21409336    -646.81654608   650.613563 26927.442577
  447.800000    -652.00345582       5.95797923    -646.04547659   743.435499 26933.501506
  447.900000    -651.10226599       4.78265177    -646.31961422   596.778365 26939.651390
  448.000000    -651.87005675       6.48503289    -645.38502386   809.201153 26945.730888
  448.100000    -651.45389709       6.05038681    -645.40351027   754.966099 26951.759333
  448.200000    -651.05433742       5.36998373    -645.68435369   670.065535 26957.863152
  448.300000    -652.56866795       5.90957643    -646.65909152   737.395807 26963.968148
  448.400000    -652.67214675       5.58605328    -647.08609346   697.026651 26970.071301
  448.500000    -652.46742664       5.21043007    -647.25699656   650.156460 26976.149333
  448.600000    -653.17982549       5.66238352    -647.51744197   706.551124 26982.209369
  448.700000    -652.82590718       6.09938520    -646.72652198   761.080109 26988.307425
  448.800000    -652.12812286       5.09490494    -647.03321792   635.741255 26994.427929
  448.900000    -653.18825342       5.43438224    -647.75387118   678.101168 27000.474084
  449.000000    -652.92888171       5.23664181    -647.69223990   653.427155 27006.606491
  449.100000    -652.74629712       5.94904916    -646.79724795   742.321207 27012.665195
  449.200000    -652.75731646       4.96852062    -647.78879584   619.971044 27018.718860
  449.300000    -653.52346488       5.24538984    -648.27807505   654.518732 27024.820325
  449.400000    -654.24532126       5.65515186    -648.59016940   705.648758 27030.901842
  449.500000    -652.74631629       4.11373529    -648.63258100   513.311096 27037.003097
  449.600000    -653.06187907       5.44772928    -647.61414979   679.766609 27043.081513
  449.700000    -653.33909505       5.02352530    -648.31556975   626.834518 27049.163646
  449.800000    -653.32325709       4.75768241    -648.56557467   593.662694 27055.295176
  449.900000    -652.89083340       5.54778329    -647.34305011   692.251328 27061.371436
  450.000000    -652.08186679       5.77221880    -646.30964800   720.256348 27067.407006
  450.100000    -652.29159760       6.27122962    -646.02036798   782.522822 27073.472872
  450.200000    -652.51254871       5.38196559    -647.13058311   671.560629 27079.491287
  450.300000    -652.33636662       5.64874790    -646.68761872   704.849673 27085.589510
  450.400000    -652.04893776       5.24719637    -646.80174138   654.744151 27091.638248
  450.500000    -652.69197184       5.80376853    -646.88820331   724.193118 27097.687763
  450.600000    -652.60411048       5.70731625    -646.89679423   712.157821 27103.799260
  450.700000    -652.96388728       5.51605070    -647.44783658   688.291743 27109.841774
  450.800000    -652.69378454       5.81963082    -646.87415372   726.172411 27115.876050
  450.900000    -652.41873522       5.38851713    -647.03021810   672.378127 27121.999570
  451.000000    -652.21714912       5.98338422    -646.23376490   746.605529 27128.065374
  451.100000    -652.04071098       4.58892677    -647.45178421   572.605397 27134.087879
  451.200000    -653.56198143       6.79035666    -646.77162477   847.299395 27140.205710
  451.300000    -652.36694107       4.90174317    -647.46519790   611.638567 27146.280638
  451.400000    -653.42918178       5.34018124    -648.08900055   666.346784 27152.379999
  451.500000    -653.05849159       5.28362392    -647.77486767   659.289573 27158.472555
  451.600000    -652.73011963       5.92244635    -646.80767327   739.001714 27164.526642
  451.700000    -652.50579635       5.64271593    -646.86308041   704.097006 27170.643612
  451.800000    -652.20501000       4.65994783    -647.54506217   581.467391 27176.701694
  451.900000    -653.20199089       5.20040087    -648.00159002   648.905017 27182.733608
  452.000000    -653.40942296       4.60404480    -648.80537816   574.491822 27188.817124
  452.100000    -652.85871920       4.51143402    -648.34728518   562.935867 27194.854493
  452.200000    -652.59304273       5.10828770    -647.48475502   637.411154 27200.956051
  452.300000    -651.89002110       6.01561045    -645.87441065   750.626712 27206.993957
  452.400000    -651.30442258       5.51575013    -645.78867245   688.254238 27213.075309
  452.500000    -652.33471426       6.20582284    -646.12889143   774.361376 27219.216674
  452.600000    -653.06186431       5.88933207    -647.17253225   734.869719 27225.280067
  452.700000    -653.14986878       5.21006997    -647.93979882   650.111525 27231.345742
  452.800000    -652.37909760       5.37927482    -646.99982278   671.224874 27237.460324
  452.900000    -652.51126071       5.56367433    -646.94758638   694.234210 27243.508723
  453.000000    -651.55999462       5.49944486    -646.06054976   686.219669 27249.643473
  453.100000    -651.43217921       5.77387615    -645.65830305   720.463153 27255.731779
  453.200000    -652.20259335       6.29923060    -645.90336275   786.016779 27261.797265
  453.300000    -651.88368789       6.23384111    -645.64984678   777.857491 27267.905252
  453.400000    -652.20828037       6.19857536    -646.00970501   773.457038 27273.985746
  453.500000    -652.59118695       5.01202071    -647.57916625   625.398977 27280.011696
  453.600000    -653.56539429       5.49277208    -648.07262222   685.387040 27286.136839
  453.700000    -652.35744401       5.10180278    -647.25564123   636.601967 27292.254339
  453.800000    -652.08270198       5.05670406    -647.02599792   630.974557 27298.420910
  453.900000    -652.15172412       4.57974691    -647.57197720   571.459936 27304.581103
  454.000000    -653.19172484       6.31640422    -646.87532062   788.159701 27310.755072
  454.100000    -653.14827736       6.16820270    -646.98007466   769.667143 27316.989523
  454.200000    -651.51493702       5.50090731    -646.01402971   686.402153 27323.127948
  454.300000    -652.50118108       5.59124377    -646.90993731   697.674319 27329.156067
  454.400000    -651.83710540       5.34055666    -646.49654874   666.393630 27335.280473
  454.500000    -652.29266598       4.12857629    -648.16408969   515.162953 27341.360131
  454.600000    -652.54550699       4.75418628    -647.79132071   593.226447 27347.410040
  454.700000    -652.30218496       5.47506189    -646.82712306   683.177167 27353.499834
  454.800000    -651.91926245       5.16444807    -646.75481437   644.418834 27359.574615
  454.900000    -651.83584579       5.93789819    -645.89794760   740.929790 27365.661720
  455.000000    -652.16666966       5.54116786    -646.62550179   691.425857 27371.732268
  455.100000    -651.60569560       5.15970937    -646.44598623   643.827539 27377.809751
  455.200000    -651.93212642       5.59197643    -646.34014999   697.765741 27383.934283
  455.300000    -652.42053419       4.72893331    -647.69160088   590.075386 27389.990986
  455.400000    -652.38376819       4.62820590    -647.75556229   577.506639 27396.031927
  455.500000    -651.66433675       5.81031215    -645.85402460   725.009629 27402.167263
  455.600000    -650.52598801       5.37291805    -645.15306996   670.431677 27408.211176
  455.700000    -650.35096956       4.89960387    -645.45136569   611.371626 27414.274471
  455.800000    -651.31521653       6.55581208    -644.75940446   818.032966 27420.322209
  455.900000    -651.13086318       6.86173870    -644.26912448   856.206431 27426.419631
  456.000000    -651.15388482       6.62462910    -644.52925573   826.619941 27432.511270
  456.100000    -651.23303781       6.33720123    -644.89583657   790.754747 27438.600639
  456.200000    -651.77565657       5.17873361    -646.59692296   646.201381 27444.646409
  456.300000    -652.91884724       5.26513190    -647.65371534   656.982143 27450.768143
  456.400000    -651.14014508       5.06046829    -646.07967680   631.444257 27456.827756
  456.500000    -652.13743743       5.76616089    -646.37127654   719.500444 27462.811718
  456.600000    -651.94106468       5.03004166    -646.91102302   627.647628 27468.873476
  456.700000    -652.88639024       5.46058269    -647.42580755   681.370455 27474.918482
  456.800000    -652.94281868       6.22309113    -646.71972754   776.516111 27481.004504
  456.900000    -651.88166267       5.70994294    -646.17171974   712.485578 27487.024266
  457.000000    -652.22110113       5.97355228    -646.24754884   745.378702 27493.053710
  457.100000    -652.51256362       6.46519605    -646.04736757   806.725916 27499.120300
  457.200000    -652.11810263       5.74582210    -646.37228053   716.962574 27505.198812
  457.300000    -652.80275205       6.94837881    -645.85437324   867.017367 27511.217401
  457.400000    -652.46056804       5.91378675    -646.54678129   737.921170 27517.328248
  457.500000    -652.50478123       5.19105601    -647.31372521   647.738968 27523.383974
  457.600000    -652.76630869       5.01345787    -647.75285082   625.578306 27529.385100
  457.700000    -652.60376462       5.26528973    -647.33847490   657.001836 27535.468591
  457.800000    -652.74360257       6.25717179    -646.48643077   780.768689 27541.508121
  457.900000    -652.28372073       5.36811994    -646.91560078   669.832971 27547.568146
  458.000000    -653.25664509       5.45810486    -647.79854023   681.061272 27553.626797
  458.100000    -653.52040840       5.34921186    -648.17119654   667.473624 27559.675353
  458.200000    -653.00459977       6.26003160    -646.74456818   781.125535 27565.743881
  458.300000    -653.13054674       5.39410312    -647.73644362   673.075147 27571.832128
  458.400000    -652.27450353       5.77332361    -646.50117993   720.394206 27577.860152
  458.500000    -653.23343543       6.91931619    -646.31411925   863.390939 27583.954756
  458.600000    -652.81244050       5.78552562    -647.02691488   721.916771 27589.974324
  458.700000    -651.41810449       6.18328401    -645.23482048   771.548986 27596.002226
  458.800000    -652.82689549       6.56829353    -646.25860196   819.590400 27602.076128
  458.900000    -652.55370774       5.55082242    -647.00288531   692.630551 27608.122087
  459.000000    -652.55417129       5.62062705    -646.93354424   701.340759 27614.215687
  459.100000    -652.73404207       6.27982859    -646.45421348   783.595800 27620.304034
  459.200000    -653.30185585       6.27348854    -647.02836731   782.804690 27626.338437
  459.300000    -653.71900323       5.26885895    -648.45014428   657.447204 27632.433078
  459.400000    -653.28653269       5.77015183    -647.51638086   719.998433 27638.451506
  459.500000    -652.87517789       6.23104093    -646.64413697   777.508085 27644.475769
  459.600000    -652.50404509       5.67724097    -646.82680412   708.405033 27650.541905
  459.700000    -653.27284055       4.89824078    -648.37459977   611.201539 27656.590974
  459.800000    -653.25812026       5.06508976    -648.19303050   632.020923 27662.660859
  459.900000    -653.19749372       4.96273781    -648.23475591   619.249466 27668.746335
  460.000000    -652.24394259       5.05030550    -647.19363709   630.176146 27674.767877
  460.100000    -653.33915183       5.47991034    -647.85924149   683.782155 27680.847993
  460.200000    -653.21902427       5.26931446    -647.94970981   657.504042 27686.870036
  460.300000    -653.08604346       5.40199899    -647.68404447   674.060392 27692.923607
  460.400000    -652.11690870       5.68262773    -646.43428097   709.077192 27698.972409
  460.500000    -652.44355136       5.46339407    -646.98015729   681.721258 27705.024436
  460.600000    -652.84430849       5.62632995    -647.21797854   702.052366 27711.059317
  460.700000    -652.92135262       5.53971258    -647.38164004   691.244267 27717.131302
  460.800000    -652.39650292       4.85867568    -647.53782724   606.264614 27723.166271
  460.900000    -652.77586499       4.39652067    -648.37934433   548.597001 27729.220633
  461.000000    -652.83335099       5.76064338    -647.07270761   718.811970 27735.303407
  461.100000    -652.40217814       5.54116994    -646.86100820   691.426116 27741.319047
  461.200000    -652.45572952       4.90092712    -647.55480240   611.536741 27747.430068
  461.300000    -652.92769155       5.37106116    -647.55663039   670.199975 27753.473277
  461.400000    -652.87064232       4.98704162    -647.88360070   622.282092 27759.479194
  461.500000    -652.72469367       4.50033538    -648.22435829   561.550981 27765.524091
  461.600000    -653.23252706       4.94109150    -648.29143556   616.548445 27771.604247
  461.700000    -652.85160415       5.89218810    -646.95941605   735.226094 27777.700268
  461.800000    -652.27415683       5.46602264    -646.80813419   682.049250 27783.775717
  461.900000    -651.05202808       5.27495923    -645.77706885   658.208396 27789.790367
  462.000000    -652.03570864       6.36494335    -645.67076530   794.216403 27795.923222
  462.100000    -651.18319381       6.27596084    -644.90723297   783.113183 27801.996522
  462.200000    -651.45150754       6.10733358    -645.34417396   762.071906 27808.075574
  462.300000    -651.49431068       6.26090135    -645.23340933   781.234063 27814.162058
  462.400000    -651.42149011       5.80752352    -645.61396659   724.661665 27820.157430
  462.500000    -651.22303530       6.18019359    -645.04284171   771.163364 27826.240114
  462.600000    -652.08611658       5.49505596    -646.59106062   685.672023 27832.268492
  462.700000    -651.77849385       5.35632079    -646.42217306   668.360674 27838.318656
  462.800000    -650.16960040       5.19793264    -644.97166776   648.597032 27844.420504
  462.900000    -652.99710270       7.06175250    -645.93535020   881.164115 27850.454023
  463.000000    -652.97718726       6.09123416    -646.88595309   760.063024 27856.473949
  463.100000    -652.37426772       5.76134736    -646.61292036   718.899812 27862.561836
  463.200000    -651.95736397       5.64980942    -646.30755456   704.982129 27868.595803
  463.300000    -652.67953385       5.54687689    -647.13265696   692.138228 27874.627572
  463.400000    -652.95318981       5.87399150    -647.07919831   732.955526 27880.681724
  463.500000    -652.00010619       5.07574330    -646.92436290   633.350269 27886.728201
  463.600000    -652.37451794       5.17455874    -647.19995920   645.680441 27892.768491
  463.700000    -653.18264424       5.78122027    -647.40142397   721.379550 27898.839455
  463.800000    -652.77421683       4.86640283    -647.90781400   607.228806 27904.903477
  463.900000    -653.69318058       5.31832620    -648.37485437   663.619718 27911.028363
  464.000000    -653.14552570       5.13376439    -648.01176131   640.590130 27917.114794
  464.100000    -653.41659795       4.84700331    -648.56959465   604.808138 27923.178791
  464.200000    -652.28026997       5.37598216    -646.90428780   670.814017 27929.289812
  464.300000    -652.20476181       5.85080891    -646.35395290   730.062807 27935.328866
  464.400000    -652.58262056       6.18309243    -646.39952813   771.525080 27941.419688
  464.500000    -652.73662998       6.07695307    -646.65967691   758.281031 27947.471603
  464.600000    -652.50429563       5.07996997    -647.42432566   633.877673 27953.560046
  464.700000    -652.82577173       5.82288626    -647.00288547   726.578624 27959.664484
  464.800000    -652.11357537       4.86546979    -647.24810558   607.112382 27965.747748
  464.900000    -653.42158155       4.81098423    -648.61059732   600.313684 27971.797433
  465.000000    -653.54681455       5.59288439    -647.95393016   697.879036 27977.931949
  465.100000    -653.89018760       5.77665344    -648.11353416   720.809702 27984.008696
  465.200000    -653.25685098       5.03850614    -648.21834484   628.703824 27990.048573
  465.300000    -652.99970030       4.84687028    -648.15283002   604.791539 27996.122286
  465.400000    -653.94469346       5.80856268    -648.13613078   724.791330 28002.206497
  465.500000    -652.87859067       5.19378455    -647.68480612   648.079434 28008.277028
  465.600000    -652.42084447       5.27844137    -647.14240310   658.642896 28014.319123
  465.700000    -652.82114276       6.09343011    -646.72771265   760.337034 28020.367272
  465.800000    -652.45795120       5.57965423    -646.87829697   696.228178 28026.417104
  465.900000    -653.33219312       5.58813296    -647.74406016   697.286152 28032.504379
  466.000000    -651.21420123       5.38204424    -645.83215698   671.570443 28038.527597
  466.100000    -651.91812903       5.29400916    -646.62411987   660.585441 28044.637783
  466.200000    -653.83997680       5.71144777    -648.12852902   712.673351 28050.685503
  466.300000    -653.29933845       4.65384040    -648.64549806   580.705307 28056.773984
  466.400000    -653.40335507       4.98366688    -648.41968818   621.860993 28062.878478
  466.500000    -652.84872882       5.44009649    -647.40863232   678.814191 28068.907211
  466.600000    -651.93372306       5.83940335    -646.09431970   728.639624 28074.988676
  466.700000    -652.31922004       5.98517457    -646.33404546   746.828929 28081.086478
  466.800000    -652.35375767       5.58064614    -646.77311153   696.351949 28087.166744
  466.900000    -651.68366559       4.85378371    -646.82988188   605.654195 28093.253028
  467.000000    -652.80599386       5.59424998    -647.21174388   698.049434 28099.353169
  467.100000    -652.68696158       5.90082822    -646.78613336   736.304208 28105.405169
  467.200000    -652.71470177       5.20095676    -647.51374501   648.974382 28111.511141
  467.300000    -653.02136843       4.54654811    -648.47482032   567.317397 28117.549525
  467.400000    -652.15969842       4.89692372    -647.26277471   611.037197 28123.603182
  467.500000    -652.81158959       5.35951918    -647.45207041   668.759769 28129.692530
  467.600000    -653.39929345       5.48244126    -647.91685219   684.097963 28135.757668
  467.700000    -652.36855429       5.22094992    -647.14760437   651.469124 28141.864671
  467.800000    -652.02117303       5.46474972    -646.55642331   681.890416 28147.968897
  467.900000    -653.05578718       5.91621652    -647.13957066   738.224356 28154.004419
  468.000000    -653.16860417       5.76592595    -647.40267822   719.471127 28160.141456
  468.100000    -652.62536103       5.71743856    -646.90792247   713.420881 28166.187142
  468.200000    -651.66497305       5.63732124    -646.02765181   703.423857 28172.232656
  468.300000    -652.46050912       6.56100038    -645.89950874   818.680361 28178.307808
  468.400000    -651.77935948       5.09905402    -646.68030546   636.258977 28184.369987
  468.500000    -651.85676971       5.87523766    -645.98153205   733.111022 28190.476129
  468.600000    -652.64269066       5.95875717    -646.68393349   743.532570 28196.560363
  468.700000    -651.41274153       5.23393952    -646.17880201   653.089963 28202.586823
  468.800000    -651.56636663       5.35575861    -646.21060802   668.290526 28208.703315
  468.900000    -652.27940271       4.85265105    -647.42675166   605.512862 28214.754933
  469.000000    -652.51931934       5.25907269    -647.26024665   656.226076 28220.766402
  469.100000    -651.58220417       5.04087663    -646.54132754   628.999613 28226.863096
  469.200000    -651.87390253       3.94037957    -647.93352296   491.679803 28232.892875
  469.300000    -652.61602565       5.04610773    -647.56991791   629.652350 28238.943963
  469.400000    -652.94399017       5.37790107    -647.56608910   671.053458 28245.017036
  469.500000    -652.37034886       5.07752583    -647.29282302   633.572694 28251.026749
  469.600000    -652.91066261       5.57189218    -647.33877043   695.259632 28257.108715
  469.700000    -653.72247737       5.59018465    -648.13229272   697.542162 28263.198063
  469.800000    -653.12193785       5.30112341    -647.82081444   661.473156 28269.233717
  469.900000    -652.48386191       5.18249229    -647.30136962   646.670389 28275.373774
  470.000000    -653.45656375       4.85934437    -648.59721938   606.348054 28281.460635
  470.100000    -652.76131896       4.62605189    -648.13526707   577.237862 28287.484629
  470.200000    -652.87789608       5.33423153    -647.54366455   665.604381 28293.602857
  470.300000    -653.06523460       4.82071413    -648.24452047   601.527780 28299.654641
  470.400000    -653.26028017       5.49335644    -647.76692373   685.459957 28305.726271
  470.500000    -654.26724743       6.75848865    -647.50875878   843.322910 28311.825083
  470.600000    -652.92238812       5.51543413    -647.40695399   688.214806 28317.892610
  470.700000    -652.73052333       5.38736185    -647.34316147   672.233973 28323.979124
  470.800000    -652.59777012       4.71793487    -647.87983526   588.703002 28330.091160
  470.900000    -652.20471059       5.24914767    -646.95556292   654.987634 28336.113886
  471.000000    -652.37478772       5.74288300    -646.63190472   716.595833 28342.201015
  471.100000    -652.36862623       5.24044688    -647.12817935   653.901951 28348.312065
  471.200000    -653.04711299       5.38371851    -647.66339448   671.779357 28354.404337
  471.300000    -651.01943364       4.58027171    -646.43916193   571.525420 28360.440214
  471.400000    -652.38433911       5.32077356    -647.06356554   663.925099 28366.497306
  471.500000    -652.82779483       6.50100682    -646.32678801   811.194377 28372.583269
  471.600000    -652.15576654       4.68439655    -647.47136999   584.518098 28378.685124
  471.700000    -651.83382484       5.09904925    -646.73477559   636.258382 28384.711756
  471.800000    -652.77245786       4.79903425    -647.97342361   598.822568 28390.813304
  471.900000    -653.04452240       5.69394968    -647.35057272   710.489942 28396.857796
  472.000000    -652.62086707       5.28614723    -647.33471985   659.604431 28402.902024
  472.100000    -651.68635487       4.96783984    -646.71851503   619.886096 28408.965165
  472.200000    -652.87950156       4.70843888    -648.17106268   587.518095 28414.958633
  472.300000    -653.28659705       5.21830343    -648.06829362   651.138896 28420.986090
  472.400000    -653.18442256       5.63558835    -647.54883421   703.207627 28427.049257
  472.500000    -651.91342199       5.28203577    -646.63138622   659.091404 28433.082813
  472.600000    -652.57615426       4.78875830    -647.78739596   597.540337 28439.143179
  472.700000    -652.00460588       5.21464364    -646.78996224   650.682228 28445.225466
  472.800000    -652.84130030       4.99887404    -647.84242626   623.758538 28451.248515
  472.900000    -653.10508565       5.11663661    -647.98844904   638.452929 28457.373290
  473.000000    -652.80847358       4.70956233    -648.09891126   587.658279 28463.428473
  473.100000    -652.96014625       5.41873538    -647.54141087   676.148755 28469.454692
  473.200000    -652.97020037       5.29850460    -647.67169577   661.146382 28475.522408
  473.300000    -652.99212993       5.83955883    -647.15257110   728.659024 28481.550647
  473.400000    -652.14124368       5.36833743    -646.77290625   669.860109 28487.617575
  473.500000    -652.04233057       5.38765899    -646.65467158   672.271050 28493.679803
  473.600000    -651.98276750       5.80252385    -646.18024364   724.037807 28499.703495
  473.700000    -652.34519905       6.27473006    -646.07046899   782.959607 28505.810635
  473.800000    -651.76033514       5.62100322    -646.13933192   701.387697 28511.867092
  473.900000    -652.79064719       5.63855093    -647.15209626   703.577297 28517.867849
  474.000000    -652.53053391       5.62212334    -646.90841057   701.527466 28523.944490
  474.100000    -651.86840318       5.14922373    -646.71917944   642.519144 28529.952965
  474.200000    -652.50879405       5.95669586    -646.55209819   743.275360 28536.030711
  474.300000    -651.31496552       5.71934733    -645.59561818   713.659057 28542.042439
  474.400000    -652.17573886       5.89303459    -646.28270427   735.331720 28548.067147
  474.500000    -651.84526988       5.95417903    -645.89109085   742.961310 28554.135788
  474.600000    -652.59296601       6.91997560    -645.67299041   863.473221 28560.181425
  474.700000    -651.54128821       6.59952728    -644.94176092   823.487741 28566.165738
  474.800000    -650.97517997       6.24808637    -644.72709360   779.635012 28572.272054
  474.900000    -652.18256834       6.39996346    -645.78260488   798.586206 28578.310870
  475.000000    -652.11931565       5.91013129    -646.20918436   737.465042 28584.305045
  475.100000    -652.13612208       6.63451131    -645.50161077   827.853042 28590.376489
  475.200000    -651.62800737       5.99651035    -645.63149703   748.243404 28596.399465
  475.300000    -652.04416952       5.86287983    -646.18128968   731.569014 28602.436774
  475.400000    -652.02559560       4.73947255    -647.28612305   591.390470 28608.503243
  475.500000    -652.89219786       4.94222184    -647.94997602   616.689488 28614.484119
  475.600000    -652.44864564       4.44312275    -648.00552289   554.411999 28620.519996
  475.700000    -653.59542780       5.85727804    -647.73814977   730.870023 28626.581095
  475.800000    -651.72141227       5.12045145    -646.60096082   638.928945 28632.605123
  475.900000    -653.50056014       5.15349078    -648.34706936   643.051585 28638.664690
  476.000000    -652.09787283       5.48587387    -646.61199896   684.526283 28644.709711
  476.100000    -652.94098562       5.31766478    -647.62332084   663.537185 28650.713355
  476.200000    -653.00754835       4.90538922    -648.10215913   612.093521 28656.774034
  476.300000    -652.78714891       6.14289480    -646.64425412   766.509228 28662.828939
  476.400000    -652.30551641       5.93988435    -646.36563206   741.177624 28668.873066
  476.500000    -652.81047853       6.21700281    -646.59347572   775.756412 28674.973803
  476.600000    -652.19882976       5.85363416    -646.34519560   730.415341 28680.968932
  476.700000    -652.75694420       5.77988818    -646.97705601   721.213332 28686.995585
  476.800000    -653.30287695       5.16882302    -648.13405393   644.964739 28693.048750
  476.900000    -653.29921114       5.29896618    -648.00024496   661.203977 28699.085804
  477.000000    -653.39953035       4.80831124    -648.59121910   599.980149 28705.175939
  477.100000    -652.61779411       4.72162465    -647.89616946   589.163413 28711.196375
  477.200000    -653.40695120       5.52490765    -647.88204355   689.396911 28717.197313
  477.300000    -653.13288218       5.29759477    -647.83528741   661.032853 28723.292877
  477.400000    -653.07224960       4.71620307    -648.35604653   588.486909 28729.303463
  477.500000    -652.98601654       4.69181951    -648.29419703   585.444333 28735.324061
  477.600000    -652.08573902       4.49194031    -647.59379870   560.503446 28741.389834
  477.700000    -652.69572859       5.97352841    -646.72220018   745.375723 28747.411516
  477.800000    -652.17523325       6.06513781    -646.11009543   756.806726 28753.447712
  477.900000    -651.73500415       5.56468199    -646.17032216   694.359945 28759.491402
  478.000000    -652.02866742       5.58754204    -646.44112538   697.212419 28765.512132
  478.100000    -653.10814719       5.17728569    -647.93086150   646.020710 28771.543817
  478.200000    -652.81255571       4.90204506    -647.91051066   611.676236 28777.620787
  478.300000    -652.89388673       5.23851158    -647.65537514   653.660465 28783.629683
  478.400000    -652.72475094       5.54992220    -647.17482874   692.518221 28789.696945
  478.500000    -652.40375919       4.90515618    -647.49860301   612.064442 28795.697005
  478.600000    -652.78712826       5.14614912    -647.64097914   642.135494 28801.751072
  478.700000    -652.46165627       5.10054296    -647.36111330   636.444767 28807.821504
  478.800000    -653.36080634       5.63712885    -647.72367749   703.399850 28813.848895
  478.900000    -653.51105786       5.51143152    -647.99962634   687.715362 28819.892736
  479.000000    -653.11983838       5.72664630    -647.39319208   714.569820 28825.936327
  479.100000    -651.70838588       4.79108040    -646.91730548   597.830088 28831.953263
  479.200000    -652.96057302       4.96366268    -647.99691034   619.364872 28838.027003
  479.300000    -653.09370526       5.28972436    -647.80398090   660.050785 28844.068362
  479.400000    -653.40387252       6.13325363    -647.27061889   765.306205 28850.074813
  479.500000    -652.61204065       5.73172354    -646.88031710   715.203358 28856.141276
  479.600000    -652.84144984       5.50864044    -647.33280940   687.367092 28862.138908
  479.700000    -653.69232474       5.65761390    -648.03471084   705.955971 28868.194601
  479.800000    -652.04523061       6.46090628    -645.58432433   806.190639 28874.204673
  479.900000    -652.20025156       5.79192902    -646.40832255   722.715785 28880.246863
  480.000000    -652.55935877       5.38385300    -647.17550577   671.796139 28886.296167
  480.100000    -653.95967366       5.31502506    -648.64464860   663.207801 28892.342062
  480.200000    -652.17132597       4.70238201    -647.46894396   586.762320 28898.360902
  480.300000    -652.97673845       5.52492007    -647.45181837   689.398461 28904.397257
  480.400000    -652.69527446       5.12197919    -647.57329528   639.119575 28910.479803
  480.500000    -652.72146874       5.78460780    -646.93686094   721.802245 28916.491155
  480.600000    -652.47054137       5.42645665    -647.04408472   677.112214 28922.554830
  480.700000    -652.11881853       5.93157694    -646.18724160   740.141026 28928.560571
  480.800000    -652.21312608       5.55442834    -646.65869774   693.080497 28934.597714
  480.900000    -653.44021459       6.47226619    -646.96794840   807.608127 28940.671932
  481.000000    -651.31268990       5.48641952    -645.82627038   684.594369 28946.679650
  481.100000    -652.33633760       6.57049942    -645.76583818   819.865650 28952.736407
  481.200000    -652.45047934       5.71661757    -646.73386177   713.318438 28958.771335
  481.300000    -652.78422789       6.03659735    -646.74763054   753.245453 28964.795480
  481.400000    -651.83018555       5.41381225    -646.41637329   675.534449 28970.866299
  481.500000    -652.69212305       5.81283922    -646.87928383   725.324956 28976.903748
  481.600000    -652.23169130       5.48191192    -646.74977938   684.031912 28982.915934
  481.700000    -652.39543937       5.37285677    -647.02258260   670.424031 28989.008743
  481.800000    -651.39287698       5.32855172    -646.06432526   664.895655 28995.031427
  481.900000    -650.67169310       5.89725419    -644.77443891   735.858241 29001.116783
  482.000000    -652.30626407       7.50119715    -644.80506693   935.997933 29007.147396
  482.100000    -650.91950062       5.46751398    -645.45198665   682.235339 29013.240446
  482.200000    -651.09689539       5.37660131    -645.72029408   670.891274 29019.332759
  482.300000    -650.58850599       5.75766081    -644.83084519   718.439805 29025.448937
  482.400000    -650.36344564       5.74319768    -644.62024796   716.635098 29031.530426
  482.500000    -651.25843380       5.79612538    -645.46230842   723.239407 29037.599731
  482.600000    -651.90685155       6.36643083    -645.54042073   794.402010 29043.702013
  482.700000    -651.87284264       5.89068328    -645.98215936   735.038323 29049.746444
  482.800000    -652.25265484       4.74995982    -647.50269502   592.699070 29055.829563
  482.900000    -653.28054643       4.87378877    -648.40675767   608.150422 29061.857728
  483.000000    -652.41094262       6.12134688    -646.28959574   763.820483 29067.947628
  483.100000    -652.15357940       5.72062640    -646.43295300   713.818658 29073.980453
  483.200000    -652.96917136       5.79025994    -647.17891142   722.507519 29080.071748
  483.300000    -652.20987415       4.19563635    -648.01423780   523.530695 29086.143725
  483.400000    -653.23043487       5.32489629    -647.90553858   664.439532 29092.225883
  483.500000    -652.00961060       6.31824827    -645.69136233   788.389800 29098.291237
  483.600000    -652.51931462       6.58229731    -645.93701731   821.337788 29104.360733
  483.700000    -651.52653068       6.04344669    -645.48308400   754.100112 29110.468018
  483.800000    -652.41378541       6.03008261    -646.38370280   752.432545 29116.483182
  483.900000    -652.34152339       6.16696853    -646.17455486   769.513143 29122.561908
  484.000000    -651.72329407       6.50702984    -645.21626423   811.945928 29128.603958
  484.100000    -651.35861405       5.37460483    -645.98400922   670.642154 29134.679979
  484.200000    -651.24893599       5.52406056    -645.72487543   689.291211 29140.707086
  484.300000    -650.82362208       5.26298081    -645.56064127   656.713730 29146.733474
  484.400000    -652.05656116       5.58310671    -646.47345445   696.658978 29152.809178
  484.500000    -652.32856719       5.36818329    -646.96038390   669.840875 29158.928006
  484.600000    -652.02978598       5.69251211    -646.33727386   710.310563 29165.058429
  484.700000    -651.87735578       5.32464699    -646.55270879   664.408425 29171.240095
  484.800000    -651.71225189       6.10552985    -645.60672204   761.846837 29177.387579
  484.900000    -651.52113746       5.78007223    -645.74106522   721.236298 29183.513479
  485.000000    -651.30000410       4.97386464    -646.32613945   620.637871 29189.716839
  485.100000    -652.36203027       5.44773314    -646.91429713   679.767090 29195.907387
  485.200000    -652.56354280       5.92445574    -646.63908706   739.252444 29202.043520
  485.300000    -652.89176446       5.45047682    -647.44128763   680.109446 29208.093744
  485.400000    -652.80597853       5.01869677    -647.78728177   626.232015 29214.180603
  485.500000    -652.10046670       5.51169831    -646.58876838   687.748652 29220.263041
  485.600000    -651.32410246       4.93401550    -646.39008696   615.665502 29226.353220
  485.700000    -652.80224054       5.78019376    -647.02204678   721.251463 29232.403752
  485.800000    -652.42802114       5.84073418    -646.58728696   728.805685 29238.502374
  485.900000    -652.41255809       6.36825486    -646.04430322   794.629613 29244.587878
  486.000000    -651.87330421       5.42243982    -646.45086439   676.610994 29250.638429
  486.100000    -651.95733183       5.80864742    -646.14868441   724.801905 29256.750995
  486.200000    -652.22900501       5.99796395    -646.23104107   748.424784 29262.787686
  486.300000    -653.48118896       6.34241245    -647.13877651   791.405003 29268.840021
  486.400000    -653.11857435       6.05771941    -647.06085494   755.881059 29274.906025
  486.500000    -651.99751787       4.85696747    -647.14055040   606.051464 29280.974483
  486.600000    -651.58779364       4.95995649    -646.62783715   618.902414 29287.102554
  486.700000    -652.35114882       6.37996964    -645.97117918   796.091380 29293.151153
  486.800000    -651.70587817       5.92407491    -645.78180326   739.204925 29299.166472
  486.900000    -651.98311216       5.95630557    -646.02680659   743.226660 29305.241278
  487.000000    -651.25118113       5.73278552    -645.51839561   715.335871 29311.353377
  487.100000    -651.39253003       5.16856791    -646.22396212   644.932906 29317.366144
  487.200000    -651.72771994       6.53573523    -645.19198471   815.527781 29323.424773
  487.300000    -652.05894287       5.94041998    -646.11852289   741.244460 29329.431889
  487.400000    -651.97947260       4.94461834    -647.03485426   616.988523 29335.492602
  487.500000    -652.41208140       5.53619863    -646.87588277   690.805797 29341.563105
  487.600000    -652.40029182       4.88713773    -647.51315409   609.816103 29347.593615
  487.700000    -652.40900771       5.43032143    -646.97868628   677.594461 29353.650710
  487.800000    -651.35493971       4.65788252    -646.69705719   581.209682 29359.701390
  487.900000    -651.98468553       5.09448533    -646.89020020   635.688897 29365.731951
  488.000000    -651.87869924       4.89015767    -646.98854157   610.192931 29371.806686
  488.100000    -652.53236612       5.58465638    -646.94770974   696.852346 29377.867393
  488.200000    -651.64563155       5.13188674    -646.51374481   640.355838 29383.897409
  488.300000    -651.42370728       5.92977880    -645.49392848   739.916655 29389.976541
  488.400000    -652.55481648       5.89307436    -646.66174212   735.336682 29395.999160
  488.500000    -652.35371094       5.27259707    -647.08111387   657.913645 29402.064559
  488.600000    -652.11669474       5.47061858    -646.64607616   682.622731 29408.115655
  488.700000    -651.50019607       5.59601289    -645.90418318   698.269409 29414.197805
  488.800000    -651.18555184       5.19520984    -645.99034199   648.257282 29420.285050
  488.900000    -652.24563768       5.95000526    -646.29563243   742.440508 29426.373353
  489.000000    -651.44137577       5.54468717    -645.89668860   691.864995 29432.416910
  489.100000    -652.32316206       6.09381466    -646.22934740   760.385018 29438.536554
  489.200000    -652.27375513       5.12670891    -647.14704622   639.709749 29444.619014
  489.300000    -652.76204138       5.07271847    -647.68932291   632.972832 29450.642947
  489.400000    -652.48636238       6.05986935    -646.42649303   756.149329 29456.727793
  489.500000    -652.55726157       5.92516438    -646.63209719   739.340869 29462.833529
  489.600000    -652.24711330       5.90500430    -646.34210900   736.825297 29468.960976
  489.700000    -651.96545987       6.06158531    -645.90387456   756.363445 29475.038542
  489.800000    -652.18154345       6.14237160    -646.03917186   766.443943 29481.110644
  489.900000    -651.67528341       5.65522352    -646.02005989   705.657700 29487.214392
  490.000000    -652.20931680       6.06478693    -646.14452988   756.762943 29493.287590
  490.100000    -651.42752902       5.53023334    -645.89729568   690.061449 29499.311428
  490.200000    -651.00436054       6.16124426    -644.84311629   768.798870 29505.366870
  490.300000    -651.90782434       5.85270130    -646.05512304   730.298939 29511.379814
  490.400000    -651.87620792       5.19338122    -646.68282670   648.029107 29517.442593
  490.500000    -651.66781259       5.48918781    -646.17862478   684.939796 29523.514025
  490.600000    -652.53251851       6.39443950    -646.13807901   797.896927 29529.578453
  490.700000    -651.81342768       5.45424108    -646.35918659   680.579150 29535.667199
  490.800000    -651.24857800       5.48802872    -645.76054928   684.795165 29541.752346
  490.900000    -652.07629297       5.75525202    -646.32104094   718.139237 29547.815712
  491.000000    -651.64054018       5.58753430    -646.05300588   697.211452 29553.872882
  491.100000    -653.02792081       6.09323186    -646.93468895   760.312296 29559.966673
  491.200000    -652.98345706       6.74569748    -646.23775959   841.726830 29565.989895
  491.300000    -651.88956733       5.59784008    -646.29172725   698.497405 29572.070350
  491.400000    -652.68327799       5.57735360    -647.10592439   695.941106 29578.082141
  491.500000    -652.74022324       5.43711536    -647.30310789   678.442205 29584.180524
  491.600000    -651.92084496       5.19053773    -646.73030723   647.674297 29590.222260
  491.700000    -652.35375226       5.72770875    -646.62604351   714.702393 29596.284266
  491.800000    -652.23196237       5.11077250    -647.12118987   637.721206 29602.406904
  491.900000    -651.85768723       5.05235836    -646.80532888   630.432301 29608.467017
  492.000000    -652.10136916       5.60406149    -646.49730767   699.273711 29614.513420
  492.100000    -651.21491712       5.67201201    -645.54290511   707.752564 29620.635582
  492.200000    -650.92235668       5.42021728    -645.50213940   676.333666 29626.721977
  492.300000    -651.29871053       5.50833894    -645.79037160   687.329470 29632.736717
  492.400000    -651.35211110       5.22253105    -646.12958005   651.666417 29638.826170
  492.500000    -651.07136354       5.88001493    -645.19134861   733.707128 29644.879905
  492.600000    -650.48693577       5.96098766    -644.52594811   743.810891 29650.974883
  492.700000    -651.38872222       6.11737811    -645.27134411   763.325261 29657.020116
  492.800000    -650.62237036       5.88453080    -644.73783956   734.270619 29663.096730
  492.900000    -650.32716246       5.86214400    -644.46501846   731.477198 29669.178054
  493.000000    -651.08362167       5.89936669    -645.18425498   736.121837 29675.285014
  493.100000    -650.76314080       5.62773103    -645.13540977   702.227193 29681.329401
  493.200000    -651.26935787       5.69795859    -645.57139928   710.990174 29687.431224
  493.300000    -651.08705543       5.06974991    -646.01730551   632.602416 29693.471874
  493.400000    -651.51482174       5.84167737    -645.67314437   728.923375 29699.550071
  493.500000    -650.18906010       5.70299727    -644.48606283   711.618900 29705.652915
  493.600000    -650.60404714       4.75724214    -645.84680501   593.607756 29711.692115
  493.700000    -651.08205626       4.84675722    -646.23529904   604.777431 29717.770956
  493.800000    -650.94555169       5.93555261    -645.00999908   740.637110 29723.833554
  493.900000    -651.61265510       6.03968803    -645.57296707   753.631107 29729.886889
  494.000000    -650.74568558       5.15042500    -645.59526058   642.669038 29735.988762
  494.100000    -650.99112303       6.03330872    -644.95781431   752.835099 29742.060684
  494.200000    -650.87119912       5.97129427    -644.89990485   745.096947 29748.096724
  494.300000    -651.12288702       5.52820927    -645.59467775   689.808886 29754.226846
  494.400000    -651.84189592       6.16350585    -645.67839007   769.081071 29760.287088
  494.500000    -651.56901729       5.43064553    -646.13837176   677.634901 29766.337758
  494.600000    -651.37352679       5.27656702    -646.09695978   658.409015 29772.377976
  494.700000    -652.04782965       6.59679415    -645.45103551   823.146701 29778.454245
  494.800000    -650.99743315       5.46107126    -645.53636188   681.431419 29784.553550
  494.900000    -651.16221502       6.11254788    -645.04966714   762.722545 29790.646983
  495.000000    -651.41274056       6.67050494    -644.74223563   832.344319 29796.684134
  495.100000    -651.31811612       5.33544624    -645.98266988   665.755952 29802.810841
  495.200000    -650.87520206       5.01866957    -645.85653249   626.228621 29808.867633
  495.300000    -651.30017675       5.17676979    -646.12340695   645.956336 29814.951320
  495.400000    -651.17838563       5.50866914    -645.66971649   687.370672 29821.059717
  495.500000    -651.78615288       6.01151704    -645.77463584   750.115937 29827.099334
  495.600000    -650.93731930       5.43098966    -645.50632964   677.677843 29833.202893
  495.700000    -651.46533842       6.05481795    -645.41052046   755.519016 29839.252932
  495.800000    -651.52207025       5.62763980    -645.89443045   702.215809 29845.318132
  495.900000    -651.90722308       6.38884571    -645.51837737   797.198935 29851.440665
  496.000000    -650.80266309       5.79335662    -645.00930646   722.893922 29857.495428
  496.100000    -651.65388454       5.60013796    -646.05374658   698.784134 29863.547172
  496.200000    -651.44060214       4.82229820    -646.61830394   601.725439 29869.639899
  496.300000    -651.45138985       5.52192209    -645.92946776   689.024373 29875.678729
  496.400000    -651.81543192       5.27232606    -646.54310586   657.879829 29881.739083
  496.500000    -651.41859923       5.29786054    -646.12073869   661.066016 29887.798611
  496.600000    -651.58510442       6.14977394    -645.43533048   767.367606 29893.885262
  496.700000    -651.66545137       5.05157829    -646.61387308   630.334964 29899.974482
  496.800000    -652.43735590       4.86319014    -647.57416577   606.827927 29906.041955
  496.900000    -652.58058780       4.13479883    -648.44578897   515.939401 29912.109582
  497.000000    -653.44184951       5.49427224    -647.94757727   685.574231 29918.197730
  497.100000    -652.21702838       5.02855423    -647.18847416   627.462026 29924.284270
  497.200000    -651.61101894       5.57693011    -646.03408883   695.888264 29930.309864
  497.300000    -652.47743876       6.48278891    -645.99464985   808.921150 29936.380470
  497.400000    -651.41547235       5.34552522    -646.06994713   667.013606 29942.392542
  497.500000    -652.51818403       5.69093851    -646.82724551   710.114210 29948.454719
  497.600000    -651.86185083       5.13099248    -646.73085835   640.244252 29954.484488
  497.700000    -651.26350282       5.24010246    -646.02340036   653.858974 29960.537197
  497.800000    -651.33758115       5.47998509    -645.85759605   683.791483 29966.593938
  497.900000    -652.04465131       5.66654886    -646.37810245   707.070873 29972.654784
  498.000000    -651.70986591       6.06903640    -645.64082951   757.293191 29978.687511
  498.100000    -650.94553607       6.04148323    -644.90405284   753.855112 29984.854485
  498.200000    -651.07952341       6.51397127    -644.56555214   812.812079 29990.912117
  498.300000    -651.44978767       6.20259358    -645.24719408   773.958431 29996.936502
  498.400000    -651.44014280       5.20852577    -646.23161704   649.918841 30003.015998
  498.500000    -652.65650126       4.43239816    -648.22410309   553.073788 30009.029988
  498.600000    -651.88125636       5.08196063    -646.79929573   634.126067 30015.080607
  498.700000    -652.64127878       5.58584089    -647.05543789   697.000148 30021.101849
  498.800000    -651.71088281       5.06614242    -646.64474039   632.152274 30027.166202
  498.900000    -651.65802446       4.94597887    -646.71204559   617.158289 30033.222719
  499.000000    -651.97402840       5.95141668    -646.02261172   742.616625 30039.277903
  499.100000    -651.54794988       5.18387855    -646.36407133   646.843365 30045.323569
  499.200000    -651.90294511       5.04150790    -646.86143721   629.078383 30051.368143
  499.300000    -652.71915503       5.89689137    -646.82226366   735.812967 30057.452996
  499.400000    -651.64100513       5.07394262    -646.56706251   633.125582 30063.479988
  499.500000    -652.75803995       6.26480942    -646.49323053   781.721711 30069.564514
  499.600000    -651.74808975       6.02434131    -645.72374844   751.716147 30075.605543
  499.700000    -651.97667057       6.19032867    -645.78634190   772.428018 30081.709488
  499.800000    -651.64574805       4.60983842    -647.03590963   575.214749 30087.792911
  499.900000    -652.34430047       5.56297205    -646.78132841   694.146580 30093.853697
  500.000000    -652.04300517       5.85842438    -646.18458079   731.013064 30099.957392
  500.100000    -651.79206314       6.69146219    -645.10060094   834.959362 30106.043824
  500.200000    -650.95947380       5.46358001    -645.49589379   681.744460 30112.068243
  500.300000    -650.32620997       5.88172898    -644.44448100   733.921007 30118.199626
  500.400000    -651.14167622       6.28433304    -644.85734318   784.157865 30124.278725
  500.500000    -650.55206401       5.99674657    -644.55531744   748.272880 30130.325929
  500.600000    -650.34084393       5.78065980    -644.56018413   721.309615 30136.433114
  500.700000    -650.18064841       6.52792719    -643.65272122   814.553495 30142.473773
  500.800000    -650.18870380       6.81552870    -643.37317510   850.440357 30148.555125
  500.900000    -650.87868172       5.40667602    -645.47200570   674.643990 30154.640800
  501.000000    -651.09753957       6.24266007    -644.85487950   778.957919 30160.704834
  501.100000    -651.91166711       5.66709777    -646.24456934   707.139367 30166.791196
  501.200000    -651.50116797       5.08536054    -646.41580743   634.550307 30172.890544
  501.300000    -651.81445833       5.82030757    -645.99415076   726.256856 30178.937132
  501.400000    -652.40120427       5.18744061    -647.21376366   647.287839 30185.052735
  501.500000    -652.11678854       5.59453431    -646.52225423   698.084912 30191.101368
  501.600000    -651.92661068       5.14672584    -646.77988484   642.207458 30197.204144
  501.700000    -651.88936789       5.13384031    -646.75552757   640.599604 30203.253952
  501.800000    -652.00815480       5.56404606    -646.44410874   694.280594 30209.318411
  501.900000    -651.97055077       6.84271376    -645.12783702   853.832502 30215.425656
  502.000000    -652.53486550       6.03273737    -646.50212813   752.763805 30221.500279
  502.100000    -652.29173364       6.25256117    -646.03917247   780.193377 30227.534008
  502.200000    -652.80078092       6.12234164    -646.67843928   763.944608 30233.607734
  502.300000    -652.34369231       6.14469982    -646.19899250   766.734458 30239.655691
  502.400000    -652.74007671       6.22115339    -646.51892332   776.274320 30245.699425
  502.500000    -651.84214637       6.13898267    -645.70316370   766.021074 30251.745582
  502.600000    -652.87946843       6.03302458    -646.84644385   752.799643 30257.749922
  502.700000    -653.78926253       5.36733477    -648.42192776   669.734998 30263.828539
  502.800000    -652.87700617       5.63640637    -647.24059980   703.309700 30269.840056
  502.900000    -652.87845232       5.54069482    -647.33775750   691.366830 30275.908432
  503.000000    -653.02251227       6.06304346    -646.95946881   756.545393 30282.010194
  503.100000    -653.35366326       6.01652395    -647.33713931   750.740698 30288.020426
  503.200000    -653.08167928       5.95328263    -647.12839665   742.849458 30294.028365
  503.300000    -653.49979679       6.49176049    -647.00803630   810.040621 30300.104544
  503.400000    -652.23296251       4.86732395    -647.36563856   607.343744 30306.109881
  503.500000    -652.95294872       5.72203725    -647.23091147   713.994705 30312.162804
  503.600000    -653.31429262       6.66239057    -646.65190205   831.331810 30318.204751
  503.700000    -652.34512824       4.06302751    -648.28210073   506.983789 30324.267448
  503.800000    -653.67877229       5.30426982    -648.37450247   661.865765 30330.330067
  503.900000    -652.31978684       4.73593666    -647.58385018   590.949263 30336.383307
  504.000000    -652.89877067       6.46767819    -646.43109248   807.035637 30342.426706
  504.100000    -652.22438350       6.21286571    -646.01151778   775.240185 30348.474052
  504.200000    -652.45598874       6.51026368    -645.94572507   812.349446 30354.529709
  504.300000    -652.66108220       6.25250348    -646.40857872   780.186179 30360.587365
  504.400000    -652.84478514       5.67698389    -647.16780126   708.372954 30366.666638
  504.500000    -652.08263995       4.67417118    -647.40846877   583.242179 30372.692297
  504.600000    -652.90977101       5.13406528    -647.77570573   640.627676 30378.801251
  504.700000    -651.91799828       5.24505927    -646.67293901   654.477484 30384.847390
  504.800000    -652.96475822       5.71296344    -647.25179479   712.862476 30390.912450
  504.900000    -652.84539075       5.25036490    -647.59502586   655.139519 30397.034402
  505.000000    -653.39558752       6.03698890    -647.35859862   753.294310 30403.073233
  505.100000    -652.61554571       5.47683995    -647.13870577   683.399032 30409.101053
  505.200000    -652.97040875       5.16700499    -647.80340376   644.737885 30415.221266
  505.300000    -653.22785695       5.30677107    -647.92108588   662.177871 30421.255097
  505.400000    -653.83542061       5.34547170    -648.48994891   667.006927 30427.296384
  505.500000    -653.89173938       5.75952432    -648.13221506   718.672334 30433.355650
  505.600000    -653.59890721       5.61183239    -647.98707483   700.243363 30439.432838
  505.700000    -653.12047333       5.73842737    -647.38204596   716.039861 30445.513726
  505.800000    -653.31780785       5.78136889    -647.53643896   721.398095 30451.563728
  505.900000    -652.80597598       5.11446016    -647.69151582   638.181352 30457.604618
  506.000000    -653.35629642       6.14682034    -647.20947608   766.999056 30463.680414
  506.100000    -652.00946847       5.47270269    -646.53676578   682.882786 30469.777135
  506.200000    -651.90247285       5.19379226    -646.70868059   648.080396 30475.800691
  506.300000    -651.97036900       5.23611938    -646.73424962   653.361967 30481.911741
  506.400000    -651.60059746       6.17400934    -645.42658812   770.391694 30487.953533
  506.500000    -652.40169499       6.77891020    -645.62278479   845.871107 30493.961896
  506.600000    -651.73959288       5.52199960    -646.21759328   689.034045 30500.007970
  506.700000    -651.94263199       4.90293921    -647.03969277   611.787809 30506.022354
  506.800000    -653.11345891       6.17764343    -646.93581548   770.845156 30512.079252
  506.900000    -652.45491115       5.59948828    -646.85542288   698.703067 30518.118332
  507.000000    -653.03310116       5.94210031    -647.09100086   741.454130 30524.132379
  507.100000    -652.94061850       5.56845808    -647.37216042   694.831125 30530.168954
  507.200000    -652.71856180       5.86444177    -646.85412003   731.763913 30536.249467
  507.300000    -652.15334424       5.27620594    -646.87713831   658.363959 30542.265200
  507.400000    -652.37562092       5.63449663    -646.74112429   703.071403 30548.332869
  507.500000    -653.03565588       6.51992819    -646.51572769   813.555382 30554.357018
  507.600000    -651.97562812       5.85422497    -646.12140316   730.489062 30560.426740
  507.700000    -652.14769352       5.40212721    -646.74556631   674.076392 30566.458479
  507.800000    -652.31724882       5.25102878    -647.06622004   655.222359 30572.514942
  507.900000    -652.60123627       5.09669568    -647.50454059   635.964704 30578.634681
  508.000000    -653.05367556       6.41236597    -646.64130959   800.133788 30584.671027
  508.100000    -652.70675726       5.35873661    -647.34802065   668.662120 30590.701574
  508.200000    -651.76372668       4.49412341    -647.26960327   560.775852 30596.813334
  508.300000    -651.75895537       4.48394301    -647.27501236   559.505544 30602.859637
  508.400000    -652.26286496       5.35554115    -646.90732381   668.263392 30608.897472
  508.500000    -651.88193887       5.14583805    -646.73610082   642.096679 30614.979309
  508.600000    -651.15425450       5.24794535    -645.90630914   654.837609 30621.176144
  508.700000    -652.65740931       5.66396361    -646.99344570   706.748287 30627.384578
  508.800000    -651.97424521       6.05136418    -645.92288103   755.088055 30633.552263
  508.900000    -651.95891137       6.55292969    -645.40598167   817.673303 30639.693812
  509.000000    -652.01348456       4.75752420    -647.25596037   593.642951 30645.890715
  509.100000    -651.79906098       5.66842765    -646.13063333   707.305309 30651.985195
  509.200000    -651.51961480       4.80327168    -646.71634312   599.351313 30658.077600
  509.300000    -651.89141233       5.24657551    -646.64483682   654.666680 30664.392062
  509.400000    -652.65142673       5.78542881    -646.86599792   721.904691 30670.524475
  509.500000    -652.53052244       5.45378493    -647.07673751   680.522231 30676.637075
  509.600000    -653.64725447       6.33983857    -647.30741590   791.083833 30682.777490
  509.700000    -652.83954804       5.72257264    -647.11697540   714.061510 30688.840010
  509.800000    -653.10598284       5.73325798    -647.37272486   715.394825 30694.947958
  509.900000    -652.82165625       5.41623332    -647.40542293   675.836549 30701.072665
  510.000000    -652.05874625       5.09384235    -646.96490390   635.608666 30707.144975
  510.100000    -652.68684774       5.38257115    -647.30427659   671.636190 30713.248513
  510.200000    -652.29136920       5.43194958    -646.85941962   677.797621 30719.337601
  510.300000    -652.39450938       5.03883460    -647.35567478   628.744809 30725.419409
  510.400000    -651.95517758       5.23431424    -646.72086333   653.136721 30731.542761
  510.500000    -651.35344668       4.94340491    -646.41004177   616.837111 30737.621292
  510.600000    -652.14639469       6.56473223    -645.58166246   819.146021 30743.669668
  510.700000    -652.13272916       5.71111597    -646.42161320   712.631949 30749.781100
  510.800000    -652.37078308       6.11837263    -646.25241045   763.449357 30755.847903
  510.900000    -653.39362204       5.22169037    -648.17193167   651.561517 30761.928764
  511.000000    -652.45046479       5.18435644    -647.26610835   646.902997 30768.045547
  511.100000    -652.76088235       5.89346180    -646.86742055   735.385027 30774.133636
  511.200000    -653.28175316       6.65732356    -646.62442960   830.699550 30780.203517
  511.300000    -653.09776331       5.10658559    -647.99117772   637.198764 30786.310272
  511.400000    -653.01860917       4.43032564    -648.58828353   552.815178 30792.384153
  511.500000    -653.03445371       4.92181467    -648.11263904   614.143085 30798.476539
  511.600000    -652.92195949       5.02984855    -647.89211094   627.623532 30804.562207
  511.700000    -652.73440939       5.17224781    -647.56216158   645.392084 30810.622485
  511.800000    -652.51781125       6.13360213    -646.38420912   765.349691 30816.771191
  511.900000    -652.70261596       5.96763522    -646.73498074   744.640371 30822.883405
  512.000000    -653.22883591       6.40609321    -646.82274270   799.351075 30828.949703
  512.100000    -652.71832881       5.74603123    -646.97229758   716.988668 30835.063271
  512.200000    -652.72155741       5.92096225    -646.80059516   738.816528 30841.108218
  512.300000    -652.20829494       5.35639463    -646.85190031   668.369889 30847.217992
  512.400000    -652.23599377       5.09833258    -647.13766119   636.168955 30853.283760
  512.500000    -652.78502410       5.19165239    -647.59337172   647.813384 30859.414699
  512.600000    -653.75759674       5.99946408    -647.75813266   748.611970 30865.536042
  512.700000    -652.31401445       5.30342068    -647.01059377   661.759810 30871.605013
  512.800000    -651.65577718       5.00302720    -646.65274997   624.276769 30877.658807
  512.900000    -652.97010590       6.12894526    -646.84116065   764.768607 30883.747905
  513.000000    -652.08176360       4.51610407    -647.56565953   563.518595 30889.849564
  513.100000    -653.38449479       4.96749998    -648.41699481   619.843690 30895.889262
  513.200000    -652.76906856       5.39116309    -647.37790547   672.708291 30902.001827
  513.300000    -652.10089987       4.87074424    -647.23015563   607.770527 30908.039955
  513.400000    -652.34727900       4.71686710    -647.63041189   588.569767 30914.092545
  513.500000    -652.35262187       5.93696390    -646.41565797   740.813210 30920.191815
  513.600000    -652.97420487       6.20529429    -646.76891059   774.295424 30926.251631
  513.700000    -651.87299007       5.03351826    -646.83947181   628.081437 30932.337527
  513.800000    -652.55764414       5.75534758    -646.80229656   718.151161 30938.414422
  513.900000    -653.18485743       6.24625936    -646.93859806   779.407038 30944.413721
  514.000000    -652.71603592       4.79404912    -647.92198680   598.200524 30950.509912
  514.100000    -653.63143565       5.11885139    -648.51258426   638.729289 30956.533208
  514.200000    -652.78272694       5.67407712    -647.10864982   708.010249 30962.569312
  514.300000    -653.03528990       4.77775371    -648.25753618   596.167187 30968.602915
  514.400000    -652.86019026       4.95267510    -647.90751516   617.993844 30974.654496
  514.500000    -652.40586842       4.94620000    -647.45966842   617.185881 30980.710644
  514.600000    -653.21673879       5.37207214    -647.84466665   670.326126 30986.761479
  514.700000    -652.90823552       5.17508125    -647.73315427   645.745640 30992.788826
  514.800000    -652.43996510       5.56839609    -646.87156900   694.823390 30998.818947
  514.900000    -652.99402705       6.44605455    -646.54797250   804.337443 31004.908331
  515.000000    -651.59981098       5.44472777    -646.15508321   679.392081 31010.924938
  515.100000    -651.64306693       5.52961906    -646.11344788   689.984799 31017.007857
  515.200000    -653.09692197       5.56175278    -647.53516919   693.994439 31023.014932
  515.300000    -652.63951451       5.10483472    -647.53467979   636.980292 31029.078532
  515.400000    -653.45604685       4.89517543    -648.56087142   610.819046 31035.112667
  515.500000    -653.36238518       5.32683739    -648.03554780   664.681742 31041.149795
  515.600000    -652.81939182       5.79686771    -647.02252411   723.332034 31047.229288
  515.700000    -652.19943204       4.29746326    -647.90196878   536.236637 31053.285890
  515.800000    -652.61823749       6.07469630    -646.54354118   757.999433 31059.292184
  515.900000    -653.15063344       5.81926097    -647.33137247   726.126261 31065.390498
  516.000000    -652.81999322       5.09707236    -647.72292086   636.011706 31071.436847
  516.100000    -652.88204500       5.16591011    -647.71613489   644.601268 31077.427385
  516.200000    -652.75500938       5.79160903    -646.96340034   722.675858 31083.486710
  516.300000    -653.26247121       5.24358079    -648.01889043   654.292999 31089.535623
  516.400000    -652.24394537       4.49733787    -647.74660751   561.176952 31095.592371
  516.500000    -653.11548229       5.31878184    -647.79670045   663.676572 31101.676192
  516.600000    -652.74803683       5.41824873    -647.32978810   676.088031 31107.753786
  516.700000    -652.39228464       4.72466715    -647.66761750   589.543055 31113.862088
  516.800000    -653.17237928       5.27239419    -647.89998509   657.888331 31119.885335
  516.900000    -653.58392781       5.99526071    -647.58866710   748.087475 31125.914682
  517.000000    -652.73502364       5.31304584    -647.42197780   662.960834 31131.989974
  517.100000    -653.39206834       5.13364982    -648.25841852   640.575834 31138.006249
  517.200000    -652.35881616       6.20648504    -646.15233111   774.444006 31144.056152
  517.300000    -651.49710421       6.25361214    -645.24349206   780.324517 31150.129569
  517.400000    -652.13300200       6.56934745    -645.56365455   819.721907 31156.154479
  517.500000    -651.21827256       5.34815568    -645.87011688   667.341834 31162.194594
  517.600000    -651.86214765       5.92931775    -645.93282990   739.859125 31168.281406
  517.700000    -652.87235469       6.09518000    -646.77717470   760.555384 31174.354822
  517.800000    -651.71082803       4.86556423    -646.84526380   607.124166 31180.440411
  517.900000    -652.55621041       4.85515932    -647.70105109   605.825844 31186.512957
  518.000000    -651.80234395       4.92662685    -646.87571711   614.743548 31192.562136
  518.100000    -652.37954845       6.05242242    -646.32712603   755.220102 31198.672620
  518.200000    -651.05024243       5.71317361    -645.33706883   712.888701 31204.724609
  518.300000    -651.01584957       5.97493884    -645.04091073   745.551716 31210.788758
  518.400000    -651.44947858       6.69997000    -644.74950859   836.020964 31216.906338
  518.500000    -651.56709034       5.60771597    -645.95937436   699.729717 31222.955262
  518.600000    -651.37429329       5.18026447    -646.19402882   646.392401 31229.026352
  518.700000    -652.36152911       5.87949905    -646.48203006   733.642757 31235.076399
  518.800000    -651.13432939       6.09403309    -645.04029630   760.412273 31241.114515
  518.900000    -652.65802058       6.99832164    -645.65969894   873.249224 31247.162480
  519.000000    -651.88222930       5.87382464    -646.00840465   732.934706 31253.241904
  519.100000    -652.52627815       5.36394258    -647.16233557   669.311721 31259.256189
  519.200000    -651.57638376       4.94619655    -646.63018721   617.185451 31265.347309
  519.300000    -651.91212569       5.57351101    -646.33861468   695.461628 31271.349237
  519.400000    -652.43218246       5.88954283    -646.54263963   734.896018 31277.383070
  519.500000    -650.92329311       4.71659968    -646.20669343   588.536398 31283.457427
  519.600000    -652.13713809       6.28584517    -645.85129292   784.346548 31289.501185
  519.700000    -651.79858449       5.25716578    -646.54141870   655.988132 31295.552653
  519.800000    -652.18331464       5.50456270    -646.67875194   686.858272 31301.632051
  519.900000    -651.32731221       5.17000509    -646.15730712   645.112238 31307.643479
  520.000000    -651.46743578       5.46824939    -645.99918638   682.327105 31313.718324
  520.100000    -651.83672493       5.22715461    -646.60957032   652.243344 31319.728073
  520.200000    -652.90913475       5.58243988    -647.32669488   696.575771 31325.754426
  520.300000    -652.42900873       4.57268409    -647.85632464   570.578639 31331.834034
  520.400000    -652.25506165       5.77867676    -646.47638489   721.062172 31337.863618
  520.500000    -652.11196959       6.29495010    -645.81701949   785.482659 31343.916514
  520.600000    -652.31102508       6.07783260    -646.23319248   758.390779 31349.950963
  520.700000    -651.33362301       5.84947343    -645.48414958   729.896166 31355.966788
  520.800000    -651.76016661       6.84093572    -644.91923088   853.610640 31362.048606
  520.900000    -651.41478462       5.60304216    -645.81174246   699.146520 31368.081407
  521.000000    -652.22141723       5.58577894    -646.63563829   696.992418 31374.089996
  521.100000    -651.67448313       5.58539768    -646.08908545   696.944845 31380.152687
  521.200000    -652.43888016       6.68817669    -645.75070347   834.549397 31386.155293
  521.300000    -650.96875773       6.23053859    -644.73821915   777.445403 31392.218775
  521.400000    -650.87842104       5.59662765    -645.28179339   698.346119 31398.225641
  521.500000    -653.03239451       5.92693310    -647.10546140   739.561569 31404.263030
  521.600000    -652.09362309       4.57728270    -647.51634039   571.152452 31410.347846
  521.700000    -653.55182343       5.55232660    -647.99949683   692.818242 31416.404275
  521.800000    -652.47754586       5.48213592    -646.99540994   684.059862 31422.411792
  521.900000    -653.23885034       5.94789784    -647.29095250   742.177545 31428.505292
  522.000000    -652.34256249       5.95349122    -646.38907127   742.875486 31434.556164
  522.100000    -652.98981548       6.24633092    -646.74348456   779.415967 31440.576786
  522.200000    -651.95165045       5.24676432    -646.70488614   654.690239 31446.638437
  522.300000    -652.17599402       5.40409699    -646.77189703   674.322180 31452.643830
  522.400000    -652.50456963       5.27369553    -647.23087411   658.050711 31458.729889
  522.500000    -652.23410326       5.25152663    -646.98257663   655.284480 31464.748741
  522.600000    -653.25052654       5.19767001    -648.05285653   648.564261 31470.806124
  522.700000    -652.41848415       4.23023853    -648.18824563   527.848347 31476.907067
  522.800000    -652.55092230       5.02878121    -647.52214109   627.490349 31482.952429
  522.900000    -652.24297570       4.45571849    -647.78725721   555.983693 31488.988560
  523.000000    -653.25806084       4.92932269    -648.32873815   615.079935 31495.127861
  523.100000    -652.45251522       4.99253351    -647.45998171   622.967369 31501.193737
  523.200000    -653.58098742       5.21057746    -648.37040995   650.174851 31507.229786
  523.300000    -653.80569921       5.22435750    -648.58134171   651.894322 31513.290460
  523.400000    -652.88259467       4.36063633    -648.52195834   544.119360 31519.367943
  523.500000    -653.55973040       5.66989299    -647.88983741   707.488153 31525.414924
  523.600000    -652.04049532       5.06114459    -646.97935073   631.528645 31531.496290
  523.700000    -652.90273685       5.75322404    -647.14951281   717.886186 31537.514431
  523.800000    -653.05850426       5.57904114    -647.47946313   696.151677 31543.594362
  523.900000    -652.83406047       5.28450392    -647.54955655   659.399379 31549.651756
  524.000000    -651.89753656       5.30409230    -646.59344426   661.843614 31555.676433
  524.100000    -652.45302333       5.81312990    -646.63989343   725.361228 31561.761978
  524.200000    -652.26320212       4.78732488    -647.47587723   597.361475 31567.758802
  524.300000    -652.05174670       5.45251897    -646.59922774   680.364265 31573.800637
  524.400000    -652.59376493       5.16066099    -647.43310394   643.946283 31579.862785
  524.500000    -652.32304059       5.69146524    -646.63157535   710.179935 31585.887941
  524.600000    -651.98860108       4.66297533    -647.32562574   581.845163 31591.959058
  524.700000    -651.24767090       5.51901704    -645.72865386   688.661881 31597.987346
  524.800000    -651.46975416       5.48905047    -645.98070369   684.922658 31604.012479
  524.900000    -652.05031546       5.25253917    -646.79777629   655.410824 31610.092004
  525.000000    -652.21305736       4.81586722    -647.39719014   600.922983 31616.142707
  525.100000    -652.21613320       4.41398618    -647.80214702   550.776344 31622.141642
  525.200000    -652.84846934       4.48838710    -648.36008224   560.060076 31628.209065
  525.300000    -652.53647118       5.41420155    -647.12226963   675.583024 31634.221186
  525.400000    -651.65359159       5.35218909    -646.30140250   667.845122 31640.268719
  525.500000    -653.07537076       6.08019687    -646.99517389   758.685792 31646.327701
  525.600000    -652.18617615       5.06564582    -647.12053033   632.090309 31652.355177
  525.700000    -653.34982721       5.78834392    -647.56148329   722.268438 31658.435187
  525.800000    -652.03369716       4.68369325    -647.35000390   584.430341 31664.449590
  525.900000    -652.44017108       5.00195397    -647.43821711   624.142851 31670.445538
  526.000000    -652.28320005       6.43157948    -645.85162057   802.531247 31676.522237
  526.100000    -651.48271954       6.51502405    -644.96769550   812.943444 31682.567630
  526.200000    -650.75461779       5.68844303    -645.06617476   709.802824 31688.573520
  526.300000    -652.08229065       6.25072479    -645.83156586   779.964234 31694.627427
  526.400000    -651.66980836       5.53002531    -646.13978305   690.035491 31700.635054
  526.500000    -651.67870486       5.51412242    -646.16458244   688.051132 31706.723529
  526.600000    -651.36904751       5.79373293    -645.57531459   722.940877 31712.739245
  526.700000    -651.73846612       6.01043572    -645.72803040   749.981010 31718.775110
  526.800000    -652.46551589       5.63230147    -646.83321442   702.797491 31724.888537
  526.900000    -652.03767934       6.10270193    -645.93497740   761.493970 31730.912162
  527.000000    -651.57880405       5.12690937    -646.45189468   639.734763 31736.905947
  527.100000    -650.93136514       5.13710339    -645.79426174   641.006771 31743.000231
  527.200000    -652.42700824       7.05637957    -645.37062867   880.493681 31749.027012
  527.300000    -651.81168955       5.23357323    -646.57811633   653.044258 31755.034226
  527.400000    -651.69380572       4.79942210    -646.89438362   598.870964 31761.086105
  527.500000    -652.74868615       7.12593577    -645.62275037   889.172891 31767.102408
  527.600000    -652.48550776       5.73537297    -646.75013479   715.658733 31773.134466
  527.700000    -653.46966297       4.80399330    -648.66566968   599.441357 31779.194262
  527.800000    -653.00001231       5.06225176    -647.93776055   631.666798 31785.220307
  527.900000    -653.46174294       5.73642403    -647.72531890   715.789885 31791.260701
  528.000000    -652.79967627       4.99571633    -647.80395994   623.364520 31797.332711
  528.100000    -653.46917178       5.08205265    -648.38711913   634.137549 31803.347299
  528.200000    -654.03364360       6.12115363    -647.91248996   763.796369 31809.419989
  528.300000    -652.85618510       6.19501944    -646.66116565   773.013331 31815.431221
  528.400000    -652.58212841       6.44826830    -646.13386010   804.613675 31821.481911
  528.500000    -651.76092022       5.25930566    -646.50161456   656.255146 31827.503613
  528.600000    -653.41463745       5.75955281    -647.65508464   718.675888 31833.566989
  528.700000    -653.56861114       6.50901430    -647.05959683   812.193549 31839.620462
  528.800000    -653.20681909       5.24068507    -647.96613402   653.931672 31845.675062
  528.900000    -653.36916773       5.76504091    -647.60412682   719.360692 31851.708661
  529.000000    -652.43566571       5.76911478    -646.66655092   719.869030 31857.739224
  529.100000    -652.72843069       5.79683379    -646.93159691   723.327802 31863.812904
  529.200000    -652.51124171       5.71555432    -646.79568739   713.185766 31869.833670
  529.300000    -652.14801995       5.77986167    -646.36815828   721.210024 31875.901477
  529.400000    -652.88804524       5.33478210    -647.55326314   665.673082 31881.901532
  529.500000    -652.47718549       5.53132451    -646.94586098   690.197606 31887.952572
  529.600000    -653.02798279       5.52481403    -647.50316876   689.385229 31893.957298
  529.700000    -653.07155881       5.43482291    -647.63673590   678.156154 31899.986796
  529.800000    -652.61475109       5.27637205    -647.33837904   658.384686 31906.074932
  529.900000    -652.34586627       4.86870029    -647.47716597   607.515484 31912.099716
  530.000000    -652.95980697       6.00914567    -646.95066130   749.820037 31918.134533
  530.100000    -652.38658573       5.61732435    -646.76926138   700.928649 31924.192484
  530.200000    -653.01674660       5.87970684    -647.13703976   733.668686 31930.254032
  530.300000    -652.91170219       5.27447361    -647.63722859   658.147799 31936.237670
  530.400000    -652.36768214       5.50368600    -646.86399614   686.748878 31942.276353
  530.500000    -652.02556868       5.36353757    -646.66203111   669.261183 31948.305138
  530.600000    -652.68036676       6.00649313    -646.67387363   749.489054 31954.379143
  530.700000    -651.92631033       6.23993527    -645.68637505   778.617920 31960.384121
  530.800000    -652.33224247       5.45414513    -646.87809734   680.567177 31966.406491
  530.900000    -652.08315681       6.34219965    -645.74095716   791.378448 31972.474169
  531.000000    -652.55182112       5.87245959    -646.67936153   732.764375 31978.541526
  531.100000    -651.87165782       5.89286666    -645.97879116   735.310765 31984.534833
  531.200000    -651.29044800       5.98038543    -645.31006257   746.231341 31990.635866
  531.300000    -651.95943575       6.53066842    -645.42876733   814.895546 31996.654334
  531.400000    -651.14079853       5.59709537    -645.54370316   698.404481 32002.662769
  531.500000    -652.27881669       6.71826756    -645.56054913   838.304131 32008.718787
  531.600000    -651.64346388       5.17661199    -646.46685190   645.936645 32014.744892
  531.700000    -653.03963284       5.81278638    -647.22684646   725.318363 32020.807790
  531.800000    -651.99388613       6.12375119    -645.87013494   764.120492 32026.852297
  531.900000    -651.48185616       5.42347496    -646.05838120   676.740159 32032.869875
  532.000000    -652.32835769       5.71376918    -646.61458851   712.963016 32038.917173
  532.100000    -652.18893033       5.27618775    -646.91274257   658.361690 32044.987153
  532.200000    -652.01152967       5.56474282    -646.44678685   694.367535 32050.989899
  532.300000    -651.52243466       5.33211263    -646.19032203   665.339985 32057.058530
  532.400000    -651.97768712       5.65907282    -646.31861430   706.138015 32063.053373
  532.500000    -652.63008897       6.42295789    -646.20713107   801.455447 32069.121545
  532.600000    -651.08341899       5.77334220    -645.31007678   720.396527 32075.146138
  532.700000    -651.58819242       6.07815189    -645.51004053   758.430621 32081.178216
  532.800000    -651.74752705       5.29071854    -646.45680851   660.174839 32087.228367
  532.900000    -652.73272601       5.93567493    -646.79705108   740.652372 32093.293374
  533.000000    -652.58935028       6.15757357    -646.43177671   768.340842 32099.294529
  533.100000    -651.81727547       4.66071111    -647.15656437   581.562633 32105.395894
  533.200000    -653.04498031       6.82064822    -646.22433209   851.079169 32111.436678
  533.300000    -652.80587756       6.61259957    -646.19327798   825.118899 32117.434323
  533.400000    -652.29487647       5.68828406    -646.60659241   709.782987 32123.501639
  533.500000    -652.04751943       6.37290680    -645.67461263   795.210081 32129.528975
  533.600000    -652.88173997       5.51677822    -647.36496176   688.382522 32135.579613
  533.700000    -652.19892163       4.98449491    -647.21442671   621.964314 32141.615043
  533.800000    -652.21185903       5.52343733    -646.68842170   689.213445 32147.650628
  533.900000    -652.49203352       6.27486059    -646.21717293   782.975894 32153.703029
  534.000000    -652.39020479       5.69422421    -646.69598058   710.524198 32159.771926
  534.100000    -652.77637107       5.07544070    -647.70093037   633.312512 32165.780026
  534.200000    -653.51869711       5.20631582    -648.31238129   649.643083 32171.856695
  534.300000    -652.92032192       5.14135717    -647.77896475   641.537556 32177.862489
  534.400000    -653.20001558       4.85848556    -648.34153002   606.240890 32183.871779
  534.500000    -652.62255743       6.08737960    -646.53517784   759.582052 32189.919119
  534.600000    -653.05342738       6.19709684    -646.85633054   773.272548 32195.943817
  534.700000    -652.97946436       5.16091357    -647.81855080   643.977799 32202.001853
  534.800000    -652.37026977       5.83940216    -646.53086761   728.639475 32208.155826
  534.900000    -652.54809247       6.47256839    -646.07552408   807.645835 32214.180766
  535.000000    -652.23775907       5.25968878    -646.97807029   656.302951 32220.259057
  535.100000    -653.09310879       5.52488033    -647.56822846   689.393501 32226.267550
  535.200000    -653.07186130       6.26914220    -646.80271909   782.262355 32232.327159
  535.300000    -652.13192783       5.42339725    -646.70853058   676.730462 32238.346062
  535.400000    -653.70319164       5.51932647    -648.18386517   688.700493 32244.406713
  535.500000    -652.35382930       4.80680541    -647.54702389   599.792252 32250.456096
  535.600000    -653.16416280       5.18169751    -647.98246529   646.571215 32256.501836
  535.700000    -653.15474463       5.51066231    -647.64408231   687.619381 32262.536716
  535.800000    -653.09845092       5.42677557    -647.67167535   677.152009 32268.595454
  535.900000    -653.48892068       6.23486688    -647.25405381   777.985486 32274.660756
  536.000000    -652.95444452       5.90291914    -647.05152538   736.565112 32280.668792
  536.100000    -652.59316423       5.24855440    -647.34460983   654.913605 32286.742004
  536.200000    -652.78751113       5.58696851    -647.20054262   697.140854 32292.761329
  536.300000    -652.95033906       5.46149719    -647.48884186   681.484566 32298.807659
  536.400000    -652.07139121       5.01190126    -647.05948995   625.384072 32304.870107
  536.500000    -652.20057634       5.97371966    -646.22685668   745.399587 32310.902179
  536.600000    -652.10766150       5.82077853    -646.28688297   726.315622 32316.973274
  536.700000    -651.91637831       6.49188434    -645.42449397   810.056075 32323.045871
  536.800000    -652.31215129       5.89079667    -646.42135461   735.052472 32329.052562
  536.900000    -652.31718207       6.02469181    -646.29249026   751.759881 32335.126793
  537.000000    -652.44625853       5.43950683    -647.00675170   678.740613 32341.143333
  537.100000    -651.79019580       5.74063747    -646.04955833   716.315636 32347.199256
  537.200000    -651.70039032       5.70132219    -645.99906813   711.409883 32353.236403
  537.300000    -651.90411329       6.39112264    -645.51299065   797.483050 32359.297258
  537.400000    -652.82058832       6.59418303    -646.22640529   822.820887 32365.358775
  537.500000    -651.99486677       5.46531075    -646.52955602   681.960421 32371.392751
  537.600000    -651.66529170       5.15036984    -646.51492186   642.662155 32377.440637
  537.700000    -651.41294783       6.44836734    -644.96458049   804.626033 32383.518948
  537.800000    -650.69384332       5.22485170    -645.46899162   651.955987 32389.556482
  537.900000    -652.00315256       5.88430355    -646.11884901   734.242262 32395.569930
  538.000000    -651.78926686       6.17149513    -645.61777173   770.077972 32401.652648
  538.100000    -651.67699269       4.87957936    -646.79741333   608.872971 32407.664526
  538.200000    -652.77127478       6.65494351    -646.11633127   830.402568 32413.686307
  538.300000    -651.69335079       4.21891901    -647.47443177   526.435901 32419.749424
  538.400000    -653.06425399       5.48723225    -647.57702174   684.695782 32425.777143
  538.500000    -652.81116215       5.35669923    -647.45446292   668.407896 32431.845328
  538.600000    -652.61497061       4.99235103    -647.62261958   622.944598 32437.890443
  538.700000    -651.43796160       5.35940700    -646.07855461   668.745771 32443.929610
  538.800000    -652.46759372       6.13622708    -646.33136663   765.677231 32450.025399
  538.900000    -651.70685254       5.52001655    -646.18683599   688.786600 32456.078474
  539.000000    -652.87588159       6.45066785    -646.42521374   804.913090 32462.099897
  539.100000    -652.03457415       5.51272950    -646.52184465   687.877324 32468.186622
  539.200000    -653.57352328       6.04861965    -647.52490363   754.745593 32474.190574
  539.300000    -651.70245479       4.54726503    -647.15518976   567.406854 32480.219824
  539.400000    -653.85753117       5.70876503    -648.14876613   712.338600 32486.294040
  539.500000    -653.08744030       4.70045029    -648.38699001   586.521281 32492.343462
  539.600000    -652.42988737       4.71075193    -647.71913545   587.806717 32498.411544
  539.700000    -652.86995270       5.37189145    -647.49806125   670.303579 32504.488816
  539.800000    -653.36253683       4.70501261    -648.65752422   587.090565 32510.506917
  539.900000    -652.98506706       5.63512939    -647.34993767   703.150359 32516.588555
  540.000000    -653.79356350       5.76794463    -648.02561887   719.723018 32522.601622
  540.100000    -653.24153331       4.99345407    -648.24807924   623.082235 32528.631669
  540.200000    -652.70108872       5.16181924    -647.53926949   644.090809 32534.706740
  540.300000    -653.19143218       5.47461522    -647.71681696   683.121432 32540.745402
  540.400000    -652.25319901       5.26100081    -646.99219820   656.466667 32546.808140
  540.500000    -653.23181198       5.83490008    -647.39691191   728.077706 32552.859258
  540.600000    -653.09440130       5.39327230    -647.70112900   672.971478 32558.871727
  540.700000    -652.62274600       5.49572384    -647.12702216   685.755361 32564.953196
  540.800000    -652.13884362       6.02931478    -646.10952884   752.336735 32571.001593
  540.900000    -652.01561447       5.56844668    -646.44716780   694.829702 32577.016644
  541.000000    -652.59568946       5.83305536    -646.76263410   727.847522 32583.095866
  541.100000    -652.88361390       5.35228165    -647.53133225   667.856672 32589.095420
  541.200000    -652.03109548       4.56491914    -647.46617634   569.609729 32595.151890
  541.300000    -652.90205561       6.58965642    -646.31239919   822.256057 32601.181379
  541.400000    -652.62386506       5.19076907    -647.43309598   647.703164 32607.208132
  541.500000    -652.15610564       4.91554186    -647.24056378   613.360365 32613.298611
  541.600000    -653.06045200       5.40698875    -647.65346326   674.683013 32619.343933
  541.700000    -653.26265324       5.27188209    -647.99077114   657.824431 32625.357795
  541.800000    -652.37644580       5.75721781    -646.61922799   718.384528 32631.442704
  541.900000    -652.90847069       5.93001951    -646.97845119   739.946690 32637.485929
  542.000000    -652.03054780       6.49822223    -645.53232557   810.846916 32643.507212
  542.100000    -652.09348553       6.35955990    -645.73392563   793.544657 32649.577393
  542.200000    -651.03135251       5.41304093    -645.61831158   675.438203 32655.575899
  542.300000    -650.73592522       5.40549707    -645.33042815   674.496882 32661.641097
  542.400000    -651.42014922       5.80185102    -645.61829820   723.953851 32667.687922
  542.500000    -651.01711423       5.01804023    -645.99907400   626.150092 32673.741956
  542.600000    -652.13663696       5.72801151    -646.40862545   714.740171 32679.843175
  542.700000    -652.76274730       6.98328386    -645.77946344   871.372813 32685.899322
  542.800000    -652.00944056       4.83541343    -647.17402713   603.361956 32691.914887
  542.900000    -653.49663918       5.38550905    -648.11113014   672.002780 32698.016021
  543.000000    -652.22070243       3.92743418    -648.29326825   490.064479 32704.031118
  543.100000    -652.92113518       4.76298196    -648.15815322   594.323970 32710.067903
  543.200000    -652.49321785       4.66955826    -647.82365959   582.666579 32716.145980
  543.300000    -651.16536907       5.03897913    -646.12638994   628.762844 32722.176936
  543.400000    -651.32388380       4.24045950    -647.08342430   529.123719 32728.253254
  543.500000    -652.55311991       5.73342431    -646.81969560   715.415579 32734.285747
  543.600000    -651.72211879       5.60206504    -646.12005375   699.024595 32740.305153
  543.700000    -652.06534093       6.00680660    -646.05853433   749.528169 32746.410089
  543.800000    -650.52385716       5.27203150    -645.25182566   657.843074 32752.449608
  543.900000    -651.41577063       6.26701820    -645.14875243   781.997322 32758.467000
  544.000000    -650.89677427       6.76079574    -644.13597853   843.610788 32764.538486
  544.100000    -651.67184353       5.90421697    -645.76762656   736.727055 32770.565290
  544.200000    -652.27879684       7.20730467    -645.07149217   899.326087 32776.640658
  544.300000    -652.25852381       6.06615717    -646.19236664   756.933922 32782.669021
  544.400000    -651.94673913       7.18205738    -644.76468175   896.175734 32788.718057
  544.500000    -650.76817736       6.57092682    -644.19725054   819.918980 32794.823659
  544.600000    -650.93350499       5.52982729    -645.40367770   690.010782 32800.853115
  544.700000    -651.19023012       5.28280041    -645.90742972   659.186816 32806.884344
  544.800000    -651.92560569       5.67044663    -646.25515906   707.557237 32812.982700
  544.900000    -652.33462311       5.67564275    -646.65898035   708.205608 32819.002595
  545.000000    -651.93769820       6.11064649    -645.82705171   762.485291 32824.901336
  545.100000    -652.42388441       5.41892098    -647.00496342   676.171915 32830.992037
  545.200000    -651.75268237       4.93694510    -646.81573727   616.031057 32837.015928
  545.300000    -652.97049118       6.66752175    -646.30296944   831.972077 32843.030667
  545.400000    -650.98754676       5.62038558    -645.36716118   701.310629 32849.118549
  545.500000    -651.44158345       5.53255170    -645.90903175   690.350734 32855.170013
  545.600000    -652.10021386       5.67340899    -646.42680487   707.926879 32861.185544
  545.700000    -652.64520571       5.79000937    -646.85519634   722.476252 32867.266171
  545.800000    -653.70144109       5.38941819    -648.31202290   672.490562 32873.281436
  545.900000    -653.21810819       4.55677189    -648.66133629   568.593118 32879.231227
  546.000000    -652.52075577       4.92930568    -647.59145009   615.077812 32885.347536
  546.100000    -653.32224953       6.10764452    -647.21460501   762.110705 32891.386842
  546.200000    -652.45902205       4.30846935    -648.15055270   537.609975 32897.338046
  546.300000    -653.70850040       5.45031200    -648.25818840   680.088880 32903.433960
  546.400000    -653.22973307       4.80204503    -648.42768804   599.198253 32909.446227
  546.500000    -653.37148692       5.25280956    -648.11867736   655.444564 32915.479450
  546.600000    -652.13995690       4.93840398    -647.20155292   616.213096 32921.557159
  546.700000    -651.91621323       5.73946611    -646.17674712   716.169474 32927.581156
  546.800000    -651.39021644       4.62154724    -646.76866920   576.675774 32933.633472
  546.900000    -652.43969784       5.88838131    -646.55131653   734.751084 32939.673644
  547.000000    -651.50979750       5.67807435    -645.83172315   708.509022 32945.702206
  547.100000    -651.84918851       5.92460532    -645.92458319   739.271109 32951.779967
  547.200000    -651.53729103       5.41135787    -646.12593316   675.228192 32957.828070
  547.300000    -652.04485490       5.66132208    -646.38353282   706.418677 32963.858417
  547.400000    -652.46307832       5.67384205    -646.78923627   707.980917 32969.939576
  547.500000    -651.80495493       5.88583687    -645.91911806   734.433589 32975.953631
  547.600000    -651.13593799       4.92707419    -646.20886380   614.799367 32982.117872
  547.700000    -652.17340529       6.06623703    -646.10716826   756.943886 32988.176222
  547.800000    -651.28218562       5.62425152    -645.65793410   701.793020 32994.231675
  547.900000    -651.80446637       5.65022549    -646.15424088   705.034046 33000.300628
  548.000000    -650.61985858       5.90258678    -644.71727180   736.523640 33006.360960
  548.100000    -651.17327993       6.38695537    -644.78632456   796.963059 33012.383326
  548.200000    -650.69269715       5.13242492    -645.56027223   640.422991 33018.497089
  548.300000    -651.45727393       6.17938351    -645.27789042   771.062282 33024.538657
  548.400000    -650.85668881       6.10146214    -644.75522668   761.339268 33030.598858
  548.500000    -651.71434024       5.22486228    -646.48947797   651.957307 33036.674990
  548.600000    -651.96743201       4.61305092    -647.35438108   575.615604 33042.689929
  548.700000    -653.09681164       5.60903785    -647.48777379   699.894661 33048.767749
  548.800000    -651.83330978       4.23155753    -647.60175225   528.012933 33054.799919
  548.900000    -650.51944712       4.66157235    -645.85787477   581.670098 33060.837973
  549.000000    -651.69085482       5.58470422    -646.10615059   696.858316 33066.940867
  549.100000    -651.73641856       5.35659584    -646.37982272   668.394996 33072.966364
  549.200000    -650.80679800       4.67719269    -646.12960530   583.619202 33078.982151
  549.300000    -652.14979837       5.95781877    -646.19197960   743.415477 33085.101348
  549.400000    -652.65273784       5.82874383    -646.82399401   727.309530 33091.136868
  549.500000    -652.27105133       4.51875617    -647.75229516   563.849523 33097.185060
  549.600000    -652.59797459       6.16636899    -646.43160560   769.438333 33103.272884
  549.700000    -652.06570750       5.43398543    -646.63172207   678.051654 33109.284079
  549.800000    -652.03877962       5.21273824    -646.82604139   650.444472 33115.331144
  549.900000    -651.12960145       5.38899369    -645.74060776   672.437593 33121.394141
  550.000000    -652.36323962       6.76900092    -645.59423871   844.634628 33127.443214
  550.100000    -652.11245969       5.24487916    -646.86758052   654.455010 33133.563945
  550.200000    -651.90067119       5.96548779    -645.93518340   744.372416 33139.595431
  550.300000    -652.61884516       5.83069056    -646.78815460   727.552443 33145.594651
  550.400000    -652.78328208       4.20255587    -648.58072621   524.394110 33151.697376
  550.500000    -652.74986731       5.15057003    -647.59929728   642.687135 33157.769783
  550.600000    -653.20409007       4.59642022    -648.60766985   573.540429 33163.814176
  550.700000    -653.21994041       4.27690670    -648.94303372   533.671593 33169.918037
  550.800000    -652.29687868       4.16116586    -648.13571282   519.229473 33175.943893
  550.900000    -652.70243017       4.86616938    -647.83626079   607.199677 33182.048476
  551.000000    -653.09178647       6.16155012    -646.93023636   768.837035 33188.095210
  551.100000    -652.38050727       5.49503774    -646.88546953   685.669749 33194.155427
  551.200000    -652.29350375       5.98577094    -646.30773281   746.903343 33200.265926
  551.300000    -652.26095815       6.18231935    -646.07863880   771.428616 33206.324578
  551.400000    -650.61401818       5.11233382    -645.50168435   637.916028 33212.374437
  551.500000    -651.92394682       5.92995702    -645.99398979   739.938893 33218.472752
  551.600000    -651.87032004       5.51251813    -646.35780191   687.850949 33224.495242
  551.700000    -651.66643766       4.92828195    -646.73815572   614.950071 33230.565183
  551.800000    -652.78506438       5.16043395    -647.62463042   643.917953 33236.666893
  551.900000    -651.66918100       6.20649895    -645.46268205   774.445742 33242.711236
  552.000000    -650.43750498       5.99416048    -644.44334450   747.950188 33248.785454
  552.100000    -650.61324770       6.18655081    -644.42669689   771.956617 33254.849173
  552.200000    -651.96080674       7.09974311    -644.86106363   885.904576 33260.885619
  552.300000    -651.50937273       5.86612234    -645.64325039   731.973614 33266.971075
  552.400000    -651.04721722       6.00154658    -645.04567064   748.871824 33273.032458
  552.500000    -650.78965759       5.27106266    -645.51859493   657.722182 33279.049972
  552.600000    -652.52623820       7.64161420    -644.88462400   953.519145 33285.140069
  552.700000    -650.95814008       5.80698162    -645.15115846   724.594046 33291.170284
  552.800000    -651.41835189       6.41491177    -645.00344012   800.451454 33297.250819
  552.900000    -651.79046934       5.66564151    -646.12482783   706.957655 33303.296831
  553.000000    -651.66726476       5.65500646    -646.01225829   705.630616 33309.328657
  553.100000    -651.95831257       5.57924535    -646.37906722   696.177159 33315.394863
  553.200000    -651.70832672       4.76733729    -646.94098943   594.867428 33321.485327
  553.300000    -652.39048179       5.81846759    -646.57201420   726.027263 33327.518804
  553.400000    -652.12539417       5.40275047    -646.72264370   674.154161 33333.631653
  553.500000    -651.96107612       5.44124263    -646.51983349   678.957206 33339.665439
  553.600000    -650.95531032       5.98391396    -644.97139636   746.671630 33345.733853
  553.700000    -650.70697032       7.18880778    -643.51816255   897.018048 33351.774255
  553.800000    -649.87774600       5.36354098    -644.51420502   669.261608 33357.823895
  553.900000    -651.20819970       5.52295941    -645.68524029   689.153809 33363.923172
  554.000000    -651.73526251       5.82777531    -645.90748720   727.188679 33369.965672
  554.100000    -651.76158095       5.62712423    -646.13445673   702.151475 33375.991184
  554.200000    -651.26519010       5.75219551    -645.51299459   717.757846 33382.090907
  554.300000    -652.24072064       6.07252953    -646.16819111   757.729064 33388.150823
  554.400000    -651.34710902       7.09512012    -644.25198890   885.327720 33394.159055
  554.500000    -651.35258936       7.10634210    -644.24624726   886.727997 33400.231504
  554.600000    -650.50380979       6.84005219    -643.66375760   853.500393 33406.289539
  554.700000    -651.56671803       7.62001240    -643.94670563   950.823677 33412.384843
  554.800000    -651.34166847       5.33032501    -646.01134346   665.116926 33418.407052
  554.900000    -650.74739948       5.14060825    -645.60679123   641.444106 33424.464269
  555.000000    -651.78628249       5.71617024    -646.07011225   713.262620 33430.560661
  555.100000    -651.46447046       4.71131104    -646.75315943   587.876482 33436.588669
  555.200000    -651.48741324       3.66540200    -647.82201123   457.368155 33442.602442
  555.300000    -651.79463136       5.31055488    -646.48407647   662.650014 33448.703331
  555.400000    -651.78471899       5.34042749    -646.44429151   666.377511 33454.765801
  555.500000    -651.47995696       5.59376635    -645.88619061   697.989086 33463.251922
  555.600000    -651.18626077       5.85204994    -645.33421083   730.217662 33469.287676
  555.700000    -652.10674708       6.04823524    -646.05851184   754.697627 33475.343132
  555.800000    -652.09448316       5.81877920    -646.27570397   726.066146 33481.411488
  555.900000    -652.19919403       5.81337938    -646.38581465   725.392358 33487.432849
  556.000000    -651.41677937       6.00333389    -645.41344548   749.094844 33493.483914
  556.100000    -651.87496736       6.59296531    -645.28200205   822.668939 33499.564177
  556.200000    -652.07988545       5.80849419    -646.27139127   724.782784 33505.562170
  556.300000    -652.60357778       5.84194281    -646.76163497   728.956497 33511.633328
  556.400000    -651.83214587       5.23065044    -646.60149543   652.679553 33517.695690
  556.500000    -651.51555145       6.82116327    -644.69438817   851.143438 33523.729634
  556.600000    -650.42818734       6.09948947    -644.32869787   761.093119 33529.799164
  556.700000    -650.89989176       5.42931985    -645.47057190   677.469484 33535.886165
  556.800000    -651.36869511       5.25049428    -646.11820084   655.155663 33541.924296
  556.900000    -652.42916595       6.14744615    -646.28171980   767.077145 33547.999911
  557.000000    -650.93824368       6.09820374    -644.84003994   760.932687 33554.014942
  557.100000    -651.46790684       6.87652352    -644.59138332   858.051279 33560.069232
  557.200000    -651.56123488       6.97172156    -644.58951332   869.930072 33566.136713
  557.300000    -649.60651305       5.08903911    -644.51747394   635.009319 33572.183459
  557.400000    -650.54821978       6.71686555    -643.83135424   838.129187 33578.259797
  557.500000    -649.86588001       6.29901355    -643.56686646   785.989695 33584.325833
  557.600000    -650.24506745       6.64590948    -643.59915796   829.275303 33590.331040
  557.700000    -649.83207358       6.28775445    -643.54431913   784.584787 33596.433398
  557.800000    -650.05070953       7.14390346    -642.90680607   891.414896 33602.472278
  557.900000    -649.49868005       5.93115913    -643.56752092   740.088892 33608.507148
  558.000000    -650.80325844       6.49127595    -644.31198249   809.980161 33614.552673
  558.100000    -650.59086886       5.95185488    -644.63901398   742.671304 33620.603370
  558.200000    -650.15088185       6.62394582    -643.52693602   826.534682 33626.638937
  558.300000    -650.92108286       5.72569230    -645.19539056   714.450780 33632.704743
  558.400000    -652.52925051       5.49290697    -647.03634354   685.403872 33638.723504
  558.500000    -652.06721365       5.02174133    -647.04547232   626.611915 33644.817980
  558.600000    -651.90207131       4.50926359    -647.39280771   562.665041 33650.860870
  558.700000    -651.94831402       5.13229167    -646.81602235   640.406364 33656.885398
  558.800000    -652.61365981       5.52463626    -647.08902354   689.363047 33662.996802
  558.900000    -652.52435095       5.18883303    -647.33551792   647.461585 33669.001375
  559.000000    -652.75541978       5.07448569    -647.68093408   633.193346 33675.064986
  559.100000    -653.06128880       5.33827136    -647.72301744   666.108470 33681.117452
  559.200000    -652.83285461       5.46322061    -647.36963401   681.699613 33687.142328
  559.300000    -652.39829495       5.61096910    -646.78732586   700.135642 33693.238611
  559.400000    -651.91124136       4.94477952    -646.96646184   617.008635 33699.304991
  559.500000    -652.41879886       4.55397800    -647.86482086   568.244496 33705.321504
  559.600000    -651.76981642       4.69523046    -647.07458597   585.869950 33711.428451
  559.700000    -652.80094063       5.22129560    -647.57964503   651.512258 33717.447881
  559.800000    -652.47285219       6.18543029    -646.28742190   771.816798 33723.493330
  559.900000    -651.55479381       5.65431092    -645.90048289   705.543826 33729.579871
  560.000000    -652.20053942       5.48177560    -646.71876382   684.014902 33735.622677
  560.100000    -651.77496794       4.87816444    -646.89680350   608.696418 33741.693780
  560.200000    -652.40232556       5.18354026    -647.21878529   646.801154 33747.727062
  560.300000    -651.91997509       5.97262934    -645.94734575   745.263537 33753.748083
  560.400000    -650.82510956       6.41406476    -644.41104480   800.345764 33759.837770
  560.500000    -651.33219555       5.38828410    -645.94391145   672.349051 33765.879186
  560.600000    -650.66789102       5.42372484    -645.24416618   676.771340 33771.891433
  560.700000    -650.95409686       5.57461932    -645.37947754   695.599923 33777.959167
  560.800000    -651.54806317       6.45279741    -645.09526576   805.178816 33783.980253
  560.900000    -649.97487904       4.66501013    -645.30986891   582.099064 33790.022382
  561.000000    -651.38670643       5.89027162    -645.49643481   734.986956 33796.100558
  561.100000    -651.13264664       5.92041471    -645.21223192   738.748206 33802.144180
  561.200000    -650.41061247       5.33722737    -645.07338511   665.978201 33808.192736
  561.300000    -651.64915269       5.72418271    -645.92496998   714.262414 33814.272918
  561.400000    -652.30594328       5.31403087    -646.99191241   663.083747 33820.295634
  561.500000    -651.23910900       4.52784217    -646.71126683   564.983272 33826.347658
  561.600000    -650.95766018       5.40158785    -645.55607233   674.009090 33832.354371
  561.700000    -651.19120925       5.65815376    -645.53305549   706.023335 33838.434019
  561.800000    -651.35833573       6.34218254    -645.01615320   791.376314 33844.451021
  561.900000    -650.81917909       5.71322187    -645.10595722   712.894723 33850.510159
  562.000000    -650.63372333       6.46103353    -644.17268980   806.206518 33856.605937
  562.100000    -649.80916416       5.71216265    -644.09700151   712.762554 33862.673949
  562.200000    -651.56358818       6.96459329    -644.59899489   869.040607 33868.700447
  562.300000    -651.36959137       6.24750010    -645.12209128   779.561857 33874.829889
  562.400000    -652.14045262       6.35626696    -645.78418566   793.133765 33880.853900
  562.500000    -651.30758300       5.76523292    -645.54235008   719.384651 33886.926594
  562.600000    -651.58042606       5.65474595    -645.92568011   705.598109 33892.996199
  562.700000    -650.33824855       5.34124940    -644.99699915   666.480070 33899.014204
  562.800000    -651.12714265       6.07579881    -645.05134384   758.137004 33905.086226
  562.900000    -652.28175860       6.25134118    -646.03041741   780.041147 33911.128226
  563.000000    -652.59537705       5.83794769    -646.75742936   728.457987 33917.176943
  563.100000    -652.27617282       6.02410762    -646.25206520   751.686987 33923.234999
  563.200000    -652.06517789       5.79799663    -646.26718126   723.472901 33929.331398
  563.300000    -651.34918195       5.61262808    -645.73655387   700.342649 33935.355449
  563.400000    -652.68319088       5.59348699    -647.08970389   697.954228 33941.456459
  563.500000    -652.32911735       5.71029367    -646.61882368   712.529343 33947.469258
  563.600000    -651.65640777       4.95544096    -646.70096680   618.338968 33953.555045
  563.700000    -651.07192037       5.40987612    -645.66204425   675.043298 33959.601341
  563.800000    -650.99604090       5.56789523    -645.42814567   694.760893 33965.652511
  563.900000    -651.86223164       6.34553779    -645.51669385   791.794981 33971.736094
  564.000000    -650.72456744       4.63835297    -646.08621447   578.772789 33977.823061
  564.100000    -651.20935435       5.75817540    -645.45117895   718.504016 33983.909982
  564.200000    -649.89166456       5.14798853    -644.74367603   642.365016 33990.047866
  564.300000    -651.35271199       6.41651087    -644.93620112   800.650989 33996.085606
  564.400000    -650.62813987       4.42289553    -646.20524434   551.888051 34002.154505
  564.500000    -651.92737593       5.41501453    -646.51236140   675.684468 34008.254495
  564.600000    -651.30097155       5.54303524    -645.75793631   691.658868 34014.301887
  564.700000    -652.21405990       6.38931706    -645.82474283   797.257751 34020.425221
  564.800000    -650.83657869       5.66779192    -645.16878677   707.225983 34026.494682
  564.900000    -651.82888382       5.75741580    -646.07146802   718.409233 34032.562828
  565.000000    -651.51733480       5.92082345    -645.59651135   738.799208 34038.712242
  565.100000    -652.38003127       6.28225014    -646.09778113   783.897961 34044.746453
  565.200000    -651.96210300       5.23246507    -646.72963794   652.905982 34050.778074
  565.300000    -651.98652160       5.98945217    -645.99706942   747.362687 34056.899863
  565.400000    -651.77343290       5.46148801    -646.31194489   681.483420 34062.955689
  565.500000    -651.13965718       5.51028043    -645.62937675   687.571729 34069.036733
  565.600000    -652.00822729       6.27894332    -645.72928397   783.485336 34075.117468
  565.700000    -651.44138217       6.34642837    -645.09495380   791.906108 34081.163376
  565.800000    -651.43316730       5.35940535    -646.07376195   668.745565 34087.311626
  565.900000    -652.71676401       6.11281716    -646.60394685   762.756147 34093.345549
  566.000000    -652.54762791       6.11720325    -646.43042466   763.303442 34099.380239
  566.100000    -651.69131843       5.66998597    -646.02133246   707.499755 34105.464852
  566.200000    -651.62179366       5.57291377    -646.04887989   695.387105 34111.568515
  566.300000    -651.76164024       6.74579387    -645.01584636   841.738858 34117.629227
  566.400000    -650.99588211       5.34089142    -645.65499069   666.435401 34123.740459
  566.500000    -651.10641360       5.54373301    -645.56268059   691.745936 34129.806839
  566.600000    -651.70989130       5.92907712    -645.78081418   739.829099 34135.911757
  566.700000    -652.97605907       6.90614480    -646.06991427   861.747416 34142.035274
  566.800000    -652.72763438       5.78986535    -646.93776902   722.458282 34148.096615
  566.900000    -651.50928247       6.05180683    -645.45747564   755.143288 34154.211622
  567.000000    -652.60908054       6.55870564    -646.05037490   818.394025 34160.248159
  567.100000    -651.39946080       5.67911330    -645.72034750   708.638662 34166.360116
  567.200000    -651.36612735       6.21122137    -645.15490598   775.035005 34172.451285
  567.300000    -650.29298881       5.72304473    -644.56994408   714.120418 34178.530920
  567.400000    -650.68056548       5.53610347    -645.14446201   690.793923 34184.668130
  567.500000    -651.13588439       5.25995473    -645.87592967   656.336136 34190.750451
  567.600000    -652.52833930       5.21967777    -647.30866153   651.310385 34196.835592
  567.700000    -653.03998450       5.56538217    -647.47460233   694.447313 34202.970749
  567.800000    -651.88075854       6.30775492    -645.57300362   787.080443 34209.030699
  567.900000    -651.13246349       5.51877676    -645.61368673   688.631899 34215.122856
  568.000000    -651.79672363       5.92014841    -645.87657522   738.714977 34221.215369
  568.100000    -651.25111610       6.02801314    -645.22310296   752.174317 34227.288371
  568.200000    -652.61187807       5.53018666    -647.08169141   690.055625 34233.405194
  568.300000    -652.08792590       6.25381029    -645.83411561   780.349242 34239.525610
  568.400000    -652.46192717       5.08660110    -647.37532607   634.705103 34245.587714
  568.500000    -652.06577107       5.73108427    -646.33468681   715.123589 34251.708138
  568.600000    -651.35937713       5.04800132    -646.31137581   629.888631 34257.768548
  568.700000    -651.31133456       5.58913185    -645.72220271   697.410794 34263.881670
  568.800000    -651.45770643       5.77244887    -645.68525756   720.285057 34269.945096
  568.900000    -652.01464162       6.23312164    -645.78151998   777.767716 34276.022376
  569.000000    -652.26604564       5.84228814    -646.42375751   728.999587 34282.155255
  569.100000    -651.83067235       5.99472657    -645.83594578   748.020825 34288.268322
  569.200000    -651.65357692       5.49622332    -646.15735360   685.817686 34294.324335
  569.300000    -652.20513418       5.50813689    -646.69699729   687.304258 34300.432948
  569.400000    -650.77671828       5.21311078    -645.56360750   650.490957 34306.485243
  569.500000    -652.26679998       6.76152290    -645.50527707   843.701524 34312.584291
  569.600000    -652.72093672       6.07896052    -646.64197620   758.531521 34318.640250
  569.700000    -651.68989521       5.46195336    -646.22794185   681.541486 34324.738173
  569.800000    -651.99033646       5.75104290    -646.23929356   717.614024 34330.831258
  569.900000    -651.63025876       5.22384616    -646.40641260   651.830516 34336.903865
  570.000000    -652.44905220       5.47453832    -646.97451388   683.111836 34342.988215
  570.100000    -652.32121089       5.62989949    -646.69131140   702.497772 34349.073139
  570.200000    -652.41012410       5.11212668    -647.29799742   637.890180 34355.136677
  570.300000    -652.04843042       4.66951340    -647.37891702   582.660981 34361.209182
  570.400000    -651.62993057       5.72030396    -645.90962661   713.778424 34367.299135
  570.500000    -651.54626051       4.67669145    -646.86956906   583.556657 34373.434598
  570.600000    -651.86518258       4.72859057    -647.13659201   590.032619 34379.545617
  570.700000    -652.86694731       4.81835571    -648.04859159   601.233496 34385.675721
  570.800000    -653.38177139       5.14208699    -648.23968439   641.628623 34391.764725
  570.900000    -652.33309639       4.36988694    -647.96320945   545.273650 34397.876262
  571.000000    -652.93105230       5.57359909    -647.35745321   695.472619 34403.979793
  571.100000    -651.87878305       5.11423579    -646.76454726   638.153355 34410.017820
  571.200000    -651.38734622       4.96375623    -646.42358999   619.376545 34416.141204
  571.300000    -652.59601658       5.91952143    -646.67649515   738.636742 34422.219327
  571.400000    -652.97176376       5.21796714    -647.75379662   651.096933 34428.317922
  571.500000    -652.34989021       5.43197341    -646.91791680   677.800594 34434.388931
  571.600000    -652.27803017       4.71712050    -647.56090967   588.601387 34440.453181
  571.700000    -653.27627828       5.09423431    -648.18204397   635.657575 34446.533518
  571.800000    -652.82758544       5.77477976    -647.05280569   720.575904 34452.600642
  571.900000    -652.04145387       5.88640347    -646.15505040   734.504290 34458.642631
  572.000000    -652.35630406       5.67815333    -646.67815073   708.518877 34464.754695
  572.100000    -653.10946115       6.38318797    -646.72627318   796.492964 34470.778172
  572.200000    -652.28517002       5.40089518    -646.88427485   673.922658 34476.841946
  572.300000    -652.73623256       5.66819252    -647.06804004   707.275969 34482.938797
  572.400000    -652.66500820       5.26976789    -647.39524031   657.560621 34488.995790
  572.500000    -652.52514784       6.21492137    -646.31022647   775.496689 34495.051976
  572.600000    -651.34658904       6.11075183    -645.23583721   762.498435 34501.144720
  572.700000    -651.66019743       5.81247963    -645.84771779   725.280087 34507.181785
  572.800000    -651.64706035       5.78480271    -645.86225764   721.826566 34513.268952
  572.900000    -651.45279098       5.38571846    -646.06707252   672.028911 34519.289335
  573.000000    -652.11287635       6.17540176    -645.93747459   770.565441 34525.394229
  573.100000    -652.07035843       5.19025458    -646.88010385   647.638965 34531.440153
  573.200000    -651.52901287       5.94926587    -645.57974700   742.348248 34537.517002
  573.300000    -652.11794786       5.85834764    -646.25960023   731.003488 34543.634858
  573.400000    -652.55166650       5.91161212    -646.64005438   737.649820 34549.691907
  573.500000    -652.14056521       5.04780523    -647.09275998   629.864162 34555.725155
  573.600000    -652.82275728       5.07751606    -647.74524122   633.571474 34561.811411
  573.700000    -652.84748691       5.10293244    -647.74455447   636.742925 34567.820906
  573.800000    -652.61178993       6.02506556    -646.58672437   751.806518 34573.909555
  573.900000    -651.88025720       4.94410198    -646.93615522   616.924091 34579.967134
  574.000000    -654.10834147       6.56151794    -647.54682353   818.744943 34586.005181
  574.100000    -652.69498219       5.29301222    -647.40196997   660.461043 34592.140096
  574.200000    -652.90568772       6.16527215    -646.74041557   769.301470 34598.183856
  574.300000    -651.40391693       6.05824163    -645.34567530   755.946222 34604.208910
  574.400000    -651.14573116       5.84094145    -645.30478971   728.831547 34610.344920
  574.500000    -651.62538720       5.55166881    -646.07371839   692.736163 34616.407147
  574.600000    -653.01341616       6.09666772    -646.91674843   760.741023 34622.477073
  574.700000    -652.48406065       5.39254329    -647.09151736   672.880512 34628.714714
  574.800000    -652.64193463       4.66942582    -647.97250881   582.650053 34634.778301
  574.900000    -653.28280177       5.32342708    -647.95937469   664.256204 34640.860463
  575.000000    -653.97414031       5.06244239    -648.91169793   631.690585 34646.923399
  575.100000    -653.38372018       4.88512272    -648.49859747   609.564670 34652.948259
  575.200000    -653.34742390       5.00193495    -648.34548895   624.140478 34659.028509
  575.300000    -652.59459497       4.85447544    -647.74011953   605.740509 34665.065755
  575.400000    -653.81026833       5.45843858    -648.35182975   681.102914 34671.139820
  575.500000    -653.66454901       5.62339580    -648.04115322   701.686243 34677.213992
  575.600000    -653.08262530       4.17522566    -648.90739964   520.983852 34683.246530
  575.700000    -653.95668552       5.57947892    -648.37720661   696.206303 34689.322435
  575.800000    -653.89214589       5.37041681    -648.52172908   670.119573 34695.368625
  575.900000    -652.38987691       5.58900040    -646.80087652   697.394391 34701.411385
  576.000000    -652.19378822       5.09027527    -647.10351295   635.163566 34707.537122
  576.100000    -652.02572833       5.65505092    -646.37067742   705.636163 34713.591205
  576.200000    -652.18718395       5.52731749    -646.65986646   689.697610 34719.644731
  576.300000    -651.88170628       5.32536019    -646.55634609   664.497417 34725.715525
  576.400000    -651.50633330       4.88315848    -646.62317482   609.319573 34731.736173
  576.500000    -653.21774589       5.68904743    -647.52869847   709.878240 34737.832649
  576.600000    -651.77147716       5.09230523    -646.67917192   635.416865 34743.870111
  576.700000    -652.72072335       5.70002682    -647.02069653   711.248247 34749.908254
  576.800000    -652.92030362       6.03580894    -646.88449469   753.147075 34756.023123
  576.900000    -653.38488075       6.03568232    -647.34919844   753.131275 34762.057519
  577.000000    -653.70646360       6.95886283    -646.74760077   868.325562 34768.130184
  577.100000    -651.35691135       4.90681085    -646.45010050   612.270911 34774.255624
  577.200000    -652.26749852       6.99570362    -645.27179490   872.922548 34780.295413
  577.300000    -650.24789209       5.55306209    -644.69483000   692.910017 34786.405279
  577.400000    -651.53129525       7.28423266    -644.24706259   908.925146 34792.459920
  577.500000    -650.98123965       6.75088379    -644.23035586   842.373977 34798.529703
  577.600000    -651.66274885       6.67627039    -644.98647846   833.063731 34804.676405
  577.700000    -651.20937345       5.68909688    -645.52027657   709.884412 34810.737604
  577.800000    -651.29595938       5.58320105    -645.71275832   696.670750 34816.806590
  577.900000    -652.10524400       6.09872939    -646.00651461   760.998277 34822.919923
  578.000000    -652.93440734       6.64504440    -646.28936294   829.167358 34828.994349
  578.100000    -652.35609999       5.17029797    -647.18580202   645.148784 34835.022286
  578.200000    -652.57865009       5.91394929    -646.66470080   737.941452 34841.054589
  578.300000    -651.92690550       5.22941272    -646.69749277   652.525111 34847.131960
  578.400000    -652.69670172       6.01786523    -646.67883649   750.908062 34853.195994
  578.500000    -652.06253398       6.21708833    -645.84544565   775.767083 34859.260942
  578.600000    -651.53327466       5.88285919    -645.65041547   734.062035 34865.303776
  578.700000    -651.72342769       6.00783597    -645.71559171   749.656614 34871.402354
  578.800000    -652.42281651       5.91137213    -646.51144438   737.619874 34877.462345
  578.900000    -652.06418629       5.50936935    -646.55481695   687.458044 34883.467276
  579.000000    -651.48999086       5.66625295    -645.82373791   707.033950 34889.538464
  579.100000    -651.39960874       6.70694021    -644.69266852   836.890706 34895.601277
  579.200000    -652.11274283       5.00399915    -647.10874367   624.398049 34901.719107
  579.300000    -652.48106553       5.50632828    -646.97473726   687.078580 34907.750533
  579.400000    -652.27660283       5.40496154    -646.87164129   674.430059 34913.787511
  579.500000    -651.93749544       6.24895756    -645.68853788   779.743719 34919.893831
  579.600000    -650.96017607       5.73924957    -645.22092650   716.142455 34925.919955
  579.700000    -651.11948115       5.48117986    -645.63830129   683.940566 34931.940194
  579.800000    -652.05907341       5.79892520    -646.26014821   723.588768 34938.043162
  579.900000    -652.98848793       6.31456672    -646.67392121   787.930417 34944.073133
  580.000000    -651.56709489       5.60353045    -645.96356444   699.207449 34950.085341
  580.100000    -651.18798053       5.95399094    -645.23398959   742.937841 34956.151803
  580.200000    -651.03994732       6.43267127    -644.60727605   802.667480 34962.200112
  580.300000    -650.23942828       6.13120142    -644.10822686   765.050130 34968.269275
  580.400000    -650.99363004       6.61878779    -644.37484224   825.891064 34974.329127
  580.500000    -650.16427831       6.06942447    -644.09485383   757.341615 34980.375746
  580.600000    -650.23808166       6.32068981    -643.91739185   788.694456 34986.469451
  580.700000    -648.95040927       5.70929243    -643.24111684   712.404408 34992.529145
  580.800000    -650.89819913       6.45210548    -644.44609365   805.092477 34998.543989
  580.900000    -652.03116886       7.02954797    -645.00162089   877.145640 35004.602700
  581.000000    -650.94735152       6.13343741    -644.81391411   765.329137 35010.619918
  581.100000    -651.26505754       5.72658808    -645.53846946   714.562556 35016.703689
  581.200000    -651.86085974       5.79134397    -646.06951577   722.642784 35022.719868
  581.300000    -651.43650633       5.39917527    -646.03733106   673.708049 35028.755768
  581.400000    -651.95209381       5.84648630    -646.10560751   729.523433 35034.859162
  581.500000    -651.40686393       6.55169563    -644.85516830   817.519317 35040.917833
  581.600000    -651.32732484       5.70728358    -645.62004126   712.153744 35046.937016
  581.700000    -651.81007823       5.35960461    -646.45047362   668.770429 35053.070220
  581.800000    -652.41257227       6.81261481    -645.59995746   850.076762 35059.141515
  581.900000    -651.13269489       6.17489804    -644.95779685   770.502587 35065.156696
  582.000000    -651.43733674       6.19520844    -645.24212830   773.036914 35071.251053
  582.100000    -650.85530565       5.59400169    -645.26130396   698.018452 35077.293828
  582.200000    -651.84711383       5.90814735    -645.93896648   737.217487 35083.355856
  582.300000    -651.94280963       4.75327794    -647.18953169   593.113105 35089.407146
  582.400000    -651.04826037       5.42044963    -645.62781074   676.362659 35095.455555
  582.500000    -651.07819992       5.96381431    -645.11438560   744.163600 35101.555317
  582.600000    -650.95901157       5.41848186    -645.54052971   676.117121 35107.622921
  582.700000    -651.66094078       5.55457168    -646.10636910   693.098383 35113.638165
  582.800000    -652.32841747       5.16012176    -647.16829571   643.878998 35119.713350
  582.900000    -652.87197938       4.45683143    -648.41514795   556.122566 35125.728974
  583.000000    -652.53270809       5.07289354    -647.45981455   632.994677 35131.793570
  583.100000    -652.58364568       5.68351672    -646.90012896   709.188120 35137.867397
  583.200000    -651.98805300       5.63321797    -646.35483503   702.911852 35143.922348
  583.300000    -652.06521281       5.39274952    -646.67246329   672.906245 35149.980866
  583.400000    -651.79358342       5.93746286    -645.85612056   740.875470 35156.070261
  583.500000    -651.71960058       6.05260177    -645.66699881   755.242481 35162.109031
  583.600000    -652.86969454       5.55923917    -647.31045537   693.680791 35168.189663
  583.700000    -652.16104334       4.97446525    -647.18657809   620.712814 35174.205328
  583.800000    -653.33604714       5.85981215    -647.47623498   731.186230 35180.265660
  583.900000    -651.65983670       4.84089138    -646.81894533   604.045492 35186.311317
  584.000000    -652.12110467       4.85148986    -647.26961481   605.367969 35192.342443
  584.100000    -652.23963116       6.28170170    -645.95792946   783.829526 35198.425533
  584.200000    -651.56474351       5.59794430    -645.96679921   698.510410 35204.479695
  584.300000    -651.99774997       5.30794736    -646.68980262   662.324647 35210.478716
  584.400000    -652.51397962       5.92398051    -646.58999911   739.193146 35216.584515
  584.500000    -651.18344273       5.14237581    -646.04106692   641.664662 35222.621307
  584.600000    -652.18060050       4.90966920    -647.27093130   612.627576 35228.636468
  584.700000    -653.41581037       6.73171670    -646.68409366   839.982312 35234.693807
  584.800000    -651.99770278       5.86481665    -646.13288613   731.810690 35240.727569
  584.900000    -651.20870181       5.13489877    -646.07380304   640.731678 35246.836850
  585.000000    -651.51281507       6.16700968    -645.34580539   769.518278 35252.881641
  585.100000    -650.08878096       5.65252085    -644.43626011   705.320461 35258.953159
  585.200000    -651.60459341       6.37234458    -645.23224883   795.139927 35265.081559
  585.300000    -651.72827465       5.10006530    -646.62820935   636.385165 35271.127778
  585.400000    -652.02997232       5.80167030    -646.22830202   723.931300 35277.222969
  585.500000    -652.03082725       5.60723293    -646.42359432   699.669443 35283.388479
  585.600000    -652.78405153       5.29512872    -647.48892281   660.725140 35289.454472
  585.700000    -652.29810729       4.63614095    -647.66196633   578.496774 35295.513441
  585.800000    -651.97740528       5.23926472    -646.73814057   653.754441 35301.586591
  585.900000    -651.91933000       5.36443875    -646.55489125   669.373633 35307.656408
  586.000000    -652.44773375       5.32269285    -647.12504091   664.164587 35313.785534
  586.100000    -653.07194787       5.32434136    -647.74760650   664.370288 35319.843111
  586.200000    -652.04959717       4.73254575    -647.31705141   590.526146 35325.912035
  586.300000    -653.24762584       6.07597648    -647.17164935   758.159173 35332.049238
  586.400000    -652.90581019       5.47267561    -647.43313458   682.879407 35338.119523
  586.500000    -652.13150594       5.63207513    -646.49943081   702.769249 35344.160919
  586.600000    -652.94378900       5.06956995    -647.87421905   632.579961 35350.257931
  586.700000    -653.60432009       5.36338255    -648.24093754   669.241840 35356.283463
  586.800000    -653.00179826       5.77426608    -647.22753217   720.511808 35362.334383
  586.900000    -652.04793370       5.31768167    -646.73025203   663.539293 35368.360027
  587.000000    -651.58236079       5.34112055    -646.24124024   666.463992 35374.398544
  587.100000    -652.38672924       5.76852749    -646.61820175   719.795748 35380.485573
  587.200000    -652.09520413       5.90828468    -646.18691945   737.234622 35386.562000
  587.300000    -652.66479980       6.66614307    -645.99865673   831.800046 35392.614922
  587.400000    -651.62803193       5.80667397    -645.82135796   724.555658 35398.698097
  587.500000    -651.67271768       5.62220042    -646.05051725   701.537085 35404.773754
  587.600000    -652.85875262       6.70540746    -646.15334517   836.699449 35410.794771
  587.700000    -651.94006357       5.11225686    -646.82780671   637.906425 35416.880453
  587.800000    -651.72514650       5.95217575    -645.77297076   742.711342 35422.885187
  587.900000    -652.58176469       5.73378871    -646.84797597   715.461050 35428.949567
  588.000000    -651.58335684       4.98952692    -646.59382992   622.592207 35435.012010
  588.100000    -652.03055039       6.16690833    -645.86364207   769.505631 35441.058793
  588.200000    -652.65064870       6.12645024    -646.52419846   764.457279 35447.156422
  588.300000    -652.41790010       4.97326851    -647.44463159   620.563485 35453.257482
  588.400000    -652.96885607       5.30921025    -647.65964582   662.482230 35459.314208
  588.500000    -650.62445854       4.68561385    -645.93884469   584.669993 35465.455534
  588.600000    -652.03783314       5.23612488    -646.80170826   653.362653 35471.498769
  588.700000    -652.21804517       6.40756806    -645.81047711   799.535106 35477.632693
  588.800000    -651.97125811       5.13510478    -646.83615333   640.757384 35483.775535
  588.900000    -652.67430525       4.88836691    -647.78593835   609.969480 35489.841181
  589.000000    -652.39331279       5.12696048    -647.26635231   639.741140 35495.965444
  589.100000    -652.44962507       5.12541526    -647.32420980   639.548328 35502.027198
  589.200000    -652.45892800       5.16660313    -647.29232488   644.687742 35508.076655
  589.300000    -652.90303732       5.83052368    -647.07251364   727.531620 35514.196882
  589.400000    -653.03287828       6.26314015    -646.76973813   781.513420 35520.234076
  589.500000    -651.87212719       5.31663462    -646.55549257   663.408642 35526.356173
  589.600000    -652.61659902       5.83371841    -646.78288061   727.930257 35532.402808
  589.700000    -652.11199690       5.08119471    -647.03080220   634.030496 35538.487619
  589.800000    -653.17986809       5.46540317    -647.71446492   681.971953 35544.605620
  589.900000    -653.01915932       5.20330105    -647.81585827   649.266901 35550.691584
  590.000000    -652.21265317       5.36429047    -646.84836271   669.355130 35556.719095
  590.100000    -652.68123097       4.66508567    -648.01614530   582.108490 35562.855380
  590.200000    -653.64416274       5.53745438    -648.10670836   690.962489 35568.912235
  590.300000    -652.87460452       5.26835077    -647.60625375   657.383793 35574.991647
  590.400000    -652.83827172       5.43006121    -647.40821050   677.561991 35581.088115
  590.500000    -651.93994510       6.41794099    -645.52200411   800.829438 35587.122207
  590.600000    -652.26462273       5.88766290    -646.37695983   734.661441 35593.223341
  590.700000    -652.89457435       6.62966881    -646.26490554   827.248795 35599.296201
  590.800000    -652.54498510       5.17388070    -647.37110440   645.595836 35605.354494
  590.900000    -652.53051219       6.02049292    -646.51001927   751.235946 35611.451261
  591.000000    -651.94536414       6.21661705    -645.72874709   775.708277 35617.560125
  591.100000    -652.79161819       6.52250569    -646.26911250   813.877002 35623.605473
  591.200000    -652.99517637       5.49727581    -647.49790057   685.949015 35629.731515
  591.300000    -652.15638794       5.43692762    -646.71946033   678.418779 35635.772453
  591.400000    -651.82994871       5.28339367    -646.54655504   659.260843 35641.861081
  591.500000    -653.06036284       5.95502977    -647.10533307   743.067466 35647.962197
  591.600000    -651.70345335       5.60806217    -646.09539119   699.772915 35654.019053
  591.700000    -652.15916646       5.67074288    -646.48842357   707.594203 35660.147594
  591.800000    -653.18723770       5.56856836    -647.61866934   694.844886 35666.231853
  591.900000    -652.76393515       5.35410007    -647.40983508   668.083574 35672.295313
  592.000000    -652.92384178       5.52903435    -647.39480743   689.911839 35678.418864
  592.100000    -652.29626795       5.02901087    -647.26725709   627.519006 35684.501017
  592.200000    -653.22365512       6.04318219    -647.18047293   754.067108 35690.528796
  592.300000    -653.12259816       5.09552095    -648.02707721   635.818121 35696.591575
  592.400000    -652.38436282       5.24678467    -647.13757815   654.692780 35702.623669
  592.500000    -652.80266187       5.34841010    -647.45425177   667.373580 35708.722990
  592.600000    -653.16935627       5.55873663    -647.61061963   693.618085 35714.750011
  592.700000    -652.62571659       6.26640418    -646.35931240   781.920705 35720.797115
  592.800000    -653.04217983       6.23348073    -646.80869911   777.812523 35726.895962
  592.900000    -652.11060581       5.54720390    -646.56340191   692.179033 35732.929054
  593.000000    -652.86677893       5.62586062    -647.24091831   701.993803 35738.943033
  593.100000    -652.96888797       5.28620688    -647.68268108   659.611875 35745.049844
  593.200000    -654.16873091       5.43535610    -648.73337481   678.222685 35751.062731
  593.300000    -653.09643080       5.34259618    -647.75383462   666.648121 35757.091293
  593.400000    -654.13180986       5.97033741    -648.16147245   744.977550 35763.130644
  593.500000    -652.44889271       4.60428065    -647.84461206   574.521251 35769.181417
  593.600000    -653.26604031       5.27408842    -647.99195189   658.099736 35775.237565
  593.700000    -653.65452448       5.04501122    -648.60951326   629.515526 35781.280340
  593.800000    -653.93373057       5.72217760    -648.21155297   714.012217 35787.305540
  593.900000    -652.53722993       5.77981390    -646.75741603   721.204063 35793.377106
  594.000000    -653.61369137       5.92538277    -647.68830859   739.368120 35799.421980
  594.100000    -652.75031783       5.01557140    -647.73474643   625.842032 35805.447124
  594.200000    -652.76971919       5.33438726    -647.43533193   665.623813 35811.528532
  594.300000    -652.75437232       5.30157683    -647.45279549   661.529734 35817.535173
  594.400000    -652.86028934       5.83892079    -647.02136855   728.579409 35823.605313
  594.500000    -653.22772019       5.23908001    -647.98864017   653.731393 35829.617605
  594.600000    -653.14499167       6.33774874    -646.80724293   790.823065 35835.647531
  594.700000    -652.66620595       5.64018656    -647.02601938   703.781392 35841.764671
  594.800000    -652.90678710       6.18955038    -646.71723672   772.330902 35847.801921
  594.900000    -651.98144189       4.88019179    -647.10125010   608.949390 35853.811720
  595.000000    -653.27534296       5.19180998    -648.08353298   647.833048 35859.892885
  595.100000    -653.37817799       5.67987638    -647.69830162   708.733878 35865.902758
  595.200000    -652.42761964       4.90904637    -647.51857327   612.549859 35871.938554
  595.300000    -652.72022359       5.37307976    -647.34714383   670.451856 35877.976144
  595.400000    -652.87612899       5.48769964    -647.38842935   684.754102 35884.024665
  595.500000    -653.90962798       5.30828120    -648.60134678   662.366304 35890.075202
  595.600000    -653.29384588       5.06336240    -648.23048348   631.805383 35896.141466
  595.700000    -653.47447795       4.84247108    -648.63200686   604.242607 35902.160671
  595.800000    -653.53205164       5.35062133    -648.18143031   667.649497 35908.239487
  595.900000    -653.39748705       5.71324330    -647.68424375   712.897397 35914.296843
  596.000000    -652.57501892       6.18381638    -646.39120254   771.615415 35920.323976
  596.100000    -652.11783560       5.25410919    -646.86372641   655.606731 35926.409754
  596.200000    -653.43697616       5.63900262    -647.79797355   703.633659 35932.420831
  596.300000    -652.46704974       4.46897017    -647.99807957   557.637236 35938.497978
  596.400000    -653.20875745       4.98546125    -648.22329620   622.084893 35944.552801
  596.500000    -653.42352938       4.80266383    -648.62086556   599.275466 35950.588828
  596.600000    -652.36728257       4.52718679    -647.84009579   564.901494 35956.697242
  596.700000    -653.14562830       6.10794531    -647.03768300   762.148237 35962.724918
  596.800000    -652.34467441       6.13574687    -646.20892754   765.617311 35968.738306
  596.900000    -652.32237659       6.08225504    -646.24012155   758.942610 35974.844783
  597.000000    -651.45215878       5.44901443    -646.00314435   679.926969 35980.878902
  597.100000    -652.53434121       6.58228528    -645.95205593   821.336287 35986.905180
  597.200000    -651.62848858       6.43902965    -645.18945892   803.460878 35992.981416
  597.300000    -652.08352642       5.99186222    -646.09166421   747.663411 35998.978776
  597.400000    -653.04446935       5.33744688    -647.70702247   666.005592 36005.051118
  597.500000    -652.45361982       5.05840584    -647.39521398   631.186905 36011.095930
  597.600000    -652.63878141       5.37283851    -647.26594290   670.421753 36017.122068
  597.700000    -652.89667398       5.90918517    -646.98748881   737.346985 36023.214474
  597.800000    -652.51330248       4.47529445    -648.03800804   558.426378 36029.263470
  597.900000    -652.08373282       4.50139478    -647.58233804   561.683173 36035.248134
  598.000000    -652.34713173       4.67551688    -647.67161484   583.410095 36041.307344
  598.100000    -652.58909816       5.08356041    -647.50553775   634.325688 36047.335201
  598.200000    -652.29130729       5.25218981    -647.03911748   655.367232 36053.389409
  598.300000    -652.53463419       5.55390553    -646.98072867   693.015260 36059.435172
  598.400000    -652.03047783       5.91139102    -646.11908682   737.622231 36065.473634
  598.500000    -650.51694322       5.96254189    -644.55440133   744.004827 36071.588745
  598.600000    -651.53473823       6.77314051    -644.76159773   845.151166 36077.591416
  598.700000    -650.98273335       6.06751649    -644.91521686   757.103537 36083.604730
  598.800000    -652.11299226       6.58196167    -645.53103058   821.295908 36089.686389
  598.900000    -651.46087368       5.96035391    -645.50051977   743.731811 36095.695046
  599.000000    -650.68221188       5.35683014    -645.32538174   668.424232 36101.745934
  599.100000    -651.51538948       5.07666963    -646.43871986   633.465857 36107.770483
  599.200000    -651.87852782       6.50209244    -645.37643538   811.329840 36113.823689
  599.300000    -652.21002257       5.88178484    -646.32823773   733.927978 36119.903540
  599.400000    -651.56796053       4.74415700    -646.82380353   591.974995 36125.977068
  599.500000    -651.90645767       5.33891363    -646.56754404   666.188613 36132.037631
  599.600000    -652.23828296       5.63368671    -646.60459625   702.970341 36138.104727
  599.700000    -651.57614915       5.47441895    -646.10173020   683.096940 36144.129626
  599.800000    -651.26879758       4.64341545    -646.62538214   579.404484 36150.170051
  599.900000    -651.98468061       5.49435405    -646.49032655   685.584439 36156.230884
  600.000000    -652.16955838       5.84262491    -646.32693347   729.041609 36162.253183
  600.100000    -652.01776695       5.00611807    -647.01164889   624.662447 36168.337734
  600.200000    -653.45473797       5.59838191    -647.85635606   698.565015 36174.358225
  600.300000    -652.80110047       6.20195647    -646.59914400   773.878931 36180.401841
  600.400000    -652.90100686       5.94402036    -646.95698650   741.693714 36186.467990
  600.500000    -653.13397637       5.86963303    -647.26434334   732.411677 36192.541462
  600.600000    -652.08882607       5.98224165    -646.10658442   746.462959 36198.570831
  600.700000    -652.17327006       5.30860311    -646.86466694   662.406473 36204.640538
  600.800000    -652.33251942       5.53527525    -646.79724417   690.690578 36210.643028
  600.900000    -652.48182605       5.88439853    -646.59742752   734.254113 36216.746361
  601.000000    -653.11434149       5.70237543    -647.41196606   711.541306 36222.774153
  601.100000    -652.73869256       5.36236631    -647.37632625   669.115034 36228.818566
  601.200000    -653.16937401       5.70656413    -647.46280988   712.063971 36234.929048
  601.300000    -652.66347924       5.75485231    -646.90862692   718.089361 36240.962309
  601.400000    -652.46169240       5.82515300    -646.63653941   726.861467 36247.001382
  601.500000    -652.58183976       4.80107511    -647.78076465   599.077226 36253.118954
  601.600000    -653.36535355       5.55320699    -647.81214656   692.928097 36259.169604
  601.700000    -653.70193965       5.94707354    -647.75486611   742.074689 36265.183404
  601.800000    -653.54106368       5.80039878    -647.74066490   723.772641 36271.233271
  601.900000    -652.76506412       5.95247994    -646.81258418   742.749299 36277.295731
  602.000000    -653.16580726       5.17275341    -647.99305385   645.455173 36283.375225
  602.100000    -652.90261249       4.80575973    -648.09685277   599.661772 36289.436950
  602.200000    -652.90521873       5.26199790    -647.64322083   656.591083 36295.484920
  602.300000    -651.87431005       5.50878774    -646.36552230   687.385472 36301.574941
  602.400000    -651.55859348       6.21071300    -645.34788049   774.971570 36307.621072
  602.500000    -651.96770282       6.49789565    -645.46980718   810.806165 36313.660052
  602.600000    -652.86132281       5.13413278    -647.72719003   640.636098 36319.751390
  602.700000    -652.45783027       5.51053566    -646.94729461   687.603577 36325.765420
  602.800000    -653.06679200       6.60201073    -646.46478127   823.797625 36331.852818
  602.900000    -652.80869529       5.65155890    -647.15713639   705.200430 36337.886472
  603.000000    -652.58477645       5.23973357    -647.34504287   653.812945 36343.942289
  603.100000    -652.29083858       5.36391594    -646.92692264   669.308396 36350.052294
  603.200000    -652.51459563       6.27948137    -646.23511426   783.552474 36356.093952
  603.300000    -652.88458916       6.50232445    -646.38226471   811.358790 36362.125250
  603.400000    -651.68906919       5.20532915    -646.48374005   649.519967 36368.188282
  603.500000    -652.94230715       6.21857644    -646.72373071   775.952768 36374.201827
  603.600000    -653.13187283       5.26827784    -647.86359500   657.374692 36380.307152
  603.700000    -652.82424612       5.27286578    -647.55138033   657.947175 36386.334060
  603.800000    -652.74363292       5.07991715    -647.66371577   633.871082 36392.377933
  603.900000    -652.85848693       5.37443016    -647.48405677   670.620358 36398.484750
  604.000000    -652.75325795       6.02510407    -646.72815388   751.811324 36404.530153
  604.100000    -653.13991055       5.36869381    -647.77121674   669.904577 36410.545746
  604.200000    -652.66095806       4.86239877    -647.79855929   606.729180 36416.671107
  604.300000    -652.68668895       5.28559798    -647.40109097   659.535896 36422.688483
  604.400000    -652.56008667       5.74834194    -646.81174473   717.276999 36428.746913
  604.500000    -652.31274406       6.15048729    -646.16225677   767.456618 36434.837053
  604.600000    -652.13554177       4.92387917    -647.21166260   614.400693 36440.842895
  604.700000    -653.42364352       5.96563644    -647.45800708   744.390964 36446.929295
  604.800000    -652.35680982       5.01264505    -647.34416476   625.476883 36452.961349
  604.900000    -653.13413495       5.89235077    -647.24178418   735.246392 36458.991791
  605.000000    -652.92399877       5.16239967    -647.76159910   644.163236 36465.074987
  605.100000    -652.83149397       4.96628117    -647.86521280   619.691606 36471.127256
  605.200000    -653.07194728       5.22165127    -647.85029600   651.556639 36477.138031
  605.300000    -653.59287690       5.16321605    -648.42966085   644.265103 36483.195502
  605.400000    -653.33073628       5.11305339    -648.21768289   638.005816 36489.199031
  605.500000    -652.15166554       4.20600867    -647.94565686   524.824951 36495.246384
  605.600000    -653.20936987       5.98145112    -647.22791874   746.364317 36501.281187
  605.700000    -652.85904671       4.93592551    -647.92312120   615.903833 36507.301582
  605.800000    -653.20735715       5.28498196    -647.92237518   659.459030 36513.349723
  605.900000    -651.94035817       5.00081924    -646.93953893   624.001260 36519.414861
  606.000000    -652.30634942       5.96162446    -646.34472496   743.890350 36525.433817
  606.100000    -652.36918144       5.37378705    -646.99539438   670.540112 36531.532889
  606.200000    -651.69985397       4.38531367    -647.31454030   547.198594 36537.539984
  606.300000    -652.25993432       5.41896037    -646.84097395   676.176829 36543.605158
  606.400000    -652.49247363       5.44581277    -647.04666085   679.527468 36549.622493
  606.500000    -652.39768885       5.57406216    -646.82362669   695.530401 36555.658124
  606.600000    -652.80110030       5.70529269    -647.09580760   711.905322 36561.708051
  606.700000    -652.54319421       4.92577219    -647.61742202   614.636904 36567.781592
  606.800000    -652.98776432       5.34709322    -647.64067109   667.209261 36573.804312
  606.900000    -651.38158655       4.98115261    -646.40043394   621.547262 36579.893900
  607.000000    -651.87619864       6.22213059    -645.65406805   776.396255 36585.902777
  607.100000    -651.17569326       5.08814678    -646.08754648   634.897973 36591.967528
  607.200000    -651.87911843       6.59402741    -645.28509101   822.801469 36597.986103
  607.300000    -652.11954137       6.95968632    -645.15985505   868.428316 36604.012077
  607.400000    -651.66986531       6.32919426    -645.34067105   789.755639 36610.126567
  607.500000    -652.24290650       6.40168780    -645.84121870   798.801369 36616.133349
  607.600000    -651.46755286       5.94014779    -645.52740507   741.210496 36622.146786
  607.700000    -651.66220256       5.78023752    -645.88196504   721.256923 36628.223150
  607.800000    -652.42048422       5.74466937    -646.67581485   716.818736 36634.230174
  607.900000    -651.97162235       5.33198004    -646.63964231   665.323441 36640.297595
  608.000000    -651.52567223       6.03017009    -645.49550214   752.443461 36646.343554
  608.100000    -652.18312568       5.64168573    -646.54143995   703.968457 36652.367148
  608.200000    -652.45128641       4.63089308    -647.82039334   577.841945 36658.475674
  608.300000    -652.01055122       4.86413759    -647.14641364   606.946150 36664.515443
  608.400000    -652.51799684       4.59249597    -647.92550087   573.050761 36670.545114
  608.500000    -652.55509089       5.84536996    -646.70972093   729.384136 36676.641797
  608.600000    -652.11033023       5.87279849    -646.23753174   732.806663 36682.689095
  608.700000    -652.87740528       5.24935869    -647.62804660   655.013965 36688.690407
  608.800000    -652.38825573       4.85798835    -647.53026738   606.178849 36694.755111
  608.900000    -651.77517770       5.03006589    -646.74511181   627.650652 36700.795235
  609.000000    -651.85041129       5.82527194    -646.02513935   726.876309 36706.855496
  609.100000    -652.66899986       5.78474852    -646.88425134   721.819805 36712.943565
  609.200000    -652.57894719       5.34550904    -647.23343815   667.011587 36719.007724
  609.300000    -652.48405782       4.97207072    -647.51198711   620.414025 36725.095752
  609.400000    -652.13912535       5.63705681    -646.50206854   703.390862 36731.151868
  609.500000    -653.48507085       6.43265360    -647.05241725   802.665276 36737.193245
  609.600000    -652.58184976       5.94602689    -646.63582287   741.944089 36743.273655
  609.700000    -652.81066045       6.09900229    -646.71165816   761.032329 36749.288630
  609.800000    -652.84996418       5.74163762    -647.10832656   716.440435 36755.390716
  609.900000    -652.95208662       6.12876246    -646.82332415   764.745798 36761.415313
  610.000000    -652.44008768       5.59920267    -646.84088501   698.667429 36767.463771
  610.100000    -651.96844927       5.23672426    -646.73172501   653.437443 36773.581525
  610.200000    -652.30654638       5.39912932    -646.90741706   673.702315 36779.614314
  610.300000    -652.08252324       5.36141836    -646.72110488   668.996749 36785.637780
  610.400000    -651.98501173       6.52149047    -645.46352125   813.750323 36791.765760
  610.500000    -651.91281314       5.52425056    -646.38856258   689.314919 36797.793127
  610.600000    -651.41395154       4.98741155    -646.42653998   622.328252 36803.878134
  610.700000    -651.94041427       6.40846144    -645.53195283   799.646582 36809.902264
  610.800000    -651.10225479       5.44716028    -645.65509451   679.695610 36815.971261
  610.900000    -651.34638064       5.94723371    -645.39914693   742.094675 36822.058284
  611.000000    -652.65343022       6.56842885    -646.08500138   819.607284 36828.117897
  611.100000    -651.10813564       5.61321260    -645.49492304   700.415586 36834.132097
  611.200000    -651.48472887       6.68379726    -644.80093161   834.002933 36840.243986
  611.300000    -651.70517649       5.68990562    -646.01527086   709.985326 36846.266627
  611.400000    -652.30155565       5.92059836    -646.38095729   738.771121 36852.302166
  611.500000    -650.81782576       5.33018926    -645.48763650   665.099988 36858.355380
  611.600000    -651.81811736       5.99504075    -645.82307660   748.060029 36864.409788
  611.700000    -652.13106990       6.22193868    -645.90913122   776.372309 36870.488309
  611.800000    -651.38717992       5.90023026    -645.48694966   736.229594 36876.550373
  611.900000    -651.05702955       4.94621751    -646.11081204   617.188067 36882.601911
  612.000000    -652.62157875       6.15392150    -646.46765726   767.885137 36888.702688
  612.100000    -652.48958890       4.52451232    -647.96507657   564.567775 36894.721486
  612.200000    -652.69539493       6.08505111    -646.61034382   759.291504 36900.620874
  612.300000    -652.75116179       7.50397008    -645.24719171   936.343940 36906.733131
  612.400000    -651.48035077       5.14379153    -646.33655924   641.841315 36912.756923
  612.500000    -651.96323399       5.54564511    -646.41758889   691.984527 36918.754645
  612.600000    -652.28108375       6.14899395    -646.13208979   767.270279 36924.854621
  612.700000    -652.65979487       5.62033100    -647.03946387   701.303818 36930.880559
  612.800000    -652.13623337       5.39794101    -646.73829237   673.554037 36936.903932
  612.900000    -651.93417915       5.47835088    -646.45582826   683.587566 36942.990030
  613.000000    -652.91409808       5.09941796    -647.81468012   636.304389 36948.997537
  613.100000    -653.27586473       5.24583278    -648.03003194   654.574003 36954.973637
  613.200000    -653.41871285       5.51567934    -647.90303351   688.245404 36961.086150
  613.300000    -653.09200302       5.89515555    -647.19684747   735.596372 36967.142278
  613.400000    -652.86814306       5.46783095    -647.40031211   682.274891 36973.092099
  613.500000    -653.14766557       5.36448855    -647.78317702   669.379847 36979.208807
  613.600000    -653.07960047       4.99071344    -648.08888703   622.740261 36985.235768
  613.700000    -653.66117635       5.80246852    -647.85870783   724.030902 36991.283107
  613.800000    -652.22332624       4.97962945    -647.24369679   621.357202 36997.313379
  613.900000    -652.68505517       5.33208022    -647.35297495   665.335941 37003.357280
  614.000000    -653.05018179       5.33316456    -647.71701723   665.471245 37009.459001
  614.100000    -653.03442721       5.65844576    -647.37598145   706.059770 37015.494524
  614.200000    -652.60792927       4.80675051    -647.80117877   599.785401 37021.520301
  614.300000    -652.44476699       5.11439922    -647.33036777   638.173748 37027.630801
  614.400000    -652.56718034       5.91194830    -646.65523204   737.691768 37033.652486
  614.500000    -651.84559528       5.42633590    -646.41925938   677.097147 37039.695122
  614.600000    -651.57928319       5.33089933    -646.24838386   665.188590 37045.745725
  614.700000    -652.24773872       5.23539733    -647.01234140   653.271869 37051.802575
  614.800000    -652.75998629       6.56860203    -646.19138427   819.628894 37057.892588
  614.900000    -651.50066626       5.06924089    -646.43142536   632.538901 37063.934519
  615.000000    -652.12657423       6.42464511    -645.70192912   801.665977 37069.967703
  615.100000    -651.84804712       6.54935618    -645.29869094   817.227400 37076.069223
  615.200000    -650.37800908       5.48569240    -644.89231668   684.503640 37082.129987
  615.300000    -650.63991519       5.75555091    -644.88436428   718.176532 37088.132610
  615.400000    -651.39789369       6.57889459    -644.81899910   820.913198 37094.196540
  615.500000    -652.11119711       5.89407490    -646.21712220   735.461529 37100.242545
  615.600000    -652.66778866       5.46819911    -647.19958955   682.320830 37106.316716
  615.700000    -652.16860347       5.36985000    -646.79875346   670.048847 37112.390448
  615.800000    -651.48343350       4.74173503    -646.74169847   591.672782 37118.434108
  615.900000    -652.51015553       5.86964797    -646.64050755   732.413542 37124.507986
  616.000000    -651.73106713       5.37886621    -646.35220092   671.173888 37130.531304
  616.100000    -651.34067233       5.14229589    -646.19837644   641.654689 37136.583579
  616.200000    -651.79755866       6.00840303    -645.78915562   749.727371 37142.657520
  616.300000    -651.58819185       6.35534457    -645.23284728   793.018670 37148.712343
  616.400000    -651.49754200       5.83526676    -645.66227525   728.123460 37154.789846
  616.500000    -650.01452538       6.02169229    -643.99283309   751.385603 37160.848500
  616.600000    -650.84663745       5.99059731    -644.85604014   747.505577 37166.882456
  616.700000    -651.00361954       6.12515734    -644.87846220   764.295951 37172.990208
  616.800000    -650.58821960       6.30272110    -644.28549850   786.452324 37179.034745
  616.900000    -650.38114670       5.80624340    -644.57490330   724.501931 37185.086528
  617.000000    -650.66628465       7.03739025    -643.62889439   878.124198 37191.167710
  617.100000    -651.36494837       6.69696866    -644.66797970   835.646458 37197.201736
  617.200000    -651.26383966       5.74187643    -645.52196324   716.470233 37203.290410
  617.300000    -651.83428060       6.77697870    -645.05730190   845.630095 37209.333960
  617.400000    -652.34462892       5.05037661    -647.29425231   630.185019 37215.371637
  617.500000    -652.45121632       5.21665267    -647.23456365   650.932914 37221.454857
  617.600000    -653.27452491       6.25620103    -647.01832388   780.647558 37227.521593
  617.700000    -651.83907642       5.18434967    -646.65472674   646.902152 37233.563866
  617.800000    -652.11593810       5.47295346    -646.64298464   682.914078 37239.654500
  617.900000    -652.05907975       5.90326295    -646.15581680   736.608013 37245.664665
  618.000000    -650.62539015       5.50886929    -645.11652086   687.395647 37251.756502
  618.100000    -651.25231176       6.31225725    -644.94005452   787.642241 37257.801716
  618.200000    -652.12595073       6.16711934    -645.95883139   769.531962 37263.850939
  618.300000    -652.20948267       6.04698547    -646.16249720   754.541681 37269.931239
  618.400000    -652.16771861       6.01759070    -646.15012791   750.873806 37276.032153
  618.500000    -652.47951982       6.49916887    -645.98035095   810.965038 37282.043540
  618.600000    -652.13698634       4.86077072    -647.27621563   606.526033 37288.111820
  618.700000    -652.35481717       5.71517635    -646.63964082   713.138602 37294.161177
  618.800000    -651.90032628       5.92602273    -645.97430355   739.447973 37300.254122
  618.900000    -651.41895844       5.94326376    -645.47569468   741.599306 37306.287275
  619.000000    -652.23195902       6.31879256    -645.91316646   788.457717 37312.339127
  619.100000    -652.43284341       5.95720786    -646.47563555   743.339247 37318.399744
  619.200000    -652.38004045       5.70507910    -646.67496135   711.878669 37324.482341
  619.300000    -651.52445421       4.86100341    -646.66345080   606.555068 37330.504504
  619.400000    -652.43660978       5.81181590    -646.62479388   725.197267 37336.627330
  619.500000    -652.91475104       5.28579204    -647.62895899   659.560111 37342.649132
  619.600000    -652.03110429       5.33207837    -646.69902592   665.335710 37348.678882
  619.700000    -652.13358125       5.09643985    -647.03714140   635.932782 37354.710974
  619.800000    -652.84240491       5.39489888    -647.44750603   673.174442 37360.745160
  619.900000    -652.91599319       6.17934978    -646.73664341   771.058073 37366.859528
  620.000000    -652.49396982       5.66466958    -646.82930024   706.836377 37372.902630
  620.100000    -652.25269318       5.46881327    -646.78387990   682.397465 37378.926157
  620.200000    -653.08707819       6.52640272    -646.56067547   814.363272 37385.052928
  620.300000    -652.59861799       6.79724138    -645.80137661   848.158468 37391.080633
  620.400000    -650.93777033       5.41561424    -645.52215609   675.759300 37397.118144
  620.500000    -652.01890482       5.91264565    -646.10625916   737.778784 37403.187217
  620.600000    -652.98641030       6.18527115    -646.80113915   771.796941 37409.222432
  620.700000    -652.14165921       4.95664229    -647.18501692   618.488869 37415.316091
  620.800000    -652.45052824       4.75468149    -647.69584675   593.288239 37421.374681
  620.900000    -652.08136215       5.16794767    -646.91341448   644.855514 37427.423623
  621.000000    -651.71044996       5.38479234    -646.32565762   671.913349 37433.494682
  621.100000    -652.13515865       5.56700969    -646.56814896   694.650395 37439.563772
  621.200000    -652.79026443       5.73481102    -647.05545342   715.588613 37445.568481
  621.300000    -652.71883864       5.38695695    -647.33188169   672.183449 37451.638169
  621.400000    -652.45031481       6.34487991    -646.10543490   791.712891 37457.665730
  621.500000    -653.07200256       6.22286301    -646.84913955   776.487647 37463.737364
  621.600000    -651.88745486       4.92081487    -646.96663998   614.018331 37469.775999
  621.700000    -652.01921663       5.28207120    -646.73714543   659.095825 37475.810730
  621.800000    -651.85222502       5.07818321    -646.77404181   633.654721 37481.909180
  621.900000    -652.69010336       5.70344538    -646.98665798   711.674814 37487.935385
  622.000000    -653.09549042       5.80729182    -647.28819860   724.632753 37493.951255
  622.100000    -652.56749324       4.60793174    -647.95956150   574.976833 37500.028106
  622.200000    -652.77555965       5.92149951    -646.85406014   738.883567 37506.032244
  622.300000    -652.27567848       5.96712430    -646.30855418   744.576619 37512.106586
  622.400000    -652.31479257       4.83445447    -647.48033810   603.242296 37518.170209
  622.500000    -652.35218310       5.10157762    -647.25060549   636.573871 37524.199932
  622.600000    -653.12509649       5.27229564    -647.85280085   657.876033 37530.300465
  622.700000    -653.06812535       5.50077212    -647.56735323   686.385284 37536.353156
  622.800000    -652.34036970       5.29444814    -647.04592155   660.640218 37542.399222
  622.900000    -652.99644523       5.40588483    -647.59056040   674.545266 37548.476794
  623.000000    -652.80700846       6.51083875    -646.29616971   812.421203 37554.482038
  623.100000    -651.27921561       5.94609490    -645.33312071   741.952575 37560.560996
  623.200000    -651.98505027       6.23963655    -645.74541372   778.580645 37566.620491
  623.300000    -651.51857195       5.92865291    -645.58991904   739.776167 37572.642900
  623.400000    -651.51072257       6.32772078    -645.18300179   789.571778 37578.743421
  623.500000    -652.03130777       6.20320492    -645.82810285   774.034713 37584.773606
  623.600000    -651.66872965       6.07459332    -645.59413633   757.986582 37590.793779
  623.700000    -652.80629803       6.87278296    -645.93351507   857.584532 37596.881797
  623.800000    -652.31140320       5.68905913    -646.62234406   709.879701 37602.925669
  623.900000    -652.92549529       6.38631580    -646.53917948   796.883254 37608.908604
  624.000000    -652.26889109       5.45223728    -646.81665381   680.329116 37614.965153
  624.100000    -652.57064637       5.66582676    -646.90481962   706.980770 37621.005553
  624.200000    -651.62531431       5.32202098    -646.30329333   664.080752 37627.047224
  624.300000    -651.67026127       5.64764292    -646.02261835   704.711794 37633.121218
  624.400000    -653.25379726       6.88035186    -646.37344540   858.528977 37639.165065
  624.500000    -652.74517234       5.33715286    -647.40801948   665.968904 37645.245202
  624.600000    -652.86775147       6.14707698    -646.72067449   767.031080 37651.332714
  624.700000    -652.24084803       5.84718861    -646.39365942   729.611067 37657.366924
  624.800000    -652.63575088       5.39406635    -647.24168453   673.070559 37663.458668
  624.900000    -652.94385366       5.43378955    -647.51006411   678.027212 37669.468040
  625.000000    -652.41280853       5.65585745    -646.75695108   705.736802 37675.509049
  625.100000    -653.49676529       5.60805656    -647.88870872   699.772216 37681.606523
  625.200000    -653.03281437       4.97203485    -648.06077952   620.409549 37687.659263
  625.300000    -653.94964818       6.43866579    -647.51098239   803.415476 37693.725129
  625.400000    -652.72559906       5.37737404    -647.34822503   670.987695 37699.809714
  625.500000    -653.25605317       5.90515595    -647.35089722   736.844221 37705.837569
  625.600000    -652.64592414       6.00932277    -646.63660137   749.842136 37711.925399
  625.700000    -652.05174272       4.56317908    -647.48856364   569.392605 37717.935858
  625.800000    -652.38188828       5.96584690    -646.41604138   744.417225 37724.027266
  625.900000    -652.29850189       6.50582332    -645.79267856   811.795379 37730.051911
  626.000000    -651.54749245       6.15772157    -645.38977088   768.359310 37736.090176
  626.100000    -652.49821994       5.63569400    -646.86252594   703.220810 37742.183332
  626.200000    -653.64834531       6.58403572    -647.06430958   821.554708 37748.228568
  626.300000    -653.25954557       4.75884006    -648.50070551   593.807145 37754.263807
  626.400000    -653.79600264       5.32608934    -648.46991330   664.588401 37760.320275
  626.500000    -653.62765183       5.76116758    -647.86648425   718.877379 37766.318093
  626.600000    -652.53834048       5.07313617    -647.46520431   633.024953 37772.392622
  626.700000    -653.48656306       6.18589257    -647.30067049   771.874482 37778.406104
  626.800000    -653.67807178       4.69858886    -648.97948292   586.289012 37784.455290
  626.900000    -653.93672363       5.43187090    -648.50485273   677.787803 37790.549852
  627.000000    -653.97467001       4.83304256    -649.14162745   603.066119 37796.604156
  627.100000    -653.43488709       4.60957705    -648.82531004   575.182135 37802.622587
  627.200000    -653.85060733       4.84740833    -649.00319900   604.858676 37808.738860
  627.300000    -653.99895306       4.42403822    -649.57491484   552.030635 37814.792732
  627.400000    -653.33231212       5.01430853    -648.31800359   625.684451 37820.817254
  627.500000    -653.01220620       4.99798485    -648.01422135   623.647586 37826.876471
  627.600000    -653.15230022       5.86051979    -647.29178043   731.274529 37832.916470
  627.700000    -652.37951264       4.99241909    -647.38709356   622.953091 37838.977688
  627.800000    -653.50532477       5.16882238    -648.33650240   644.964659 37845.005090
  627.900000    -653.27655183       4.59679528    -648.67975656   573.587228 37851.042604
  628.000000    -653.41534784       5.60878522    -647.80656263   699.863138 37857.118838
  628.100000    -652.57456605       5.36772181    -647.20684425   669.783292 37863.185822
  628.200000    -652.81360421       6.03411786    -646.77948636   752.936062 37869.201526
  628.300000    -653.10894671       5.89248925    -647.21645746   735.263672 37875.290817
  628.400000    -652.04147744       4.83416134    -647.20731610   603.205719 37881.332751
  628.500000    -653.51414844       5.44895759    -648.06519085   679.919877 37887.458589
  628.600000    -652.44735764       5.58259876    -646.86475888   696.595596 37893.520663
  628.700000    -653.02849362       5.34932214    -647.67917148   667.487385 37899.637285
  628.800000    -652.84349824       5.04573879    -647.79775946   629.606313 37905.939835
  628.900000    -653.81427662       5.27533867    -648.53893795   658.255742 37912.267943
  629.000000    -653.35854212       5.22648939    -648.13205273   652.160338 37918.445993
  629.100000    -652.78812014       5.41646659    -647.37165355   675.865656 37924.650020
  629.200000    -653.77397280       6.32278142    -647.45119138   788.955446 37930.648788
  629.300000    -653.40674014       6.85860640    -646.54813375   855.815583 37936.688184
  629.400000    -652.57694758       6.56686155    -646.01008602   819.411718 37942.752645
  629.500000    -652.39067853       5.81564926    -646.57502928   725.675592 37948.777736
  629.600000    -651.94076769       5.75703572    -646.18373197   718.361807 37954.842212
  629.700000    -651.57381961       6.39614741    -645.17767220   798.110040 37960.894953
  629.800000    -651.10510579       5.48017535    -645.62493043   683.815223 37966.947246
  629.900000    -651.90926872       5.95748595    -645.95178277   743.373948 37973.013031
  630.000000    -651.88784197       5.72604431    -646.16179767   714.494704 37979.088805
  630.100000    -652.41087277       5.29619100    -647.11468177   660.857691 37985.111424
  630.200000    -652.28232112       6.05559180    -646.22672932   755.615577 37991.170612
  630.300000    -651.00308811       5.64799056    -645.35509755   704.755173 37997.180214
  630.400000    -652.16277072       5.23580354    -646.92696718   653.322556 38003.275210
  630.500000    -651.58523801       5.28886973    -646.29636828   659.944145 38009.290310
  630.600000    -651.87126601       5.62759535    -646.24367066   702.210262 38015.319736
  630.700000    -651.43506139       4.77780805    -646.65725334   596.173967 38021.384057
  630.800000    -652.45478889       4.86342976    -647.59135913   606.857828 38027.456163
  630.900000    -654.01194255       5.57239937    -648.43954317   695.322919 38033.465515
  631.000000    -653.87579919       5.63468322    -648.24111597   703.094685 38039.577698
  631.100000    -653.69581866       6.22138821    -647.47443045   776.303621 38045.630946
  631.200000    -652.37892589       4.78332492    -647.59560097   596.862361 38051.621245
  631.300000    -653.57835304       5.39860463    -648.17974841   673.636844 38057.638304
  631.400000    -652.59421206       5.84800173    -646.74621032   729.712528 38063.696572
  631.500000    -652.60058526       5.73792874    -646.86265652   715.977642 38069.742958
  631.600000    -652.92891923       6.39013149    -646.53878774   797.359375 38075.794944
  631.700000    -652.60301526       5.16519671    -647.43781855   644.512249 38081.809038
  631.800000    -653.79345192       5.75898435    -648.03446757   718.604956 38087.882477
  631.900000    -652.56953818       5.70521707    -646.86432112   711.895885 38093.935623
  632.000000    -652.80978789       5.46585006    -647.34393784   682.027716 38099.977225
  632.100000    -652.88707123       5.06901127    -647.81805996   632.510248 38106.028930
  632.200000    -652.95373898       5.51379464    -647.43994434   688.010231 38112.034461
  632.300000    -652.97639630       5.55048817    -647.42590813   692.588843 38118.119945
  632.400000    -652.42962584       5.21112522    -647.21850062   650.243200 38124.151350
  632.500000    -652.00534185       4.99242300    -647.01291884   622.953579 38130.207413
  632.600000    -652.77580380       6.07917168    -646.69663212   758.557870 38136.328315
  632.700000    -651.99165243       5.38371652    -646.60793591   671.779109 38142.414496
  632.800000    -652.14703384       5.72267912    -646.42435471   714.074797 38148.468332
  632.900000    -651.90324936       6.29844188    -645.60480748   785.918363 38154.568065
  633.000000    -652.36118092       6.09239989    -646.26878103   760.208483 38160.608470
  633.100000    -652.73494034       5.24785992    -647.48708042   654.826948 38166.688816
  633.200000    -652.06285022       4.57885898    -647.48399124   571.349140 38172.771353
  633.300000    -653.15486756       6.54943916    -646.60542840   817.237755 38178.843004
  633.400000    -652.93165552       5.89517482    -647.03648070   735.598776 38184.931659
  633.500000    -652.95662893       5.94834724    -647.00828169   742.233622 38191.005813
  633.600000    -652.08188357       4.54901415    -647.53286941   567.625109 38197.068820
  633.700000    -651.79174062       4.81645543    -646.97528519   600.996380 38203.158721
  633.800000    -652.80396391       6.06417857    -646.73978534   756.687032 38209.261290
  633.900000    -651.94938758       6.06549047    -645.88389711   756.850731 38215.310033
  634.000000    -652.54461275       5.91272524    -646.63188750   737.788715 38221.403766
  634.100000    -651.57864025       4.28898548    -647.28965476   535.178781 38227.436267
  634.200000    -653.06406470       5.05136133    -648.01270336   630.307893 38233.525476
  634.300000    -652.70129731       5.16588327    -647.53541404   644.597918 38239.598131
  634.400000    -652.56007874       5.44679535    -647.11328339   679.650073 38245.653705
  634.500000    -652.19842941       4.97608461    -647.22234480   620.914878 38251.771704
  634.600000    -652.46164126       5.61742297    -646.84421830   700.940954 38257.837034
  634.700000    -652.61771864       4.43085332    -648.18686532   552.881023 38263.884473
  634.800000    -652.32949540       4.84506556    -647.48442984   604.566347 38270.036646
  634.900000    -651.57126296       4.90551728    -646.66574567   612.109500 38276.095548
  635.000000    -652.57080664       5.70277889    -646.86802774   711.591650 38282.154076
  635.100000    -652.14447491       4.25080393    -647.89367098   530.414494 38288.160010
  635.200000    -653.17934256       5.88301196    -647.29633060   734.081097 38294.202863
  635.300000    -652.53233779       5.14350500    -647.38883279   641.805562 38300.269575
  635.400000    -652.03357654       5.73685399    -646.29672254   715.843534 38306.315444
  635.500000    -652.37912136       6.33223379    -646.04688756   790.134911 38312.326898
  635.600000    -651.55956610       5.71076476    -645.84880134   712.588125 38318.442294
  635.700000    -652.28875617       5.60986778    -646.67888839   699.998219 38324.493946
  635.800000    -651.22404979       5.47311763    -645.75093216   682.934562 38330.499047
  635.900000    -651.81344778       5.79364648    -646.01980130   722.930090 38336.571902
  636.000000    -652.40637875       5.70035105    -646.70602770   711.288704 38342.584497
  636.100000    -652.54938063       4.90698533    -647.64239530   612.292683 38348.689767
  636.200000    -652.79739362       5.34803612    -647.44935750   667.326916 38354.760408
  636.300000    -652.63900402       4.54381877    -648.09518525   566.976830 38360.822840
  636.400000    -652.21094363       5.26661138    -646.94433225   657.166752 38366.944628
  636.500000    -652.27259977       5.92156859    -646.35103118   738.892186 38373.019906
  636.600000    -652.00882907       5.12758358    -646.88124550   639.818890 38379.058667
  636.700000    -651.70001273       4.76970214    -646.93031060   595.162512 38385.113220
  636.800000    -652.69781709       5.79774528    -646.90007181   723.441538 38391.134647
  636.900000    -652.34696100       5.28568374    -647.06127726   659.546598 38397.194403
  637.000000    -652.54731525       5.14918950    -647.39812575   642.514873 38403.219957
  637.100000    -652.55212192       5.26528854    -647.28683337   657.001689 38409.252575
  637.200000    -652.57507269       5.89646119    -646.67861150   735.759290 38415.312920
  637.300000    -653.11568684       5.48555355    -647.63013329   684.486314 38421.378586
  637.400000    -653.15802950       5.44511742    -647.71291208   679.440701 38427.386810
  637.500000    -653.30651769       6.30334230    -647.00317539   786.529837 38433.515805
  637.600000    -652.79784283       6.05168082    -646.74616201   755.127565 38439.552248
  637.700000    -652.88427428       4.82250110    -648.06177317   601.750757 38445.590205
  637.800000    -651.89801439       5.03577677    -646.86223762   628.363254 38451.661531
  637.900000    -652.88292612       5.46614617    -647.41677995   682.064665 38457.701428
  638.000000    -652.73263339       4.61368594    -648.11894745   575.694842 38463.798744
  638.100000    -652.93932387       5.22974795    -647.70957592   652.566940 38469.869059
  638.200000    -653.75247864       5.26440474    -648.48807390   656.891408 38475.915724
  638.300000    -653.50457408       5.02726271    -648.47731137   627.300871 38482.023030
  638.400000    -653.30180380       5.18304735    -648.11875645   646.739649 38488.111804
  638.500000    -652.82491748       4.01215552    -648.81276196   500.635992 38494.150430
  638.600000    -652.85827426       5.30358676    -647.55468750   661.780532 38500.251764
  638.700000    -653.06244231       5.72962183    -647.33282048   714.941106 38506.270578
  638.800000    -652.71374668       5.53248245    -647.18126423   690.342093 38512.368137
  638.900000    -652.11297087       4.60964402    -647.50332685   575.190491 38518.501794
  639.000000    -653.38148473       5.82153441    -647.55995033   726.409940 38524.569766
  639.100000    -652.87440957       5.29053704    -647.58387253   660.152191 38530.657103
  639.200000    -653.45437174       5.46389281    -647.99047893   681.783491 38536.736263
  639.300000    -652.63837457       4.87205298    -647.76632159   607.933831 38542.764292
  639.400000    -652.30656349       5.85410114    -646.45246235   730.473611 38548.853628
  639.500000    -652.18950073       5.31490183    -646.87459890   663.192426 38554.906965
  639.600000    -652.74334606       5.48592910    -647.25741696   684.533175 38561.016336
  639.700000    -653.26537517       5.72118036    -647.54419481   713.887782 38567.067518
  639.800000    -652.88917547       4.32346542    -648.56571005   539.481181 38573.134015
  639.900000    -654.26651029       4.90291799    -649.36359229   611.785161 38579.227401
  640.000000    -653.72531319       4.83847920    -648.88683400   603.744501 38585.324363
  640.100000    -653.39962522       4.70060424    -648.69902098   586.540490 38591.350574
  640.200000    -653.48769754       4.96698628    -648.52071126   619.779590 38597.475987
  640.300000    -654.11174758       4.88244003    -649.22930755   609.229925 38603.540933
  640.400000    -653.90158732       4.53026736    -649.37131996   565.285887 38609.555122
  640.500000    -653.36921870       5.12037988    -648.24883883   638.920013 38615.637687
  640.600000    -652.91019720       5.33301302    -647.57718418   665.452336 38621.687672
  640.700000    -651.31088642       5.79485294    -645.51603349   723.080632 38627.760875
  640.800000    -651.02069338       5.48046483    -645.54022855   683.851345 38633.822344
  640.900000    -651.95019972       4.96580441    -646.98439530   619.632117 38639.884023
  641.000000    -652.71831151       5.42318600    -647.29512551   676.704103 38645.955813
  641.100000    -653.03202918       5.95858459    -647.07344460   743.511036 38652.052441
  641.200000    -652.20804200       5.21901405    -646.98902794   651.227567 38658.100526
  641.300000    -652.77235355       5.26124078    -647.51111277   656.496609 38664.179463
  641.400000    -652.95024305       6.06079802    -646.88944504   756.265207 38670.194886
  641.500000    -652.19095624       5.45375180    -646.73720445   680.518097 38676.312851
  641.600000    -652.66723860       5.80228211    -646.86495649   724.007642 38682.346921
  641.700000    -652.65571852       4.68094237    -647.97477615   584.087086 38688.414861
  641.800000    -652.33383057       5.51910992    -646.81472064   688.673472 38694.528013
  641.900000    -651.41814676       5.76832332    -645.64982344   719.770271 38700.632932
  642.000000    -652.58108349       5.86677403    -646.71430945   732.054932 38706.667177
  642.100000    -651.49302768       4.78586967    -646.70715801   597.179894 38712.788413
  642.200000    -652.47009202       6.15011961    -646.31997240   767.410739 38718.869241
  642.300000    -653.08718384       6.83230848    -646.25487536   852.534134 38724.889984
  642.400000    -652.61481732       5.98440464    -646.63041268   746.732856 38730.963961
  642.500000    -652.68274559       6.34519987    -646.33754572   791.752816 38737.020927
  642.600000    -651.52953634       5.92171446    -645.60782188   738.910389 38743.093809
  642.700000    -651.56086584       5.30719905    -646.25366679   662.231274 38749.177734
  642.800000    -651.45936255       4.98412327    -646.47523928   621.917940 38755.223997
  642.900000    -652.14706296       5.38755355    -646.75950941   672.257893 38761.335738
  643.000000    -652.37684021       5.74411303    -646.63272718   716.749316 38767.380395
  643.100000    -652.46919378       5.08537813    -647.38381565   634.552502 38773.402954
  643.200000    -652.45582661       6.04335449    -646.41247213   754.088607 38779.540337
  643.300000    -651.64633877       4.79123254    -646.85510622   597.849072 38785.590750
  643.400000    -652.41544250       6.02003035    -646.39541214   751.178226 38791.630576
  643.500000    -651.23922698       4.59669941    -646.64252757   573.575266 38797.702552
  643.600000    -651.97187523       4.89208604    -647.07978920   610.433552 38803.699295
  643.700000    -653.10815960       5.05239025    -648.05576934   630.436281 38809.755829
  643.800000    -652.80946021       5.33660564    -647.47285457   665.900623 38815.792635
  643.900000    -651.41330069       4.57459452    -646.83870617   570.817022 38821.813230
  644.000000    -652.66465400       5.21534722    -647.44930678   650.770020 38827.855946
  644.100000    -652.83782543       4.85739010    -647.98043533   606.104200 38833.921769
  644.200000    -652.47305577       5.22302693    -647.25002884   651.728293 38839.924851
  644.300000    -653.19486474       5.37616820    -647.81869654   670.837231 38846.035075
  644.400000    -652.88827557       5.64241945    -647.24585612   704.060010 38852.058410
  644.500000    -652.16268115       5.82900488    -646.33367628   727.342104 38858.071628
  644.600000    -651.84390459       5.58629313    -646.25761146   697.056579 38864.130672
  644.700000    -652.25337585       6.31585939    -645.93751646   788.091716 38870.140583
  644.800000    -653.19901663       7.03544207    -646.16357456   877.881104 38876.431227
  644.900000    -652.08401042       5.03923794    -647.04477248   628.795138 38882.443080
  645.000000    -652.47286606       5.99003065    -646.48283540   747.434870 38888.447563
  645.100000    -652.35082832       5.58172059    -646.76910773   696.486019 38894.532003
  645.200000    -651.99718103       4.46478737    -647.53239365   557.115307 38900.567340
  645.300000    -652.53910558       4.85405236    -647.68505322   605.687717 38906.615084
  645.400000    -653.24551226       5.85965646    -647.38585580   731.166802 38912.730791
  645.500000    -653.40076511       5.44213144    -647.95863368   679.068111 38918.763146
  645.600000    -653.72327544       5.48096822    -648.24230721   683.914158 38924.818926
  645.700000    -652.26018041       5.23600058    -647.02417983   653.347142 38930.916329
  645.800000    -652.19819700       4.63938294    -647.55881405   578.901309 38936.964406
  645.900000    -653.01546768       5.77340648    -647.24206121   720.404546 38943.056569
  646.000000    -653.01001666       5.52986578    -647.48015088   690.015585 38949.154864
  646.100000    -652.95143391       5.29778011    -647.65365380   661.055980 38955.187002
  646.200000    -653.09450216       5.39072357    -647.70377858   672.653448 38961.314095
  646.300000    -653.52853162       5.92858734    -647.59994428   739.767985 38967.359559
  646.400000    -651.84849820       5.61295126    -646.23554694   700.382975 38973.431998
  646.500000    -652.44683038       5.04216447    -647.40466591   629.160309 38979.494780
  646.600000    -653.54964498       5.70510789    -647.84453710   711.882262 38985.545508
  646.700000    -652.86035152       4.75165033    -648.10870119   592.910012 38991.696067
  646.800000    -652.57420617       5.07433745    -647.49986872   633.174849 38997.745903
  646.900000    -652.08221157       5.14821643    -646.93399514   642.393453 39003.776485
  647.000000    -651.59970430       5.58273154    -646.01697276   696.612164 39009.915095
  647.100000    -651.46468201       5.66441850    -645.80026350   706.805048 39015.986702
  647.200000    -651.66196952       5.05389145    -646.60807807   630.623601 39021.982640
  647.300000    -652.31735787       6.42564314    -645.89171474   801.790511 39028.023757
  647.400000    -653.00010828       4.98165709    -648.01845119   621.610211 39034.047544
  647.500000    -653.10146077       5.38860973    -647.71285104   672.389682 39040.129512
  647.600000    -652.69776032       5.23770500    -647.46005531   653.559820 39046.142612
  647.700000    -651.79601356       4.84184207    -646.95417149   604.164119 39052.153049
  647.800000    -653.42848258       5.07416456    -648.35431802   633.153275 39058.257682
  647.900000    -653.93156010       4.86298520    -649.06857490   606.802355 39064.270512
  648.000000    -654.26371683       5.46837628    -648.79534054   682.342938 39070.270099
  648.100000    -654.56910200       5.31405675    -649.25504525   663.086976 39076.374559
  648.200000    -653.33335792       4.86881080    -648.46454712   607.529273 39082.443299
  648.300000    -653.59986245       5.10274874    -648.49711371   636.720004 39088.467883
  648.400000    -652.92624147       5.28997398    -647.63626749   660.081933 39094.567957
  648.500000    -652.98219395       4.92766038    -648.05453356   614.872512 39100.590206
  648.600000    -652.90607576       5.40881548    -647.49726028   674.910952 39106.671435
  648.700000    -652.26454438       4.71289204    -647.55165234   588.073759 39112.770325
  648.800000    -652.75703747       5.40694873    -647.35008874   674.678019 39118.820941
  648.900000    -652.47621781       6.51821586    -645.95800195   813.341718 39124.904162
  649.000000    -652.23006084       6.02127172    -646.20878912   751.333124 39130.990422
  649.100000    -651.82415881       5.57800956    -646.24614925   696.022956 39137.034834
  649.200000    -651.66052522       4.83455102    -646.82597419   603.254344 39143.142577
  649.300000    -652.74164701       5.60720499    -647.13444202   699.665958 39149.217478
  649.400000    -652.74027048       6.41827845    -646.32199203   800.871547 39155.217504
  649.500000    -651.23827102       5.50540626    -645.73286476   686.963531 39161.317741
  649.600000    -651.64824547       5.72350456    -645.92474091   714.177795 39167.335622
  649.700000    -652.56189179       6.56063224    -646.00125955   818.634425 39173.361221
  649.800000    -651.59938631       5.28368908    -646.31569723   659.297704 39179.434105
  649.900000    -651.82551336       6.32151485    -645.50399851   788.797403 39185.455423
  650.000000    -651.65134219       5.91511536    -645.73622683   738.086953 39191.493331
  650.100000    -651.97631447       5.89288716    -646.08342730   735.313324 39197.544204
  650.200000    -651.81587746       5.38631850    -646.42955896   672.103784 39203.561379
  650.300000    -651.49346176       4.68778559    -646.80567617   584.940982 39209.611525
  650.400000    -652.30672885       5.93772339    -646.36900545   740.907980 39215.683805
  650.500000    -651.69344503       5.19865270    -646.49479233   648.686881 39221.699502
  650.600000    -651.87508136       5.32351830    -646.55156307   664.267586 39227.809424
  650.700000    -652.44393356       5.70921345    -646.73472011   712.394553 39233.858394
  650.800000    -651.61254599       4.01442180    -647.59812419   500.918777 39239.857854
  650.900000    -651.84206843       5.41167409    -646.43039434   675.267649 39245.882211
  651.000000    -651.76740283       5.47166406    -646.29573878   682.753185 39251.940799
  651.100000    -651.60073100       5.61067905    -645.99005195   700.099450 39257.999968
  651.200000    -651.51611434       5.19542156    -646.32069278   648.283701 39264.038379
  651.300000    -650.66011609       4.92847245    -645.73164364   614.973841 39270.058321
  651.400000    -651.32760701       5.81653885    -645.51106816   725.786596 39276.125343
  651.500000    -650.43036965       4.71647676    -645.71389289   588.521060 39282.194908
  651.600000    -651.03085556       5.76729965    -645.26355592   719.642538 39288.187871
  651.700000    -650.58330078       6.23965411    -644.34364667   778.582836 39294.285390
  651.800000    -651.95226190       5.99774161    -645.95452029   748.397041 39300.305984
  651.900000    -650.66264221       5.43837940    -645.22426281   678.599933 39306.335516
  652.000000    -651.09928670       6.04483994    -645.05444677   754.273961 39312.355454
  652.100000    -650.58982304       6.22473835    -644.36508470   776.721650 39318.401421
  652.200000    -650.58972866       5.88510672    -644.70462194   734.342481 39324.455917
  652.300000    -651.33280290       6.43541228    -644.89739062   803.009503 39330.494382
  652.400000    -651.34120087       5.61124296    -645.72995790   700.169814 39336.516136
  652.500000    -651.22672973       4.97572546    -646.25100427   620.870063 39342.572823
  652.600000    -652.13354838       6.12220576    -646.01134262   763.927654 39348.644615
  652.700000    -651.92100395       5.09218318    -646.82882077   635.401636 39354.692523
  652.800000    -651.99641566       5.82840072    -646.16801494   727.266718 39360.829458
  652.900000    -652.16100387       6.11073137    -646.05027251   762.495881 39366.878145
  653.000000    -652.16975098       6.62374031    -645.54601067   826.509038 39372.939952
  653.100000    -651.53223349       5.06146329    -646.47077020   631.568413 39378.982504
  653.200000    -652.98858998       5.60097980    -647.38761017   698.889179 39385.050912
  653.300000    -652.42776662       5.23994111    -647.18782551   653.838841 39391.157443
  653.400000    -651.38130185       5.01836223    -646.36293963   626.190270 39397.233171
  653.500000    -652.03898664       5.45755710    -646.58142954   680.992922 39403.283339
  653.600000    -651.71772283       6.12281710    -645.59490574   764.003936 39409.384901
  653.700000    -651.40061834       6.13328823    -645.26733011   765.310522 39415.465549
  653.800000    -651.28439764       5.66627989    -645.61811775   707.037312 39421.476419
  653.900000    -650.83346621       5.66593632    -645.16752989   706.994442 39427.555082
  654.000000    -651.17440699       6.30223580    -644.87217119   786.391767 39433.621668
  654.100000    -651.83936497       6.85390268    -644.98546230   855.228654 39439.735510
  654.200000    -651.48311927       6.00212512    -645.48099415   748.944015 39445.784549
  654.300000    -650.75715580       4.89794356    -645.85921223   611.164453 39451.837366
  654.400000    -652.44718256       5.95160638    -646.49557618   742.640296 39457.943444
  654.500000    -651.77987598       5.21258513    -646.56729085   650.425367 39464.050052
  654.600000    -652.27386996       5.47849671    -646.79537325   683.605762 39470.074362
  654.700000    -651.42336358       5.64719705    -645.77616653   704.656158 39476.200521
  654.800000    -651.73838702       5.33197822    -646.40640880   665.323214 39482.249640
  654.900000    -651.07950948       5.58193886    -645.49757061   696.513255 39488.296017
  655.000000    -651.83533346       6.21467353    -645.62065993   775.465764 39494.336704
  655.100000    -651.20442302       5.13752231    -646.06690071   641.059043 39500.366854
  655.200000    -652.30495168       5.79874797    -646.50620371   723.566653 39506.405136
  655.300000    -652.25195560       5.71782080    -646.53413481   713.468576 39512.439498
  655.400000    -652.78923392       5.41033652    -647.37889740   675.100747 39518.471911
  655.500000    -650.69763599       5.29772477    -645.39991122   661.049075 39524.506981
  655.600000    -651.83081859       6.16060840    -645.67021020   768.719527 39530.570901
  655.700000    -651.85709640       6.20313929    -645.65395711   774.026524 39536.570701
  655.800000    -651.03845800       5.74286815    -645.29558984   716.593980 39542.676536
  655.900000    -651.50751043       5.68200611    -645.82550432   708.999627 39548.705333
  656.000000    -651.47820172       5.24353009    -646.23467164   654.286673 39554.698770
  656.100000    -652.15150438       5.19761938    -646.95388499   648.557944 39560.769819
  656.200000    -651.66591848       5.71399939    -645.95191909   712.991742 39566.803365
  656.300000    -651.25439158       5.05553517    -646.19885641   630.828703 39572.904498
  656.400000    -651.50551049       5.54017506    -645.96533542   691.301976 39578.956606
  656.500000    -651.35367566       5.68645212    -645.66722354   709.554399 39584.971477
  656.600000    -652.66081688       5.96797096    -646.69284592   744.682265 39591.021796
  656.700000    -652.10035768       4.51591757    -647.58444011   563.495324 39597.088335
  656.800000    -652.18351580       5.05302971    -647.13048609   630.516073 39603.077973
  656.900000    -651.98145458       4.83771443    -647.14374016   603.649073 39609.172135
  657.000000    -652.04391704       4.55144149    -647.49247555   567.927991 39615.191197
  657.100000    -652.25003686       5.36814247    -646.88189439   669.835781 39621.209076
  657.200000    -651.49866938       6.07525212    -645.42341726   758.068788 39627.266597
  657.300000    -651.24107689       5.59872212    -645.64235477   698.607466 39633.303567
  657.400000    -650.77236840       5.86852384    -644.90384456   732.273273 39639.350300
  657.500000    -650.60303523       5.24333097    -645.35970425   654.261827 39645.397896
  657.600000    -651.14841962       4.85851303    -646.28990659   606.244318 39651.434297
  657.700000    -651.65910217       5.25052599    -646.40857618   655.159620 39657.497689
  657.800000    -651.01514202       5.13928589    -645.87585613   641.279102 39663.561710
  657.900000    -651.44179913       5.85411088    -645.58768824   730.474827 39669.556724
  658.000000    -651.96118681       5.43560066    -646.52558616   678.253201 39675.619485
  658.100000    -651.37860852       4.91369531    -646.46491321   613.129953 39681.613558
  658.200000    -651.64040003       5.49518402    -646.14521601   685.688002 39687.674739
  658.300000    -652.54927486       5.00028124    -647.54899362   623.934129 39693.680229
  658.400000    -652.54300696       4.58399989    -647.95900707   571.990622 39699.717046
  658.500000    -652.03130592       5.67093294    -646.36037299   707.617918 39705.789547
  658.600000    -652.59986675       5.33075304    -647.26911371   665.170337 39711.863017
  658.700000    -652.25952522       6.23288985    -646.02663537   777.738793 39717.851854
  658.800000    -652.62999201       5.37768624    -647.25230577   671.026651 39723.945688
  658.900000    -651.53379022       4.11756013    -647.41623009   513.788359 39730.015163
  659.000000    -652.01010626       5.62939042    -646.38071584   702.434250 39736.028335
  659.100000    -652.12396726       5.31373786    -646.81022940   663.047185 39742.121862
  659.200000    -651.62400676       4.87825856    -646.74574820   608.708162 39748.327298
  659.300000    -652.61578761       5.77984696    -646.83594065   721.208189 39754.376757
  659.400000    -651.90464454       4.55165393    -647.35299061   567.954500 39760.486721
  659.500000    -651.49287818       4.90413672    -646.58874146   611.937234 39766.520258
  659.600000    -652.82199349       5.86258168    -646.95941181   731.531811 39772.617770
  659.700000    -652.00895151       5.02115076    -646.98780075   626.538223 39778.703304
  659.800000    -652.20740188       4.97539058    -647.23201130   620.828277 39784.754425
  659.900000    -651.63793345       5.11918336    -646.51875010   638.770712 39790.865643
  660.000000    -651.17534891       5.42342502    -645.75192389   676.733928 39796.955272
  660.100000    -651.48564287       6.26155368    -645.22408919   781.315460 39802.993632
  660.200000    -651.94696758       5.83108749    -646.11588009   727.601972 39809.127449
  660.300000    -652.38175865       5.18795145    -647.19380720   647.351581 39815.181678
  660.400000    -651.84744234       4.86870277    -646.97873957   607.515792 39821.253387
  660.500000    -651.10258677       5.41028083    -645.69230594   675.093798 39827.344248
  660.600000    -650.87755645       5.25706906    -645.62048740   655.976063 39833.373612
  660.700000    -651.37049524       5.54870390    -645.82179134   692.366202 39839.474986
  660.800000    -650.90090471       5.64734441    -645.25356030   704.674546 39845.506346
  660.900000    -651.76699504       5.82873005    -645.93826500   727.307811 39851.591139
  661.000000    -652.30198074       4.86736377    -647.43461697   607.348712 39857.713265
  661.100000    -652.02431756       4.49841179    -647.52590577   561.310955 39863.745701
  661.200000    -651.47937409       5.15159505    -646.32777903   642.815037 39869.756507
  661.300000    -651.12133786       4.47497651    -646.64636135   558.386705 39875.865798
  661.400000    -652.42258671       5.31313139    -647.10945532   662.971510 39881.900870
  661.500000    -652.49182754       5.93026699    -646.56156055   739.977571 39887.928005
  661.600000    -650.76421997       5.30314953    -645.46107044   661.725975 39893.956230
  661.700000    -651.01480095       5.56063212    -645.45416883   693.854603 39900.015000
  661.800000    -650.89743125       5.75882268    -645.13860857   718.584783 39906.087957
  661.900000    -650.82355001       7.03856318    -643.78498683   878.270556 39912.125885
  662.000000    -651.10960368       5.73989683    -645.36970685   716.223219 39918.178563
  662.100000    -651.91405018       6.52925371    -645.38479647   814.719018 39924.270795
  662.200000    -650.33361678       6.29105523    -644.04256154   784.996658 39930.378200
  662.300000    -651.66869632       6.47126082    -645.19743551   807.482676 39936.427445
  662.400000    -651.56702256       5.99956565    -645.56745691   748.624645 39942.562587
  662.500000    -651.79776952       6.35667100    -645.44109851   793.184182 39948.613830
  662.600000    -651.11704466       5.66092547    -645.45611918   706.369189 39954.705963
  662.700000    -650.60744727       5.41118696    -645.19626031   675.206865 39960.758819
  662.800000    -650.14768052       6.36517649    -643.78250403   794.245494 39966.824688
  662.900000    -651.06816277       7.10194756    -643.96621521   886.179647 39972.950481
  663.000000    -650.16102262       5.79049671    -644.37052591   722.537063 39979.039450
  663.100000    -651.07274623       6.38540152    -644.68734472   796.769170 39985.107702
  663.200000    -651.70208275       6.50709674    -645.19498600   811.954277 39991.234695
  663.300000    -650.87975456       5.55911719    -645.32063737   693.665571 39997.289145
  663.400000    -650.92638377       4.55374944    -646.37263432   568.215977 40003.304238
  663.500000    -651.46005609       6.31848374    -645.14157235   788.419182 40009.389575
  663.600000    -651.94779814       6.67093331    -645.27686483   832.397772 40015.397859
  663.700000    -651.35177536       5.56744132    -645.78433404   694.704254 40021.444107
  663.800000    -651.23410248       6.24432624    -644.98977624   779.165824 40027.521723
  663.900000    -651.80557832       5.75547491    -646.05010341   718.167049 40033.566091
  664.000000    -652.50319843       5.42420392    -647.07899451   676.831119 40039.622046
  664.100000    -651.18415003       5.78193047    -645.40221955   721.468169 40045.711159
  664.200000    -650.14872833       5.09563904    -645.05308929   635.832856 40051.741527
  664.300000    -651.58834974       5.21785010    -646.37049964   651.082329 40057.810089
  664.400000    -650.44442843       5.77087643    -644.67355200   720.088848 40063.807635
  664.500000    -650.49155620       5.05962731    -645.43192888   631.339320 40069.895291
  664.600000    -651.67887596       6.24971711    -645.42915885   779.838496 40075.910490
  664.700000    -650.76993832       5.08985060    -645.68008772   635.110577 40081.943571
  664.800000    -650.42259820       5.47896690    -644.94363130   683.664433 40088.067880
  664.900000    -651.30110222       6.14880095    -645.15230127   767.246196 40094.091981
  665.000000    -651.50430092       5.54688245    -645.95741847   692.138922 40100.121363
  665.100000    -650.88105779       5.13824177    -645.74281601   641.148817 40106.214625
  665.200000    -651.78485153       6.44789777    -645.33695377   804.567439 40112.284488
  665.300000    -652.11701873       5.81613051    -646.30088822   725.735643 40118.290746
  665.400000    -652.15025320       6.48210920    -645.66814400   808.836335 40124.363676
  665.500000    -650.22805543       5.08055139    -645.14750404   633.950223 40130.374085
  665.600000    -650.60480900       5.95469138    -644.65011763   743.025241 40136.435919
  665.700000    -650.40840077       4.79884043    -645.60956034   598.798383 40142.481313
  665.800000    -651.11135515       4.85308382    -646.25827133   605.566862 40148.512117
  665.900000    -650.99237796       5.41861717    -645.57376079   676.134005 40154.586092
  666.000000    -650.22183728       5.36992867    -644.85190861   670.058663 40160.669072
  666.100000    -651.05169257       5.35149683    -645.70019574   667.758742 40166.674571
  666.200000    -651.13988798       6.06961156    -645.07027642   757.364960 40172.783858
  666.300000    -650.44510312       5.93825773    -644.50684539   740.974655 40178.816927
  666.400000    -649.46819719       6.36110037    -643.10709682   793.736877 40184.830740
  666.500000    -648.76966969       5.85470406    -642.91496563   730.548843 40190.874425
  666.600000    -650.06134056       6.22329207    -643.83804849   776.541184 40196.902138
  666.700000    -650.80563797       7.07990289    -643.72573508   883.428916 40202.952640
  666.800000    -649.83068119       7.06254324    -642.76813795   881.262783 40208.976697
  666.900000    -650.21086028       6.26410269    -643.94675759   781.633526 40215.006770
  667.000000    -650.08656266       5.74306412    -644.34349854   716.618433 40221.078191
  667.100000    -651.36085761       5.37750701    -645.98335060   671.004287 40227.140672
  667.200000    -652.18110579       5.91303877    -646.26806702   737.827838 40233.163869
  667.300000    -652.43673884       5.86063569    -646.57610315   731.288991 40239.237446
  667.400000    -651.16801971       5.04141738    -646.12660233   629.067088 40245.259186
  667.500000    -651.10849312       4.31692877    -646.79156435   538.665539 40251.354822
  667.600000    -651.82816413       5.32814239    -646.50002174   664.844579 40257.395587
  667.700000    -652.24175701       4.85127618    -647.39048083   605.341306 40263.419832
  667.800000    -651.29591576       4.26298252    -647.03293323   531.934137 40269.495048
  667.900000    -651.60208048       5.07137912    -646.53070136   632.805709 40275.575788
  668.000000    -650.86279179       5.30120006    -645.56159174   661.482720 40281.619900
  668.100000    -651.77991734       5.52503095    -646.25488639   689.412296 40287.754244
  668.200000    -651.77973241       5.65484283    -646.12488958   705.610198 40293.836278
  668.300000    -651.42244483       6.12951007    -645.29293476   764.839084 40299.868245
  668.400000    -650.85378068       6.41872322    -644.43505746   800.927045 40305.967150
  668.500000    -649.91478882       5.10403457    -644.81075425   636.880449 40312.034028
  668.600000    -650.59145622       5.77060502    -644.82085120   720.054982 40318.114052
  668.700000    -650.78845271       6.69895885    -644.08949387   835.894793 40324.213454
  668.800000    -651.56488163       6.89479313    -644.67008850   860.330956 40330.251767
  668.900000    -650.81371062       6.23118551    -644.58252511   777.526126 40336.373302
  669.000000    -651.63409227       6.59263758    -645.04145468   822.628046 40342.444740
  669.100000    -649.91920948       5.22988768    -644.68932181   652.584375 40348.493342
  669.200000    -651.34204902       4.97198920    -646.37005982   620.403854 40354.607372
  669.300000    -651.47290433       5.14143165    -646.33147268   641.546849 40360.645900
  669.400000    -652.27432065       5.25095865    -647.02336200   655.213607 40366.747543
  669.500000    -652.19386313       5.75187993    -646.44198319   717.718468 40372.761617
  669.600000    -652.06644294       6.02617960    -646.04026334   751.945528 40378.810533
  669.700000    -652.23478577       4.47326564    -647.76152013   558.173224 40384.908407
  669.800000    -652.42195745       5.10949830    -647.31245915   637.562212 40390.982475
  669.900000    -652.49089700       5.68519918    -646.80569782   709.398056 40397.044199
  670.000000    -651.53306379       5.58866799    -645.94439580   697.352914 40403.143507
  670.100000    -651.69247252       5.67597624    -646.01649628   708.247220 40409.238592
  670.200000    -651.40451735       5.85677917    -645.54773817   730.807776 40415.262810
  670.300000    -650.95892843       5.26567641    -645.69325203   657.050086 40421.333623
  670.400000    -651.32290304       5.26943872    -646.05346432   657.519547 40427.336143
  670.500000    -651.38022197       5.67297908    -645.70724289   707.873235 40433.357628
  670.600000    -651.52174087       5.42714347    -646.09459741   677.197915 40439.408458
  670.700000    -651.38067433       4.81733596    -646.56333838   601.106251 40445.426528
  670.800000    -651.25776286       4.91099651    -646.34676635   612.793197 40451.502453
  670.900000    -650.71140432       5.52511878    -645.18628554   689.423256 40457.561485
  671.000000    -650.34865758       4.99572508    -645.35293250   623.365612 40463.562350
  671.100000    -651.87374082       5.08913353    -646.78460729   635.021100 40469.670414
  671.200000    -651.18269556       3.96522568    -647.21746988   494.780095 40475.699370
  671.300000    -651.28638131       4.81663711    -646.46974420   601.019049 40481.709013
  671.400000    -650.86930843       6.30788640    -644.56142203   787.096849 40487.752188
  671.500000    -650.66434422       5.22075394    -645.44359029   651.444669 40493.786057
  671.600000    -650.74276091       5.38658486    -645.35617605   672.137019 40499.820717
  671.700000    -652.02748432       6.18239958    -645.84508475   771.438627 40505.871906
  671.800000    -651.55864575       5.79175510    -645.76689065   722.694085 40511.898121
  671.900000    -649.90941638       4.88466911    -645.02474727   609.508069 40517.983176
  672.000000    -650.47024076       5.58142509    -644.88881566   696.449147 40524.043903
  672.100000    -650.54183523       6.58918772    -643.95264752   822.197572 40530.063552
  672.200000    -651.40100944       6.03822641    -645.36278304   753.448726 40536.120188
  672.300000    -651.22269833       5.00942192    -646.21327641   625.074701 40542.126368
  672.400000    -652.26372961       4.90920896    -647.35452064   612.570148 40548.222317
  672.500000    -652.16083527       4.99642780    -647.16440747   623.453297 40554.282944
  672.600000    -651.91153736       5.75720434    -646.15433303   718.382846 40560.363919
  672.700000    -651.13981016       5.02531192    -646.11449824   627.057452 40566.462758
  672.800000    -650.03781271       4.83618285    -645.20162986   603.457963 40572.500439
  672.900000    -651.46982761       5.70270129    -645.76712632   711.581967 40578.506468
  673.000000    -653.17828830       6.01213481    -647.16615349   750.193022 40584.597709
  673.100000    -651.19582832       4.67383125    -646.52199707   583.199761 40590.646741
  673.200000    -651.91095909       5.24327339    -646.66768570   654.254642 40596.646452
  673.300000    -651.51156155       5.34654935    -646.16501220   667.141396 40602.705074
  673.400000    -651.41320749       5.01879132    -646.39441617   626.243813 40608.727324
  673.500000    -651.96457199       5.29152845    -646.67304354   660.275899 40614.823303
  673.600000    -651.26412667       7.20220090    -644.06192576   898.689240 40620.842214
  673.700000    -649.81387091       6.04572463    -643.76814628   754.384354 40626.879704
  673.800000    -649.21815493       5.61855719    -643.59959774   701.082482 40632.942244
  673.900000    -650.95030055       6.14043244    -644.80986810   766.201976 40638.997890
  674.000000    -652.17864919       5.90806116    -646.27058802   737.206732 40645.016947
  674.100000    -651.66131570       5.70273395    -645.95858175   711.586042 40651.114221
  674.200000    -650.59445259       4.51057996    -646.08387264   562.829297 40657.155041
  674.300000    -651.21975198       4.99805344    -646.22169854   623.656144 40663.158074
  674.400000    -652.41830432       6.29563173    -646.12267259   785.567713 40669.239343
  674.500000    -651.60482922       5.99538109    -645.60944812   748.102496 40675.263892
  674.600000    -651.62767738       5.80241697    -645.82526040   724.024471 40681.332699
  674.700000    -651.20847840       6.18632096    -645.02215744   771.927936 40687.393695
  674.800000    -650.97300836       5.98674183    -644.98626653   747.024490 40693.431940
  674.900000    -650.76703545       5.98114871    -644.78588674   746.326582 40699.503593
  675.000000    -651.28479033       6.88362368    -644.40116665   858.937235 40705.591894
  675.100000    -651.41180739       6.89307848    -644.51872891   860.117004 40711.610965
  675.200000    -651.40983385       5.65057157    -645.75926228   705.077230 40717.739481
  675.300000    -652.77837714       6.46676297    -646.31161417   806.921436 40723.788563
  675.400000    -651.09888018       5.17107056    -645.92780962   645.245187 40729.875304
  675.500000    -649.65373700       5.20609930    -644.44763771   649.616066 40735.973399
  675.600000    -652.23179222       6.36993238    -645.86185983   794.838934 40742.046123
  675.700000    -653.02825663       7.23505282    -645.79320381   902.788495 40748.183864
  675.800000    -651.64397307       5.86348056    -645.78049251   731.643974 40754.256232
  675.900000    -651.54632726       5.55013945    -645.99618781   692.545330 40760.309522
  676.000000    -650.89810909       5.08113168    -645.81697741   634.022631 40766.420272
  676.100000    -652.57126253       6.07258532    -646.49867721   757.736025 40772.507891
  676.200000    -653.38429055       6.37026906    -647.01402149   794.880944 40778.541036
  676.300000    -652.12991630       6.07416412    -646.05575218   757.933027 40784.637615
  676.400000    -652.37160039       5.39576982    -646.97583057   673.283117 40790.680190
  676.500000    -652.38160495       5.89015763    -646.49144732   734.972733 40796.767794
  676.600000    -652.86794293       5.10883217    -647.75911076   637.479093 40802.843425
  676.700000    -651.89494866       5.77999437    -646.11495429   721.226583 40808.866436
  676.800000    -652.65670212       5.89831754    -646.75838458   735.990925 40814.922900
  676.900000    -651.61014267       6.44670875    -645.16343392   804.419074 40820.993807
  677.000000    -651.24689918       4.95340340    -646.29349578   618.084720 40826.981779
  677.100000    -652.55678631       5.43520070    -647.12158561   678.203294 40833.032805
  677.200000    -652.45745325       5.90555062    -646.55190263   736.893467 40839.108418
  677.300000    -652.48030280       6.11967378    -646.36062902   763.611714 40845.098437
  677.400000    -652.33761900       5.58827941    -646.74933958   697.304427 40851.190134
  677.500000    -652.39292802       5.56275504    -646.83017299   694.119500 40857.209853
  677.600000    -652.30152501       5.00361586    -647.29790915   624.350221 40863.294554
  677.700000    -652.31211870       4.71160703    -647.60051167   587.913417 40869.313997
  677.800000    -652.22562743       4.97591512    -647.24971230   620.893729 40875.330211
  677.900000    -652.44099116       5.20072001    -647.24027115   648.944840 40881.405070
  678.000000    -652.75118771       5.20402801    -647.54715970   649.357611 40887.422926
  678.100000    -652.55260662       5.46386656    -647.08874007   681.780215 40893.485437
  678.200000    -652.56000658       5.44212947    -647.11787710   679.067866 40899.587097
  678.300000    -652.47787984       5.88200675    -646.59587309   733.955667 40905.644122
  678.400000    -651.27463806       5.02957378    -646.24506428   627.589247 40911.664502
  678.500000    -651.82841456       5.08601617    -646.74239839   634.632116 40917.768555
  678.600000    -653.08506326       6.49529998    -646.58976328   810.482279 40923.818765
  678.700000    -652.06932500       5.59051126    -646.47881374   697.582916 40929.869733
  678.800000    -651.05878068       5.46052648    -645.59825420   681.363441 40935.932595
  678.900000    -652.41762257       6.50518045    -645.91244212   811.715162 40941.988007
  679.000000    -652.33054998       5.15149925    -647.17905072   642.803083 40948.088686
  679.100000    -652.89021854       5.51323369    -647.37698484   687.940237 40954.168270
  679.200000    -652.48043886       6.08802320    -646.39241566   759.662360 40960.208275
  679.300000    -652.00715294       5.50753742    -646.49961553   687.229457 40966.330539
  679.400000    -652.86296982       5.81831333    -647.04465649   726.008015 40972.403715
  679.500000    -652.81973940       5.24240887    -647.57733053   654.146768 40978.431590
  679.600000    -652.32554921       5.26122970    -647.06431951   656.495227 40984.518663
  679.700000    -652.56790521       5.33738390    -647.23052131   665.997734 40990.569387
  679.800000    -651.21830007       6.08391197    -645.13438810   759.149362 40996.689906
  679.900000    -651.61419562       6.14221563    -645.47198000   766.424481 41002.748241
  680.000000    -650.63849954       5.59267643    -645.04582311   697.853086 41008.816566
  680.100000    -652.52266176       7.24606400    -645.27659776   904.162468 41014.892828
  680.200000    -650.44728536       6.08023239    -644.36705298   758.690224 41020.994765
  680.300000    -651.22708759       5.11767852    -646.10940907   638.582939 41027.038877
  680.400000    -651.48201352       5.00539038    -646.47662315   624.571646 41033.187000
  680.500000    -652.35273765       5.74242589    -646.61031176   716.538795 41039.253216
  680.600000    -652.07367692       5.92866926    -646.14500766   739.778207 41045.304397
  680.700000    -651.50295288       4.91614784    -646.58680504   613.435979 41051.404620
  680.800000    -652.89620119       5.22857509    -647.66762610   652.420591 41057.478351
  680.900000    -652.04157557       5.54452387    -646.49705170   691.844619 41063.606560
  681.000000    -650.67025394       4.95959434    -645.71065960   618.857225 41069.677024
  681.100000    -651.74653707       5.97524381    -645.77129326   745.589770 41075.695367
  681.200000    -652.00938234       6.12741542    -645.88196692   764.577714 41081.754928
  681.300000    -651.62904960       5.49063257    -646.13841702   685.120074 41087.851309
  681.400000    -651.21396318       5.50525224    -645.70871094   686.944313 41093.908622
  681.500000    -651.97993671       5.14406162    -646.83587510   641.875016 41100.027273
  681.600000    -651.80486852       6.31876467    -645.48610385   788.454236 41106.066817
  681.700000    -651.53865829       6.06752139    -645.47113690   757.104148 41112.154833
  681.800000    -652.37622588       6.24105025    -646.13517563   778.757046 41118.213464
  681.900000    -652.37892615       5.25162143    -647.12730472   655.296309 41124.309915
  682.000000    -653.11745227       6.21300178    -646.90445049   775.257163 41130.387671
  682.100000    -652.99573848       5.82852737    -647.16721112   727.282521 41136.458127
  682.200000    -652.55988847       5.37918520    -647.18070327   671.213691 41142.484522
  682.300000    -651.45901955       5.07414237    -646.38487718   633.150506 41148.576736
  682.400000    -653.31075598       5.55918860    -647.75156739   693.674481 41154.618175
  682.500000    -651.95450967       6.00601952    -645.94849015   749.429957 41160.639182
  682.600000    -652.06272108       6.38155778    -645.68116329   796.289549 41166.703113
  682.700000    -651.66882073       5.60685834    -646.06196239   699.622702 41172.707777
  682.800000    -652.09785497       5.41785684    -646.67999813   676.039132 41178.788280
  682.900000    -651.55514868       6.09689318    -645.45825551   760.769154 41184.810668
  683.000000    -651.12671419       5.60475770    -645.52195648   699.360585 41190.883899
  683.100000    -651.33424844       5.90122812    -645.43302032   736.354106 41196.959344
  683.200000    -651.68565704       6.61172595    -645.07393109   825.009889 41203.002432
  683.300000    -652.59913161       6.37121127    -646.22792034   794.998514 41209.024321
  683.400000    -651.78370547       5.99477102    -645.78893445   748.026372 41215.060326
  683.500000    -651.92104449       5.13961170    -646.78143279   641.319757 41221.129925
  683.600000    -652.67250077       5.72230484    -646.95019593   714.028094 41227.142429
  683.700000    -651.30719619       5.12725239    -646.17994380   639.777564 41233.218338
  683.800000    -652.98848539       5.40945744    -647.57902795   674.991056 41239.229426
  683.900000    -652.75039152       5.17207177    -647.57831975   645.370117 41245.284452
  684.000000    -652.59743478       5.79188184    -646.80555293   722.709899 41251.347485
  684.100000    -652.97400220       5.93622109    -647.03778111   740.720522 41257.390682
  684.200000    -652.55668143       5.27214702    -647.28453440   657.857488 41263.449130
  684.300000    -652.92264370       5.90344458    -647.01919911   736.630676 41269.488107
  684.400000    -652.37909520       6.14044818    -646.23864702   766.203940 41275.526136
  684.500000    -651.81408065       6.19264197    -645.62143868   772.716671 41281.617595
  684.600000    -652.00398124       5.44116270    -646.56281854   678.947232 41287.667451
  684.700000    -651.09483031       4.48992018    -646.60491014   560.251374 41293.680064
  684.800000    -652.76296382       4.38146613    -648.38149769   546.718499 41299.794595
  684.900000    -652.88787398       5.38905395    -647.49882004   672.445112 41305.865794
  685.000000    -652.83388140       6.27897468    -646.55490672   783.489249 41311.928229
  685.100000    -652.40778280       5.89715884    -646.51062396   735.846343 41318.013815
  685.200000    -651.66276027       5.44320629    -646.21955398   679.202230 41324.029382
  685.300000    -652.33314167       5.57038900    -646.76275267   695.072064 41330.086499
  685.400000    -653.13332340       6.36699471    -646.76632869   794.472372 41336.121458
  685.500000    -652.27557054       5.63594226    -646.63962828   703.251788 41342.171554
  685.600000    -651.49475282       4.93940853    -646.55534429   616.338443 41348.224821
  685.700000    -652.72581359       6.59119195    -646.13462164   822.447660 41354.271707
  685.800000    -652.92872820       5.93874855    -646.98997965   741.035898 41360.310766
  685.900000    -651.62958332       5.29520984    -646.33437348   660.735262 41366.380666
  686.000000    -652.24086375       5.43554129    -646.80532246   678.245793 41372.408104
  686.100000    -652.30275417       5.37894205    -646.92381212   671.183352 41378.405863
  686.200000    -651.51127663       5.46112173    -646.05015490   681.437716 41384.494487
  686.300000    -650.11168501       4.19340371    -645.91828131   523.252106 41390.536444
  686.400000    -651.98962525       4.94471344    -647.04491180   617.000390 41396.568848
  686.500000    -652.69084457       5.60008629    -647.09075828   698.777687 41402.663453
  686.600000    -652.52871062       5.09977367    -647.42893695   636.348775 41408.664873
  686.700000    -651.99437302       4.56559519    -647.42877782   569.694088 41414.735485
  686.800000    -653.27801767       5.95509649    -647.32292118   743.075791 41420.759430
  686.900000    -652.10881853       5.31208853    -646.79673000   662.841382 41426.784868
  687.000000    -652.27302614       5.37091095    -646.90211520   670.181232 41432.884939
  687.100000    -652.18303619       5.33410795    -646.84892824   665.588961 41438.907420
  687.200000    -652.87556452       5.85343150    -647.02213301   730.390054 41444.935271
  687.300000    -651.74538869       5.54374285    -646.20164583   691.747164 41450.972967
  687.400000    -651.82478999       5.33757557    -646.48721442   666.021650 41457.029189
  687.500000    -652.54382031       5.61307000    -646.93075031   700.397792 41463.011726
  687.600000    -651.43677583       5.33576588    -646.10100995   665.795837 41469.052008
  687.700000    -652.00265374       5.66660946    -646.33604428   707.078436 41475.051584
  687.800000    -651.96142235       5.41415092    -646.54727143   675.576707 41481.137547
  687.900000    -652.25349088       4.91003936    -647.34345152   612.673764 41487.139816
  688.000000    -652.71025526       5.39423058    -647.31602467   673.091051 41493.189265
  688.100000    -651.86244079       5.01787841    -646.84456238   626.129900 41499.248770
  688.200000    -651.44710523       5.19636550    -646.25073974   648.401484 41505.286610
  688.300000    -652.78999948       5.75146846    -647.03853102   717.667124 41511.317958
  688.400000    -652.01746650       6.00390163    -646.01356487   749.165687 41517.361618
  688.500000    -652.63002035       6.13400058    -646.49601977   765.399409 41523.428822
  688.600000    -652.04355446       4.37007320    -647.67348126   545.296891 41529.421348
  688.700000    -652.42254597       5.48041567    -646.94213030   683.845211 41535.465436
  688.800000    -651.78293245       5.50508880    -646.27784365   686.923919 41541.458876
  688.900000    -651.80438498       4.87823597    -646.92614902   608.705343 41547.507621
  689.000000    -652.07702306       5.47499074    -646.60203232   683.168289 41553.585108
  689.100000    -651.62606009       5.80301398    -645.82304611   724.098965 41559.619892
  689.200000    -652.65119796       6.16114944    -646.49004852   768.787038 41565.663151
  689.300000    -651.65603790       5.36547173    -646.29056617   669.502528 41571.728831
  689.400000    -650.91573571       5.65511300    -645.26062271   705.643909 41577.756755
  689.500000    -652.73181643       7.15334691    -645.57846952   892.593247 41583.827052
  689.600000    -651.86955047       5.11992466    -646.74962581   638.863212 41589.848559
  689.700000    -652.95890511       5.96994437    -646.98896074   744.928506 41595.852695
  689.800000    -651.77662777       5.87438965    -645.90223812   733.005207 41601.949844
  689.900000    -651.76878051       5.02245434    -646.74632617   626.700884 41607.998430
  690.000000    -651.52898923       5.59969349    -645.92929573   698.728674 41614.047910
  690.100000    -652.16785015       6.23758866    -645.93026149   778.325110 41620.120253
  690.200000    -651.94443955       7.01926289    -644.92517666   875.862269 41626.149044
  690.300000    -652.10807649       6.83613950    -645.27193698   853.012168 41632.198686
  690.400000    -650.83945926       5.03621370    -645.80324556   628.417774 41638.245801
  690.500000    -652.02324108       6.27258782    -645.75065326   782.692298 41644.282254
  690.600000    -652.98356970       5.44686176    -647.53670793   679.658360 41650.344172
  690.700000    -652.76574541       6.22776882    -646.53797658   777.099793 41656.414031
  690.800000    -653.09550680       7.01279772    -646.08270908   875.055547 41662.410544
  690.900000    -652.74555881       6.24246659    -646.50309222   778.933777 41668.506045
  691.000000    -651.81275019       5.71224094    -646.10050926   712.772322 41674.564249
  691.100000    -651.70782403       5.66729003    -646.04053401   707.163356 41680.562243
  691.200000    -652.71083896       5.99326227    -646.71757669   747.838110 41686.645569
  691.300000    -652.70783266       5.37639816    -647.33143450   670.865925 41692.653964
  691.400000    -653.00866689       5.82546827    -647.18319862   726.900807 41698.716973
  691.500000    -652.79598977       5.51120868    -647.28478109   687.687556 41704.756801
  691.600000    -652.15465336       5.45595425    -646.69869911   680.792919 41710.792599
  691.700000    -653.23207792       4.84018437    -648.39189356   603.957271 41716.875483
  691.800000    -652.49040893       5.28014497    -647.21026396   658.855471 41722.931595
  691.900000    -652.98416920       6.52476376    -646.45940544   814.158763 41728.935545
  692.000000    -652.11574172       5.25044951    -646.86529222   655.150077 41735.046473
  692.100000    -652.34146036       5.93296661    -646.40849375   740.314430 41741.085197
  692.200000    -651.75955513       6.14829299    -645.61126214   767.182813 41747.110653
  692.300000    -651.99775856       5.37195524    -646.62580332   670.311539 41753.184956
  692.400000    -652.24075337       5.64374547    -646.59700790   704.225471 41759.226251
  692.500000    -652.71490775       6.30972057    -646.40518717   787.325716 41765.330082
  692.600000    -652.03142305       5.03081870    -647.00060435   627.744587 41771.397122
  692.700000    -652.53029499       6.83185085    -645.69844414   852.477031 41777.424953
  692.800000    -650.88044650       6.00064187    -644.87980463   748.758935 41783.525543
  692.900000    -652.07289233       5.79827990    -646.27461243   723.508247 41789.542689
  693.000000    -652.28073749       6.22164340    -646.05909409   776.335463 41795.546821
  693.100000    -652.52523700       5.90004600    -646.62519100   736.206602 41801.618542
  693.200000    -651.46117340       6.00297934    -645.45819406   749.050604 41807.627321
  693.300000    -652.15730731       6.33430111    -645.82300620   790.392871 41813.670616
  693.400000    -651.54521537       5.81996083    -645.72525455   726.213589 41819.736246
  693.500000    -652.50734587       5.73508272    -646.77226315   715.622515 41825.759656
  693.600000    -653.38485170       6.41368557    -646.97116613   800.298448 41831.838669
  693.700000    -652.93433876       5.44853293    -647.48580582   679.866889 41837.873953
  693.800000    -652.34710835       5.68875441    -646.65835395   709.841678 41846.779163
  693.900000    -652.26516744       5.79525518    -646.46991227   723.130823 41852.865465
  694.000000    -652.18615165       4.53768315    -647.64846850   566.211229 41858.871173
  694.100000    -652.43070991       4.92392293    -647.50678698   614.406153 41864.931082
  694.200000    -652.25780858       5.25133404    -647.00647454   655.260448 41870.994074
  694.300000    -652.16775224       4.99429472    -647.17345751   623.187132 41877.019364
  694.400000    -652.46895713       5.96304872    -646.50590841   744.068069 41883.053561
  694.500000    -652.14701738       5.87474552    -646.27227185   733.049613 41889.113810
  694.600000    -651.73229957       5.84264295    -645.88965661   729.043861 41895.134803
  694.700000    -651.97713382       7.39245096    -644.58468285   922.428605 41901.207511
  694.800000    -650.34230029       4.94819807    -645.39410222   617.435200 41907.257126
  694.900000    -651.11111345       5.93928271    -645.17183074   741.102551 41913.276941
  695.000000    -652.39418152       6.52078614    -645.87339538   813.662437 41919.374907
  695.100000    -652.39238038       6.38922163    -646.00315875   797.245842 41925.391427
  695.200000    -652.64891817       6.31297787    -646.33594030   787.732161 41931.419123
  695.300000    -651.70647715       5.71701562    -645.98946153   713.368107 41937.492174
  695.400000    -650.51853611       5.57100689    -644.94752921   695.149165 41943.507919
  695.500000    -651.14698069       6.98845847    -644.15852222   872.018499 41949.562469
  695.600000    -651.91766800       6.05426317    -645.86340483   755.449790 41955.622600
  695.700000    -653.13575884       6.16637841    -646.96938043   769.439509 41961.657822
  695.800000    -652.07481226       5.04529375    -647.02951851   629.550780 41967.714640
  695.900000    -652.94417990       5.95746425    -646.98671565   743.371240 41973.790483
  696.000000    -652.13632183       5.37251129    -646.76381054   670.380922 41979.804955
  696.100000    -653.01186651       6.73149621    -646.28037031   839.954798 41985.885654
  696.200000    -652.67952862       5.82341434    -646.85611428   726.644518 41991.899422
  696.300000    -653.20183386       6.28925399    -646.91257987   784.771900 41998.021085
  696.400000    -651.90486582       4.54861504    -647.35625079   567.575307 42004.069877
  696.500000    -653.85006918       5.99468678    -647.85538240   748.015860 42010.131048
  696.600000    -653.43599716       4.84770575    -648.58829141   604.895788 42016.268037
  696.700000    -654.19061471       5.15902177    -649.03159294   643.741742 42022.334410
  696.800000    -652.30362525       4.66810170    -647.63552356   582.484829 42028.393260
  696.900000    -653.11043263       5.77037690    -647.34005573   720.026516 42034.515849
  697.000000    -652.82828193       4.77072181    -648.05756012   595.289747 42040.596254
  697.100000    -652.80016686       5.65527531    -647.14489155   705.664162 42046.653424
  697.200000    -652.07599445       5.94686251    -646.12913194   742.048357 42052.784297
  697.300000    -653.15457649       5.87070732    -647.28386918   732.545726 42058.837170
  697.400000    -652.87505672       5.45544555    -647.41961117   680.729444 42064.949713
  697.500000    -653.22021707       6.59698248    -646.62323458   823.170202 42071.010130
  697.600000    -652.53573724       4.83262348    -647.70311376   603.013826 42077.091763
  697.700000    -652.80709919       5.87385531    -646.93324389   732.938532 42083.221436
  697.800000    -652.86294351       5.52088112    -647.34206239   688.894481 42089.285790
  697.900000    -652.84762497       6.47707035    -646.37055462   808.207589 42095.336245
  698.000000    -651.99585028       5.85567855    -646.14017173   730.670440 42101.446540
  698.100000    -652.45385513       5.71842052    -646.73543461   713.543409 42107.530716
  698.200000    -651.54560528       5.03507766    -646.51052761   628.276020 42113.599363
  698.300000    -653.14256728       5.82255487    -647.32001241   726.537274 42119.738688
  698.400000    -652.39906316       6.32142891    -646.07763425   788.786680 42125.794332
  698.500000    -652.11268033       4.93651852    -647.17616182   615.977829 42131.870122
  698.600000    -652.03302173       4.68248455    -647.35053718   584.279519 42137.957500
  698.700000    -652.80195776       5.20482131    -647.59713645   649.456599 42144.023578
  698.800000    -652.45269527       4.14736123    -648.30533404   517.506934 42150.166176
  698.900000    -652.80413096       4.58298528    -648.22114568   571.864019 42156.214549
  699.000000    -652.62496235       5.31345446    -647.31150789   663.011822 42162.227862
  699.100000    -652.68866222       5.53148051    -647.15718171   690.217071 42168.320952
  699.200000    -651.44928293       4.96774621    -646.48153672   619.874413 42174.362771
  699.300000    -652.66819580       6.23498416    -646.43321164   778.000121 42180.389485
  699.400000    -651.17339998       5.71906396    -645.45433602   713.623698 42186.463643
  699.500000    -651.81111059       4.50101896    -647.31009162   561.636278 42192.469992
  699.600000    -652.44433062       5.85016048    -646.59417015   729.981896 42198.538206
  699.700000    -653.02761720       4.94119990    -648.08641730   616.561970 42204.551674
  699.800000    -652.52257355       5.27244660    -647.25012695   657.894870 42210.593486
  699.900000    -651.63675160       4.70917905    -646.92757255   587.610453 42216.676613
  700.000000    -651.34645653       5.56474864    -645.78170789   694.368262 42222.731707
  700.100000    -651.88075183       6.54070284    -645.34004898   816.147639 42228.754314
  700.200000    -651.79070377       5.58854525    -646.20215852   697.337598 42234.823366
  700.300000    -651.50286491       5.25777801    -646.24508690   656.064526 42240.866822
  700.400000    -652.45075084       6.09034861    -646.36040223   759.952525 42246.902206
  700.500000    -651.65463366       4.93428572    -646.72034794   615.699220 42253.037340
  700.600000    -652.38156830       6.15433133    -646.22723697   767.936276 42259.099572
  700.700000    -651.69899444       4.96195045    -646.73704400   619.151220 42265.154063
  700.800000    -651.82200215       5.95197712    -645.87002503   742.686557 42271.243379
  700.900000    -651.04203370       5.50364426    -645.53838945   686.743669 42277.314363
  701.000000    -651.38847121       5.56317408    -645.82529712   694.171789 42283.421800
  701.100000    -652.02233548       5.40414062    -646.61819486   674.327624 42289.492089
  701.200000    -651.07853672       5.13009991    -645.94843681   640.132877 42295.561838
  701.300000    -651.88460152       5.42671418    -646.45788735   677.144348 42301.682670
  701.400000    -652.54606768       7.23980376    -645.30626392   903.381317 42307.755985
  701.500000    -651.28997311       6.51216914    -644.77780396   812.587210 42313.811092
  701.600000    -652.28685508       5.78772258    -646.49913250   722.190907 42319.922139
  701.700000    -652.97064168       5.55297093    -647.41767075   692.898642 42325.950534
  701.800000    -652.71386292       4.59685911    -648.11700382   573.595192 42332.047007
  701.900000    -653.57223024       6.09273874    -647.47949151   760.250764 42338.105150
  702.000000    -653.66572408       5.76292660    -647.90279748   719.096869 42344.191562
  702.100000    -652.99433524       4.31765076    -648.67668449   538.755629 42350.305138
  702.200000    -652.80714412       5.25961169    -647.54753243   656.293332 42356.390393
  702.300000    -653.43170824       5.77338141    -647.65832683   720.401419 42362.451601
  702.400000    -652.39557829       5.01659310    -647.37898520   625.969519 42368.553505
  702.500000    -652.03414622       4.94485574    -647.08929048   617.018145 42374.647198
  702.600000    -653.30126634       5.62137995    -647.67988639   701.434705 42380.706343
  702.700000    -652.17217900       4.75832850    -647.41385050   593.743312 42386.806351
  702.800000    -652.15573674       4.64057582    -647.51516092   579.050156 42392.852062
  702.900000    -652.54056047       5.56079516    -646.97976531   693.874948 42398.962127
  703.000000    -653.11753412       5.16164024    -647.95589389   644.068473 42405.025306
  703.100000    -653.13287096       4.92394485    -648.20892610   614.408889 42411.102555
  703.200000    -653.14918471       5.23446424    -647.91472047   653.155439 42417.244420
  703.300000    -651.96872304       5.00154802    -646.96717503   624.092197 42423.337544
  703.400000    -652.52087813       5.72923024    -646.79164789   714.892244 42429.390721
  703.500000    -652.60195466       5.40079612    -647.20115855   673.910298 42435.498285
  703.600000    -652.58999924       5.22283076    -647.36716848   651.703815 42441.564052
  703.700000    -652.59526509       5.55446702    -647.04079808   693.085323 42447.648591
  703.800000    -652.78791122       5.51504324    -647.27286798   688.166032 42453.741582
  703.900000    -653.48290957       6.22161906    -647.26129050   776.332426 42459.775321
  704.000000    -652.35754717       4.58824350    -647.76930367   572.520139 42465.892774
  704.100000    -652.80137835       5.17560087    -647.62577748   645.810478 42471.934842
  704.200000    -652.92072384       4.64803104    -648.27269280   579.980417 42477.993847
  704.300000    -653.72910672       5.71726222    -648.01184449   713.398878 42484.128123
  704.400000    -653.06445688       4.91058038    -648.15387650   612.741273 42490.215564
  704.500000    -652.73705417       5.08407077    -647.65298340   634.389370 42496.266646
  704.600000    -652.09015271       5.98824261    -646.10191011   747.211757 42502.410614
  704.700000    -653.01095444       7.16941827    -645.84153617   894.598629 42508.459777
  704.800000    -651.73918019       6.05620028    -645.68297991   755.691503 42514.550415
  704.900000    -652.38719160       6.94895348    -645.43823812   867.089074 42520.639470
  705.000000    -653.08989668       6.17873926    -646.91115743   770.981892 42526.645419
  705.100000    -652.81786264       5.61720882    -647.20065382   700.914233 42532.723877
  705.200000    -652.92750288       5.68829194    -647.23921095   709.783970 42538.789440
  705.300000    -651.83336090       4.93814363    -646.89521728   616.180609 42544.860763
  705.400000    -651.89324342       6.32739780    -645.56584562   789.531477 42550.945438
  705.500000    -652.05734178       4.86560801    -647.19173377   607.129628 42557.061235
  705.600000    -652.82479963       5.89504924    -646.92975040   735.583107 42563.114560
  705.700000    -653.06064478       5.18462339    -647.87602139   646.936307 42569.231387
  705.800000    -652.85317875       5.73403452    -647.11914423   715.491721 42575.285749
  705.900000    -652.76934877       5.00012595    -647.76922281   623.914752 42581.382135
  706.000000    -653.24994796       4.65452923    -648.59541873   580.791260 42587.493834
  706.100000    -651.87618205       5.56047300    -646.31570906   693.834748 42593.559198
  706.200000    -650.98908221       6.11826491    -644.87081730   763.435915 42599.658524
  706.300000    -652.48745963       5.95737190    -646.53008773   743.359716 42605.750067
  706.400000    -652.01929316       6.36899623    -645.65029693   794.722121 42611.829643
  706.500000    -650.33910584       5.07257741    -645.26652844   632.955230 42617.906843
  706.600000    -650.54366061       5.93807488    -644.60558573   740.951838 42624.015541
  706.700000    -651.91303749       7.48034982    -644.43268767   933.396607 42630.065165
  706.800000    -651.40578458       5.57610260    -645.82968198   695.785007 42636.221509
  706.900000    -651.03420593       4.30574844    -646.72845749   537.270460 42642.249840
  707.000000    -651.68154736       5.42456431    -646.25698304   676.876088 42648.269937
  707.100000    -652.50959111       5.69031789    -646.81927322   710.036769 42654.284448
  707.200000    -652.48888323       5.42852673    -647.06035650   677.370519 42660.328684
  707.300000    -651.05374154       5.18623875    -645.86750280   647.137871 42666.404068
  707.400000    -651.79244431       5.58820336    -646.20424094   697.294938 42672.496620
  707.500000    -652.45276471       6.00763093    -646.44513378   749.631028 42678.563527
  707.600000    -652.38171955       5.94995967    -646.43175988   742.434820 42684.652191
  707.700000    -651.01999215       4.61885998    -646.40113217   576.340457 42690.757490
  707.800000    -652.28498986       6.08438748    -646.20060238   759.208696 42696.795048
  707.900000    -651.88291484       5.61320404    -646.26971079   700.414518 42702.872261
  708.000000    -650.81637255       6.00647552    -644.80989703   749.486857 42708.892982
  708.100000    -652.18458627       6.18925946    -645.99532681   772.294601 42714.952561
  708.200000    -651.81389340       5.48239255    -646.33150085   684.091885 42720.978004
  708.300000    -653.18852609       5.49543869    -647.69308739   685.719780 42727.036298
  708.400000    -652.36316654       5.42617646    -646.93699009   677.077252 42733.090855
  708.500000    -652.62659262       4.80742421    -647.81916841   599.869466 42739.165365
  708.600000    -653.47208981       5.38245422    -648.08963559   671.621599 42745.215407
  708.700000    -652.85170522       5.20299452    -647.64871070   649.228653 42751.282319
  708.800000    -652.78957282       4.52791747    -648.26165535   564.992669 42757.359529
  708.900000    -652.16050048       4.24386081    -647.91663966   529.548133 42763.362127
  709.000000    -652.71629266       5.44772049    -647.26857217   679.765512 42769.477018
  709.100000    -651.81155160       4.97164347    -646.83990814   620.360713 42775.520968
  709.200000    -652.58205513       4.53464582    -648.04740931   565.832231 42781.525666
  709.300000    -652.58834013       5.21788824    -647.37045189   651.087088 42787.605231
  709.400000    -653.25045639       5.59924100    -647.65121539   698.672212 42793.639377
  709.500000    -652.59899847       5.60363236    -646.99536612   699.220165 42799.701008
  709.600000    -653.56215095       6.33011983    -647.23203113   789.871131 42805.744204
  709.700000    -651.87450176       4.88482299    -646.98967877   609.527270 42811.783555
  709.800000    -652.00906883       5.02908069    -646.97998813   627.527719 42817.843338
  709.900000    -653.36223618       5.92961453    -647.43262165   739.896157 42823.910743
  710.000000    -652.28232165       6.02319427    -646.25912738   751.573019 42829.896389
  710.100000    -652.65588864       5.57948941    -647.07639922   696.207613 42835.952214
  710.200000    -652.68172328       6.07009299    -646.61163029   757.425032 42841.985434
  710.300000    -652.55808604       5.16685483    -647.39123121   644.719149 42848.073878
  710.400000    -652.05589031       4.58966007    -647.46623023   572.696899 42854.093363
  710.500000    -652.13341816       4.91374284    -647.21967532   613.135884 42860.130606
  710.600000    -652.24702515       5.54354932    -646.70347583   691.723015 42866.215340
  710.700000    -651.87380334       4.42571870    -647.44808464   552.240326 42872.264452
  710.800000    -652.85077848       4.63607112    -648.21470736   578.488060 42878.274630
  710.900000    -651.71578578       4.33804832    -647.37773746   541.300833 42884.377540
  711.000000    -652.80356352       4.80707002    -647.99649351   599.825269 42890.410430
  711.100000    -652.71924706       5.29729110    -647.42195596   660.994962 42896.432859
  711.200000    -652.69807849       5.26531384    -647.43276465   657.004845 42902.511224
  711.300000    -652.70684842       4.98228158    -647.72456684   621.688135 42908.513485
  711.400000    -651.87607703       4.53559970    -647.34047733   565.951255 42914.553787
  711.500000    -651.92268178       5.52885062    -646.39383116   689.888914 42920.566395
  711.600000    -652.75602410       7.35735907    -645.39866503   918.049846 42926.621490
  711.700000    -652.17564151       5.50079635    -646.67484516   686.388307 42932.673471
  711.800000    -651.76270929       5.33156756    -646.43114173   665.271971 42938.736542
  711.900000    -651.84274718       5.17112995    -646.67161723   645.252598 42944.765908
  712.000000    -652.23510651       5.89245627    -646.34265024   735.259557 42950.868571
  712.100000    -651.62936353       5.25430687    -646.37505665   655.631398 42956.841965
  712.200000    -652.14665133       5.76532324    -646.38132809   719.395922 42962.784219
  712.300000    -652.52510192       5.75936831    -646.76573361   718.652867 42968.846087
  712.400000    -652.09889337       5.78848049    -646.31041288   722.285479 42974.955905
  712.500000    -651.23996115       5.38168993    -645.85827122   671.526232 42981.011533
  712.600000    -651.91325348       6.12425334    -645.78900014   764.183150 42987.112612
  712.700000    -651.75092043       6.21975560    -645.53116483   776.099904 42993.202291
  712.800000    -651.91179992       5.84090853    -646.07089140   728.827439 42999.277713
  712.900000    -652.42287847       5.36031595    -647.06256252   668.859190 43005.411950
  713.000000    -652.69554429       5.91684072    -646.77870358   738.302243 43011.477098
  713.100000    -653.23921144       6.22680670    -647.01240474   776.979739 43017.536756
  713.200000    -652.33761453       5.87303963    -646.46457490   732.836753 43023.666327
  713.300000    -652.44818899       4.89922200    -647.54896699   611.323976 43029.715750
  713.400000    -651.94767667       5.70094527    -646.24673140   711.362852 43035.804676
  713.500000    -652.51796556       6.48902912    -646.02893644   809.699802 43041.890741
  713.600000    -651.82676486       6.18506416    -645.64170070   771.771113 43047.953209
  713.700000    -651.44768705       5.74621659    -645.70147046   717.011797 43054.099940
  713.800000    -652.00287958       4.74337153    -647.25950804   591.876985 43060.166069
  713.900000    -651.32802868       5.88786833    -645.44016035   734.687075 43066.221160
  714.000000    -651.70969649       6.06859652    -645.64109997   757.238303 43072.352551
  714.100000    -651.28851749       4.86951723    -646.41900026   607.617420 43078.452992
  714.200000    -651.89635998       5.23973688    -646.65662310   653.813357 43084.517615
  714.300000    -653.18829092       6.01324390    -647.17504703   750.331413 43090.627875
  714.400000    -652.36486471       5.13236931    -647.23249540   640.416053 43096.676947
  714.500000    -652.87366940       5.66897084    -647.20469855   707.373088 43102.793800
  714.600000    -651.90087789       5.34041673    -646.56046116   666.376169 43108.875044
  714.700000    -651.92420579       5.52935641    -646.39484937   689.952027 43114.948498
  714.800000    -651.61596703       6.41779219    -645.19817484   800.810871 43121.066796
  714.900000    -652.66803948       6.45908081    -646.20895866   805.962858 43127.134202
  715.000000    -652.23692996       4.90472725    -647.33220272   612.010920 43133.173966
  715.100000    -652.98174344       5.61943585    -647.36230759   701.192121 43139.238765
  715.200000    -652.07830158       4.84843147    -647.22987011   604.986343 43145.241140
  715.300000    -651.88320896       5.70201072    -646.18119824   711.495797 43151.307707
  715.400000    -651.74092627       6.09291956    -645.64800671   760.273327 43157.365810
  715.500000    -651.83488955       6.37614859    -645.45874096   795.614591 43163.424924
  715.600000    -651.22126491       5.48884922    -645.73241570   684.897546 43169.490490
  715.700000    -650.66408004       5.92463261    -644.73944744   739.274514 43175.544014
  715.800000    -651.98997503       6.18680799    -645.80316704   771.988707 43181.579208
  715.900000    -651.97126348       5.90330558    -646.06795790   736.613331 43187.648840
  716.000000    -652.22190597       6.02063869    -646.20126727   751.254135 43193.772487
  716.100000    -651.66122139       5.17079257    -646.49042882   645.210500 43199.784161
  716.200000    -652.42429088       5.37962721    -647.04466367   671.268846 43205.855800
  716.300000    -651.46587443       4.85536259    -646.61051184   605.851207 43211.850068
  716.400000    -651.29419610       4.87015071    -646.42404539   607.696467 43217.869550
  716.500000    -650.30454734       5.35196875    -644.95257860   667.817628 43224.060204
  716.600000    -651.26778689       5.85404941    -645.41373748   730.467157 43230.246722
  716.700000    -651.38156909       5.40871238    -645.97285670   674.898088 43236.453922
  716.800000    -650.65998684       5.98054740    -644.67943944   746.251551 43242.572498
  716.900000    -651.64028246       4.93432835    -646.70595411   615.704539 43248.607129
  717.000000    -652.70533544       5.72225937    -646.98307606   714.022421 43254.754564
  717.100000    -652.51834522       5.40598384    -647.11236137   674.557621 43260.878054
  717.200000    -652.15675310       5.63139194    -646.52536116   702.684001 43266.937969
  717.300000    -651.60384134       6.15053979    -645.45330155   767.463168 43273.089936
  717.400000    -650.92636919       5.55230423    -645.37406496   692.815450 43279.175189
  717.500000    -649.44512454       4.99402634    -644.45109821   623.153643 43285.222544
  717.600000    -650.97301333       5.87730131    -645.09571202   733.368524 43291.343379
  717.700000    -651.83448697       6.94796321    -644.88652376   866.965509 43297.405675
  717.800000    -650.26630775       5.15176388    -645.11454387   642.836104 43303.520991
  717.900000    -651.18335093       6.14594997    -645.03740095   766.890452 43309.597413
  718.000000    -651.28980821       5.42698254    -645.86282567   677.177835 43315.672582
  718.100000    -652.64984405       7.18576005    -645.46408400   896.637753 43321.810951
  718.200000    -652.25661798       5.36372120    -646.89289678   669.284097 43327.888514
  718.300000    -652.34159156       5.10113576    -647.24045580   636.518736 43333.949282
  718.400000    -652.27299365       5.33994162    -646.93305203   666.316885 43340.067692
  718.500000    -652.80166730       5.95819007    -646.84347724   743.461807 43346.159075
  718.600000    -652.41015881       5.12426640    -647.28589240   639.404973 43352.224427
  718.700000    -652.66055347       5.06485604    -647.59569744   631.991759 43358.347908
  718.800000    -651.69352714       5.31711372    -646.37641342   663.468424 43364.381846
  718.900000    -652.35829988       5.56070998    -646.79758990   693.864318 43370.489377
  719.000000    -651.72196852       4.99800025    -646.72396828   623.649507 43376.600616
  719.100000    -652.11347200       5.37758391    -646.73588808   671.013883 43382.682591
  719.200000    -652.05197954       4.64478673    -647.40719281   579.575593 43388.822044
  719.300000    -653.29731907       5.61879387    -647.67852520   701.112015 43394.891212
  719.400000    -651.12787350       5.26237541    -645.86549809   656.638189 43400.971783
  719.500000    -651.71214309       5.41948400    -646.29265910   676.242168 43407.111868
  719.600000    -652.48208583       6.61264888    -645.86943695   825.125052 43413.222234
  719.700000    -651.33948267       5.11449032    -646.22499236   638.185115 43419.276297
  719.800000    -651.45477006       5.25446194    -646.20030812   655.650747 43425.385261
  719.900000    -652.35099709       5.12974954    -647.22124754   640.089159 43431.447160
  720.000000    -652.61986530       5.76785076    -646.85201453   719.711306 43437.586742
  720.100000    -652.81558061       5.15976473    -647.65581588   643.834448 43443.658089
  720.200000    -652.80422135       5.32378267    -647.48043868   664.300574 43449.743772
  720.300000    -651.88981525       4.73653841    -647.15327684   591.024349 43455.894746
  720.400000    -651.85109720       5.63420648    -646.21689072   703.035198 43461.969413
  720.500000    -652.51150119       5.09132826    -647.42017293   635.294958 43468.028935
  720.600000    -653.14295275       6.15243819    -646.99051456   767.700051 43474.158352
  720.700000    -653.00883319       5.50600209    -647.50283111   687.037878 43480.294197
  720.800000    -653.17744347       5.85361443    -647.32382904   730.412879 43486.355344
  720.900000    -652.04095504       5.32672132    -646.71423371   664.667259 43492.470440
  721.000000    -651.75061840       5.20441078    -646.54620761   649.405373 43498.506978
  721.100000    -651.95692703       5.91318946    -646.04373758   737.846640 43504.618639
  721.200000    -652.06024250       6.46412087    -645.59612163   806.591755 43510.664373
  721.300000    -651.96808488       7.24784426    -644.72024061   904.384609 43516.747101
  721.400000    -651.53549402       6.16631012    -645.36918391   769.430987 43522.860555
  721.500000    -652.01749534       5.95442702    -646.06306832   742.992255 43528.946835
  721.600000    -652.81007883       5.70609777    -647.10398106   712.005779 43534.999102
  721.700000    -652.23430790       5.49368768    -646.74062022   685.501289 43541.131520
  721.800000    -653.34543078       5.43681812    -647.90861266   678.405116 43547.213660
  721.900000    -652.46662434       5.43185684    -647.03476750   677.786049 43553.208349
  722.000000    -652.95173080       5.12070474    -647.83102605   638.960550 43559.282444
  722.100000    -651.69615533       5.33668470    -646.35947063   665.910487 43565.309579
  722.200000    -651.95405841       6.29492159    -645.65913682   785.479102 43571.389529
  722.300000    -651.53364997       6.01022729    -645.52342268   749.955002 43577.408555
  722.400000    -651.77416430       7.06181077    -644.71235352   881.171386 43583.434715
  722.500000    -651.75671366       6.19998236    -645.55673130   773.632603 43589.542094
  722.600000    -651.08250766       5.91877214    -645.16373552   738.543246 43595.589109
  722.700000    -652.75695359       6.90301448    -645.85393911   861.356816 43601.590292
  722.800000    -651.25457366       5.79550607    -645.45906759   723.162129 43607.688882
  722.900000    -652.23243873       5.90166074    -646.33077799   736.408089 43613.728936
  723.000000    -652.29925153       5.95985824    -646.33939328   743.669962 43619.784329
  723.100000    -651.89047908       5.00396382    -646.88651527   624.393640 43625.848464
  723.200000    -652.49305983       6.29402952    -646.19903030   785.367790 43631.889745
  723.300000    -652.14606865       5.97976960    -646.16629906   746.154497 43637.960447
  723.400000    -651.17713527       5.41029270    -645.76684257   675.095280 43643.991226
  723.500000    -651.85761029       6.29404693    -645.56356336   785.369962 43650.029967
  723.600000    -651.93138098       6.73375819    -645.19762279   840.237047 43656.112285
  723.700000    -651.58790264       5.91059933    -645.67730331   737.523444 43662.151481
  723.800000    -652.03977895       6.26063128    -645.77914767   781.200364 43668.180577
  723.900000    -651.97813984       4.44521609    -647.53292375   554.673206 43674.234304
  724.000000    -652.15446808       5.49302380    -646.66144428   685.418450 43680.297569
  724.100000    -652.47704519       5.72322463    -646.75382056   714.142865 43686.312538
  724.200000    -651.20861744       5.22232545    -645.98629199   651.640762 43692.411427
  724.300000    -650.85787146       5.43471977    -645.42315170   678.143284 43698.417801
  724.400000    -652.60834462       6.90832541    -645.70001920   862.019512 43704.437759
  724.500000    -651.54217580       5.58475970    -645.95741609   696.865239 43710.503878
  724.600000    -651.94397734       5.05214168    -646.89183566   630.405265 43716.523557
  724.700000    -652.31315583       4.97062264    -647.34253320   620.233334 43722.588232
  724.800000    -652.52009345       5.73365124    -646.78644221   715.443896 43728.663605
  724.900000    -652.56595181       6.54190727    -646.02404454   816.297927 43734.650263
  725.000000    -650.84987572       5.82209409    -645.02778163   726.479778 43740.745444
  725.100000    -652.67438546       6.71493379    -645.95945166   837.888143 43746.779567
  725.200000    -652.14508366       6.70607715    -645.43900651   836.783014 43752.828548
  725.300000    -651.88262789       5.76941340    -646.11321449   719.906291 43758.919819
  725.400000    -651.67142695       4.95775215    -646.71367481   618.627356 43764.980469
  725.500000    -652.24892226       4.81980436    -647.42911790   601.414258 43771.083340
  725.600000    -652.40148248       5.29641160    -647.10507088   660.885218 43777.123432
  725.700000    -652.11873346       5.11859907    -647.00013439   638.697804 43783.146065
  725.800000    -652.08495717       5.19808286    -646.88687430   648.615777 43789.241927
  725.900000    -652.03093570       5.79343696    -646.23749874   722.903946 43795.254913
  726.000000    -651.99858343       5.53070354    -646.46787990   690.120120 43801.267432
  726.100000    -652.25427279       7.01804677    -645.23622602   875.710522 43807.369648
  726.200000    -651.15975661       5.62586338    -645.53389323   701.994147 43813.402806
  726.300000    -651.60751812       6.51083229    -645.09668583   812.420397 43819.407193
  726.400000    -651.02701868       5.40408594    -645.62293274   674.320801 43825.475758
  726.500000    -651.68544523       6.00631434    -645.67913089   749.466744 43831.471985
  726.600000    -652.02571511       4.85275292    -647.17296219   605.525574 43837.547468
  726.700000    -652.46714528       6.53437110    -645.93277418   815.357566 43843.558799
  726.800000    -651.44577425       5.67981257    -645.76596168   708.725917 43849.597679
  726.900000    -652.12451959       5.62253735    -646.50198224   701.579126 43855.661221
  727.000000    -652.86060363       5.25626252    -647.60434110   655.875424 43861.702353
  727.100000    -653.40145633       5.71483561    -647.68662072   713.096085 43867.710325
  727.200000    -651.73944162       4.73065614    -647.00878549   590.290360 43873.801854
  727.300000    -652.97740993       5.67236417    -647.30504576   707.796507 43879.846709
  727.400000    -652.57246673       5.95617762    -646.61628911   743.210695 43885.831653
  727.500000    -651.44398837       4.76633999    -646.67764838   594.742985 43891.884626
  727.600000    -652.88712755       5.73374664    -647.15338092   715.455799 43897.901809
  727.700000    -652.27256052       6.09899892    -646.17356160   761.031908 43903.985503
  727.800000    -651.64218252       5.12090356    -646.52127896   638.985358 43909.992455
  727.900000    -653.15560295       6.32671589    -646.82888706   789.446388 43916.009047
  728.000000    -652.10276537       5.26286211    -646.83990326   656.698919 43922.112456
  728.100000    -652.45590780       4.67642082    -647.77948699   583.522888 43928.129611
  728.200000    -652.99896426       5.88457242    -647.11439184   734.275812 43934.117067
  728.300000    -652.12555698       4.61005492    -647.51550206   575.241763 43940.210580
  728.400000    -652.95731684       5.13700943    -647.82030740   640.995046 43946.244328
  728.500000    -653.43494734       5.71311820    -647.72182913   712.881787 43952.246037
  728.600000    -653.31972999       5.50081392    -647.81891607   686.390499 43958.325072
  728.700000    -652.20955898       5.41993359    -646.78962538   676.298268 43964.360011
  728.800000    -652.58222012       6.05238461    -646.52983552   755.215384 43970.474453
  728.900000    -652.16242079       6.15201263    -646.01040816   767.646949 43976.531325
  729.000000    -650.97986316       5.86466695    -645.11519620   731.792011 43982.590774
  729.100000    -651.56638985       5.59124308    -645.97514678   697.674233 43988.733906
  729.200000    -650.93249857       5.33039338    -645.60210518   665.125458 43994.776708
  729.300000    -651.04187853       5.02686866    -646.01500987   627.251702 44000.822595
  729.400000    -651.01035771       6.25033553    -644.76002219   779.915661 44006.933774
  729.500000    -650.83563792       5.34315655    -645.49248137   666.718044 44013.006856
  729.600000    -652.17382845       6.91191234    -645.26191611   862.467088 44019.053273
  729.700000    -652.58504011       6.37366790    -646.21137221   795.305051 44025.175092
  729.800000    -652.03046897       5.35124955    -646.67921942   667.727886 44031.211771
  729.900000    -651.66906348       5.87800362    -645.79105987   733.456157 44037.279797
  730.000000    -651.81981247       4.75278562    -647.06702685   593.051673 44043.356662
  730.100000    -653.37318739       5.98809011    -647.38509728   747.192729 44049.402770
  730.200000    -652.23112817       4.35130326    -647.87982491   542.954781 44055.511325
  730.300000    -652.11492003       4.75348567    -647.36143435   593.139025 44061.615504
  730.400000    -652.34864443       5.64015706    -646.70848736   703.777711 44067.648592
  730.500000    -652.17700399       5.73163062    -646.44537337   715.191764 44073.796306
  730.600000    -652.35432270       5.06874159    -647.28558111   632.476598 44079.854239
  730.700000    -651.54232263       4.80561912    -646.73670351   599.644226 44085.894902
  730.800000    -651.82444822       6.05295217    -645.77149604   755.286204 44091.981316
  730.900000    -651.76607942       5.06798608    -646.69809334   632.382325 44098.047334
  731.000000    -652.08784404       6.43350391    -645.65434012   802.771377 44104.142278
  731.100000    -651.59226188       6.18165018    -645.41061170   771.345117 44110.211086
  731.200000    -651.72439223       4.87132598    -646.85306625   607.843116 44116.269255
  731.300000    -651.37738161       5.39179289    -645.98558872   672.786876 44122.395453
  731.400000    -651.86433661       5.17267767    -646.69165895   645.445722 44128.452497
  731.500000    -652.05183742       5.98998445    -646.06185297   747.429104 44134.503715
  731.600000    -651.73183382       5.65154577    -646.08028805   705.198791 44140.603073
  731.700000    -652.41593688       6.14140386    -646.27453302   766.323189 44146.642893
  731.800000    -650.62003096       5.79984294    -644.82018802   723.703284 44152.716580
  731.900000    -652.57764757       5.69802444    -646.87962313   710.998390 44158.767776
  732.000000    -651.68155143       5.65786571    -646.02368572   705.987392 44164.853364
  732.100000    -651.45942293       4.80862492    -646.65079801   600.019290 44170.942896
  732.200000    -652.26590806       5.52978733    -646.73612072   690.005797 44177.031609
  732.300000    -652.83035594       4.95700885    -647.87334709   618.534608 44183.119879
  732.400000    -652.31906987       5.32569276    -646.99337711   664.538916 44189.201352
  732.500000    -652.04095165       4.47240545    -647.56854620   558.065890 44195.309203
  732.600000    -651.63835377       5.43761519    -646.20073857   678.504575 44201.352803
  732.700000    -651.52023456       5.27830569    -646.24192887   658.625966 44207.479741
  732.800000    -651.75478630       4.83170384    -646.92308246   602.899073 44213.532557
  732.900000    -652.09685681       5.71712921    -646.37972760   713.382280 44219.579065
  733.000000    -651.59494844       5.78399028    -645.81095816   721.725191 44225.632571
  733.100000    -651.56684738       5.62595426    -645.94089312   702.005487 44231.706904
  733.200000    -652.81529339       5.41234107    -647.40295232   675.350875 44237.800547
  733.300000    -652.78548591       5.31481810    -647.47066781   663.181977 44243.880860
  733.400000    -651.51875148       5.02866126    -646.49009022   627.475383 44249.946898
  733.500000    -651.80064154       5.71142175    -646.08921979   712.670104 44256.055971
  733.600000    -651.40911070       5.39892147    -646.01018923   673.676379 44262.161632
  733.700000    -652.46912724       6.22317139    -646.24595585   776.526126 44268.170790
  733.800000    -651.33848292       6.33568284    -645.00280008   790.565282 44274.260465
  733.900000    -650.06181855       5.28519452    -644.77662402   659.485553 44280.319632
  734.000000    -651.61243821       5.61584937    -645.99658884   700.744601 44286.434724
  734.100000    -651.03651307       6.11402582    -644.92248725   762.906962 44292.485017
  734.200000    -650.90897162       5.67787874    -645.23109288   708.484614 44298.556765
  734.300000    -650.95391667       5.70423203    -645.24968465   711.772972 44304.652434
  734.400000    -651.64537717       5.23908391    -646.40629326   653.731880 44310.746320
  734.500000    -651.94406237       5.56119826    -646.38286411   693.925246 44316.803296
  734.600000    -651.07741594       4.54177505    -646.53564089   566.721815 44322.895794
  734.700000    -652.54381549       4.69418305    -647.84963244   585.739255 44328.940791
  734.800000    -651.83818896       5.10717267    -646.73101629   637.272020 44335.025761
  734.900000    -651.86838872       5.52095445    -646.34743427   688.903632 44341.114506
  735.000000    -652.30785047       6.25655813    -646.05129234   780.692117 44347.169011
  735.100000    -652.22635244       5.82227072    -646.40408172   726.501818 44353.273206
  735.200000    -651.26504421       5.06443536    -646.20060884   631.939268 44359.330940
  735.300000    -651.28982009       4.74731622    -646.54250386   592.369202 44365.400464
  735.400000    -651.87901411       5.57092322    -646.30809089   695.138725 44371.510083
  735.500000    -651.83508413       4.77757971    -647.05750442   596.145474 44377.601780
  735.600000    -652.74462718       5.25774974    -647.48687744   656.060998 44383.640375
  735.700000    -652.51276346       5.61861725    -646.89414621   701.089976 44389.785658
  735.800000    -652.28469020       5.41942085    -646.86526934   676.234288 44395.849384
  735.900000    -652.17177478       4.94684348    -647.22493130   617.266175 44401.867599
  736.000000    -651.73251648       5.12871399    -646.60380248   639.959943 44407.926016
  736.100000    -652.10044138       6.28160310    -645.81883828   783.817224 44414.003549
  736.200000    -651.45228600       6.70387103    -644.74841498   836.507734 44420.066136
  736.300000    -651.43999635       6.11442017    -645.32557618   762.956169 44426.164037
  736.400000    -649.95570084       6.14408186    -643.81161898   766.657349 44432.238452
  736.500000    -651.07196133       6.88927717    -644.18268416   859.642676 44438.315295
  736.600000    -651.12397494       5.46827329    -645.65570165   682.330086 44444.429080
  736.700000    -651.37609354       5.14079286    -646.23530069   641.467141 44450.491251
  736.800000    -651.75267128       4.98878508    -646.76388619   622.499640 44456.702409
  736.900000    -652.09070666       5.30446133    -646.78624533   661.889661 44462.741329
  737.000000    -652.21507669       5.91999059    -646.29508610   738.695284 44468.831234
  737.100000    -651.63486400       4.87021413    -646.76464987   607.704380 44474.924646
  737.200000    -652.76555342       5.69659151    -647.06896191   710.819590 44480.981222
  737.300000    -652.03735882       4.32627851    -647.71108031   539.832197 44487.095786
  737.400000    -653.26598037       5.57371229    -647.69226808   695.486745 44493.177062
  737.500000    -652.44838675       4.76297039    -647.68541636   594.322526 44499.218037
  737.600000    -652.82118920       5.54816719    -647.27302201   692.299231 44505.353438
  737.700000    -651.77230889       5.48037281    -646.29193608   683.839862 44511.427721
  737.800000    -651.88491577       5.02796452    -646.85695125   627.388442 44517.467095
  737.900000    -653.32654675       6.63127088    -646.69527587   827.448701 44523.579960
  738.000000    -652.91346447       4.90338426    -648.01008021   611.843342 44529.612147
  738.100000    -652.56644874       4.84196547    -647.72448327   604.179517 44535.723790
  738.200000    -651.59173375       4.92930324    -646.66243052   615.077507 44541.796841
  738.300000    -652.08491401       5.58515068    -646.49976333   696.914024 44547.862996
  738.400000    -652.13688503       5.58069327    -646.55619176   696.357830 44553.955231
  738.500000    -651.95650615       5.57203625    -646.38446990   695.277609 44560.007223
  738.600000    -652.63261264       5.98614533    -646.64646731   746.950059 44566.058074
  738.700000    -652.17068532       5.68590829    -646.48477703   709.486540 44572.157218
  738.800000    -651.98839168       5.42083812    -646.56755356   676.411134 44578.154764
  738.900000    -652.65303540       5.75438311    -646.89865229   718.030814 44584.226970
  739.000000    -651.48343803       5.00032076    -646.48311727   623.939060 44590.280579
  739.100000    -652.56118035       5.51500767    -647.04617269   688.161593 44596.370218
  739.200000    -652.24873561       5.24128310    -647.00745251   654.006294 44602.464931
  739.300000    -652.21590682       5.44729112    -646.76861570   679.711935 44608.539363
  739.400000    -652.22063145       5.01465027    -647.20598118   625.727094 44614.584160
  739.500000    -653.48191839       6.13484422    -647.34707417   765.504679 44620.684957
  739.600000    -651.65424303       4.88975283    -646.76449021   610.142415 44626.750412
  739.700000    -651.50565205       5.27431209    -646.23133996   658.127645 44632.796012
  739.800000    -651.85881052       6.22234360    -645.63646692   776.422834 44638.914456
  739.900000    -651.95427533       5.88416411    -646.07011122   734.224862 44644.960292
  740.000000    -652.70270234       5.70691658    -646.99578577   712.107950 44651.029953
  740.100000    -653.28021232       5.51654513    -647.76366719   688.353437 44657.090902
  740.200000    -652.22656835       4.45219553    -647.77437282   555.544099 44663.171040
  740.300000    -651.41418443       5.23550661    -646.17867783   653.285505 44669.267445
  740.400000    -651.28166394       5.21964533    -646.06201861   651.306338 44675.348070
  740.500000    -652.11277588       5.33500825    -646.77776763   665.701301 44681.411849
  740.600000    -652.10407912       5.36826800    -646.73581112   669.851445 44687.517252
  740.700000    -652.00788607       4.98987056    -647.01801552   622.635086 44693.587736
  740.800000    -651.99669333       5.55410854    -646.44258479   693.040592 44699.631385
  740.900000    -653.10307682       5.72690168    -647.37617514   714.601686 44705.759888
  741.000000    -653.40013357       5.23020623    -648.16992735   652.624124 44711.807088
  741.100000    -652.49193196       4.87653771    -647.61539424   608.493435 44717.851237
  741.200000    -652.31898148       4.58797221    -647.73100927   572.486287 44723.890503
  741.300000    -651.86368616       4.33466398    -647.52902218   540.878535 44729.927280
  741.400000    -652.07479467       5.45002063    -646.62477404   680.052523 44736.032418
  741.500000    -651.39104688       5.01779134    -646.37325554   626.119036 44742.127029
  741.600000    -651.63464940       5.98047801    -645.65417139   746.242893 44748.138242
  741.700000    -651.47376993       5.72923117    -645.74453876   714.892360 44754.270009
  741.800000    -650.86323901       5.67607634    -645.18716267   708.259711 44760.341833
  741.900000    -650.84708022       5.94118028    -644.90589994   741.339330 44766.377793
  742.000000    -651.87042096       6.24329210    -645.62712886   779.036784 44772.479763
  742.100000    -651.11111295       5.84989435    -645.26121860   729.948688 44778.532753
  742.200000    -651.57087557       5.18892530    -646.38195027   647.473098 44784.613299
  742.300000    -651.86886850       5.27128592    -646.59758259   657.750040 44790.682517
  742.400000    -652.59783764       6.18584832    -646.41198932   771.868960 44796.749024
  742.500000    -652.42071362       5.40427180    -647.01644181   674.343993 44802.853613
  742.600000    -651.37280087       4.56277751    -646.81002336   569.342497 44808.905898
  742.700000    -652.56426198       5.87496187    -646.68930012   733.076608 44814.942682
  742.800000    -651.95658472       4.88454458    -647.07204014   609.492530 44821.062088
  742.900000    -651.56922824       5.28245341    -646.28677482   659.143518 44827.109570
  743.000000    -651.73075893       5.73414613    -645.99661280   715.505648 44833.177022
  743.100000    -652.54293151       5.93792815    -646.60500336   740.933529 44839.292491
  743.200000    -651.94872148       4.19640571    -647.75231577   523.626695 44845.351444
  743.300000    -652.38661922       5.49803422    -646.88858499   686.043650 44851.459386
  743.400000    -651.32035452       4.47411849    -646.84623603   558.279642 44857.516455
  743.500000    -651.60660887       5.72789868    -645.87871019   714.726092 44863.574347
  743.600000    -652.10060321       5.86431461    -646.23628860   731.748046 44869.684872
  743.700000    -651.19166249       5.02634871    -646.16531378   627.186822 44875.767215
  743.800000    -652.12093543       6.12730837    -645.99362707   764.564356 44881.809071
  743.900000    -652.62922623       5.95224265    -646.67698358   742.719690 44887.920182
  744.000000    -652.23789260       6.47911985    -645.75877275   808.463325 44893.958364
  744.100000    -651.73060202       5.71988801    -646.01071401   713.726523 44900.048562
  744.200000    -652.57114783       5.67150641    -646.89964142   707.689475 44906.101055
  744.300000    -651.92178671       5.84448118    -646.07730553   729.273234 44912.155932
  744.400000    -652.63074182       6.24508305    -646.38565878   779.260258 44918.278261
  744.500000    -651.92108647       5.31642844    -646.60465803   663.382915 44924.335258
  744.600000    -651.58451699       5.89441466    -645.69010233   735.503924 44930.370189
  744.700000    -652.66696617       6.81426303    -645.85270314   850.282426 44936.488431
  744.800000    -651.79651548       6.03274042    -645.76377506   752.764186 44942.546901
  744.900000    -653.14822462       6.68203337    -646.46619125   833.782835 44948.627145
  745.000000    -652.41528111       5.54761177    -646.86766933   692.229927 44954.730747
  745.100000    -651.93498597       5.70926320    -646.22572277   712.400761 44960.770372
  745.200000    -653.26048007       6.24844635    -647.01203372   779.679931 44966.867310
  745.300000    -652.51149391       6.19742026    -646.31407365   773.312904 44972.961092
  745.400000    -651.52472999       6.67051558    -644.85421441   832.345647 44979.017285
  745.500000    -651.92208633       5.75518014    -646.16690619   718.130268 44985.128439
  745.600000    -651.68269483       5.99667494    -645.68601989   748.263942 44991.179391
  745.700000    -651.73491863       6.19459347    -645.54032516   772.960178 44997.212696
  745.800000    -651.41684417       6.14667324    -645.27017092   766.980702 45003.344738
  745.900000    -651.95468484       6.33814487    -645.61653997   790.872494 45009.418497
  746.000000    -652.31309968       5.66742820    -646.64567148   707.180597 45015.398171
  746.100000    -652.13453481       5.51975370    -646.61478111   688.753802 45021.446211
  746.200000    -652.42250465       5.59044872    -646.83205593   697.575113 45027.455642
  746.300000    -652.69366854       5.71426529    -646.97940325   713.024920 45033.513714
  746.400000    -652.01773851       5.14362751    -646.87411100   641.820848 45039.502747
  746.500000    -652.95522059       5.90262529    -647.05259530   736.528446 45045.512129
  746.600000    -652.85941376       5.55831272    -647.30110104   693.565189 45051.587577
  746.700000    -652.48342026       5.61057297    -646.87284729   700.086213 45057.579541
  746.800000    -651.82417161       5.23122831    -646.59294329   652.751660 45063.583145
  746.900000    -651.99373261       5.13430374    -646.85942887   640.657430 45069.651000
  747.000000    -652.47624939       4.43663950    -648.03960989   553.603021 45075.673313
  747.100000    -653.08021271       5.02253599    -648.05767672   626.711072 45081.687305
  747.200000    -652.34794947       5.61805101    -646.72989846   701.019322 45087.761913
  747.300000    -651.46950432       4.88774404    -646.58176028   609.891759 45093.751101
  747.400000    -651.31782739       4.86392493    -646.45390246   606.919615 45099.797382
  747.500000    -653.07771272       5.60917912    -647.46853360   699.912288 45105.785834
  747.600000    -651.45734577       4.27374322    -647.18360255   533.276855 45111.830842
  747.700000    -652.09420255       5.38015007    -646.71405248   671.334088 45117.895964
  747.800000    -650.96400743       4.77180300    -646.19220443   595.424658 45123.964249
  747.900000    -652.75385466       5.40380821    -647.35004645   674.286146 45130.025602
  748.000000    -652.07845862       5.23286312    -646.84559550   652.955651 45136.118026
  748.100000    -651.51962804       6.14637161    -645.37325644   766.943063 45142.184032
  748.200000    -651.74521464       5.80241983    -645.94279481   724.024827 45148.234181
  748.300000    -651.86600605       6.11333000    -645.75267604   762.820139 45154.344032
  748.400000    -651.96746345       6.22524908    -645.74221437   776.785379 45160.386196
  748.500000    -651.04215792       4.68627595    -646.35588197   584.752609 45166.473301
  748.600000    -651.15524760       5.40098422    -645.75426338   673.933770 45172.536003
  748.700000    -650.92830856       5.31592089    -645.61238767   663.319583 45178.615341
  748.800000    -651.48587037       5.92416242    -645.56170795   739.215844 45184.688614
  748.900000    -652.19617301       6.27065797    -645.92551504   782.451492 45190.777283
  749.000000    -651.50604869       4.10368712    -647.40236158   512.057287 45196.846421
  749.100000    -652.51607999       5.34672004    -647.16935995   667.162695 45202.935830
  749.200000    -651.57427888       4.73158609    -646.84269279   590.406399 45209.043819
  749.300000    -651.91561591       4.67610343    -647.23951248   583.483284 45215.099191
  749.400000    -651.80090417       5.24358707    -646.55731710   654.293783 45221.187245
  749.500000    -651.55975019       5.67744966    -645.88230054   708.431073 45227.220708
  749.600000    -651.68364630       5.19966919    -646.48397711   648.813719 45233.309842
  749.700000    -651.84393897       5.66978724    -646.17415172   707.474959 45239.403667
  749.800000    -651.40965153       5.24181419    -646.16783734   654.072564 45245.471197
  749.900000    -651.04738985       5.60953164    -645.43785822   699.956276 45251.582292
  750.000000    -650.94258027       5.63155568    -645.31102459   702.704431 45257.646018
  750.100000    -650.65666908       4.98370880    -645.67296028   621.866222 45263.700722
  750.200000    -650.39640146       4.70604055    -645.69036091   587.218832 45269.791289
  750.300000    -651.99593307       6.24493720    -645.75099587   779.242059 45275.866413
  750.400000    -651.86097296       6.02968734    -645.83128562   752.383223 45281.900327
  750.500000    -651.42043743       5.68243432    -645.73800310   709.053059 45288.034288
  750.600000    -650.73178051       5.34918586    -645.38259464   667.470380 45294.081151
  750.700000    -651.12608776       6.18402626    -644.94206150   771.641604 45300.020194
  750.800000    -650.73941199       5.02280996    -645.71660203   626.745258 45306.171952
  750.900000    -651.45244733       5.35504748    -646.09739985   668.201791 45312.240385
  751.000000    -651.89013416       5.61139667    -646.27873749   700.188994 45318.284270
  751.100000    -652.04318145       6.00090302    -646.04227843   748.791522 45324.357362
  751.200000    -652.14253052       5.83866690    -646.30386363   728.547729 45330.438020
  751.300000    -651.81792068       5.34872120    -646.46919947   667.412400 45336.468694
  751.400000    -652.13879534       4.89396332    -647.24483202   610.667799 45342.521330
  751.500000    -651.62308515       6.05507391    -645.56801124   755.550955 45348.533029
  751.600000    -651.96055659       5.25895706    -646.70159953   656.211647 45354.564610
  751.700000    -652.63894625       5.75517269    -646.88377355   718.129338 45360.637410
  751.800000    -652.37284505       5.31984684    -647.05299822   663.809462 45366.624416
  751.900000    -651.99486495       5.93472986    -646.06013509   740.534447 45372.681931
  752.000000    -652.34058041       6.66597966    -645.67460075   831.779656 45378.722985
  752.100000    -651.06032799       5.80593750    -645.25439049   724.463761 45384.830580
  752.200000    -651.94762994       5.41261189    -646.53501805   675.384667 45390.891692
  752.300000    -652.48255864       5.66304360    -646.81951505   706.633487 45396.971691
  752.400000    -652.92147614       5.99564266    -646.92583348   748.135135 45403.058485
  752.500000    -652.24826589       5.16464968    -647.08361622   644.443991 45409.136787
  752.600000    -651.84141297       4.57162341    -647.26978957   570.446287 45415.206474
  752.700000    -653.58446967       5.74471150    -647.83975817   716.823992 45421.309886
  752.800000    -653.39204150       6.16050656    -647.23153495   768.706820 45427.434100
  752.900000    -652.55644910       5.55456246    -647.00188663   693.097233 45433.477383
  753.000000    -651.59501762       4.79271618    -646.80230144   598.034200 45439.606690
  753.100000    -652.07116549       5.43961254    -646.63155295   678.753804 45445.641886
  753.200000    -651.73999023       5.74677456    -645.99321567   717.081421 45451.699599
  753.300000    -652.61354268       6.70124847    -645.91229421   836.180491 45457.753454
  753.400000    -651.30442323       5.54632932    -645.75809391   692.069902 45463.832472
  753.500000    -651.97253158       5.66059977    -646.31193181   706.328547 45469.949926
  753.600000    -651.81224025       5.39959029    -646.41264995   673.759835 45476.033788
  753.700000    -652.10826078       5.64353232    -646.46472846   704.198874 45482.099835
  753.800000    -651.87789846       5.68308363    -646.19481483   709.134079 45488.207476
  753.900000    -651.93115455       6.66197608    -645.26917847   831.280091 45494.293700
  754.000000    -651.76539601       6.40995520    -645.35544081   799.832973 45500.310612
  754.100000    -651.54145217       6.13060612    -645.41084605   764.975849 45506.397253
  754.200000    -652.18209364       7.09994368    -645.08214996   885.929603 45512.451923
  754.300000    -653.10188847       6.89079319    -646.21109527   859.831846 45518.573669
  754.400000    -652.45543161       4.75601612    -647.69941549   593.454774 45524.624768
  754.500000    -653.27704988       5.62566447    -647.65138541   701.969327 45530.714162
  754.600000    -652.96951822       5.05779537    -647.91172284   631.110731 45536.839782
  754.700000    -652.07929455       4.96455690    -647.11473764   619.476452 45542.929086
  754.800000    -652.72650357       6.03289582    -646.69360775   752.783576 45548.964454
  754.900000    -651.97500740       6.47289777    -645.50210963   807.686935 45555.072674
  755.000000    -651.04795002       4.81542420    -646.23252582   600.867703 45561.115044
  755.100000    -651.55507136       6.08075121    -645.47432015   758.754963 45567.198498
  755.200000    -651.88675309       6.36546412    -645.52128897   794.281385 45573.298930
  755.300000    -650.96419043       5.41806835    -645.54612208   676.065524 45579.349272
  755.400000    -651.42578122       5.13394319    -646.29183803   640.612441 45585.415172
  755.500000    -651.43938025       4.77239499    -646.66698526   595.498526 45591.513288
  755.600000    -652.11499841       6.40945203    -645.70554638   799.770188 45597.576406
  755.700000    -652.38784304       5.73005278    -646.65779026   714.994881 45603.673603
  755.800000    -653.36895415       6.08043795    -647.28851620   758.715874 45609.749334
  755.900000    -653.39977528       5.70790245    -647.69187282   712.230967 45615.786201
  756.000000    -652.74643485       5.35484854    -647.39158631   668.176968 45621.908790
  756.100000    -653.01019511       5.78825997    -647.22193514   722.257962 45627.962106
  756.200000    -652.87875452       4.99968272    -647.87907180   623.859445 45634.004434
  756.300000    -653.06437181       6.47479056    -646.58958125   807.923117 45640.098259
  756.400000    -652.07439675       5.22666335    -646.84773340   652.182045 45646.150646
  756.500000    -652.45323231       5.39733190    -647.05590041   673.478034 45652.186523
  756.600000    -652.10732153       5.02276138    -647.08456015   626.739196 45658.261171
  756.700000    -653.05097309       5.65777371    -647.39319938   705.975912 45664.299366
  756.800000    -651.86305102       5.61669036    -646.24636066   700.849539 45670.407149
  756.900000    -652.49344440       5.58810566    -646.90533874   697.282746 45676.494172
  757.000000    -652.18335121       6.09790999    -646.08544122   760.896032 45682.539153
  757.100000    -652.14282660       5.52761288    -646.61521372   689.734469 45688.627593
  757.200000    -652.31542762       5.27676472    -647.03866291   658.433683 45694.671392
  757.300000    -651.98786982       5.50368918    -646.48418064   686.749275 45700.779833
  757.400000    -652.81220242       5.53136597    -647.28083645   690.202779 45706.835524
  757.500000    -653.27408483       5.63322485    -647.64085998   702.912710 45712.906208
  757.600000    -653.77801797       5.91831512    -647.85970285   738.486219 45718.985483
  757.700000    -652.93251417       5.80611544    -647.12639873   724.485964 45725.045256
  757.800000    -653.61841047       5.69110762    -647.92730285   710.135311 45731.102295
  757.900000    -652.50203383       4.55809983    -647.94393401   568.758817 45737.165271
  758.000000    -652.94538138       6.13933891    -646.80604247   766.065525 45743.258424
  758.100000    -652.59299740       6.20221177    -646.39078563   773.910788 45749.314924
  758.200000    -652.26944960       6.57596815    -645.69348145   820.548037 45755.418060
  758.300000    -651.96839581       5.15549034    -646.81290547   643.301090 45761.450269
  758.400000    -652.53036344       6.52404129    -646.00632215   814.068614 45767.526788
  758.500000    -651.36493471       6.06794776    -645.29698696   757.157351 45773.618330
  758.600000    -652.17395479       5.28712353    -646.88683126   659.726254 45779.682598
  758.700000    -651.84535040       5.37271911    -646.47263129   670.406854 45785.775394
  758.800000    -652.93483522       5.96286709    -646.97196813   744.045406 45791.883756
  758.900000    -652.93629046       6.22811224    -646.70817822   777.142644 45797.922052
  759.000000    -652.78301102       5.81317239    -646.96983863   725.366530 45804.020130
  759.100000    -652.26253332       5.13786472    -647.12466860   641.101768 45810.054788
  759.200000    -652.82718971       5.42345248    -647.40373723   676.737354 45816.145012
  759.300000    -653.42565606       5.93744841    -647.48820765   740.873667 45822.190317
  759.400000    -653.58563666       5.37694268    -648.20869398   670.933870 45828.269945
  759.500000    -653.64795910       5.61647174    -648.03148736   700.822260 45834.356197
  759.600000    -652.46578607       4.57725312    -647.88853295   571.148761 45840.428020
  759.700000    -652.69273960       5.25165445    -647.44108515   655.300429 45846.380661
  759.800000    -652.86831019       5.95689716    -646.91141303   743.300479 45852.436665
  759.900000    -652.26316531       5.53828287    -646.72488244   691.065869 45858.533927
  760.000000    -651.73818563       5.61702577    -646.12115986   700.891393 45864.540100
  760.100000    -651.60704525       5.06301795    -646.54402730   631.762403 45870.591866
  760.200000    -652.64245748       6.42878239    -646.21367509   802.182226 45876.650968
  760.300000    -651.11311529       5.01109130    -646.10202400   625.283005 45882.708629
  760.400000    -651.86132290       5.21104661    -646.65027629   650.233391 45888.831652
  760.500000    -652.01267490       6.14073984    -645.87193506   766.240332 45894.881329
  760.600000    -651.85627558       5.05307066    -646.80320493   630.521182 45900.923409
  760.700000    -652.02109194       4.98472651    -647.03636542   621.993213 45907.042670
  760.800000    -652.48772953       5.93493681    -646.55279273   740.560270 45913.114188
  760.900000    -651.88806922       5.88865724    -645.99941199   734.785514 45919.145346
  761.000000    -652.92801553       6.96842060    -645.95959492   869.518178 45925.238688
  761.100000    -651.96170526       6.13230772    -645.82939755   765.188174 45931.289135
  761.200000    -651.67336341       5.09543631    -646.57792711   635.807559 45937.403334
  761.300000    -651.51224707       4.48021203    -647.03203505   559.039992 45943.448091
  761.400000    -652.52033690       5.98336022    -646.53697669   746.602534 45949.508601
  761.500000    -652.50843729       5.28091522    -647.22752207   658.951582 45955.633775
  761.600000    -651.75243431       4.63916486    -647.11326945   578.874096 45961.680307
  761.700000    -651.91092291       5.00510997    -646.90581293   624.536657 45967.708853
  761.800000    -652.27170737       5.23430642    -647.03740095   653.135745 45973.852622
  761.900000    -652.88679288       5.35583850    -647.53095438   668.300495 45979.912796
  762.000000    -651.53683413       5.41787200    -646.11896213   676.041023 45985.969643
  762.100000    -651.25358742       5.86998287    -645.38360455   732.455330 45992.051837
  762.200000    -651.76125944       6.20014218    -645.56111726   773.652545 45998.056489
  762.300000    -651.91780414       6.22612127    -645.69168287   776.894211 46004.109916
  762.400000    -652.30852996       5.09371202    -647.21481795   635.592403 46010.116267
  762.500000    -652.82213384       5.01881449    -647.80331935   626.246704 46016.144588
  762.600000    -652.24691287       5.75713541    -646.48977746   718.374246 46022.168783
  762.700000    -650.80092200       5.58205612    -645.21886588   696.527886 46028.240389
  762.800000    -651.44721649       5.19614064    -646.25107585   648.373427 46034.298017
  762.900000    -652.27868265       4.44228665    -647.83639600   554.307671 46040.388551
  763.000000    -652.53031697       5.08055197    -647.44976500   633.950295 46046.502700
  763.100000    -651.96050840       5.47458727    -646.48592113   683.117943 46052.535647
  763.200000    -651.99606371       5.50852323    -646.48754047   687.352466 46058.654166
  763.300000    -652.09561147       5.22458267    -646.87102880   651.922418 46064.700315
  763.400000    -652.59830199       5.51402609    -647.08427590   688.039112 46070.760006
  763.500000    -653.54589426       5.54410068    -648.00179358   691.791813 46076.873430
  763.600000    -652.34415256       5.38163018    -646.96252238   671.518776 46082.932330
  763.700000    -651.73463189       5.39579948    -646.33883241   673.286818 46089.029591
  763.800000    -652.62284899       6.22067464    -646.40217434   776.214582 46095.112210
  763.900000    -652.61588099       5.39177275    -647.22410824   672.784363 46101.166459
  764.000000    -653.34449763       5.62349969    -647.72099794   701.699207 46107.287523
  764.100000    -651.77262194       4.54430197    -647.22831996   567.037123 46113.370168
  764.200000    -652.33832795       6.12969495    -646.20863300   764.862153 46119.414266
  764.300000    -652.31801958       5.83038520    -646.48763438   727.514341 46125.522531
  764.400000    -653.13993117       7.11919260    -646.02073858   888.331479 46131.554535
  764.500000    -652.10657783       5.22006073    -646.88651709   651.358171 46137.663027
  764.600000    -652.99166873       5.51890097    -647.47276776   688.647398 46143.720298
  764.700000    -653.10418099       5.92340498    -647.18077602   739.121330 46149.784328
  764.800000    -653.71226707       6.07173880    -647.64052827   757.630396 46155.879313
  764.900000    -653.37057012       6.01560839    -647.35496173   750.626454 46161.962719
  765.000000    -652.96013537       5.18110562    -647.77902974   646.497360 46167.996711
  765.100000    -652.67193962       5.50923425    -647.16270537   687.441187 46174.116504
  765.200000    -652.20703203       5.45038565    -646.75664637   680.098070 46180.157099
  765.300000    -652.01427621       6.61517748    -645.39909873   825.440570 46186.226407
  765.400000    -652.37829608       5.36077172    -647.01752436   668.916061 46192.292449
  765.500000    -653.36047019       5.84285187    -647.51761832   729.069929 46198.316741
  765.600000    -652.05026657       4.76654796    -647.28371861   594.768935 46204.409572
  765.700000    -652.93764147       4.85827117    -648.07937030   606.214139 46210.504030
  765.800000    -652.80717254       5.15496787    -647.65220466   643.235897 46216.633928
  765.900000    -653.05774763       5.63559809    -647.42214954   703.208842 46222.811170
  766.000000    -652.78019854       6.14441323    -646.63578531   766.698698 46228.940873
  766.100000    -652.78153355       5.91437676    -646.86715680   737.994791 46234.969949
  766.200000    -651.67255990       6.02525860    -645.64730131   751.830606 46241.083177
  766.300000    -652.32246814       5.59251847    -646.72994967   697.833376 46247.128580
  766.400000    -652.45502342       6.37995980    -646.07506362   796.090153 46253.210552
  766.500000    -651.86619419       5.58164390    -646.28455029   696.476449 46259.320385
  766.600000    -651.31881243       6.29624881    -645.02256363   785.644712 46265.341082
  766.700000    -652.50089050       6.65356044    -645.84733005   830.229989 46271.434754
  766.800000    -653.95048369       6.28042223    -647.67006146   783.669874 46277.495650
  766.900000    -653.75222683       4.93408616    -648.81814067   615.674319 46283.567139
  767.000000    -652.55097522       4.32315401    -648.22782121   539.442323 46289.678331
  767.100000    -653.33423779       5.58114697    -647.75309082   696.414442 46295.743557
  767.200000    -652.44081218       5.08491198    -647.35590021   634.494335 46301.775279
  767.300000    -652.64205298       5.64957892    -646.99247406   704.953367 46307.917762
  767.400000    -652.76833824       6.36773130    -646.40060693   794.564284 46313.972468
  767.500000    -651.52714892       4.31895155    -647.20819737   538.917942 46320.005141
  767.600000    -651.71398607       5.33454399    -646.37944209   665.643369 46326.084923
  767.700000    -651.84219113       5.88286143    -645.95932969   734.062315 46332.137489
  767.800000    -652.40041884       5.60408074    -646.79633810   699.276113 46338.259725
  767.900000    -651.58949630       5.88840499    -645.70109130   734.754039 46344.331846
  768.000000    -652.35650176       5.82437294    -646.53212882   726.764132 46350.379895
  768.100000    -653.15418558       5.39087731    -647.76330826   672.672631 46356.489167
  768.200000    -652.33956454       5.37576238    -646.96380216   670.786592 46362.553201
  768.300000    -652.80812077       5.94022030    -646.86790046   741.219543 46368.548591
  768.400000    -652.91731780       5.86146684    -647.05585096   731.392701 46374.592054
  768.500000    -652.13740133       4.63377845    -647.50362287   578.201982 46380.578084
  768.600000    -652.70360430       6.09935678    -646.60424752   761.076563 46386.644681
  768.700000    -653.07298384       6.26154228    -646.81144156   781.314038 46392.670982
  768.800000    -652.46426023       5.41067982    -647.05358041   675.143584 46398.676352
  768.900000    -653.52363768       6.15787101    -647.36576667   768.377957 46404.758254
  769.000000    -653.34779203       5.59192169    -647.75587034   697.758910 46410.834088
  769.100000    -651.87290040       5.21046423    -646.66243617   650.160721 46416.880662
  769.200000    -652.33592103       5.68519389    -646.65072714   709.397397 46422.984406
  769.300000    -652.56705222       5.77501923    -646.79203300   720.605785 46429.026850
  769.400000    -652.41032569       5.86235881    -646.54796688   731.504002 46435.089694
  769.500000    -652.16196011       6.66542884    -645.49653126   831.710925 46441.182706
  769.600000    -652.13952175       5.52159698    -646.61792477   688.983806 46447.231224
  769.700000    -651.88077706       6.17534697    -645.70543009   770.558604 46453.325519
  769.800000    -652.15196982       6.49571942    -645.65625040   810.534616 46459.418468
  769.900000    -651.98794401       5.90524946    -646.08269455   736.855889 46465.473475
  770.000000    -652.75825244       5.49529288    -647.26295956   685.701586 46471.552891
  770.100000    -652.70012190       5.15136438    -647.54875753   642.786253 46477.640110
  770.200000    -652.70841840       5.83489109    -646.87352731   728.076585 46483.681646
  770.300000    -652.69810368       4.85009641    -647.84800727   605.194094 46489.790225
  770.400000    -652.45896627       4.93590909    -647.52305718   615.901784 46495.871825
  770.500000    -653.02007808       5.10892616    -647.91115192   637.490821 46501.912010
  770.600000    -653.26467176       5.42929483    -647.83537694   677.466361 46508.002091
  770.700000    -653.55780438       6.81651667    -646.74128771   850.563635 46514.034137
  770.800000    -651.71312488       5.15569047    -646.55743441   643.326062 46520.152468
  770.900000    -651.79698824       5.35851936    -646.43846888   668.635013 46526.210575
  771.000000    -652.36051670       5.58066975    -646.77984694   696.354895 46532.258381
  771.100000    -653.49799266       5.29751000    -648.20048266   661.022276 46538.393271
  771.200000    -653.22077435       4.76142345    -648.45935090   594.129500 46544.447485
  771.300000    -653.89431030       4.67551667    -649.21879363   583.410068 46550.505170
  771.400000    -653.63079212       5.44710691    -648.18368521   679.688950 46556.607994
  771.500000    -653.39867329       5.15304984    -648.24562345   642.996565 46562.700142
  771.600000    -653.58163171       5.72132558    -647.86030613   713.905903 46568.743236
  771.700000    -653.48053498       5.59668435    -647.88385064   698.353193 46574.818038
  771.800000    -652.78496006       5.38368354    -647.40127653   671.774993 46580.822644
  771.900000    -652.34672499       4.78010052    -647.56662447   596.460021 46586.831870
  772.000000    -652.54609592       5.60835978    -646.93773614   699.810051 46592.892695
  772.100000    -653.12731890       5.73188111    -647.39543779   715.223019 46598.907843
  772.200000    -651.55994220       5.24609192    -646.31385028   654.606338 46604.983958
  772.300000    -651.57096684       5.94824115    -645.62272568   742.220384 46611.012435
  772.400000    -652.32098076       6.05268327    -646.26829749   755.252651 46617.014939
  772.500000    -652.48144923       6.39897120    -646.08247804   798.462392 46623.105599
  772.600000    -652.20437668       6.51487444    -645.68950224   812.924776 46629.143488
  772.700000    -651.99046432       6.17900780    -645.81145652   771.015401 46635.144764
  772.800000    -652.10599550       5.55296907    -646.55302643   692.898410 46641.241491
  772.900000    -652.83773965       6.40033190    -646.43740775   798.632180 46647.295893
  773.000000    -652.69425079       6.27340028    -646.42085051   782.793677 46653.366796
  773.100000    -651.39995363       4.94693444    -646.45301919   617.277525 46659.468476
  773.200000    -653.06325593       6.73841306    -646.32484287   840.817882 46665.539220
  773.300000    -652.49059822       4.70250673    -647.78809149   586.777883 46671.639767
  773.400000    -652.96706488       5.32902113    -647.63804375   664.954229 46677.736947
  773.500000    -652.47191695       5.44756294    -647.02435401   679.745853 46683.792506
  773.600000    -652.32783672       6.16539237    -646.16244435   769.316470 46689.884501
  773.700000    -652.52890275       6.44192277    -646.08697998   803.821880 46695.921448
  773.800000    -652.46335186       5.61085854    -646.85249332   700.121847 46702.034950
  773.900000    -651.35560965       5.59668668    -645.75892297   698.353484 46708.113247
  774.000000    -652.30148041       6.48895667    -645.81252374   809.690762 46714.169574
  774.100000    -652.81363015       5.85535757    -646.95827258   730.630388 46720.287293
  774.200000    -653.59452325       5.18908554    -648.40543771   647.493093 46726.357856
  774.300000    -653.46837173       5.77495159    -647.69342014   720.597346 46732.404194
  774.400000    -651.79948110       4.83293889    -646.96654221   603.053182 46738.512900
  774.500000    -652.73111558       5.09006853    -647.64104705   635.137769 46744.596293
  774.600000    -653.06475544       5.31729514    -647.74746030   663.491062 46750.600168
  774.700000    -652.92177274       5.21968283    -647.70208992   651.311016 46756.747113
  774.800000    -652.99907127       4.69060941    -648.30846186   585.293337 46762.806474
  774.900000    -653.73977595       5.09268247    -648.64709348   635.463936 46768.846474
  775.000000    -652.69564773       5.16093831    -647.53470942   643.980886 46774.933056
  775.100000    -652.44432452       6.40653690    -646.03778762   799.406439 46781.010141
  775.200000    -652.21369846       6.00360875    -646.21008971   749.129142 46787.057691
  775.300000    -651.90599304       4.95911291    -646.94688013   618.797152 46793.107530
  775.400000    -653.39020030       6.57961634    -646.81058396   821.003257 46799.128655
  775.500000    -653.60080665       5.13127230    -648.46953435   640.279168 46805.167569
  775.600000    -652.98504397       4.85635022    -648.12869375   605.974444 46811.226349
  775.700000    -652.53969552       6.18717906    -646.35251646   772.035009 46817.227444
  775.800000    -651.67554909       5.94008586    -645.73546323   741.202768 46823.293536
  775.900000    -651.51051350       6.18558004    -645.32493346   771.835484 46829.289740
  776.000000    -651.84228448       6.21656527    -645.62571921   775.701815 46835.339938
  776.100000    -651.04310752       5.36731638    -645.67579115   669.732702 46841.341898
  776.200000    -651.19939617       5.63931244    -645.56008373   703.672318 46847.378294
  776.300000    -651.77456433       5.57128705    -646.20327728   695.184123 46853.419918
  776.400000    -651.80539193       5.26645416    -646.53893778   657.147134 46859.462056
  776.500000    -652.05672848       5.89266332    -646.16406516   735.285392 46865.468959
  776.600000    -651.96811704       5.77348543    -646.19463161   720.414398 46871.517793
  776.700000    -652.38007517       6.40763462    -645.97244055   799.543412 46877.559553
  776.800000    -652.94673549       6.22713797    -646.71959751   777.021075 46883.571130
  776.900000    -652.22756928       5.26316620    -646.96440307   656.736864 46889.654467
  777.000000    -652.02921266       5.10235765    -646.92685501   636.671203 46895.665345
  777.100000    -652.76657488       5.13732166    -647.62925322   641.034006 46901.712873
  777.200000    -652.38466606       4.95004278    -647.43462327   617.665384 46907.759841
  777.300000    -652.72382149       5.41065409    -647.31316740   675.140374 46913.829279
  777.400000    -653.24179319       4.69692976    -648.54486343   586.081989 46919.930449
  777.500000    -653.07617125       4.46677245    -648.60939880   557.363005 46926.045968
  777.600000    -652.56492762       5.44019939    -647.12472823   678.827030 46932.109540
  777.700000    -651.67573132       4.50072924    -647.17500208   561.600126 46938.236535
  777.800000    -651.97611841       5.76650733    -646.20961108   719.543672 46944.293285
  777.900000    -651.63570912       5.38726763    -646.24844148   672.222216 46950.247888
  778.000000    -653.37334253       5.69687066    -647.67647186   710.854423 46956.304816
  778.100000    -652.64937835       4.93540197    -647.71397638   615.838506 46962.331131
  778.200000    -653.01558734       6.18382977    -646.83175757   771.617086 46968.350474
  778.300000    -652.44487335       5.14587613    -647.29899722   642.101431 46974.412605
  778.400000    -651.92398800       5.87995955    -646.04402845   733.700218 46980.478294
  778.500000    -651.97384155       5.63848595    -646.33535560   703.569190 46986.478506
  778.600000    -652.13499932       5.90388495    -646.23111438   736.685625 46992.561176
  778.700000    -652.29246592       5.89340519    -646.39906073   735.377963 46998.565125
  778.800000    -651.94225072       5.29230384    -646.64994687   660.372653 47004.618770
  778.900000    -651.37145949       5.23286514    -646.13859435   652.955903 47010.697309
  779.000000    -652.24497825       6.33720517    -645.90777308   790.755239 47016.693979
  779.100000    -651.36931416       5.75717476    -645.61213940   718.379156 47022.740749
  779.200000    -651.53092308       5.33003031    -646.20089277   665.080154 47028.779851
  779.300000    -651.64255636       4.85381832    -646.78873804   605.658514 47034.802386
  779.400000    -651.52186061       6.56736569    -644.95449492   819.474624 47040.844949
  779.500000    -651.85117777       6.31417519    -645.53700258   787.881562 47046.953453
  779.600000    -651.39576039       5.66678800    -645.72897239   707.100713 47052.985374
  779.700000    -651.87589491       5.38032208    -646.49557283   671.355552 47059.083831
  779.800000    -651.15530245       5.28048157    -645.87482088   658.897471 47065.092647
  779.900000    -651.80895871       6.07555307    -645.73340564   758.106341 47071.108714
  780.000000    -651.83021425       7.35578873    -644.47442552   917.853899 47077.145711
  780.100000    -651.36866499       5.78822295    -645.58044204   722.253344 47083.195852
  780.200000    -651.75955013       6.63544757    -645.12410256   827.969868 47089.243874
  780.300000    -651.41287675       5.84217578    -645.57070098   728.985566 47095.310180
  780.400000    -652.47189117       6.09958915    -646.37230202   761.105557 47101.384370
  780.500000    -651.38754928       5.25543453    -646.13211475   655.772107 47107.495629
  780.600000    -652.32183624       6.06258772    -646.25924851   756.488527 47113.596532
  780.700000    -651.97820733       6.19980688    -645.77840045   773.610707 47119.650119
  780.800000    -652.00559415       5.56729735    -646.43829680   694.686290 47125.736571
  780.900000    -651.99440335       5.83344886    -646.16095449   727.896623 47131.775948
  781.000000    -652.58680635       5.95425502    -646.63255132   742.970793 47137.878934
  781.100000    -653.18273994       6.36207461    -646.82066533   793.858443 47143.965055
  781.200000    -652.89149472       6.67186937    -646.21962535   832.514573 47150.023896
  781.300000    -652.72034590       5.36292156    -647.35742434   669.184318 47156.147240
  781.400000    -652.59732407       6.33795756    -646.25936651   790.849122 47162.245795
  781.500000    -651.95962179       4.75311298    -647.20650880   593.092521 47168.323251
  781.600000    -652.54854178       5.06215816    -647.48638362   631.655118 47174.668988
  781.700000    -653.76209730       5.70299540    -648.05910189   711.618666 47180.770510
  781.800000    -652.72280740       4.84079638    -647.88201102   604.033639 47186.814340
  781.900000    -653.18246386       5.34682532    -647.83563854   667.175831 47193.010736
  782.000000    -653.82171693       5.50529099    -648.31642594   686.949148 47199.070440
  782.100000    -652.91547973       4.63147463    -648.28400510   577.914511 47205.164434
  782.200000    -653.34655701       6.18332771    -647.16322931   771.554438 47211.255391
  782.300000    -652.54077985       5.77426814    -646.76651172   720.512064 47217.323963
  782.400000    -652.75953685       5.58724028    -647.17229657   697.174764 47223.415833
  782.500000    -650.76794815       4.74210383    -646.02584433   591.718801 47229.507464
  782.600000    -652.47778144       6.77303987    -645.70474157   845.138609 47235.518538
  782.700000    -651.13839479       5.87812837    -645.26026642   733.471724 47241.596233
  782.800000    -652.78868764       7.04013095    -645.74855670   878.466181 47247.597220
  782.900000    -652.96159841       5.40257840    -647.55902002   674.132690 47253.654146
  783.000000    -653.61243416       6.06061349    -647.55182067   756.242182 47259.700705
  783.100000    -653.34749689       5.46885261    -647.87864427   682.402374 47265.774879
  783.200000    -653.08253395       5.38916167    -647.69337228   672.458554 47271.894751
  783.300000    -652.39511587       5.39779194    -646.99732393   673.535436 47278.006785
  783.400000    -651.63742432       5.14364753    -646.49377679   641.823346 47284.053573
  783.500000    -653.12574721       6.05066613    -647.07508108   755.000953 47290.190680
  783.600000    -652.33578547       4.99678895    -647.33899652   623.498361 47296.241569
  783.700000    -652.63650248       5.85734512    -646.77915736   730.878394 47302.294509
  783.800000    -652.93867121       5.28878250    -647.64988871   659.933260 47308.388587
  783.900000    -652.72464140       4.47701280    -648.24762860   558.640794 47314.461960
  784.000000    -652.22062873       5.85698469    -646.36364404   730.833419 47320.565024
  784.100000    -652.71574192       5.57724653    -647.13849539   695.927746 47326.642097
  784.200000    -651.78292670       5.50222506    -646.28070163   686.566582 47332.709566
  784.300000    -652.06766618       4.73410143    -647.33356474   590.720263 47338.817159
  784.400000    -651.58866200       5.38209107    -646.20657093   671.576286 47344.887930
  784.500000    -653.07220560       5.46190130    -647.61030429   681.534991 47350.926369
  784.600000    -653.16410625       5.69887121    -647.46523504   711.104050 47357.052083
  784.700000    -653.34529226       5.89304364    -647.45224862   735.332848 47363.099699
  784.800000    -651.62222119       4.69888634    -646.92333485   586.326131 47369.174271
  784.900000    -652.60606063       5.20261006    -647.40345057   649.180679 47375.271023
  785.000000    -653.13729655       5.46878118    -647.66851538   682.393460 47381.358792
  785.100000    -652.64505149       5.29603508    -647.34901641   660.838236 47387.459517
  785.200000    -652.15105890       5.41456374    -646.73649516   675.628219 47393.560343
  785.300000    -652.00161894       5.55692407    -646.44469487   693.391913 47399.636630
  785.400000    -651.46427826       5.13708422    -646.32719404   641.004379 47405.753450
  785.500000    -652.32209759       6.61031429    -645.71178330   824.833742 47411.869368
  785.600000    -651.53567888       6.04802558    -645.48765330   754.671466 47417.911892
  785.700000    -651.71132739       6.97254021    -644.73878718   870.032222 47424.049309
  785.800000    -651.70613770       6.35940226    -645.34673545   793.524987 47430.072686
  785.900000    -651.31053061       5.62754821    -645.68298240   702.204379 47436.094522
  786.000000    -653.02623418       7.03960509    -645.98662909   878.400565 47442.106778
  786.100000    -653.48571015       6.88743657    -646.59827359   859.413006 47448.154950
  786.200000    -652.45428906       5.90773735    -646.54655172   737.166326 47454.199877
  786.300000    -651.63578667       6.09102373    -645.54476294   760.036766 47460.235103
  786.400000    -652.36211834       6.20089824    -646.16122010   773.746886 47466.260447
  786.500000    -652.65987987       4.60073667    -648.05914319   574.079035 47472.329875
  786.600000    -651.86610887       4.77799878    -647.08811009   596.197767 47478.451620
  786.700000    -652.79404201       6.18626096    -646.60778106   771.920449 47484.499696
  786.800000    -652.51815279       5.70905294    -646.80909985   712.374524 47490.601949
  786.900000    -652.21736230       4.68969155    -647.52767075   585.178807 47496.643152
  787.000000    -652.94797025       5.06960473    -647.87836551   632.584301 47502.756212
  787.100000    -653.57491198       5.71396714    -647.86094485   712.987717 47508.847882
  787.200000    -653.01314173       5.73076364    -647.28237809   715.083581 47514.915715
  787.300000    -652.45217574       4.93211678    -647.52005896   615.428581 47521.033269
  787.400000    -652.95914623       6.25619078    -646.70295545   780.646279 47527.129616
  787.500000    -652.23655393       6.01504484    -646.22150908   750.556135 47533.198691
  787.600000    -652.67407329       5.88147898    -646.79259430   733.889813 47539.316103
  787.700000    -652.01883691       5.57801505    -646.44082186   696.023642 47545.413679
  787.800000    -651.54196689       5.01654987    -646.52541702   625.964125 47551.464536
  787.900000    -652.49333077       5.63855412    -646.85477665   703.577696 47557.578459
  788.000000    -652.73125795       6.01459549    -646.71666246   750.500066 47563.627490
  788.100000    -652.41977953       5.22751016    -647.19226938   652.287709 47569.758251
  788.200000    -652.51009553       5.07063921    -647.43945633   632.713382 47575.814396
  788.300000    -653.22419385       5.52931581    -647.69487804   689.946960 47581.886617
  788.400000    -653.80248216       4.74232644    -649.06015572   591.746578 47588.034760
  788.500000    -653.35568176       4.56265976    -648.79302201   569.327804 47594.089616
  788.600000    -653.38358495       5.49270637    -647.89087858   685.378842 47600.123627
  788.700000    -652.31456827       5.34849998    -646.96606829   667.384796 47606.281921
  788.800000    -652.46408230       6.07084306    -646.39323924   757.518625 47612.362500
  788.900000    -652.31110612       5.51939791    -646.79170821   688.709406 47618.304873
  789.000000    -652.32981347       5.45613491    -646.87367857   680.815461 47624.470555
  789.100000    -652.10133531       4.68439853    -647.41693678   584.518345 47630.544772
  789.200000    -653.24924215       4.72212363    -648.52711852   589.225675 47636.619388
  789.300000    -652.44757531       4.84307135    -647.60450395   604.317509 47642.712589
  789.400000    -652.20248667       5.20753814    -646.99494853   649.795605 47648.747420
  789.500000    -653.11220548       5.48410411    -647.62810137   684.305454 47654.844817
  789.600000    -653.02753457       5.64801826    -647.37951631   704.758629 47660.944620
  789.700000    -652.48838581       5.92601168    -646.56237413   739.446594 47667.009447
  789.800000    -652.18795641       5.79903467    -646.38892174   723.602427 47673.142941
  789.900000    -652.37136832       5.48810207    -646.88326624   684.804318 47679.233777
  790.000000    -652.53896358       5.92320772    -646.61575586   739.096717 47685.283753
  790.100000    -652.87494851       4.77137006    -648.10357846   595.370635 47691.396182
  790.200000    -652.62187833       5.95591568    -646.66596265   743.178010 47697.452386
  790.300000    -652.25886677       5.54168859    -646.71717818   691.490833 47703.530164
  790.400000    -652.26652519       5.37532755    -646.89119763   670.732335 47709.636769
  790.500000    -652.93023910       5.31894686    -647.61129224   663.697163 47715.678550
  790.600000    -651.90360789       5.09795911    -646.80564878   636.122354 47721.650011
  790.700000    -652.13286085       5.88458895    -646.24827190   734.277874 47727.771152
  790.800000    -651.34090502       5.58230610    -645.75859891   696.559079 47733.858406
  790.900000    -651.93817793       5.75949552    -646.17868242   718.668740 47739.931904
  791.000000    -651.04267569       6.22699744    -644.81567825   777.003539 47746.029954
  791.100000    -651.03711071       6.20701964    -644.83009107   774.510713 47752.034309
  791.200000    -651.23243874       5.68287091    -645.54956783   709.107536 47758.092392
  791.300000    -652.25319718       6.64109560    -645.61210158   828.674628 47764.141578
  791.400000    -652.41773115       5.35271482    -647.06501634   667.910722 47770.191364
  791.500000    -651.63140610       4.88105980    -646.75034630   609.057701 47776.286762
  791.600000    -652.06239402       5.20872033    -646.85367369   649.943118 47782.396251
  791.700000    -651.91927963       5.50971657    -646.40956307   687.501370 47788.447628
  791.800000    -651.02254978       6.31881185    -644.70373793   788.460123 47794.557700
  791.900000    -651.47321703       6.25639581    -645.21682122   780.671862 47800.633084
  792.000000    -651.87579707       6.13617458    -645.73962249   765.670680 47806.682447
  792.100000    -651.72985372       5.51313616    -646.21671756   687.928066 47812.818809
  792.200000    -651.71735027       5.26669245    -646.45065783   657.176868 47818.887623
  792.300000    -651.58217022       5.43676906    -646.14540116   678.398995 47824.912171
  792.400000    -651.16378638       5.21381079    -645.94997559   650.578305 47830.940820
  792.500000    -651.39527869       6.41942791    -644.97585078   801.014976 47837.036636
  792.600000    -651.64144049       5.38149154    -646.25994895   671.501476 47843.148653
  792.700000    -651.25220360       5.40564231    -645.84656129   674.515004 47849.234090
  792.800000    -651.74936996       5.70663465    -646.04273531   712.072771 47855.306384
  792.900000    -651.31393918       5.33064017    -645.98329900   665.156253 47861.404251
  793.000000    -651.40700525       5.09099155    -646.31601370   635.252944 47867.531917
  793.100000    -651.06887850       5.09545750    -645.97342099   635.810204 47873.594007
  793.200000    -652.53946101       5.43965104    -647.09980997   678.758607 47879.712873
  793.300000    -651.86912983       5.77065631    -646.09847352   720.061381 47885.758694
  793.400000    -651.65208203       5.44948209    -646.20259995   679.985324 47891.852135
  793.500000    -651.81101749       5.84972373    -645.96129376   729.927399 47897.962337
  793.600000    -652.48521582       6.62512196    -645.86009385   826.681441 47904.001343
  793.700000    -652.25849116       6.92114606    -645.33734510   863.619271 47910.051815
  793.800000    -652.34237458       5.63540928    -646.70696531   703.185283 47916.129303
  793.900000    -652.32763026       5.14107646    -647.18655379   641.502529 47922.202660
  794.000000    -652.48821060       5.68634979    -646.80186081   709.541629 47928.286016
  794.100000    -653.17774076       5.30633792    -647.87140284   662.123822 47934.395966
  794.200000    -653.04417526       5.10682823    -647.93734703   637.229041 47940.457559
  794.300000    -653.49073338       5.55350379    -647.93722959   692.965132 47946.589996
  794.400000    -653.19126649       5.90806383    -647.28320266   737.207065 47952.650007
  794.500000    -652.67891145       5.32682875    -647.35208270   664.680664 47958.724758
  794.600000    -652.57327460       5.84830118    -646.72497342   729.749893 47964.789534
  794.700000    -652.72492549       6.08756803    -646.63735746   759.605565 47970.874118
  794.800000    -651.89404993       5.87071034    -646.02333959   732.546103 47976.994287
  794.900000    -651.83502559       6.34133206    -645.49369354   791.270191 47983.086433
  795.000000    -651.75073759       5.80584216    -645.94489543   724.451865 47989.136813
  795.100000    -652.40515920       5.92096972    -646.48418947   738.817460 47995.283092
  795.200000    -651.15031280       4.70503471    -646.44527809   587.093323 48001.305853
  795.300000    -652.31487354       5.73466383    -646.58020971   715.570246 48007.328338
  795.400000    -652.81674342       5.07392706    -647.74281637   633.123640 48013.418350
  795.500000    -652.86248533       5.24714655    -647.61533878   654.737934 48019.476229
  795.600000    -652.14249486       5.17425996    -646.96823490   645.643159 48025.601883
  795.700000    -652.05122271       5.31199681    -646.73922590   662.829937 48031.674961
  795.800000    -651.35937258       4.80744565    -646.55192693   599.872141 48037.750196
  795.900000    -652.15860331       5.72146482    -646.43713849   713.923276 48043.875882
  796.000000    -652.69182087       5.66325687    -647.02856400   706.660100 48049.957600
  796.100000    -652.18992892       5.87519418    -646.31473474   733.105596 48056.006600
  796.200000    -652.05959897       5.42554711    -646.63405187   676.998721 48062.131889
  796.300000    -652.32357123       5.32590831    -646.99766292   664.565812 48068.167034
  796.400000    -652.28798152       4.67114905    -647.61683248   582.865077 48074.181252
  796.500000    -653.14011847       5.91406840    -647.22605007   737.956315 48080.240448
  796.600000    -651.15972185       4.91823071    -646.24149114   613.695879 48086.252332
  796.700000    -652.57862063       4.87975647    -647.69886416   608.895071 48092.289065
  796.800000    -653.30788759       6.06446511    -647.24342248   756.722786 48098.329717
  796.900000    -651.35718516       4.21038728    -647.14679788   525.371313 48104.353350
  797.000000    -651.14799151       5.38499494    -645.76299658   671.938630 48110.443668
  797.100000    -651.33775163       5.47498430    -645.86276733   683.167485 48116.553899
  797.200000    -651.65563432       6.61764738    -645.03798694   825.748764 48122.596840
  797.300000    -650.95348120       5.21587433    -645.73760686   650.835793 48128.737686
  797.400000    -652.38793928       6.21205350    -646.17588577   775.138838 48134.814522
  797.500000    -651.90341348       5.85855011    -646.04486337   731.028752 48140.869258
  797.600000    -652.42171232       5.60870193    -646.81301038   699.852745 48146.931465
  797.700000    -650.98747990       5.44770900    -645.53977090   679.764079 48153.015795
  797.800000    -651.42829442       5.78838336    -645.63991106   722.273359 48159.133651
  797.900000    -652.08461887       6.05887155    -646.02574732   756.024823 48165.193499
  798.000000    -651.31916810       5.52068249    -645.79848561   688.869696 48171.231743
  798.100000    -651.89137993       6.06988694    -645.82149299   757.399322 48177.312844
  798.200000    -650.75101285       6.02392786    -644.72708499   751.664556 48183.385150
  798.300000    -651.54166618       6.48120379    -645.06046239   808.723358 48189.437835
  798.400000    -652.23856771       6.52218968    -645.71637803   813.837570 48195.597478
  798.500000    -651.75963418       5.83523597    -645.92439821   728.119618 48201.696146
  798.600000    -652.20425139       5.06132188    -647.14292951   631.550768 48207.734964
  798.700000    -652.62850176       5.86723590    -646.76126586   732.112564 48213.857460
  798.800000    -651.63116647       5.58209015    -646.04907632   696.532132 48219.926557
  798.900000    -652.52717253       6.05561705    -646.47155548   755.618727 48225.990738
  799.000000    -651.47926043       5.21495253    -646.26430791   650.720770 48232.051892
  799.100000    -652.53012425       5.78081313    -646.74931112   721.328747 48238.126120
  799.200000    -651.03337346       5.48261826    -645.55075520   684.120049 48244.238699
  799.300000    -652.00912287       5.72063189    -646.28849098   713.819344 48250.306951
  799.400000    -651.61228899       5.50786439    -646.10442460   687.270256 48256.464749
  799.500000    -651.42796279       4.84623274    -646.58173005   604.711986 48262.676752
  799.600000    -652.40961967       4.91093464    -647.49868503   612.785476 48268.785471
  799.700000    -653.08379950       5.36470205    -647.71909745   669.406486 48274.930801
  799.800000    -653.21243527       5.16149062    -648.05094464   644.049804 48281.048377
  799.900000    -653.76910407       5.54467561    -648.22442845   691.863554 48287.171321
  800.000000    -653.02045834       5.30200476    -647.71845359   661.583131 48293.299043
  800.100000    -652.88768536       5.30804545    -647.57963990   662.336888 48299.403718
  800.200000    -652.91883510       5.94818412    -646.97065098   742.213267 48305.505217
  800.300000    -650.96588896       5.34936091    -645.61652806   667.492222 48311.646196
  800.400000    -652.38469512       5.83707436    -646.54762076   728.349013 48317.766419
  800.500000    -653.05594450       7.03362577    -646.02231873   877.654467 48323.866279
  800.600000    -652.44759098       5.45620302    -646.99138796   680.823961 48330.017063
  800.700000    -652.93954259       5.18352423    -647.75601836   646.799153 48336.097795
  800.800000    -652.87716421       4.36076632    -648.51639789   544.135581 48342.188565
  800.900000    -653.02901305       5.17732197    -647.85169108   646.025237 48348.314852
  801.000000    -653.56474081       5.40814833    -648.15659248   674.827706 48354.401324
  801.100000    -652.83080941       4.59683284    -648.23397657   573.591915 48360.545419
  801.200000    -652.13463693       4.87393202    -647.26070491   608.168297 48366.683575
  801.300000    -651.25521955       5.59601941    -645.65920014   698.270223 48372.738911
  801.400000    -652.18520943       5.81852749    -646.36668193   726.034738 48378.885662
  801.500000    -652.06625619       5.77458124    -646.29167495   720.551133 48384.968070
  801.600000    -652.62148735       6.16682295    -646.45466440   769.494978 48391.070424
  801.700000    -651.13263431       6.08475025    -645.04788406   759.253963 48397.197057
  801.800000    -651.53678950       5.57261421    -645.96417530   695.349726 48403.249519
  801.900000    -652.51241034       5.24858068    -647.26382966   654.916885 48409.372994
  802.000000    -653.34886451       5.66376409    -647.68510042   706.723390 48415.459479
  802.100000    -652.54101013       5.23579867    -647.30521146   653.321948 48421.556323
  802.200000    -652.77928827       5.13855624    -647.64073203   641.188057 48427.665220
  802.300000    -652.42381599       5.38210027    -647.04171572   671.577434 48433.780972
  802.400000    -652.38770873       5.16470395    -647.22300477   644.450763 48439.843268
  802.500000    -652.10170430       4.65983164    -647.44187266   581.452893 48446.020353
  802.600000    -652.25513423       4.91152302    -647.34361121   612.858895 48452.096004
  802.700000    -652.79260893       5.31495452    -647.47765440   663.199000 48458.163575
  802.800000    -652.61980719       5.88579370    -646.73401349   734.428203 48464.299393
  802.900000    -653.28419135       6.57559034    -646.70860101   820.500895 48470.400857
  803.000000    -652.35952524       6.34378093    -646.01574431   791.575761 48476.532535
  803.100000    -652.38447288       5.99354957    -646.39092330   747.873960 48482.631220
  803.200000    -652.30556670       5.87958680    -646.42597990   733.653707 48488.697776
  803.300000    -652.29676528       4.92572143    -647.37104384   614.630570 48494.868755
  803.400000    -653.29502091       4.91669065    -648.37833026   613.503710 48500.958642
  803.500000    -652.77629760       4.96979644    -647.80650117   620.130241 48506.975569
  803.600000    -653.41875099       4.65955614    -648.75919484   581.418517 48513.036385
  803.700000    -653.03003951       5.31429430    -647.71574521   663.116618 48519.072906
  803.800000    -652.80511357       4.72043275    -648.08468082   589.014688 48525.159663
  803.900000    -652.71758673       5.11345242    -647.60413431   638.055607 48531.181011
  804.000000    -652.69613169       4.40127789    -648.29485379   549.190607 48537.209671
  804.100000    -652.49328188       5.18680622    -647.30647566   647.208680 48543.311130
  804.200000    -652.64226995       5.29272097    -647.34954898   660.424702 48549.340992
  804.300000    -652.89882009       5.80333610    -647.09548399   724.139159 48555.366717
  804.400000    -653.14994481       5.98568411    -647.16426071   746.892508 48561.457418
  804.500000    -652.31578103       5.23086479    -647.08491623   652.706300 48567.507780
  804.600000    -654.01454568       5.73317367    -648.28137201   715.384305 48573.545264
  804.700000    -653.29093103       4.90260865    -648.38832238   611.746561 48579.668552
  804.800000    -652.87049336       5.46258382    -647.40790954   681.620156 48585.721631
  804.900000    -653.13680165       5.89689634    -647.23990531   735.813588 48591.845760
  805.000000    -652.20985995       5.75049826    -646.45936169   717.546064 48597.905949
  805.100000    -651.40543983       5.24703958    -646.15840024   654.724587 48603.976440
  805.200000    -652.09960077       5.93567935    -646.16392142   740.652924 48610.060153
  805.300000    -651.55240788       5.32025048    -646.23215740   663.859829 48616.117075
  805.400000    -651.37500042       6.13019459    -645.24480583   764.924498 48622.164434
  805.500000    -651.11567325       6.24812781    -644.86754545   779.640183 48628.227250
  805.600000    -651.76076016       5.56539652    -646.19536364   694.449104 48634.262011
  805.700000    -651.71870144       5.65262018    -646.06608125   705.332856 48640.355414
  805.800000    -652.33841044       5.48516289    -646.85324755   684.437567 48646.475113
  805.900000    -651.78707575       4.83863575    -646.94844001   603.764035 48652.547346
  806.000000    -653.46163864       5.46773119    -647.99390746   682.262443 48658.651833
  806.100000    -653.07766765       4.68055814    -648.39710951   584.039142 48664.763013
  806.200000    -653.04897551       5.47532456    -647.57365095   683.209943 48670.834013
  806.300000    -652.57262584       5.68951842    -646.88310741   709.937011 48676.956413
  806.400000    -652.78667510       5.61248035    -647.17419475   700.324216 48683.076559
  806.500000    -652.05382353       5.36838464    -646.68543889   669.866000 48689.127645
  806.600000    -651.86757543       4.88338634    -646.98418909   609.348006 48695.260012
  806.700000    -653.44493119       5.58084029    -647.86409090   696.376175 48701.320175
  806.800000    -653.38376016       5.23520433    -648.14855583   653.247787 48707.423710
  806.900000    -652.60897755       5.31768739    -647.29129016   663.540007 48713.546722
  807.000000    -652.82665945       6.47528632    -646.35137313   807.984978 48719.592838
  807.100000    -650.71345464       4.70892585    -646.00452878   587.578860 48725.706193
  807.200000    -652.78821077       6.75849235    -646.02971842   843.323372 48731.802972
  807.300000    -652.30770492       5.88150865    -646.42619627   733.893515 48737.862497
  807.400000    -652.00677756       6.08083525    -645.92594231   758.765450 48743.989901
  807.500000    -652.22401510       5.04650087    -647.17751423   629.701405 48750.081452
  807.600000    -652.39296520       5.40837056    -646.98459464   674.855435 48756.144068
  807.700000    -653.10393010       6.70082765    -646.40310245   836.127981 48762.273989
  807.800000    -651.98194024       5.08891389    -646.89302635   634.993694 48768.319979
  807.900000    -651.88584064       4.98390743    -646.90193321   621.891007 48774.431493
  808.000000    -652.04020906       5.71046849    -646.32974057   712.551156 48780.548774
  808.100000    -652.64664891       5.88278280    -646.76386611   734.052503 48786.623780
  808.200000    -652.19146861       5.08090586    -647.11056275   633.994454 48792.774642
  808.300000    -653.22512520       6.36762514    -646.85750006   794.551036 48798.850543
  808.400000    -652.96270224       5.46223544    -647.50046681   681.576684 48805.049236
  808.500000    -652.00720610       6.13664960    -645.87055650   765.729953 48811.429390
  808.600000    -652.44286613       6.58727495    -645.85559118   821.958898 48817.714505
  808.700000    -652.88564304       6.61597648    -646.26966656   825.540269 48823.972850
  808.800000    -652.37363197       5.24903518    -647.12459679   654.973597 48830.101891
  808.900000    -652.11053223       5.66103149    -646.44950074   706.382417 48836.193059
  809.000000    -651.53906877       5.53913263    -645.99993615   691.171901 48842.346790
  809.100000    -651.91147068       6.33808380    -645.57338688   790.864874 48848.438768
  809.200000    -653.39104490       6.81651860    -646.57452629   850.563877 48854.494921
  809.300000    -652.82649844       5.94165583    -646.88484261   741.398668 48860.645186
  809.400000    -652.84681556       4.34849468    -648.49832088   542.604328 48866.729434
  809.500000    -652.74569792       4.62116609    -648.12453182   576.628213 48872.789749
  809.600000    -652.61352499       5.00617866    -647.60734634   624.670007 48878.881863
  809.700000    -652.94952115       5.52963056    -647.41989059   689.986234 48884.990575
  809.800000    -652.38849005       5.34927644    -647.03921361   667.481682 48891.105451
  809.900000    -653.37327917       5.51749167    -647.85578750   688.471546 48897.207952
  810.000000    -652.43783057       5.05230006    -647.38553051   630.425027 48903.287541
  810.100000    -653.09286548       5.45075603    -647.64210945   680.144286 48909.419485
  810.200000    -652.77737994       4.75189045    -648.02548949   592.939973 48915.510390
  810.300000    -653.54339368       5.94597398    -647.59741970   741.937486 48921.583658
  810.400000    -652.84474554       5.13393396    -647.71081158   640.611289 48927.701446
  810.500000    -652.51859186       5.17396750    -647.34462436   645.606667 48933.755919
  810.600000    -651.68225490       4.84392899    -646.83832590   604.424525 48939.887743
  810.700000    -652.64596054       5.78818123    -646.85777931   722.248137 48945.959999
  810.800000    -652.16659138       6.05322273    -646.11336864   755.319965 48952.074570
  810.900000    -653.25351278       6.74378129    -646.50973149   841.487729 48958.198797
  811.000000    -651.84471124       5.19918632    -646.64552492   648.753466 48964.309901
  811.100000    -651.59379887       5.67927784    -645.91452103   708.659194 48970.387046
  811.200000    -652.10413047       5.06074186    -647.04338861   631.478393 48976.551210
  811.300000    -652.67704218       5.55081170    -647.12623048   692.629214 48982.648448
  811.400000    -652.64095981       5.24985069    -647.39110912   655.075357 48988.700988
  811.500000    -652.04171943       5.68935892    -646.35236051   709.917108 48994.806425
  811.600000    -652.64392095       5.61003216    -647.03388878   700.018731 49000.909284
  811.700000    -651.72282449       5.38909334    -646.33373114   672.450028 49006.996225
  811.800000    -651.26012008       6.31061039    -644.94950970   787.436747 49013.110621
  811.900000    -651.51055461       5.96976831    -645.54078630   744.906538 49019.206880
  812.000000    -651.74517585       7.29440872    -644.45076713   910.194913 49025.315527
  812.100000    -651.69230311       5.91694217    -645.77536094   738.314903 49031.455877
  812.200000    -652.00018722       6.34353149    -645.65665573   791.544636 49037.509578
  812.300000    -651.57256881       5.15625739    -646.41631142   643.396802 49043.624243
  812.400000    -652.04665188       6.08374350    -645.96290838   759.128341 49049.694998
  812.500000    -652.14303007       6.84454476    -645.29848531   854.060974 49055.835620
  812.600000    -651.87225152       5.43045423    -646.44179729   677.611031 49061.902851
  812.700000    -652.50216296       5.82261651    -646.67954644   726.544966 49067.979040
  812.800000    -653.09221276       5.33240490    -647.75980786   665.376454 49074.125036
  812.900000    -652.48022694       5.62985546    -646.85037147   702.492279 49080.232854
  813.000000    -653.02308517       4.59424677    -648.42883840   573.269225 49086.302031
  813.100000    -652.38148405       5.29310521    -647.08837884   660.472648 49092.476178
  813.200000    -653.27290412       5.97788015    -647.29502396   745.918732 49098.576554
  813.300000    -652.93775371       5.40842200    -647.52933171   674.861854 49104.621553
  813.400000    -652.08309404       4.51982415    -647.56326989   563.982786 49110.718353
  813.500000    -652.76788021       5.11125279    -647.65662742   637.781137 49116.754078
  813.600000    -653.53283863       5.90981165    -647.62302698   737.425158 49122.824027
  813.700000    -652.37932131       4.71569529    -647.66362602   588.423548 49128.888683
  813.800000    -653.05749429       6.10880968    -646.94868461   762.256093 49135.097364
  813.900000    -653.20016466       5.76565166    -647.43451300   719.436902 49141.216658
  814.000000    -652.46983087       6.11523301    -646.35459786   763.057596 49147.290896
  814.100000    -651.09765856       5.43260980    -645.66504876   677.880003 49153.322989
  814.200000    -651.72012373       5.87290241    -645.84722132   732.819629 49159.418454
  814.300000    -651.68286436       4.71957431    -646.96329006   588.907571 49165.454536
  814.400000    -652.05905926       4.76832399    -647.29073528   594.990547 49171.574179
  814.500000    -653.13080937       6.22445352    -646.90635585   776.686110 49177.651112
  814.600000    -651.99865238       5.47752070    -646.52113169   683.483976 49183.741200
  814.700000    -652.82738087       4.77490036    -648.05248051   595.811146 49189.897876
  814.800000    -653.41865905       5.38848635    -648.03017270   672.374287 49195.992771
  814.900000    -652.57598947       5.22690096    -647.34908852   652.211693 49202.057989
  815.000000    -652.94606666       5.66133273    -647.28473393   706.420006 49208.217308
  815.100000    -652.94628505       5.73939714    -647.20688791   716.160868 49214.281715
  815.200000    -652.27980251       6.41318089    -645.86662162   800.235474 49220.332220
  815.300000    -652.54680389       6.67039663    -645.87640726   832.330805 49226.426168
  815.400000    -652.56679710       6.86679461    -645.70000249   856.837307 49232.525531
  815.500000    -652.44994506       5.61144910    -646.83849597   700.195536 49238.648426
  815.600000    -652.01071115       5.18343938    -646.82727177   646.788566 49244.726804
  815.700000    -651.95353424       6.65401884    -645.29951540   830.287187 49250.780120
  815.800000    -651.44899746       6.19048102    -645.25851644   772.447027 49256.880740
  815.900000    -652.52365369       5.99412574    -646.52952794   747.945854 49262.941849
  816.000000    -652.49080106       5.66654896    -646.82425210   707.070886 49268.981442
  816.100000    -653.13816094       6.39879765    -646.73936329   798.440737 49275.098637
  816.200000    -650.99483655       5.45754806    -645.53728849   680.991794 49281.131466
  816.300000    -651.32892397       5.49195368    -645.83697029   685.284920 49287.191123
  816.400000    -651.21241447       5.96465098    -645.24776349   744.267999 49293.301715
  816.500000    -652.10689169       5.69022532    -646.41666637   710.025218 49299.364921
  816.600000    -653.40795267       6.39018869    -647.01776398   797.366512 49305.478371
  816.700000    -651.69206340       5.07992085    -646.61214255   633.871544 49311.561512
  816.800000    -652.51749216       5.25287923    -647.26461294   655.453257 49317.643010
  816.900000    -652.62338394       5.95112827    -646.67225567   742.580638 49323.748696
  817.000000    -653.02642046       6.45019300    -646.57622745   804.853839 49329.868917
  817.100000    -651.03247654       6.09878460    -644.93369194   761.005166 49335.938206
  817.200000    -652.65832737       6.53823738    -646.12008999   815.839999 49342.073321
  817.300000    -651.15122043       5.66339563    -645.48782480   706.677414 49348.129639
  817.400000    -651.29011665       5.39279008    -645.89732657   672.911305 49354.189263
  817.500000    -651.96315123       5.93955557    -646.02359566   741.136599 49360.240203
  817.600000    -652.45859019       6.26625516    -646.19233503   781.902111 49366.288074
  817.700000    -652.43884415       6.06657644    -646.37226771   756.986238 49372.411443
  817.800000    -652.34745410       6.20990644    -646.13754766   774.870928 49378.449069
  817.900000    -652.53730526       6.56316068    -645.97414458   818.949923 49384.470867
  818.000000    -651.78270056       6.52097663    -645.26172393   813.686206 49390.594314
  818.100000    -651.24343470       5.90299153    -645.34044316   736.574145 49396.647634
  818.200000    -652.26846970       7.04947191    -645.21899779   879.631746 49402.729274
  818.300000    -651.81138799       5.52805834    -646.28332965   689.790053 49408.847104
  818.400000    -652.57419914       5.83155585    -646.74264329   727.660414 49414.896621
  818.500000    -652.49263126       5.40816706    -647.08446420   674.830042 49421.015436
  818.600000    -651.54596836       5.22504011    -646.32092826   651.979496 49427.080891
  818.700000    -651.81488098       5.70631034    -646.10857064   712.032303 49433.167032
  818.800000    -652.15774995       6.36741502    -645.79033493   794.524818 49439.324501
  818.900000    -652.24256252       5.97172327    -646.27083925   745.150477 49445.385688
  819.000000    -652.53330265       5.94870252    -646.58460012   742.277953 49451.439621
  819.100000    -653.20897274       6.07876676    -647.13020599   758.507344 49457.581506
  819.200000    -652.48982018       7.08202290    -645.40779728   883.693451 49463.678961
  819.300000    -651.49712044       6.53820254    -644.95891790   815.835652 49469.723138
  819.400000    -651.84314389       4.89246296    -646.95068092   610.480585 49475.828036
  819.500000    -652.11157680       5.88042983    -646.23114697   733.758900 49481.921102
  819.600000    -652.45473108       6.22742886    -646.22730222   777.057372 49488.040457
  819.700000    -651.40737009       5.33899982    -646.06837027   666.199368 49494.129801
  819.800000    -652.83897097       6.71089015    -646.12808082   837.383579 49500.218446
  819.900000    -651.08370435       5.39265099    -645.69105336   672.893950 49506.373907
  820.000000    -652.10892767       5.73488158    -646.37404609   715.597417 49512.447261
  820.100000    -651.49632220       5.81602984    -645.68029236   725.723081 49518.514776
  820.200000    -652.11683653       7.01949855    -645.09733798   875.891675 49524.645913
  820.300000    -651.41115166       6.00550171    -645.40564995   749.365345 49530.710060
  820.400000    -650.92754682       5.81278821    -645.11475862   725.318591 49536.814952
  820.500000    -652.15569006       5.79755343    -646.35813663   723.417599 49542.941620
  820.600000    -652.22097688       5.99875440    -646.22222248   748.523417 49549.018687
  820.700000    -652.12896873       5.66240161    -646.46656713   706.553380 49555.112860
  820.800000    -652.11803098       6.33397656    -645.78405442   790.352374 49561.170517
  820.900000    -652.44736374       6.22667784    -646.22068589   776.963660 49567.224584
  821.000000    -652.71644691       5.57287345    -647.14357346   695.382074 49573.306986
  821.100000    -652.40267010       4.69952743    -647.70314266   586.406126 49579.414931
  821.200000    -652.89385407       5.26983005    -647.62402403   657.568377 49585.438963
  821.300000    -653.27246117       5.34719760    -647.92526357   667.222285 49591.514148
  821.400000    -652.69564585       5.17072399    -647.52492186   645.201942 49597.531615
  821.500000    -653.35756380       5.93216444    -647.42539936   740.214335 49603.612320
  821.600000    -652.78465411       5.31611371    -647.46854040   663.343644 49609.677732
  821.700000    -652.73739225       5.53117508    -647.20621716   690.178960 49615.723963
  821.800000    -652.88291026       5.88496781    -646.99794244   734.325149 49621.803882
  821.900000    -653.39246532       6.02334738    -647.36911794   751.592124 49627.864488
  822.000000    -653.25364486       6.17885872    -647.07478614   770.996800 49633.919792
  822.100000    -653.20679679       6.28133803    -646.92545876   783.784147 49640.045697
  822.200000    -653.06077714       7.03831867    -646.02245847   878.240045 49646.082617
  822.300000    -653.06848756       6.42080683    -646.64768073   801.187037 49652.115035
  822.400000    -652.29398027       6.06683086    -646.22714941   757.017985 49658.229122
  822.500000    -653.09326053       5.30565677    -647.78760377   662.038828 49664.270562
  822.600000    -652.76833255       5.46446277    -647.30386979   681.854610 49670.320656
  822.700000    -652.58374707       5.73808223    -646.84566484   715.996793 49676.352804
  822.800000    -651.75375906       5.51399596    -646.23976310   688.035352 49682.425243
  822.900000    -653.11432867       5.65961054    -647.45471813   706.205112 49688.508387
  823.000000    -652.87463960       4.78262254    -648.09201706   596.774719 49694.559319
  823.100000    -652.79991085       5.44535689    -647.35455396   679.470582 49700.605664
  823.200000    -653.97603210       6.21101296    -647.76501914   775.008999 49706.680275
  823.300000    -652.82612157       5.17251149    -647.65361008   645.424986 49712.740036
  823.400000    -652.27352661       5.61398977    -646.65953684   700.512560 49718.786181
  823.500000    -652.41165691       5.33769197    -647.07396494   666.036174 49724.869301
  823.600000    -652.49905184       5.89909585    -646.59995598   736.088043 49730.892286
  823.700000    -651.92029102       5.40000280    -646.52028822   673.811308 49736.959383
  823.800000    -651.89338909       5.56297622    -646.33041287   694.147099 49743.004287
  823.900000    -651.84079481       5.24473304    -646.59606177   654.436777 49749.060440
  824.000000    -651.73052678       5.29731046    -646.43321632   660.997378 49755.119824
  824.100000    -651.31647568       5.31774207    -645.99873361   663.546830 49761.176219
  824.200000    -652.68058877       5.52692359    -647.15366519   689.648459 49767.225312
  824.300000    -652.19874482       4.83585926    -647.36288557   603.417586 49773.295768
  824.400000    -652.36661280       5.82059852    -646.54601428   726.293161 49779.362003
  824.500000    -652.08277894       5.73968772    -646.34309122   716.197127 49785.382898
  824.600000    -652.33468210       5.92939855    -646.40528355   739.869207 49791.481513
  824.700000    -651.94868784       5.90660767    -646.04208016   737.025366 49797.516867
  824.800000    -650.78112339       5.28853505    -645.49258834   659.902383 49803.554620
  824.900000    -652.16035756       5.45432723    -646.70603033   680.589900 49809.643678
  825.000000    -651.98034631       5.67777374    -646.30257257   708.471512 49815.681892
  825.100000    -651.63147970       4.94335754    -646.68812216   616.831200 49821.739561
  825.200000    -652.44192468       6.04620688    -646.39571779   754.444529 49827.832662
  825.300000    -651.81301114       5.88095398    -645.93205716   733.824303 49833.884815
  825.400000    -651.97418934       5.99521895    -645.97897039   748.082264 49839.979995
  825.500000    -652.29957806       6.40893734    -645.89064072   799.705965 49846.041996
  825.600000    -651.85215160       5.82296226    -646.02918935   726.588107 49852.072837
  825.700000    -652.08547298       6.07034449    -646.01512849   757.456414 49858.176494
  825.800000    -652.28724227       6.09367071    -646.19357156   760.367056 49864.209415
  825.900000    -651.58206266       6.24755475    -645.33450791   779.568677 49870.265209
  826.000000    -651.93373977       6.77398415    -645.15975562   845.256435 49876.295286
  826.100000    -650.29919531       5.79912275    -644.50007256   723.613418 49882.379023
  826.200000    -650.98026361       5.83060373    -645.14965988   727.541609 49888.457154
  826.300000    -650.98560767       5.05318358    -645.93242409   630.535272 49894.503773
  826.400000    -651.76788596       5.91085666    -645.85702930   737.555554 49900.545295
  826.500000    -651.91235986       5.76073299    -646.15162687   718.823151 49906.629695
  826.600000    -652.80804137       4.80885747    -647.99918389   600.048308 49912.722068
  826.700000    -652.81212726       5.75007970    -647.06204756   717.493836 49918.740550
  826.800000    -652.54857573       5.67669538    -646.87188035   708.336955 49924.864408
  826.900000    -652.13082029       5.26535433    -646.86546596   657.009898 49930.915040
  827.000000    -652.25280945       4.89819258    -647.35461688   611.195525 49936.949140
  827.100000    -652.60797553       5.20189050    -647.40608504   649.090893 49943.030113
  827.200000    -652.72585467       5.99179959    -646.73405508   747.655597 49949.107499
  827.300000    -652.80551252       5.21760403    -647.58790849   651.051625 49955.214417
  827.400000    -652.63146437       4.99899952    -647.63246485   623.774196 49961.322632
  827.500000    -652.79164431       5.26614103    -647.52550329   657.108061 49967.389121
  827.600000    -652.70554159       5.08925563    -647.61628596   635.036336 49973.524831
  827.700000    -652.21921811       5.99549701    -646.22372110   748.116960 49979.580951
  827.800000    -652.21820773       6.31541949    -645.90278823   788.036826 49985.611026
  827.900000    -652.71109073       5.22489977    -647.48619097   651.961985 49991.691724
  828.000000    -653.07252751       5.38525016    -647.68727735   671.970476 49997.705239
  828.100000    -652.47664443       5.64117073    -646.83547370   703.904196 50003.788200
  828.200000    -652.09251571       5.12876708    -646.96374863   639.966567 50009.850531
  828.300000    -652.50619569       5.53560079    -646.97059490   690.731199 50015.905979
  828.400000    -652.94255514       4.56932251    -648.37323263   570.159181 50022.042832
  828.500000    -653.67076590       5.08791391    -648.58285199   634.868916 50028.144625
  828.600000    -652.56747155       4.73447612    -647.83299543   590.767017 50034.192023
  828.700000    -652.97304902       5.81872309    -647.15432593   726.059145 50040.339806
  828.800000    -652.26596385       4.78776577    -647.47819808   597.416490 50046.409615
  828.900000    -652.96401476       5.92953568    -647.03447908   739.886319 50052.476625
  829.000000    -652.11021304       4.56294542    -647.54726761   569.363450 50058.565904
  829.100000    -652.72261483       5.57168609    -647.15092874   695.233916 50064.643779
  829.200000    -653.01146306       5.53140883    -647.48005423   690.208126 50070.784605
  829.300000    -652.91931889       5.94652606    -646.97279283   742.006375 50076.889652
  829.400000    -652.82394432       5.33785648    -647.48608785   666.056701 50082.977662
  829.500000    -652.43738617       5.16835556    -647.26903061   644.906409 50089.078898
  829.600000    -652.66071300       5.54178316    -647.11892985   691.502633 50095.162106
  829.700000    -652.48792006       5.83114574    -646.65677433   727.609240 50101.239014
  829.800000    -652.63225698       5.74212641    -646.89013057   716.501426 50107.370538
  829.900000    -652.77772348       6.59288514    -646.18483834   822.658935 50113.424248
  830.000000    -652.80845508       5.76512706    -647.04332801   719.371443 50119.500570
  830.100000    -652.90403743       5.72683851    -647.17719892   714.593805 50125.589252
  830.200000    -652.02052758       5.38049033    -646.64003725   671.376546 50131.667619
  830.300000    -652.83181984       6.26260572    -646.56921411   781.446734 50137.802703
  830.400000    -652.90442488       5.74944847    -647.15497641   717.415071 50143.910776
  830.500000    -653.14466601       4.94082926    -648.20383675   616.515722 50149.962165
  830.600000    -652.65241768       4.94097487    -647.71144281   616.533892 50156.106873
  830.700000    -652.89708049       5.35708763    -647.53999286   668.456361 50162.167811
  830.800000    -652.37238916       5.77327782    -646.59911133   720.388493 50168.222519
  830.900000    -652.63257739       5.62750606    -647.00507133   702.199121 50174.302425
  831.000000    -651.88643487       5.91531011    -645.97112476   738.111255 50180.348007
  831.100000    -652.09147182       6.68057097    -645.41090085   833.600357 50186.439379
  831.200000    -652.10299796       5.71929978    -646.38369818   713.653124 50192.467764
  831.300000    -651.84695062       4.80854114    -647.03840949   600.008836 50198.513122
  831.400000    -652.78168391       5.17765542    -647.60402849   646.066845 50204.625093
  831.500000    -653.84102204       5.74927165    -648.09175039   717.393008 50210.658888
  831.600000    -653.87638144       5.36573256    -648.51064888   669.535074 50216.695557
  831.700000    -652.94383550       5.26447125    -647.67936425   656.899707 50222.809590
  831.800000    -652.95131091       4.62440636    -648.32690456   577.032533 50228.876002
  831.900000    -652.33498710       5.26948668    -647.06550042   657.525532 50234.914162
  832.000000    -653.18866652       5.57130376    -647.61736277   695.186208 50240.998682
  832.100000    -652.17986141       5.01471832    -647.16514309   625.735585 50247.026726
  832.200000    -652.44718746       6.69482842    -645.75235904   835.379399 50253.141857
  832.300000    -651.39476285       5.72288114    -645.67188171   714.100005 50259.203477
  832.400000    -651.81292863       5.43464634    -646.37828228   678.134123 50265.282172
  832.500000    -652.45581961       6.17574180    -646.28007781   770.607870 50271.435840
  832.600000    -652.34644370       5.91164846    -646.43479524   737.654354 50277.518222
  832.700000    -652.38262271       6.13307149    -646.24955121   765.283478 50283.589256
  832.800000    -651.16002537       5.72604584    -645.43397953   714.494895 50289.750669
  832.900000    -652.09489201       5.89797795    -646.19691405   735.948551 50295.844307
  833.000000    -652.81073324       6.11295068    -646.69778257   762.772806 50301.889180
  833.100000    -652.69713859       6.40667327    -646.29046532   799.423455 50307.990100
  833.200000    -652.59180842       5.46932989    -647.12247853   682.461928 50314.049405
  833.300000    -653.38174618       5.73500545    -647.64674073   715.612874 50320.154054
  833.400000    -653.05844627       5.23183085    -647.82661542   652.826844 50326.187031
  833.500000    -652.77762006       6.10635623    -646.67126383   761.949952 50332.235438
  833.600000    -651.94761325       6.02943780    -645.91817545   752.352085 50338.327516
  833.700000    -651.24746357       5.75899008    -645.48847349   718.605671 50344.421807
  833.800000    -652.01771689       5.74099753    -646.27671936   716.360564 50350.445374
  833.900000    -652.28275375       5.30430765    -646.97844610   661.870485 50356.583130
  834.000000    -652.03600012       5.62352856    -646.41247156   701.702809 50362.638940
  834.100000    -652.22699561       4.61108366    -647.61591195   575.370130 50368.671166
  834.200000    -653.10323456       5.82663088    -647.27660368   727.045877 50374.753550
  834.300000    -651.75061624       5.19786440    -646.55275183   648.588518 50380.796307
  834.400000    -652.65604024       5.22342727    -647.43261296   651.778248 50386.914008
  834.500000    -652.44040247       6.02841170    -646.41199077   752.224048 50392.982810
  834.600000    -652.66226168       5.47861912    -647.18364256   683.621037 50399.019347
  834.700000    -653.36510987       5.28704097    -648.07806890   659.715952 50405.126586
  834.800000    -653.09174477       6.14257535    -646.94916943   766.469367 50411.198594
  834.900000    -652.46308027       5.17897005    -647.28411022   646.230884 50417.242186
  835.000000    -653.20521201       5.03669028    -648.16852174   628.477241 50423.339317
  835.100000    -652.96979512       5.34822127    -647.62157386   667.350018 50429.371609
  835.200000    -652.71635216       5.51104272    -647.20530944   687.666847 50435.456853
  835.300000    -652.63060453       5.59310444    -647.03750009   697.906493 50441.505683
  835.400000    -652.73148890       5.71885944    -647.01262945   713.598178 50447.554065
  835.500000    -651.36440498       5.40560113    -645.95880385   674.509867 50453.641549
  835.600000    -651.62027174       5.26631587    -646.35395587   657.129878 50459.673450
  835.700000    -651.50059059       5.65229929    -645.84829129   705.292816 50465.723571
  835.800000    -652.59612153       5.72893990    -646.86718163   714.856016 50471.858116
  835.900000    -652.31341568       5.45953465    -646.85388102   681.239681 50477.947950
  836.000000    -651.02638077       5.62943132    -645.39694945   702.439354 50483.970293
  836.100000    -651.60340166       5.20358570    -646.39981597   649.302420 50490.067306
  836.200000    -653.01165747       5.77879419    -647.23286329   721.076824 50496.143894
  836.300000    -652.46343368       5.13064160    -647.33279208   640.200469 50502.283506
  836.400000    -652.39024864       4.91028896    -647.47995969   612.704909 50508.350842
  836.500000    -651.86464618       6.18255219    -645.68209399   771.457669 50514.428700
  836.600000    -651.27491694       4.92997170    -646.34494524   615.160918 50520.545887
  836.700000    -652.42288893       5.53375881    -646.88913012   690.501357 50526.661498
  836.800000    -651.69168403       6.66285804    -645.02882599   831.390141 50532.713289
  836.900000    -651.61392635       5.73274252    -645.88118383   715.330506 50538.871128
  837.000000    -650.90533546       5.64557545    -645.25976002   704.453816 50544.958853
  837.100000    -651.56820330       5.70165720    -645.86654610   711.451686 50551.017141
  837.200000    -651.24366422       6.11509519    -645.12856902   763.040399 50557.122506
  837.300000    -652.12649808       6.26714468    -645.85935340   782.013105 50563.209871
  837.400000    -651.98119254       5.34915800    -646.63203455   667.466903 50569.326615
  837.500000    -651.79793428       5.12468780    -646.67324647   639.457555 50575.422225
  837.600000    -652.11211461       5.54946904    -646.56264556   692.461677 50581.496328
  837.700000    -652.61075993       4.41859432    -648.19216561   551.351347 50587.650226
  837.800000    -653.45033160       5.28232082    -648.16801078   659.126972 50593.722690
  837.900000    -652.92213473       4.64815888    -648.27397586   579.996368 50599.791938
  838.000000    -653.02694369       5.12839043    -647.89855326   639.919569 50605.913416
  838.100000    -653.36819695       5.41561111    -647.95258583   675.758910 50611.964262
  838.200000    -652.42426370       5.35076345    -647.07350024   667.667232 50618.068054
  838.300000    -652.95549695       5.15092517    -647.80457178   642.731449 50624.133740
  838.400000    -652.54725530       4.77754874    -647.76970656   596.141611 50630.230503
  838.500000    -652.98402899       4.93391281    -648.05011619   615.652688 50636.304373
  838.600000    -652.52090723       5.05591364    -647.46499360   630.875928 50642.412183
  838.700000    -652.13463601       4.13503551    -647.99960049   515.968934 50648.504128
  838.800000    -654.17418475       5.77849984    -648.39568491   721.040095 50654.609398
  838.900000    -653.11796113       5.54363106    -647.57433007   691.733215 50660.736888
  839.000000    -652.32496687       5.46138167    -646.86358520   681.470151 50666.805788
  839.100000    -653.22192466       5.94375064    -647.27817402   741.660058 50672.928550
  839.200000    -653.68103105       5.45040668    -648.23062436   680.100695 50678.989641
  839.300000    -652.98065398       5.11715842    -647.86349556   638.518041 50685.099902
  839.400000    -653.58483379       5.48669394    -648.09813985   684.628611 50691.220332
  839.500000    -652.31146071       5.22159607    -647.08986465   651.549750 50697.290295
  839.600000    -650.88909788       4.74303646    -646.14606142   591.835174 50703.424459
  839.700000    -651.66000968       6.06507489    -645.59493479   756.798874 50709.510737
  839.800000    -652.78370363       6.46478211    -646.31892152   806.674265 50715.570523
  839.900000    -652.06985396       5.72885082    -646.34100314   714.844900 50721.722757
  840.000000    -652.26786061       5.83883687    -646.42902375   728.568938 50727.792109
  840.100000    -652.49484786       5.93376945    -646.56107841   740.414607 50733.872705
  840.200000    -652.14620798       5.16048160    -646.98572638   643.923898 50739.998600
  840.300000    -650.61852296       5.55324303    -645.06527993   692.932595 50746.031417
  840.400000    -652.16353035       5.89030606    -646.27322429   734.991254 50752.122187
  840.500000    -651.62289393       5.54077930    -646.08211463   691.377373 50758.166143
  840.600000    -651.91045011       6.23650027    -645.67394984   778.189301 50764.208207
  840.700000    -652.87818772       6.05774168    -646.82044605   755.883838 50770.301178
  840.800000    -651.63295995       5.49589352    -646.13706643   685.776533 50776.324247
  840.900000    -651.94292942       5.37749469    -646.56543473   671.002750 50782.356937
  841.000000    -651.13771010       4.42304153    -646.71466857   551.906269 50788.448436
  841.100000    -651.72162345       5.50354194    -646.21808150   686.730902 50794.482172
  841.200000    -651.71352889       6.24482669    -645.46870220   779.228270 50800.533642
  841.300000    -651.64099746       6.53430255    -645.10669492   815.349011 50806.605344
  841.400000    -650.41957066       5.76460253    -644.65496813   719.305992 50812.667091
  841.500000    -651.40764476       5.99307892    -645.41456583   747.815232 50818.731679
  841.600000    -651.90279692       4.98005868    -646.92273824   621.410762 50824.784821
  841.700000    -652.69221288       5.06407129    -647.62814159   631.893839 50830.827327
  841.800000    -651.82171966       5.58841060    -646.23330906   697.320797 50836.914256
  841.900000    -652.60398902       5.04231537    -647.56167365   629.179139 50842.990019
  842.000000    -652.40754856       5.63575196    -646.77179660   703.228042 50849.041327
  842.100000    -652.39362934       5.04003965    -647.35358968   628.895176 50855.125197
  842.200000    -652.26875256       4.91105842    -647.35769414   612.800922 50861.170439
  842.300000    -652.15991277       4.15423953    -648.00567324   518.365207 50867.231545
  842.400000    -652.79681769       6.26107221    -646.53574548   781.255382 50873.312991
  842.500000    -651.89600858       5.06304648    -646.83296209   631.765964 50879.322460
  842.600000    -653.12281814       6.19360888    -646.92920926   772.837322 50885.419314
  842.700000    -652.86541922       5.96580971    -646.89960950   744.412585 50891.460227
  842.800000    -650.93654923       5.02744147    -645.90910777   627.323176 50897.524553
  842.900000    -651.46059497       5.21147116    -646.24912381   650.286366 50903.601967
  843.000000    -651.68535156       6.43235542    -645.25299614   802.628068 50909.636649
  843.100000    -651.61012247       5.85594230    -645.75418017   730.703351 50915.664435
  843.200000    -652.00221738       6.22103556    -645.78118182   776.259617 50921.728874
  843.300000    -651.54177136       6.50959419    -645.03217717   812.265908 50927.821605
  843.400000    -651.77949040       6.36080917    -645.41868123   793.700541 50933.826303
  843.500000    -652.19627895       5.50277532    -646.69350363   686.635243 50939.940420
  843.600000    -651.99335919       5.19984844    -646.79351075   648.836085 50946.006652
  843.700000    -652.12585316       5.39769235    -646.72816081   673.523010 50952.020696
  843.800000    -652.77511931       5.98509727    -646.79002204   746.819283 50958.106594
  843.900000    -652.10538824       5.16136483    -646.94402341   644.034108 50964.149350
  844.000000    -651.63906042       5.61408367    -646.02497675   700.524277 50970.211809
  844.100000    -652.64252213       6.77841611    -645.86410602   845.809455 50976.284127
  844.200000    -651.66961970       6.29177955    -645.37784015   785.087039 50982.340415
  844.300000    -651.84413765       6.82415783    -645.01997982   851.517097 50988.410925
  844.400000    -651.77051633       6.33259118    -645.43792514   790.179506 50994.501450
  844.500000    -652.44549106       5.84220358    -646.60328748   728.989035 51000.495458
  844.600000    -653.68171050       5.26086339    -648.42084711   656.449519 51006.613653
  844.700000    -653.39013431       5.61038731    -647.77974700   700.063046 51012.662289
  844.800000    -653.45665411       5.61486146    -647.84179265   700.621330 51018.726837
  844.900000    -652.62570629       5.57191992    -647.05378638   695.263092 51024.795291
  845.000000    -651.83225544       5.67630044    -646.15595499   708.287675 51030.810064
  845.100000    -652.52860967       4.76814038    -647.76046929   594.967637 51036.885305
  845.200000    -653.00961728       5.05360345    -647.95601383   630.587664 51042.966179
  845.300000    -653.25899877       5.38990198    -647.86909679   672.550929 51049.057724
  845.400000    -652.46620281       5.50451142    -646.96169140   686.851873 51055.194728
  845.500000    -652.24410882       4.80751283    -647.43659599   599.880524 51061.265234
  845.600000    -652.19596469       5.95787685    -646.23808784   743.422724 51067.355184
  845.700000    -651.47750338       5.67557936    -645.80192403   708.197697 51073.447472
  845.800000    -651.99883251       6.04793563    -645.95089688   754.660242 51079.559297
  845.900000    -651.90031334       5.76397433    -646.13633901   719.227605 51085.597643
  846.000000    -652.50139098       5.92505573    -646.57633525   739.327311 51091.724898
  846.100000    -651.58301575       5.71833408    -645.86468167   713.532623 51097.774291
  846.200000    -652.29801867       6.10562650    -646.19239217   761.858897 51103.831552
  846.300000    -652.04398731       5.42566734    -646.61831997   677.013724 51109.866720
  846.400000    -652.98604397       4.54727003    -648.43877393   567.407478 51115.930226
  846.500000    -652.51838127       4.71327770    -647.80510357   588.121883 51122.010800
  846.600000    -651.73445759       5.06817369    -646.66628390   632.405735 51128.073639
  846.700000    -651.77443273       5.55750664    -646.21692609   693.464607 51134.124965
  846.800000    -652.19042503       6.54543083    -645.64499420   816.737596 51140.201778
  846.900000    -650.95527854       5.54982281    -645.40545573   692.505819 51146.290042
  847.000000    -651.13587294       4.81651443    -646.31935851   601.003742 51152.291556
  847.100000    -651.87580712       6.12366165    -645.75214547   764.109320 51158.369653
  847.200000    -651.43323668       6.24357658    -645.18966009   779.072282 51164.414961
  847.300000    -651.61519916       5.91343123    -645.70176793   737.876808 51170.504637
  847.400000    -650.90847083       5.18438254    -645.72408830   646.906253 51176.528694
  847.500000    -651.90689920       5.23051430    -646.67638490   652.662565 51182.574199
  847.600000    -651.17626826       5.79396244    -645.38230582   722.969516 51188.698749
  847.700000    -651.61488712       5.55871333    -646.05617379   693.615178 51194.725593
  847.800000    -651.99742036       6.09678295    -645.90063741   760.755401 51200.736872
  847.900000    -651.59565858       5.97986308    -645.61579550   746.166161 51206.849997
  848.000000    -651.07566402       5.54540388    -645.53026014   691.954427 51212.894135
  848.100000    -652.14482724       6.96258223    -645.18224501   868.789668 51218.926949
  848.200000    -650.87708272       5.63884474    -645.23823798   703.613958 51224.986081
  848.300000    -651.34353176       6.70251195    -644.64101981   836.338148 51231.001641
  848.400000    -650.01479667       6.09276385    -643.92203282   760.253898 51237.082504
  848.500000    -650.42130297       6.19398680    -644.22731617   772.884478 51243.108313
  848.600000    -649.76133217       5.71553948    -644.04579269   713.183914 51249.152311
  848.700000    -650.90347813       6.94403418    -643.95944395   866.475246 51255.260806
  848.800000    -651.24253955       5.89076891    -645.35177063   735.049009 51261.298258
  848.900000    -651.61390512       5.97390827    -645.63999685   745.423122 51267.319019
  849.000000    -652.07324742       5.58248099    -646.49076643   696.580901 51273.395506
  849.100000    -652.04578310       4.97524388    -647.07053922   620.809971 51279.479464
  849.200000    -652.45224029       5.68614198    -646.76609831   709.515699 51285.544262
  849.300000    -652.05733297       5.16098879    -646.89634418   643.987185 51291.654715
  849.400000    -651.81441611       5.84855676    -645.96585935   729.781784 51297.707960
  849.500000    -651.36137710       4.94869690    -646.41268020   617.497445 51303.827020
  849.600000    -651.91147498       5.30043971    -646.61103526   661.387845 51309.887283
  849.700000    -651.70296132       4.87232076    -646.83064055   607.967245 51315.958690
  849.800000    -651.94561172       5.32304616    -646.62256556   664.208672 51322.083567
  849.900000    -651.34049727       4.90979714    -646.43070012   612.643541 51328.141721
  850.000000    -650.57837347       5.50455733    -645.07381614   686.857602 51334.168790
  850.100000    -650.73888088       6.11672131    -644.62215957   763.243306 51340.285066
  850.200000    -651.42071220       5.74477114    -645.67594106   716.831434 51346.332917
  850.300000    -651.64383050       5.23997007    -646.40386043   653.842454 51352.345263
  850.400000    -651.31085529       5.01627491    -646.29458039   625.929815 51358.385443
  850.500000    -652.65425258       5.55013162    -647.10412096   692.544353 51364.430244
  850.600000    -651.53132495       4.39584936    -647.13547559   548.513236 51370.494858
  850.700000    -651.69317279       5.33170855    -646.36146424   665.289565 51376.521884
  850.800000    -651.82271239       5.35105419    -646.47165819   667.703510 51382.571646
  850.900000    -652.07252864       5.55502847    -646.51750016   693.155382 51388.703748
  851.000000    -652.02313739       4.63695579    -647.38618161   578.598448 51394.738300
  851.100000    -652.62513108       4.92583008    -647.69930100   614.644127 51400.749182
  851.200000    -651.86468150       4.93291220    -646.93176930   615.527833 51406.849050
  851.300000    -651.66799527       5.71530271    -645.95269256   713.154370 51412.885075
  851.400000    -651.62090721       5.71837235    -645.90253486   713.537399 51418.948151
  851.500000    -651.76858139       5.08051737    -646.68806401   633.945978 51425.044329
  851.600000    -652.04813973       5.32566055    -646.72247918   664.534896 51431.059277
  851.700000    -651.91174742       4.90667199    -647.00507543   612.253585 51437.137905
  851.800000    -652.18869800       5.91576808    -646.27292992   738.168400 51443.164285
  851.900000    -651.50582969       4.67379676    -646.83203293   583.195459 51449.220760
  852.000000    -652.24063888       5.96810727    -646.27253161   744.699274 51455.533413
  852.100000    -652.11694432       4.81239998    -647.30454434   600.490341 51461.580165
  852.200000    -653.18336286       6.03882978    -647.14453307   753.524015 51467.612738
  852.300000    -653.00362082       6.32589136    -646.67772946   789.343504 51473.732232
  852.400000    -651.89273281       5.04743448    -646.84529833   629.817901 51479.782532
  852.500000    -652.49149346       6.51904666    -645.97244680   813.445385 51485.810417
  852.600000    -652.19831971       6.07743151    -646.12088821   758.340731 51491.887726
  852.700000    -652.00359221       5.97086708    -646.03272513   745.043643 51497.947140
  852.800000    -652.66346547       5.32998244    -647.33348303   665.074181 51504.030815
  852.900000    -652.87404909       5.76049871    -647.11355038   718.793917 51510.088422
  853.000000    -652.80891277       5.71492466    -647.09398811   713.107197 51516.135455
  853.100000    -652.71671700       5.59055439    -647.12616261   697.588298 51522.220522
  853.200000    -653.93250886       5.62556993    -648.30693893   701.957531 51528.278100
  853.300000    -652.99491833       5.40215019    -647.59276814   674.079258 51534.327199
  853.400000    -652.69870899       5.84064661    -646.85806238   728.794758 51540.463111
  853.500000    -651.07276735       5.20470817    -645.86805919   649.442481 51546.508238
  853.600000    -652.89182073       6.01665921    -646.87516152   750.757576 51552.558746
  853.700000    -651.60875980       5.46705761    -646.14170219   682.178394 51558.604603
  853.800000    -651.64590934       5.50621056    -646.13969879   687.063891 51564.685146
  853.900000    -651.59715481       5.34729243    -646.24986238   667.234118 51570.768268
  854.000000    -652.12094057       6.04308776    -646.07785281   754.055324 51576.817027
  854.100000    -651.91609491       5.74398383    -646.17211108   716.733195 51582.870928
  854.200000    -652.27821094       6.48405616    -645.79415478   809.079277 51588.976640
  854.300000    -651.89393119       5.53528515    -646.35864604   690.691814 51595.020321
  854.400000    -652.57555167       6.13411413    -646.44143753   765.413578 51600.950027
  854.500000    -651.49386467       6.37921170    -645.11465297   795.996805 51607.044363
  854.600000    -651.35194956       5.27579614    -646.07615342   658.312825 51613.094788
  854.700000    -652.51553443       6.24527301    -646.27026142   779.283962 51619.116881
  854.800000    -652.24944428       5.18990301    -647.05954128   647.595096 51625.242491
  854.900000    -652.17390619       4.92072590    -647.25318028   614.007229 51631.274930
  855.000000    -652.21512955       5.10018376    -647.11494579   636.399945 51637.310162
  855.100000    -652.52173158       5.09555164    -647.42617995   635.821950 51643.413141
  855.200000    -652.83161637       5.09593347    -647.73568291   635.869595 51649.427759
  855.300000    -653.12195524       5.28450197    -647.83745327   659.399136 51655.494184
  855.400000    -651.95714247       5.48733266    -646.46980981   684.708311 51661.589309
  855.500000    -652.23417783       5.29785868    -646.93631915   661.065784 51667.603840
  855.600000    -652.27143064       5.47411313    -646.79731751   683.058781 51673.678863
  855.700000    -652.86390806       6.27598321    -646.58792486   783.115974 51679.756876
  855.800000    -651.48542103       4.85592007    -646.62950096   605.920770 51685.810102
  855.900000    -652.28617183       4.96112772    -647.32504411   619.048560 51691.908494
  856.000000    -652.20325269       5.22022052    -646.98303217   651.378109 51697.982027
  856.100000    -652.13482862       5.64206086    -646.49276776   704.015266 51704.007008
  856.200000    -653.27534346       6.72775451    -646.54758895   839.487910 51710.081961
  856.300000    -652.25416439       5.57735258    -646.67681181   695.940979 51716.102362
  856.400000    -652.57230199       5.34880167    -647.22350032   667.422440 51722.206160
  856.500000    -652.45681858       5.16089540    -647.29592318   643.975533 51728.253703
  856.600000    -653.49126979       5.10205986    -648.38920993   636.634045 51734.285655
  856.700000    -653.47118863       4.60515471    -648.86603392   574.630317 51740.402243
  856.800000    -653.33697440       4.90501239    -648.43196200   612.046500 51746.435385
  856.900000    -653.12285339       4.97830471    -648.14454869   621.191901 51752.473781
  857.000000    -653.53780369       5.51102379    -648.02677990   687.664485 51758.553100
  857.100000    -652.49727908       5.51336196    -646.98391712   687.956242 51764.630951
  857.200000    -652.59097806       5.30035525    -647.29062281   661.377306 51770.669237
  857.300000    -653.25977321       5.51907377    -647.74069944   688.668960 51776.746332
  857.400000    -653.68946383       5.00991832    -648.67954550   625.136642 51782.766118
  857.500000    -653.07850288       5.16456132    -647.91394155   644.432966 51788.877448
  857.600000    -652.55648463       4.53145749    -648.02502714   565.434392 51794.900129
  857.700000    -652.75995747       6.25858668    -646.50137079   780.945239 51800.952804
  857.800000    -653.47579627       6.14709457    -647.32870170   767.033274 51807.080680
  857.900000    -652.27215937       5.62599479    -646.64616458   702.010544 51813.088422
  858.000000    -651.25248508       5.53915472    -645.71333035   691.174658 51819.100519
  858.100000    -651.99215007       6.36278750    -645.62936257   793.947396 51825.201665
  858.200000    -653.52138707       7.05155953    -646.46982754   879.892238 51831.261567
  858.300000    -652.33874039       6.54538419    -645.79335620   816.731777 51837.255793
  858.400000    -652.94531358       6.87059121    -646.07472237   857.311046 51843.319709
  858.500000    -652.05706295       4.95132776    -647.10573519   617.825723 51849.347470
  858.600000    -651.64989725       5.71009786    -645.93979939   712.504910 51855.447164
  858.700000    -652.32461835       6.36068694    -645.96393141   793.685290 51861.481987
  858.800000    -652.43459040       5.88680050    -646.54778990   734.553831 51867.538205
  858.900000    -651.21217781       4.93192978    -646.28024803   615.405246 51873.636681
  859.000000    -652.30195060       5.48707739    -646.81487321   684.676459 51879.684303
  859.100000    -652.43039719       4.63216449    -647.79823271   578.000591 51885.727340
  859.200000    -654.47789792       5.98638131    -648.49151661   746.979505 51891.775684
  859.300000    -651.91316081       3.80429029    -648.10887052   474.698608 51897.866365
  859.400000    -652.86430887       5.60745614    -647.25685273   699.697295 51903.901730
  859.500000    -652.84453417       5.97599512    -646.86853905   745.683518 51910.023453
  859.600000    -652.43099156       5.68491752    -646.74607404   709.362911 51916.063568
  859.700000    -652.54390609       5.88212240    -646.66178369   733.970099 51922.122782
  859.800000    -652.36094353       5.40998071    -646.95096282   675.056350 51928.153525
  859.900000    -651.91068702       4.53180955    -647.37887746   565.478322 51934.201321
  860.000000    -652.48924049       6.73652606    -645.75271443   840.582423 51940.274430
  860.100000    -651.99228084       5.73530621    -646.25697463   715.650402 51946.339313
  860.200000    -653.17243872       6.12426651    -647.04817221   764.184793 51952.387138
  860.300000    -652.74335752       5.37107726    -647.37228026   670.201984 51958.465260
  860.400000    -652.53284005       4.99956565    -647.53327440   623.844838 51964.539941
  860.500000    -653.33275346       4.98038709    -648.35236637   621.451740 51970.583409
  860.600000    -654.00952057       4.76397175    -649.24554882   594.447476 51976.698189
  860.700000    -653.12496946       4.73045126    -648.39451819   590.264796 51982.745087
  860.800000    -652.62277952       5.75888337    -646.86389615   718.592356 51988.828871
  860.900000    -651.25190116       5.48165465    -645.77024651   683.999810 51994.946848
  861.000000    -651.89092152       5.50542300    -646.38549852   686.965620 52001.024951
  861.100000    -651.88898864       4.56056680    -647.32842184   569.066645 52007.119874
  861.200000    -652.81045686       6.12728262    -646.68317424   764.561143 52013.244392
  861.300000    -651.80502811       5.36424666    -646.44078145   669.349663 52019.313999
  861.400000    -652.86507521       5.85758412    -647.00749109   730.908217 52025.431817
  861.500000    -652.13541480       5.50619225    -646.62922254   687.061607 52031.490977
  861.600000    -651.71601294       5.30497307    -646.41103987   661.953517 52037.598931
  861.700000    -651.59749436       4.90217805    -646.69531630   611.692832 52043.641148
  861.800000    -652.08351844       4.79871382    -647.28480462   598.782585 52049.709648
  861.900000    -651.50544639       5.01093524    -646.49451115   625.263532 52055.828434
  862.000000    -651.62875559       5.60643139    -646.02232420   699.569428 52061.911248
  862.100000    -652.98211062       7.61885853    -645.36325210   950.679697 52067.993883
  862.200000    -651.34678339       5.86584225    -645.48094114   731.938664 52074.091605
  862.300000    -651.89420153       5.35346912    -646.54073241   668.004844 52080.160391
  862.400000    -651.50411025       5.81504399    -645.68906626   725.600067 52086.247306
  862.500000    -651.27345453       5.71385432    -645.55960021   712.973639 52092.344637
  862.600000    -652.16787788       6.92037459    -645.24750329   863.523006 52098.389895
  862.700000    -652.28955380       6.24507483    -646.04447897   779.259232 52104.520212
  862.800000    -652.14861818       4.71153929    -647.43707889   587.904963 52110.586718
  862.900000    -651.92799133       5.69630249    -646.23168885   710.783525 52116.668125
  863.000000    -651.95960576       5.07838536    -646.88122040   633.679946 52122.821720
  863.100000    -651.98772586       5.35168875    -646.63603711   667.782690 52128.881912
  863.200000    -650.97877674       5.97048739    -645.00828935   744.996265 52134.944456
  863.300000    -652.40424862       5.89750750    -646.50674113   735.889848 52141.081692
  863.400000    -651.19167607       6.05461605    -645.13706002   755.493823 52147.168540
  863.500000    -651.65713340       6.52646588    -645.13066752   814.371154 52153.237816
  863.600000    -651.27048322       5.06626297    -646.20422025   632.167316 52159.358185
  863.700000    -652.02125996       5.51513320    -646.50612676   688.177256 52165.398751
  863.800000    -652.85475992       4.96478223    -647.88997769   619.504569 52171.476910
  863.900000    -652.39064034       4.54739048    -647.84324986   567.422507 52177.571643
  864.000000    -652.87461533       5.01012075    -647.86449458   625.161901 52183.645541
  864.100000    -651.90389932       5.21524274    -646.68865658   650.756983 52189.719743
  864.200000    -651.80469066       5.86208887    -645.94260179   731.470318 52195.827834
  864.300000    -652.61299331       5.57686918    -647.03612413   695.880661 52201.873593
  864.400000    -652.42939082       5.44285451    -646.98653631   679.158336 52208.039765
  864.500000    -652.06934197       4.51030834    -647.55903363   562.795405 52214.116846
  864.600000    -652.35315284       5.71505349    -646.63809934   713.123272 52220.180438
  864.700000    -651.83085670       5.74707778    -646.08377893   717.119256 52226.268229
  864.800000    -652.76701404       7.03117209    -645.73584194   877.348298 52232.342442
  864.900000    -652.32482559       5.45572859    -646.86909699   680.764762 52238.478552
  865.000000    -652.97554559       5.74302312    -647.23252248   716.613316 52248.110186
  865.100000    -651.45412192       5.81737995    -645.63674197   725.891548 52254.220425
  865.200000    -651.25828214       5.39446272    -645.86381942   673.120017 52260.333141
  865.300000    -650.57039878       5.75027724    -644.82012154   717.518485 52266.403013
  865.400000    -652.66523269       5.08347565    -647.58175704   634.315111 52272.542062
  865.500000    -653.33258532       5.73888011    -647.59370522   716.096353 52278.608759
  865.600000    -652.80815545       5.67628506    -647.13187040   708.285754 52284.673558
  865.700000    -651.66897082       5.52902343    -646.13994740   689.910477 52290.816827
  865.800000    -651.66001144       5.14975245    -646.51025899   642.585118 52296.882177
  865.900000    -652.72072861       5.74705209    -646.97367652   717.116052 52302.949481
  866.000000    -651.73937234       5.58263569    -646.15673664   696.600205 52309.068828
  866.100000    -651.91196758       6.24195852    -645.67000906   778.870380 52315.107097
  866.200000    -651.53897406       5.57156441    -645.96740965   695.218732 52321.235348
  866.300000    -651.48201139       5.85281701    -645.62919438   730.313378 52327.321270
  866.400000    -650.89873930       5.83619925    -645.06254004   728.239817 52333.399471
  866.500000    -651.41426093       5.51224061    -645.90202032   687.816320 52339.515788
  866.600000    -649.76079698       4.80606549    -644.95473149   599.699925 52345.584474
  866.700000    -651.32863604       5.67197938    -645.65665666   707.748492 52351.645279
  866.800000    -651.52682867       4.81260584    -646.71422282   600.516029 52357.764353
  866.900000    -651.66376858       5.68585381    -645.97791476   709.479742 52363.810457
  867.000000    -652.32335533       5.11770927    -647.20564607   638.586775 52369.925460
  867.100000    -652.88943008       6.75244939    -646.13698069   842.569332 52376.016038
  867.200000    -651.78391379       4.80192490    -646.98198889   599.183262 52382.103522
  867.300000    -651.74334089       4.20526194    -647.53807895   524.731774 52388.190310
  867.400000    -651.66057115       5.57579419    -646.08477696   695.746524 52394.300631
  867.500000    -652.54187388       5.11538071    -647.42649317   638.296218 52400.377719
  867.600000    -653.08302901       6.50741908    -646.57560993   811.994497 52406.456608
  867.700000    -651.39524159       5.24610088    -646.14914071   654.607456 52412.530876
  867.800000    -651.74772420       6.02302083    -645.72470337   751.551377 52418.558583
  867.900000    -652.25560739       5.35345649    -646.90215090   668.003269 52424.632525
  868.000000    -652.63433672       5.90631639    -646.72802033   736.989020 52430.658659
  868.100000    -651.89495011       4.19209036    -647.70285975   523.088226 52436.756121
  868.200000    -653.38676416       6.05388661    -647.33287755   755.402803 52442.818922
  868.300000    -652.10753982       5.05741250    -647.05012732   631.062956 52448.856059
  868.400000    -652.46053026       6.23359666    -646.22693361   777.826988 52454.934681
  868.500000    -651.08722736       4.57134591    -646.51588145   570.411661 52460.991375
  868.600000    -652.58695991       4.77903789    -647.80792201   596.327426 52467.027465
  868.700000    -652.10117253       5.63535071    -646.46582183   703.177974 52473.126902
  868.800000    -651.35252446       4.68079945    -646.67172501   584.069253 52479.189933
  868.900000    -651.62962173       5.72265301    -645.90696872   714.071539 52485.219441
  869.000000    -650.74860442       5.13815162    -645.61045280   641.137568 52491.307230
  869.100000    -652.07920988       6.14970437    -645.92950550   767.358925 52497.352585
  869.200000    -651.10057544       5.76623274    -645.33434270   719.509409 52503.468093
  869.300000    -651.79078738       4.72011126    -647.07067612   588.974573 52509.524324
  869.400000    -651.84524884       6.14407253    -645.70117632   766.656185 52515.619440
  869.500000    -650.33813957       5.23151364    -645.10662593   652.787263 52521.701960
  869.600000    -651.35354450       5.75195030    -645.60159420   717.727249 52527.749704
  869.700000    -650.97403841       5.45599087    -645.51804753   680.797489 52533.787912
  869.800000    -651.55042667       6.83027504    -644.72015163   852.280402 52539.870754
  869.900000    -651.61259999       6.05972491    -645.55287508   756.131305 52545.929435
  870.000000    -651.54053350       6.16120851    -645.37932500   768.794409 52551.974516
  870.100000    -651.50896885       6.60044333    -644.90852552   823.602045 52558.075462
  870.200000    -651.88796887       6.86223222    -645.02573665   856.268013 52564.094917
  870.300000    -650.56742144       5.36027524    -645.20714620   668.854111 52570.118492
  870.400000    -651.69401985       6.13218469    -645.56183516   765.172822 52576.191472
  870.500000    -649.88317547       5.21798995    -644.66518552   651.099780 52582.224889
  870.600000    -649.75874957       6.30570683    -643.45304274   786.824882 52588.320112
  870.700000    -650.58032343       5.99495973    -644.58536370   748.049918 52594.372101
  870.800000    -650.99359336       6.98893288    -644.00466048   872.077697 52600.387682
  870.900000    -651.20906887       6.55657333    -644.65249554   818.127956 52606.500165
  871.000000    -651.39511638       5.92549895    -645.46961743   739.382616 52612.552344
  871.100000    -651.21159336       4.91172412    -646.29986923   612.883988 52618.552817
  871.200000    -651.66516692       5.30694740    -646.35821952   662.199873 52624.636368
  871.300000    -651.45322153       4.78691938    -646.66630215   597.310877 52630.673935
  871.400000    -651.48334977       5.69998219    -645.78336758   711.242678 52636.732607
  871.500000    -650.73279861       5.95030822    -644.78249039   742.478312 52642.782343
  871.600000    -650.16970311       6.21439711    -643.95530600   775.431272 52648.831600
  871.700000    -651.68621036       7.99027811    -643.69593225   997.025361 52654.923486
  871.800000    -650.00212830       5.57242073    -644.42970757   695.325583 52660.994852
  871.900000    -650.78397680       5.89116129    -644.89281551   735.097969 52667.004831
  872.000000    -651.25156530       5.20073962    -646.05082568   648.947287 52673.096809
  872.100000    -652.22241588       5.67375287    -646.54866301   707.969788 52679.114564
  872.200000    -652.77149052       7.07877819    -645.69271232   883.288578 52685.180063
  872.300000    -652.12874305       4.92392847    -647.20481458   614.406844 52691.259911
  872.400000    -653.21099828       6.05015635    -647.16084193   754.937343 52697.287844
  872.500000    -652.12292110       5.43755850    -646.68536260   678.497500 52703.335525
  872.600000    -651.95814359       5.78979299    -646.16835060   722.449252 52709.412729
  872.700000    -651.94838638       5.57318170    -646.37520468   695.420537 52715.455866
  872.800000    -651.20967792       5.78447825    -645.42519967   721.786080 52721.526799
  872.900000    -651.35132855       6.19497204    -645.15635651   773.007416 52727.626558
  873.000000    -651.47533356       6.27450266    -645.20083090   782.931232 52733.646245
  873.100000    -651.23109079       5.84783445    -645.38325634   729.691655 52739.745126
  873.200000    -652.05879478       6.91774879    -645.14104599   863.195359 52745.768517
  873.300000    -651.64542556       6.12315353    -645.52227203   764.045916 52751.830181
  873.400000    -651.62505760       5.61995296    -646.00510464   701.256646 52757.911392
  873.500000    -651.65152155       5.76643382    -645.88508772   719.534500 52763.937057
  873.600000    -651.58766288       6.31959324    -645.26806964   788.557626 52770.018781
  873.700000    -650.48440536       6.39761656    -644.08678880   798.293361 52776.067269
  873.800000    -649.92837001       6.93400851    -642.99436150   865.224244 52782.112727
  873.900000    -649.62618933       5.39853307    -644.22765626   673.627915 52788.240259
  874.000000    -650.54684642       5.17830914    -645.36853728   646.148415 52794.265961
  874.100000    -650.88661833       6.88440023    -644.00221810   859.034132 52800.274298
  874.200000    -651.96514740       7.23183586    -644.73331154   902.387084 52806.385608
  874.300000    -651.39498923       5.82462322    -645.57036601   726.795362 52812.411524
  874.400000    -652.12669262       6.49763399    -645.62905863   810.773516 52818.388599
  874.500000    -651.67703420       5.84059674    -645.83643746   728.788534 52824.495890
  874.600000    -651.86420690       5.92364078    -645.94056612   739.150754 52830.530195
  874.700000    -651.66124304       5.73665838    -645.92458466   715.819126 52836.505949
  874.800000    -652.41253742       5.46285114    -646.94968628   681.653511 52842.609953
  874.900000    -652.17075604       5.49110944    -646.67964661   685.179576 52848.634631
  875.000000    -652.45450225       5.74930723    -646.70519501   717.397448 52854.700382
  875.100000    -652.43234302       5.25250243    -647.17984059   655.406240 52860.721524
  875.200000    -652.38637096       6.12425504    -646.26211592   764.183363 52866.771585
  875.300000    -651.88651426       5.64696957    -646.23954470   704.627773 52872.852858
  875.400000    -652.27589878       5.93440951    -646.34148928   740.494473 52878.896141
  875.500000    -652.83730602       4.79111835    -648.04618767   597.834823 52884.938636
  875.600000    -652.69361299       5.31805625    -647.37555674   663.586033 52891.036738
  875.700000    -652.91827940       5.26726755    -647.65101185   657.248629 52897.099874
  875.800000    -653.04528131       5.83819641    -647.20708490   728.489022 52903.106147
  875.900000    -653.15551765       4.90611153    -648.24940612   612.183650 52909.182451
  876.000000    -652.96236662       4.53432511    -648.42804150   565.792213 52915.199597
  876.100000    -652.57829857       5.67441743    -646.90388113   708.052713 52921.292930
  876.200000    -652.31565134       5.03555141    -647.28009993   628.335134 52927.334019
  876.300000    -651.22623860       5.72928104    -645.49695756   714.898583 52933.370845
  876.400000    -651.11074849       5.69547339    -645.41527511   710.680071 52939.487072
  876.500000    -651.77783524       5.62849020    -646.14934505   702.321921 52945.529842
  876.600000    -652.31668230       6.09069332    -646.22598897   759.995538 52951.560554
  876.700000    -652.38914966       6.07047568    -646.31867398   757.472785 52957.643700
  876.800000    -651.93782748       5.12996779    -646.80785969   640.116391 52963.706300
  876.900000    -652.38592815       6.35560935    -646.03031880   793.051709 52969.742171
  877.000000    -653.30137311       6.17098889    -647.13038422   770.014803 52975.808112
  877.100000    -652.61281104       5.12391256    -647.48889848   639.360821 52981.803008
  877.200000    -653.34166246       4.83259246    -648.50907000   603.009955 52987.887905
  877.300000    -653.30352540       4.84316085    -648.46036455   604.328677 52993.931573
  877.400000    -653.16198738       4.42490342    -648.73708396   552.138596 52999.977149
  877.500000    -653.18434743       4.92861722    -648.25573021   614.991905 53006.088979
  877.600000    -653.10456730       5.97093595    -647.13363135   745.052236 53012.131449
  877.700000    -652.58149096       4.16995118    -648.41153978   520.325704 53018.164187
  877.800000    -652.79779200       5.41811182    -647.37968018   676.070948 53024.249957
  877.900000    -653.64610322       5.94841103    -647.69769220   742.241581 53030.317154
  878.000000    -652.01154149       4.31467330    -647.69686819   538.384102 53036.354567
  878.100000    -652.21436289       5.01857644    -647.19578645   626.217001 53042.458552
  878.200000    -653.29977468       6.38753812    -646.91223656   797.035774 53048.484673
  878.300000    -652.41946947       4.63294495    -647.78652452   578.097977 53054.567755
  878.400000    -652.30227226       5.68767239    -646.61459987   709.706664 53060.619244
  878.500000    -653.34290128       7.02302642    -646.31987485   876.331882 53066.665539
  878.600000    -652.01718677       5.67124533    -646.34594145   707.656898 53072.789695
  878.700000    -653.07022925       5.85326867    -647.21696058   730.369735 53078.826255
  878.800000    -653.72907663       5.53547164    -648.19360499   690.715083 53084.846547
  878.900000    -652.96397603       5.37773028    -647.58624575   671.032147 53090.945267
  879.000000    -652.91884290       5.17496153    -647.74388136   645.730702 53096.975399
  879.100000    -653.50808978       5.81359945    -647.69449033   725.419817 53103.027055
  879.200000    -653.11437694       5.72163598    -647.39274096   713.944633 53109.104181
  879.300000    -653.19459979       5.76731524    -647.42728455   719.644483 53115.126277
  879.400000    -652.84104282       4.70184804    -648.13919479   586.695691 53121.204222
  879.500000    -653.04433684       6.23428276    -646.81005408   777.912601 53127.283201
  879.600000    -652.52894372       5.79962108    -646.72932263   723.675600 53133.333025
  879.700000    -652.66227324       6.02741911    -646.63485414   752.100194 53139.452022
  879.800000    -652.53932275       5.77347545    -646.76584729   720.413153 53145.562655
  879.900000    -653.02305586       5.31577868    -647.70727718   663.301838 53151.611779
  880.000000    -652.77842598       4.59838553    -648.18004045   573.785660 53157.795105
  880.100000    -653.22430355       4.38184334    -648.84246021   546.765566 53163.882836
  880.200000    -653.83066662       6.14376642    -647.68690021   766.617988 53169.921816
  880.300000    -652.70828428       6.06342147    -646.64486281   756.592562 53176.030618
  880.400000    -652.17504415       6.04589532    -646.12914883   754.405652 53182.102159
  880.500000    -653.20352195       6.09693974    -647.10658222   760.774964 53188.215285
  880.600000    -652.90716889       5.70577854    -647.20139036   711.965945 53194.317812
  880.700000    -652.19709049       5.09178045    -647.10531004   635.351382 53200.404581
  880.800000    -651.95795314       6.05272912    -645.90522402   755.258372 53206.509831
  880.900000    -652.03213229       5.72192573    -646.31020656   713.980789 53212.612208
  881.000000    -652.07261731       5.82866261    -646.24395469   727.299396 53218.677051
  881.100000    -652.47622355       5.69339305    -646.78283050   710.420486 53224.768315
  881.200000    -652.47475348       5.05688342    -647.41787006   630.996937 53230.786561
  881.300000    -653.15382325       4.96511521    -648.18870804   619.546118 53236.880384
  881.400000    -652.14287250       5.15572763    -646.98714487   643.330699 53242.957920
  881.500000    -652.28967680       5.52077062    -646.76890618   688.880693 53248.992543
  881.600000    -652.52482130       5.10507076    -647.41975054   637.009744 53255.074968
  881.700000    -652.00406090       5.62348851    -646.38057239   701.697811 53261.131353
  881.800000    -652.37037397       5.52111034    -646.84926363   688.923084 53267.157205
  881.900000    -652.35966332       5.08430343    -647.27535989   634.418401 53273.265712
  882.000000    -652.97257073       5.73456744    -647.23800329   715.558219 53279.336602
  882.100000    -653.02225635       5.45520888    -647.56704747   680.699912 53285.333876
  882.200000    -652.68139558       4.52967034    -648.15172524   565.211391 53291.404258
  882.300000    -653.15663802       5.43768554    -647.71895249   678.513352 53297.419521
  882.400000    -652.31289300       4.41640273    -647.89649027   551.077881 53303.515417
  882.500000    -652.89478219       5.66945893    -647.22532326   707.433992 53309.559112
  882.600000    -653.16513110       5.99329918    -647.17183191   747.842716 53315.601287
  882.700000    -652.14082089       5.03010205    -647.11071884   627.655163 53321.680995
  882.800000    -652.93306815       5.91714182    -647.01592634   738.339814 53327.734646
  882.900000    -651.70110746       5.62765111    -646.07345635   702.217220 53333.772750
  883.000000    -651.67605054       5.58391407    -646.09213647   696.759720 53339.863972
  883.100000    -651.24873872       6.06177449    -645.18696423   756.387052 53345.921054
  883.200000    -651.00780616       5.41607007    -645.59173608   675.816179 53351.965059
  883.300000    -651.98797163       6.00423862    -645.98373301   749.207736 53358.066690
  883.400000    -651.73444588       5.53834560    -646.19610028   691.073696 53364.107118
  883.500000    -652.31792985       5.95959921    -646.35833064   743.637640 53370.157043
  883.600000    -651.50570100       5.32972503    -646.17597597   665.042062 53376.222290
  883.700000    -652.10452933       6.55686444    -645.54766489   818.164280 53382.301342
  883.800000    -651.50337471       5.88667801    -645.61669670   734.538546 53388.404050
  883.900000    -652.38423738       4.58476715    -647.79947022   572.086361 53394.496982
  884.000000    -652.96559585       4.75045852    -648.21513733   592.761298 53400.564448
  884.100000    -652.68197762       5.86895661    -646.81302102   732.327273 53406.685914
  884.200000    -653.35001098       5.53557106    -647.81443992   690.727489 53412.775770
  884.300000    -652.82627453       5.76730210    -647.05897242   719.642844 53418.850897
  884.400000    -652.09771140       4.98941216    -647.10829925   622.577886 53424.979693
  884.500000    -652.14123600       5.80820302    -646.33303299   724.746452 53431.034270
  884.600000    -651.74170398       5.49029099    -646.25141300   685.077450 53437.152152
  884.700000    -651.61437568       5.86802292    -645.74635276   732.210768 53443.217514
  884.800000    -652.84121441       6.19776681    -646.64344760   773.356147 53449.310474
  884.900000    -652.66220226       5.91722043    -646.74498184   738.349624 53455.426727
  885.000000    -652.55010141       5.80564714    -646.74445427   724.427530 53461.516903
  885.100000    -652.55195454       4.93398644    -647.61796810   615.661876 53467.580269
  885.200000    -653.89534285       5.61216674    -648.28317612   700.285083 53473.712241
  885.300000    -653.79812487       5.26571143    -648.53241344   657.054457 53479.806640
  885.400000    -653.12372861       4.41675169    -648.70697691   551.121424 53485.878655
  885.500000    -653.38216177       5.61779179    -647.76436998   700.986976 53491.976679
  885.600000    -652.89425143       5.71366778    -647.18058366   712.950363 53498.027891
  885.700000    -651.86100296       5.16068764    -646.70031532   643.949608 53504.153882
  885.800000    -651.87471093       5.80223413    -646.07247681   724.001655 53510.249941
  885.900000    -653.67547826       7.45849380    -646.21698447   930.669417 53516.323483
  886.000000    -652.54523204       5.46449852    -647.08073351   681.859072 53522.450041
  886.100000    -652.23665614       5.41179063    -646.82486552   675.282190 53528.562850
  886.200000    -652.33066227       5.88030488    -646.45035739   733.743308 53534.645884
  886.300000    -651.99797600       5.11355573    -646.88442027   638.068498 53540.751415
  886.400000    -652.09826944       6.25397695    -645.84429249   780.370038 53546.849072
  886.500000    -652.01107711       5.36960638    -646.64147073   670.018449 53552.879882
  886.600000    -652.93333136       5.43614835    -647.49718302   678.321542 53558.981125
  886.700000    -652.72373366       4.90484487    -647.81888879   612.025597 53565.035594
  886.800000    -652.37784447       4.63269596    -647.74514851   578.066908 53571.139576
  886.900000    -652.81903873       4.93345428    -647.88558445   615.595474 53577.178134
  887.000000    -653.32769247       5.50243333    -647.82525915   686.592569 53583.230863
  887.100000    -652.86271795       3.92964572    -648.93307223   490.340436 53589.338895
  887.200000    -653.32835584       5.46939979    -647.85895605   682.470650 53595.389079
  887.300000    -652.88680017       5.21443614    -647.67236403   650.656336 53601.424994
  887.400000    -653.14894846       5.68360172    -647.46534674   709.198727 53607.535304
  887.500000    -653.30991030       5.49792649    -647.81198381   686.030207 53613.599459
  887.600000    -652.83874926       5.04803942    -647.79070983   629.893385 53619.595311
  887.700000    -653.28514979       6.53589148    -646.74925832   815.547278 53625.671742
  887.800000    -652.08343929       4.99567316    -647.08776612   623.359134 53631.719223
  887.900000    -652.16046098       5.35360822    -646.80685276   668.022201 53637.793615
  888.000000    -652.41324434       6.10117057    -646.31207377   761.302887 53643.842547
  888.100000    -652.98452360       5.20575271    -647.77877088   649.572819 53649.901547
  888.200000    -653.25162137       5.95669729    -647.29492408   743.275539 53655.996248
  888.300000    -652.68913476       5.07772582    -647.61140894   633.597648 53662.072327
  888.400000    -651.79536292       5.36547309    -646.42988984   669.502697 53668.108939
  888.500000    -651.79665469       5.72875214    -646.06790255   714.832587 53674.298965
  888.600000    -652.50540915       4.88752933    -647.61787982   609.864967 53680.371549
  888.700000    -653.02004316       4.51450042    -648.50554274   563.318491 53686.398671
  888.800000    -652.76305521       5.50824783    -647.25480738   687.318101 53692.487016
  888.900000    -652.22631599       5.67553755    -646.55077845   708.192480 53698.501861
  889.000000    -652.48531449       5.27177730    -647.21353719   657.811355 53704.587659
  889.100000    -652.71404070       5.32493457    -647.38910613   664.444308 53710.640639
  889.200000    -651.99447069       5.46833332    -646.52613737   682.337577 53716.689795
  889.300000    -651.98922861       4.87710616    -647.11212245   608.564366 53722.800138
  889.400000    -653.87455708       6.16919198    -647.70536511   769.790585 53728.870341
  889.500000    -653.57164881       5.53977586    -648.03187295   691.252164 53734.905032
  889.600000    -652.93604922       6.67284965    -646.26319957   832.636892 53741.004460
  889.700000    -652.59059749       5.54976771    -647.04082978   692.498944 53747.035696
  889.800000    -652.84577862       5.09220299    -647.75357563   635.404106 53753.115406
  889.900000    -653.60968563       5.24338339    -648.36630224   654.268368 53759.196581
  890.000000    -653.28873931       5.62015634    -647.66858297   701.282024 53765.232133
  890.100000    -652.73414547       5.13911532    -647.59503014   641.257818 53771.300354
  890.200000    -653.02813757       5.32767118    -647.70046639   664.785782 53777.391750
  890.300000    -653.85935205       4.45343895    -649.40591311   555.699253 53783.445976
  890.400000    -652.95136395       4.48164198    -648.46972197   559.218422 53789.541695
  890.500000    -652.51917775       4.99978335    -647.51939440   623.872002 53795.603596
  890.600000    -652.88093571       4.90213660    -647.97879911   611.687659 53801.644368
  890.700000    -652.37470228       4.41263299    -647.96206929   550.607493 53807.856097
  890.800000    -652.75147115       5.58593232    -647.16553883   697.011558 53813.901586
  890.900000    -652.27641038       4.10689751    -648.16951287   512.457879 53819.962217
  891.000000    -653.31579243       5.52729313    -647.78849930   689.694571 53826.065909
  891.100000    -652.01857584       4.86706935    -647.15150649   607.311975 53832.116788
  891.200000    -651.65989040       5.60128862    -646.05860178   698.927714 53838.242806
  891.300000    -652.18091677       6.29798947    -645.88292730   785.861911 53844.331260
  891.400000    -651.70814000       5.82416904    -645.88397096   726.738690 53850.404336
  891.500000    -652.56144526       6.08117248    -646.48027278   758.807529 53856.499254
  891.600000    -652.21683480       6.00512441    -646.21171039   749.318265 53862.626368
  891.700000    -651.93744647       6.42358904    -645.51385743   801.534201 53868.682167
  891.800000    -651.53081956       5.89269768    -645.63812188   735.289680 53874.807871
  891.900000    -651.04391013       5.97799218    -645.06591795   745.932711 53880.869803
  892.000000    -652.19536371       6.36015111    -645.83521260   793.618429 53886.902693
  892.100000    -652.12031395       5.29089607    -646.82941788   660.196991 53892.946633
  892.200000    -652.01903280       5.61260665    -646.40642615   700.339975 53899.029593
  892.300000    -651.74862781       5.06187719    -646.68675062   631.620059 53905.101075
  892.400000    -653.63630561       6.00442357    -647.63188205   749.230814 53911.174319
  892.500000    -652.95767159       5.02573838    -647.93193321   627.110665 53917.224864
  892.600000    -652.05531960       5.64709635    -646.40822325   704.643593 53923.315019
  892.700000    -652.05807341       6.19335017    -645.86472324   772.805039 53929.382615
  892.800000    -651.84547647       5.48544345    -646.36003302   684.472576 53935.436689
  892.900000    -650.74131034       4.67602977    -646.06528057   583.474093 53941.526633
  893.000000    -652.18109662       4.92787324    -647.25322338   614.899072 53947.540021
  893.100000    -652.06488287       5.67891136    -646.38597150   708.613465 53953.641457
  893.200000    -652.46095706       5.33752542    -647.12343164   666.015392 53959.677835
  893.300000    -651.67165308       4.40093184    -647.27072123   549.147427 53965.738401
  893.400000    -651.60963446       5.47612698    -646.13350748   683.310068 53971.836309
  893.500000    -652.28184570       6.51550460    -645.76634111   813.003407 53977.902171
  893.600000    -652.31595816       6.06131294    -646.25464522   756.329459 53983.934237
  893.700000    -651.59866736       4.40690968    -647.19175768   549.893340 53990.044769
  893.800000    -652.05104577       5.56223762    -646.48880815   694.054938 53996.109643
  893.900000    -652.77363638       6.25548177    -646.51815461   780.557809 54002.121726
  894.000000    -652.74819392       5.24387491    -647.50431901   654.329700 54008.199330
  894.100000    -651.60119233       5.22069044    -646.38050189   651.436746 54014.255466
  894.200000    -652.15567271       5.93787540    -646.21779731   740.926947 54020.358940
  894.300000    -651.96389586       5.52455617    -646.43933970   689.353053 54026.394250
  894.400000    -652.06456518       4.97078920    -647.09377598   620.254117 54032.435560
  894.500000    -652.20298083       5.10542036    -647.09756046   637.053368 54038.526384
  894.600000    -652.67016567       4.74975237    -647.92041330   592.673184 54044.617210
  894.700000    -652.78762444       5.49043511    -647.29718933   685.095434 54050.627939
  894.800000    -652.99865936       5.23388158    -647.76477778   653.082734 54056.718162
  894.900000    -653.03345449       6.19477814    -646.83867635   772.983222 54062.745594
  895.000000    -651.99205132       4.72361303    -647.26843828   589.411523 54068.810686
  895.100000    -651.83500771       5.66577672    -646.16923100   706.974526 54074.900838
  895.200000    -653.27449724       5.43963244    -647.83486480   678.756286 54080.914104
  895.300000    -653.27516407       4.74046369    -648.53470038   591.514145 54086.883860
  895.400000    -653.27721225       4.51681298    -648.76039928   563.607052 54092.959927
  895.500000    -652.48739036       5.36666982    -647.12072054   669.652025 54099.066498
  895.600000    -651.99206055       4.82847610    -647.16358445   602.496316 54105.122145
  895.700000    -651.96694031       5.15335115    -646.81358916   643.034163 54111.238113
  895.800000    -652.00576543       5.46864887    -646.53711656   682.376951 54117.257530
  895.900000    -652.68533794       5.13743240    -647.54790555   641.047823 54123.294499
  896.000000    -652.80816342       5.19936019    -647.60880323   648.775161 54129.383085
  896.100000    -652.34289767       5.48447312    -646.85842455   684.351498 54135.428106
  896.200000    -652.26259268       4.64352300    -647.61906967   579.417905 54141.536889
  896.300000    -652.55042494       5.79080607    -646.75961886   722.575665 54147.608849
  896.400000    -651.63895391       5.37729053    -646.26166337   670.977276 54153.631774
  896.500000    -652.35808276       5.65509587    -646.70298689   705.641772 54159.767159
  896.600000    -651.56787053       6.23909268    -645.32877785   778.512781 54165.812916
  896.700000    -652.00769999       5.87569902    -646.13200097   733.168590 54171.850047
  896.800000    -651.50666306       5.33117793    -646.17548513   665.223354 54177.965117
  896.900000    -651.77089280       5.38206558    -646.38882721   671.573105 54184.014037
  897.000000    -651.02236978       5.45971225    -645.56265753   681.261841 54190.127839
  897.100000    -652.19617296       7.46790929    -644.72826367   931.844281 54196.219946
  897.200000    -651.54494426       5.21634316    -646.32860109   650.894294 54202.294868
  897.300000    -652.36223459       5.69433044    -646.66790415   710.537454 54208.412513
  897.400000    -652.55021862       6.22028552    -646.32993310   776.166027 54214.523159
  897.500000    -651.86776341       5.59541982    -646.27234359   698.195406 54220.576440
  897.600000    -652.83490002       6.03525002    -646.79965000   753.077333 54226.726908
  897.700000    -652.40336446       5.67886683    -646.72449763   708.607908 54232.796466
  897.800000    -652.07147913       5.34173362    -646.72974551   666.540491 54238.873798
  897.900000    -652.41791889       5.78643771    -646.63148118   722.030581 54244.982542
  898.000000    -652.05652644       5.41391077    -646.64261567   675.546742 54251.073939
  898.100000    -651.84932739       5.71294772    -646.13637967   712.860514 54257.173154
  898.200000    -651.45567121       5.70408786    -645.75158335   711.754983 54263.266800
  898.300000    -652.40334169       5.88194690    -646.52139479   733.948200 54269.341186
  898.400000    -652.21406659       5.70834987    -646.50571673   712.286795 54275.453396
  898.500000    -650.96674258       4.64076726    -646.32597532   579.074044 54281.588086
  898.600000    -652.93714586       5.75126182    -647.18588404   717.641341 54287.649936
  898.700000    -651.88665422       5.53390548    -646.35274873   690.519659 54293.789642
  898.800000    -652.53312921       6.32130523    -646.21182398   788.771247 54299.855578
  898.900000    -652.66341674       5.76362911    -646.89978763   719.184528 54305.940723
  899.000000    -651.19293002       4.89393039    -646.29899963   610.663690 54312.060281
  899.100000    -651.94362288       5.21405345    -646.72956943   650.608584 54318.145828
  899.200000    -652.20579102       4.96378682    -647.24200420   619.380361 54324.257918
  899.300000    -652.15007557       5.76937441    -646.38070116   719.901426 54330.364439
  899.400000    -651.98687163       6.15418007    -645.83269156   767.917402 54336.428366
  899.500000    -652.38503558       6.24081623    -646.14421935   778.727845 54342.570935
  899.600000    -651.05296756       4.53994285    -646.51302471   566.493193 54348.662189
  899.700000    -652.86917736       5.45299820    -647.41617916   680.424064 54354.723104
  899.800000    -653.44983382       6.84932019    -646.60051363   854.656852 54360.848410
  899.900000    -652.38795564       5.06585431    -647.32210134   632.116323 54366.898645
  900.000000    -652.30524297       5.44055979    -646.86468318   678.872001 54373.011339
  900.100000    -651.78732550       4.91643084    -646.87089465   613.471292 54379.071961
  900.200000    -651.43733159       5.30209881    -646.13523278   661.594866 54385.150271
  900.300000    -651.58304294       6.27108871    -645.31195423   782.505240 54391.275099
  900.400000    -651.66470963       6.01324531    -645.65146433   750.331589 54397.388788
  900.500000    -651.47621920       5.86330983    -645.61290937   731.622670 54403.430619
  900.600000    -652.12167170       5.94507593    -646.17659577   741.825428 54409.564432
  900.700000    -651.27007932       5.45939826    -645.81068106   681.222662 54415.616984
  900.800000    -651.50966189       6.02696368    -645.48269821   752.043366 54421.711340
  900.900000    -651.55212582       6.79493061    -644.75719520   847.870131 54427.833513
  901.000000    -652.00795215       6.58811446    -645.41983768   822.063652 54433.885885
  901.100000    -652.74744526       6.58111220    -646.16633305   821.189911 54440.016908
  901.200000    -652.48591822       5.78909718    -646.69682104   722.362430 54446.089028
  901.300000    -650.88714290       6.04025464    -644.84688827   753.701809 54452.191861
  901.400000    -651.51330702       6.60505485    -644.90825217   824.177469 54458.316035
  901.500000    -651.45680885       5.70645069    -645.75035815   712.049817 54464.381715
  901.600000    -651.83291175       6.59937687    -645.23353488   823.468973 54470.442373
  901.700000    -651.85650012       6.81137864    -645.04512148   849.922512 54476.585916
  901.800000    -650.52329347       5.39861957    -645.12467390   673.638709 54482.650139
  901.900000    -651.40941123       6.22987951    -645.17953172   777.363164 54488.733158
  902.000000    -651.69427921       6.11695818    -645.57732103   763.272862 54494.862391
  902.100000    -651.61879331       5.76506491    -645.85372840   719.363687 54500.936996
  902.200000    -651.19803275       5.34544580    -645.85258695   667.003696 54507.040143
  902.300000    -652.09535343       5.55284937    -646.54250406   692.883473 54513.144778
  902.400000    -653.20583248       6.17082970    -647.03500278   769.994939 54519.210239
  902.500000    -651.87759553       5.08909344    -646.78850210   635.016097 54525.350436
  902.600000    -652.10505379       4.70046629    -647.40458750   586.523277 54531.450966
  902.700000    -652.29663353       6.30198966    -645.99464387   786.361054 54537.529083
  902.800000    -651.40288716       5.48641884    -645.91646832   684.594285 54543.668826
  902.900000    -651.52797526       5.64725952    -645.88071574   704.663953 54549.726565
  903.000000    -651.45176671       5.47847776    -645.97328895   683.603398 54555.831457
  903.100000    -651.93540907       6.84588328    -645.08952579   854.227995 54561.933678
  903.200000    -651.68993647       6.24254861    -645.44738786   778.944011 54568.010722
  903.300000    -652.99468197       6.29760066    -646.69708131   785.813395 54574.141418
  903.400000    -650.69122605       4.63489523    -646.05633083   578.341332 54580.220582
  903.500000    -652.59681614       4.85031951    -647.74649664   605.221932 54586.298877
  903.600000    -652.42454515       4.39850743    -648.02603772   548.844909 54592.444151
  903.700000    -652.21773667       4.27129431    -647.94644235   532.971281 54598.551069
  903.800000    -652.29056363       5.26530246    -647.02526117   657.003426 54604.627786
  903.900000    -651.96693056       5.98541107    -645.98151949   746.858439 54610.753424
  904.000000    -650.86505344       5.88340376    -644.98164968   734.129987 54616.795795
  904.100000    -650.75832950       5.37816862    -645.38016089   671.086843 54622.932792
  904.200000    -651.68211610       4.64055500    -647.04156110   579.047558 54629.012424
  904.300000    -652.38181595       5.30158439    -647.08023157   661.530677 54635.101815
  904.400000    -651.86341443       5.33142855    -646.53198589   665.254626 54641.252612
  904.500000    -652.47308882       5.06667018    -647.40641864   632.218127 54647.334573
  904.600000    -652.09772469       4.54468270    -647.55304200   567.084630 54653.378988
  904.700000    -652.41711337       6.11927859    -646.29783478   763.562402 54659.539487
  904.800000    -651.88221795       5.45465665    -646.42756130   680.631005 54665.625885
  904.900000    -651.58860327       5.04089561    -646.54770766   629.001982 54671.687128
  905.000000    -650.96997978       5.28878080    -645.68119898   659.933048 54677.790650
  905.100000    -650.85157852       6.24900760    -644.60257091   779.749963 54683.897066
  905.200000    -649.55968215       5.03167804    -644.52800411   627.851815 54690.002307
  905.300000    -650.65563895       5.73097501    -644.92466394   715.109956 54696.105438
  905.400000    -650.99426032       6.53335657    -644.46090375   815.230972 54702.193212
  905.500000    -652.10364481       6.57315830    -645.53048650   820.197425 54708.320110
  905.600000    -651.94146379       5.55403344    -646.38743035   693.031221 54714.420153
  905.700000    -652.85090429       6.69952406    -646.15138024   835.965320 54720.492608
  905.800000    -651.53267473       5.93678934    -645.59588539   740.791429 54726.643182
  905.900000    -651.33077576       6.55758478    -644.77319099   818.254163 54732.716435
  906.000000    -651.50741635       6.32175638    -645.18565998   788.827541 54738.801555
  906.100000    -650.77544602       5.88686088    -644.88858514   734.561365 54744.884862
  906.200000    -650.85164355       6.16144615    -644.69019740   768.824062 54750.987712
  906.300000    -651.25221486       5.40433775    -645.84787711   674.352221 54757.093225
  906.400000    -651.61058618       6.45829712    -645.15228906   805.865069 54763.187939
  906.500000    -651.26816030       4.74095117    -646.52720913   591.574973 54769.262273
  906.600000    -653.11032669       5.21569759    -647.89462910   650.813739 54775.367650
  906.700000    -652.78656162       5.20999802    -647.57656361   650.102547 54781.477000
  906.800000    -653.31719685       4.73522558    -648.58197127   590.860534 54787.524154
  906.900000    -652.52291294       4.51976193    -648.00315101   563.975022 54793.621860
  907.000000    -651.63843137       4.44199702    -647.19643434   554.271532 54799.677941
  907.100000    -652.46952282       5.95538428    -646.51413854   743.111702 54805.811886
  907.200000    -652.02525390       5.59134161    -646.43391229   697.686527 54811.876111
  907.300000    -652.80719634       6.04676118    -646.76043516   754.513693 54817.949732
  907.400000    -651.24405909       4.98991435    -646.25414474   622.640551 54824.084353
  907.500000    -651.55067256       5.07974205    -646.47093052   633.849233 54830.181614
  907.600000    -651.30432872       5.66528576    -645.63904297   706.913264 54836.253216
  907.700000    -651.57452620       5.04086682    -646.53365937   628.998390 54842.397971
  907.800000    -651.35620519       5.22554370    -646.13066149   652.042335 54848.486816
  907.900000    -651.80532606       4.85112700    -646.95419906   605.322692 54854.535596
  908.000000    -652.87083904       5.32713971    -647.54369933   664.719465 54860.660918
  908.100000    -652.70091594       5.08037223    -647.62054370   633.927867 54866.715503
  908.200000    -651.81200962       5.86463097    -645.94737864   731.787522 54872.848832
  908.300000    -651.17816535       5.30517134    -645.87299401   661.978257 54878.943840
  908.400000    -651.83461363       6.23410437    -645.60050926   777.890341 54885.015501
  908.500000    -652.35018214       5.44391653    -646.90626562   679.290854 54891.159327
  908.600000    -651.92099768       5.56344395    -646.35755373   694.205463 54897.261644
  908.700000    -652.19379230       5.35362284    -646.84016946   668.024025 54903.340059
  908.800000    -651.96634805       4.71620074    -647.25014731   588.486619 54909.481963
  908.900000    -653.27616924       5.11809673    -648.15807251   638.635122 54915.537579
  909.000000    -652.72152821       4.91473819    -647.80679002   613.260083 54921.623867
  909.100000    -653.11602281       5.39503516    -647.72098764   673.191447 54927.695103
  909.200000    -652.64262302       5.37746314    -647.26515988   670.998813 54933.775416
  909.300000    -652.50706566       5.45436610    -647.05269955   680.594750 54939.928391
  909.400000    -652.38972167       5.01845776    -647.37126391   626.202191 54945.995654
  909.500000    -651.86506549       5.24938042    -646.61568507   655.016676 54952.045992
  909.600000    -651.86402241       5.61083652    -646.25318589   700.119098 54958.202724
  909.700000    -652.28220927       6.31016519    -645.97204408   787.381195 54964.283144
  909.800000    -652.90014183       6.74004816    -646.16009367   841.021909 54970.368230
  909.900000    -651.94184075       4.85330656    -647.08853419   605.594656 54976.500447
  910.000000    -653.41055260       5.67686864    -647.73368396   708.358574 54982.554622
  910.100000    -653.05841385       6.05917116    -646.99924270   756.062208 54988.670453
  910.200000    -652.48434883       5.52783258    -646.95651626   689.761883 54994.764966
  910.300000    -651.97667160       5.60795077    -646.36872082   699.759016 55000.846679
  910.400000    -652.76646962       6.09408205    -646.67238757   760.418383 55006.945951
  910.500000    -651.83740935       5.80583675    -646.03157260   724.451190 55013.069006
  910.600000    -652.22187151       5.81575241    -646.40611910   725.688464 55019.127731
  910.700000    -652.18398840       5.39032099    -646.79366741   672.603213 55025.275007
  910.800000    -652.33231912       5.32901890    -647.00330022   664.953951 55031.348821
  910.900000    -651.96679600       5.26095992    -646.70583609   656.461564 55037.436728
  911.000000    -652.19921302       5.63370202    -646.56551099   702.972252 55043.507193
  911.100000    -650.79300359       5.20320266    -645.58980093   649.254624 55049.603379
  911.200000    -651.59442671       5.90383426    -645.69059244   736.679300 55055.727871
  911.300000    -652.45849139       5.76875923    -646.68973216   719.824664 55061.826207
  911.400000    -652.16412566       4.71831123    -647.44581443   588.749965 55067.900445
  911.500000    -652.69959374       4.51542122    -648.18417252   563.433389 55074.016170
  911.600000    -653.53135423       4.82857786    -648.70277637   602.509014 55080.116616
  911.700000    -652.80999155       5.01715702    -647.79283453   626.039885 55086.150439
  911.800000    -652.52020685       5.04548871    -647.47471815   629.575108 55092.279774
  911.900000    -651.94218190       4.53016562    -647.41201628   565.273192 55098.341019
  912.000000    -652.32322346       5.07335341    -647.24987006   633.052060 55104.433653
  912.100000    -652.61554061       5.47894392    -647.13659669   683.661566 55110.498643
  912.200000    -652.47517961       5.38824129    -647.08693833   672.343708 55116.607672
  912.300000    -652.15089576       6.02573970    -646.12515606   751.890638 55122.706304
  912.400000    -652.34969935       5.62814049    -646.72155886   702.278285 55128.799684
  912.500000    -652.50382780       5.91821615    -646.58561165   738.473870 55134.854465
  912.600000    -651.75072648       5.31457980    -646.43614669   663.152242 55140.944192
  912.700000    -651.26101067       5.30564329    -645.95536738   662.037146 55147.012278
  912.800000    -651.83134258       5.25995062    -646.57139195   656.335624 55153.032080
  912.900000    -651.94962126       5.21009690    -646.73952435   650.114887 55159.124785
  913.000000    -652.36724538       5.60263518    -646.76461021   699.095737 55165.160187
  913.100000    -652.18177615       5.34859823    -646.83317792   667.397055 55171.261641
  913.200000    -651.63331375       5.23957640    -646.39373735   653.793333 55177.345824
  913.300000    -652.17600537       5.05067241    -647.12533296   630.221929 55183.385929
  913.400000    -652.89195975       5.60403624    -647.28792351   699.270561 55189.490168
  913.500000    -652.33544948       4.97871729    -647.35673219   621.243383 55195.572612
  913.600000    -652.27265212       5.17180544    -647.10084667   645.336885 55201.626994
  913.700000    -652.47425258       6.13308081    -646.34117177   765.284641 55207.716102
  913.800000    -651.30208789       5.66564645    -645.63644144   706.958271 55213.773937
  913.900000    -651.26269470       5.69552615    -645.56716855   710.686654 55219.848745
  914.000000    -650.79596005       5.96806600    -644.82789406   744.694124 55225.942655
  914.100000    -652.07176436       6.53739744    -645.53436692   815.735192 55231.975665
  914.200000    -651.12392380       5.40547139    -645.71845241   674.493677 55238.059089
  914.300000    -651.46261413       5.05284905    -646.40976507   630.493530 55244.144394
  914.400000    -651.99799211       5.19361254    -646.80437957   648.057971 55250.203814
  914.500000    -652.41331657       5.83384215    -646.57947442   727.945698 55256.299188
  914.600000    -652.67607115       6.03606190    -646.64000924   753.178640 55262.390799
  914.700000    -652.29717877       5.29181790    -647.00536087   660.312017 55268.415593
  914.800000    -653.15870639       6.43239939    -646.72630700   802.633555 55274.532177
  914.900000    -652.19701531       6.01156291    -646.18545239   750.121661 55280.577267
  915.000000    -653.96218324       6.93789669    -647.02428655   865.709411 55286.655921
  915.100000    -652.56772159       5.86274457    -646.70497703   731.552136 55292.745917
  915.200000    -651.36295025       5.46984245    -645.89310781   682.525885 55298.769773
  915.300000    -650.14056344       5.17005970    -644.97050374   645.119052 55304.827256
  915.400000    -651.01552618       5.68233807    -645.33318811   709.041049 55310.924081
  915.500000    -652.01009564       5.88645612    -646.12363952   734.510859 55316.998137
  915.600000    -652.32348237       6.48349708    -645.83998530   809.009515 55323.076964
  915.700000    -652.59306635       5.57043803    -647.02262832   695.078183 55329.192878
  915.800000    -651.88126897       4.35448053    -647.52678843   543.351241 55335.142310
  915.900000    -652.31349603       4.89724604    -647.41624999   611.077416 55341.237880
  916.000000    -652.60371949       5.57231299    -647.03140650   695.312140 55347.357178
  916.100000    -653.17525498       5.67767703    -647.49757795   708.459444 55353.289861
  916.200000    -652.36639852       5.77841677    -646.58798175   721.029730 55359.116495
  916.300000    -652.17355329       6.34098189    -645.83257140   791.226497 55364.947427
  916.400000    -651.82049357       6.09944948    -645.72104410   761.088129 55370.776494
  916.500000    -650.37962223       5.49868755    -644.88093468   686.125172 55376.615297
  916.600000    -651.35564845       5.44906407    -645.90658439   679.933163 55382.440170
  916.700000    -652.74447347       6.28914869    -646.45532479   784.758760 55388.239948
  916.800000    -652.24674555       6.58808616    -645.65865939   822.060120 55394.045621
  916.900000    -650.94569984       5.97713889    -644.96856096   745.826237 55399.856538
  917.000000    -652.29886349       6.75826043    -645.54060306   843.294433 55405.660830
  917.100000    -652.14275210       6.23148376    -645.91126834   777.563342 55411.471427
  917.200000    -651.22357450       5.82671258    -645.39686192   727.056071 55417.281481
  917.300000    -650.71175442       4.80250835    -645.90924607   599.256065 55423.091567
  917.400000    -651.89263029       5.58517146    -646.30745883   696.916617 55428.903722
  917.500000    -651.49458704       5.98604005    -645.50854699   746.936923 55434.716651
  917.600000    -652.09902475       5.72610163    -646.37292312   714.501857 55440.518843
  917.700000    -652.31789904       5.50354027    -646.81435876   686.730694 55446.328513
  917.800000    -652.13244830       5.43169314    -646.70075516   677.765623 55452.138751
  917.900000    -651.40994640       4.87126026    -646.53868614   607.834915 55457.944873
  918.000000    -653.17627786       6.78377432    -646.39250355   846.478051 55463.759824
  918.100000    -652.40409346       6.21417181    -646.18992165   775.403160 55469.575742
  918.200000    -651.14232441       5.07849957    -646.06382485   633.694196 55475.384354
  918.300000    -652.34223897       5.99626687    -646.34597210   748.213023 55481.207450
  918.400000    -651.95421587       4.99443960    -646.95977627   623.205210 55487.019596
  918.500000    -652.61083880       5.31851521    -647.29232359   663.643302 55492.955854
  918.600000    -653.16655869       5.74555590    -647.42100279   716.929357 55498.774765
  918.700000    -653.46784762       5.81260533    -647.65524229   725.295772 55504.585661
  918.800000    -651.73852617       5.24117833    -646.49734784   653.993221 55510.403675
  918.900000    -651.96819022       5.33507043    -646.63311979   665.709059 55516.220662
  919.000000    -651.40082026       5.91970041    -645.48111985   738.659075 55522.036438
  919.100000    -652.38887178       5.63648323    -646.75238855   703.319290 55527.849572
  919.200000    -652.45555260       5.36167974    -647.09387286   669.029364 55533.661323
  919.300000    -652.03612141       6.78125300    -645.25486841   846.163441 55539.518525
  919.400000    -652.47956252       6.51778590    -645.96177663   813.288067 55545.322073
  919.500000    -651.90123512       5.87508592    -646.02614920   733.092088 55551.135445
  919.600000    -652.37588101       7.07199157    -645.30388945   882.441743 55556.949196
  919.700000    -651.36101559       6.65877362    -644.70224197   830.880488 55562.760889
  919.800000    -651.95447563       4.82607516    -647.12840047   602.196728 55568.571825
  919.900000    -652.23204434       4.88611683    -647.34592751   609.688715 55574.380564
  920.000000    -653.54535310       5.64941903    -647.89593407   704.933417 55580.192666
  920.100000    -653.39517487       5.06669268    -648.32848219   632.220935 55586.051478
  920.200000    -653.24455563       4.69891375    -648.54564188   586.329551 55591.868947
  920.300000    -653.23146449       3.91466116    -649.31680333   488.470664 55597.687468
  920.400000    -653.27422607       4.56836768    -648.70585839   570.040038 55603.497508
  920.500000    -652.91451243       5.61334121    -647.30117122   700.431634 55609.307122
  920.600000    -652.56473226       5.49331803    -647.07141423   685.455164 55615.114694
  920.700000    -652.45745200       5.90356097    -646.55389103   736.645200 55620.923668
  920.800000    -652.69607107       5.86938310    -646.82668797   732.380491 55626.734331
  920.900000    -652.45146200       5.92739227    -646.52406973   739.618865 55632.594105
  921.000000    -652.20742799       5.75575079    -646.45167721   718.201473 55638.398943
  921.100000    -652.35334092       6.25945392    -646.09388700   781.053452 55644.201263
  921.200000    -651.54372730       5.38462970    -646.15909760   671.893055 55650.005392
  921.300000    -652.66890198       6.26728843    -646.40161355   782.031041 55655.812966
  921.400000    -652.49866627       5.83475594    -646.66391033   728.059721 55661.625715
  921.500000    -651.90712623       4.67577183    -647.23135440   583.441907 55667.435251
  921.600000    -653.60788199       5.39471783    -648.21316416   673.151850 55673.247178
  921.700000    -652.09333445       5.99792653    -646.09540792   748.420116 55679.106327
  921.800000    -652.98186609       6.65548660    -646.32637949   830.470334 55684.914028
  921.900000    -652.92010629       5.01729789    -647.90280840   626.057463 55690.731560
  922.000000    -652.65997063       5.49079559    -647.16917504   685.140414 55696.538840
  922.100000    -652.13846287       4.91917736    -647.21928551   613.814002 55702.353385
  922.200000    -652.15232736       5.52540293    -646.62692443   689.458711 55708.167848
  922.300000    -653.22070776       6.13581295    -647.08489481   765.625556 55713.974490
  922.400000    -651.81335458       4.64929899    -647.16405559   580.138631 55719.781377
  922.500000    -653.00270515       6.17444627    -646.82825888   770.446215 55725.641160
  922.600000    -652.47758829       5.95756103    -646.52002726   743.383317 55731.448752
  922.700000    -652.87532748       5.40370193    -647.47162555   674.272885 55737.249210
  922.800000    -653.26821394       5.57319452    -647.69501941   695.422138 55743.045708
  922.900000    -653.09920461       5.79794176    -647.30126285   723.466055 55748.846117
  923.000000    -651.80408227       5.89156163    -645.91252064   735.147924 55754.654377
  923.100000    -651.88875219       5.65318605    -646.23556614   705.403465 55760.466018
  923.200000    -652.18656346       5.48985747    -646.69670599   685.023356 55766.282694
  923.300000    -652.62328662       6.09564946    -646.52763716   760.613963 55772.143645
  923.400000    -652.50848433       6.28815594    -646.22032839   784.634886 55777.972929
  923.500000    -651.57335057       5.54114132    -646.03220924   691.422545 55783.808712
  923.600000    -652.66670960       6.68675977    -645.97994983   834.372594 55789.638004
  923.700000    -651.25999712       6.36006031    -644.89993681   793.607099 55795.463737
  923.800000    -652.31760711       6.27418760    -646.04341951   782.891918 55801.279670
  923.900000    -651.53622160       6.04006290    -645.49615871   753.677883 55807.106126
  924.000000    -652.40772851       5.51833731    -646.88939120   688.577065 55812.933435
  924.100000    -652.89817907       5.46336664    -647.43481244   681.717835 55818.813299
  924.200000    -653.10836370       6.23409416    -646.87426954   777.889067 55824.653031
  924.300000    -652.26591087       5.49645266    -646.76945821   685.846303 55830.527585
  924.400000    -652.01865750       5.97804443    -646.04061306   745.939231 55836.357458
  924.500000    -652.00355262       5.84789246    -646.15566016   729.698893 55842.191898
  924.600000    -651.98706401       5.80943675    -646.17762725   724.900397 55848.016802
  924.700000    -651.84155592       5.82886817    -646.01268775   727.325046 55853.851366
  924.800000    -652.48400873       5.73318493    -646.75082381   715.385709 55859.658792
  924.900000    -652.69206231       5.43204098    -647.26002133   677.809025 55865.518685
  925.000000    -652.74350324       6.35272540    -646.39077784   792.691850 55871.296164
  925.100000    -653.37935415       5.47424968    -647.90510447   683.075820 55877.070781
  925.200000    -652.89005816       5.08718644    -647.80287172   634.778142 55882.860073
  925.300000    -652.70131785       6.04300089    -646.65831696   754.044486 55888.665861
  925.400000    -652.25035143       6.07949376    -646.17085767   758.598059 55894.447840
  925.500000    -652.55321584       5.99171833    -646.56149751   747.645457 55900.235192
  925.600000    -652.67621067       6.07196938    -646.60424129   757.659168 55906.039871
  925.700000    -652.43313576       5.45108360    -646.98205216   680.185160 55911.975123
  925.800000    -652.85038471       5.20768210    -647.64270261   649.813568 55917.903901
  925.900000    -652.49912310       5.65230129    -646.84682181   705.293065 55923.761840
  926.000000    -652.77427712       6.18156020    -646.59271692   771.333889 55929.620354
  926.100000    -652.94472849       6.57182474    -646.37290375   820.031023 55935.406164
  926.200000    -652.04233538       5.61741671    -646.42491866   700.940174 55941.189494
  926.300000    -652.54009091       6.18345119    -646.35663972   771.569847 55946.986315
  926.400000    -653.02447364       5.35555506    -647.66891858   668.265128 55952.779329
  926.500000    -652.81726939       5.23500268    -647.58226671   653.222625 55958.607063
  926.600000    -652.66541832       5.18111880    -647.48429952   646.499004 55964.384564
  926.700000    -653.10159562       5.27437090    -647.82722472   658.134983 55970.160044
  926.800000    -652.84794776       5.51334766    -647.33460010   687.954457 55975.937980
  926.900000    -653.65707109       5.43860852    -648.21846258   678.628522 55981.751447
  927.000000    -653.05253088       5.08596238    -647.96656851   634.625404 55987.547904
  927.100000    -653.28126672       5.45486658    -647.82640013   680.657200 55993.327607
  927.200000    -652.55722031       5.06940910    -647.48781121   632.559890 55999.102672
  927.300000    -651.98099478       5.43951108    -646.54148370   678.741144 56004.932601
  927.400000    -652.62008554       5.27416255    -647.34592299   658.108985 56010.718275
  927.500000    -653.34660646       5.24616031    -648.10044615   654.614872 56016.646525
  927.600000    -652.00391083       4.89721985    -647.10669098   611.074148 56022.555165
  927.700000    -651.98613575       5.21613637    -646.76999938   650.868490 56028.465632
  927.800000    -651.73000760       5.15562341    -646.57438419   643.317694 56034.364169
  927.900000    -652.74295423       6.06493935    -646.67801488   756.781962 56040.328312
  928.000000    -652.74717094       6.28050970    -646.46666124   783.680789 56046.308176
  928.100000    -652.62965421       7.50898559    -645.12066861   936.969774 56052.334991
  928.200000    -652.48035138       5.91107031    -646.56928107   737.582213 56058.313748
  928.300000    -652.70123732       5.51848574    -647.18275158   688.595586 56064.283747
  928.400000    -653.03264132       5.82979245    -647.20284886   727.440378 56070.257737
  928.500000    -652.68889477       5.34520054    -647.34369423   666.973093 56076.231316
  928.600000    -652.50107328       5.54212657    -646.95894671   691.545484 56082.213027
  928.700000    -652.58865286       5.32297529    -647.26567757   664.199830 56088.194594
  928.800000    -652.02084674       5.23828242    -646.78256432   653.631870 56094.176529
  928.900000    -653.12310676       6.12909510    -646.99401165   764.787305 56100.197678
  929.000000    -653.01478450       5.65275575    -647.36202875   705.349772 56106.195696
  929.100000    -653.06674478       5.88656855    -647.18017623   734.524889 56112.173328
  929.200000    -652.58255523       5.52171623    -647.06083900   688.998686 56118.144516
  929.300000    -652.42436074       4.83340457    -647.59095617   603.111290 56124.121744
  929.400000    -651.45899812       5.62408277    -645.83491535   701.771964 56130.098046
  929.500000    -651.57104484       4.26238515    -647.30865969   531.859597 56136.073849
  929.600000    -653.98127882       5.65568052    -648.32559829   705.714725 56142.050991
  929.700000    -653.73339889       5.20526845    -648.52813044   649.512393 56148.105315
  929.800000    -653.10555285       5.20552428    -647.90002857   649.544315 56154.095204
  929.900000    -653.40524014       5.77392479    -647.63131535   720.469222 56160.044813
  930.000000    -652.82138703       5.19434227    -647.62704477   648.149026 56165.991657
  930.100000    -653.54033939       4.97404287    -648.56629652   620.660110 56171.889155
  930.200000    -652.97662820       5.40442399    -647.57220421   674.362982 56177.720946
  930.300000    -653.35834549       5.58036132    -647.77798417   696.316409 56183.528627
  930.400000    -653.22423541       4.98011554    -648.24411987   621.417857 56189.341263
  930.500000    -653.41265477       5.05228862    -648.36036615   630.423600 56195.155696
  930.600000    -653.47339174       5.39474407    -648.07864768   673.155124 56201.070061
  930.700000    -653.22453860       5.50364711    -647.72089150   686.744024 56206.950894
  930.800000    -652.54042774       5.93296840    -646.60745934   740.314653 56213.136735
  930.900000    -651.80699810       6.39173243    -645.41526567   797.559140 56219.111755
  931.000000    -651.74763755       5.60591067    -646.14172687   699.504452 56225.090744
  931.100000    -651.85556850       6.13734585    -645.71822264   765.816832 56231.063890
  931.200000    -652.58922520       5.71554079    -646.87368441   713.184077 56237.039667
  931.300000    -651.56059049       5.35952660    -646.20106389   668.760695 56243.018529
  931.400000    -651.39883749       4.89217304    -646.50666446   610.444408 56249.033002
  931.500000    -651.59999989       5.81837140    -645.78162849   726.015261 56255.007172
  931.600000    -651.16139512       5.62814109    -645.53325404   702.278359 56260.972472
  931.700000    -651.35347431       5.74677012    -645.60670419   717.080867 56266.938689
  931.800000    -652.32700204       4.57578580    -647.75121624   570.965670 56272.916094
  931.900000    -652.18463956       4.94756177    -647.23707779   617.355804 56278.892565
  932.000000    -652.64432996       5.62795152    -647.01637844   702.254704 56284.863499
  932.100000    -651.83061879       4.86173238    -646.96888641   606.646029 56290.844293
  932.200000    -652.60641132       5.29685005    -647.30956127   660.939928 56296.868769
  932.300000    -652.49809095       4.93921078    -647.55888016   616.313769 56302.838702
  932.400000    -652.31127836       5.36048661    -646.95079175   668.880485 56308.815110
  932.500000    -652.44237733       5.68491174    -646.75746558   709.362191 56314.787657
  932.600000    -652.78609491       5.76456565    -647.02152926   719.301389 56320.759562
  932.700000    -652.12922050       4.97568215    -647.15353835   620.864659 56326.662463
  932.800000    -652.47447041       5.25456104    -647.21990937   655.663113 56332.610863
  932.900000    -652.77747266       4.96394936    -647.81352330   619.400643 56338.558865
  933.000000    -652.96233176       4.66025825    -648.30207351   581.506125 56344.521528
  933.100000    -652.26813748       5.19463776    -647.07349972   648.185898 56350.353725
  933.200000    -652.13024002       5.32775414    -646.80248587   664.796134 56356.167572
  933.300000    -652.45004827       5.48480437    -646.96524390   684.392831 56361.979677
  933.400000    -652.86707562       7.15741806    -645.70965756   893.101245 56367.787614
  933.500000    -651.81961513       6.06895333    -645.75066180   757.282825 56373.667738
  933.600000    -652.48765605       6.05373608    -646.43391998   755.384020 56379.558735
  933.700000    -652.27800725       5.50597612    -646.77203113   687.034638 56385.515338
  933.800000    -652.72177175       5.08899119    -647.63278055   635.003340 56391.538917
  933.900000    -652.50044889       5.03945217    -647.46099672   628.821870 56397.516115
  934.000000    -653.57740396       6.35785663    -647.21954733   793.332124 56403.491427
  934.100000    -651.45580190       5.52903130    -645.92677060   689.911459 56409.469511
  934.200000    -652.50710672       6.33993614    -646.16717058   791.096009 56415.445842
  934.300000    -652.10607265       6.72714099    -645.37893166   839.411355 56421.431474
  934.400000    -652.06595219       7.17643808    -644.88951412   895.474559 56427.420022
  934.500000    -651.63291464       6.10496378    -645.52795086   761.776203 56433.389190
  934.600000    -651.68571997       5.02950140    -646.65621858   627.580214 56439.353918
  934.700000    -652.32133924       6.27882842    -646.04251082   783.470999 56445.370558
  934.800000    -650.96798052       5.28855732    -645.67942320   659.905162 56451.353655
  934.900000    -651.80934960       6.58118720    -645.22816241   821.199269 56457.333809
  935.000000    -652.02208261       6.52720781    -645.49487480   814.463732 56463.323927
  935.100000    -651.22971102       5.06831319    -646.16139783   632.423142 56469.308653
  935.200000    -651.92046617       4.99720543    -646.92326074   623.550329 56475.293703
  935.300000    -652.32495986       5.23811362    -647.08684624   653.610807 56481.283346
  935.400000    -652.31804794       4.74722548    -647.57082247   592.357879 56487.270274
  935.500000    -651.95842185       4.87894943    -647.07947242   608.794369 56493.308627
  935.600000    -651.89803601       4.87215098    -647.02588503   607.946059 56499.224147
  935.700000    -652.97712462       5.09696266    -647.88016197   635.998017 56505.191669
  935.800000    -653.18776375       5.18947385    -647.99828991   647.541546 56511.158304
  935.900000    -652.69924303       5.10933190    -647.58991113   637.541449 56517.124803
  936.000000    -653.54939310       6.24444327    -647.30494983   779.180426 56522.993089
  936.100000    -652.72015114       5.47907605    -647.24107509   683.678052 56528.820760
  936.200000    -653.06571205       4.97645462    -648.08925744   620.961047 56534.651800
  936.300000    -653.20473777       5.18154580    -648.02319197   646.552285 56540.532643
  936.400000    -652.40862983       4.88575086    -647.52287897   609.643050 56546.393977
  936.500000    -652.43988465       5.54228945    -646.89759520   691.565809 56552.297890
  936.600000    -652.90395876       5.59103810    -647.31292066   697.648656 56558.228288
  936.700000    -652.34216912       4.87424813    -647.46792100   608.207741 56564.216404
  936.800000    -652.51125386       5.21164778    -647.29960608   650.308405 56570.210981
  936.900000    -651.36434388       4.76624114    -646.59810274   594.730650 56576.200811
  937.000000    -651.62190520       5.63914694    -645.98275826   703.651667 56582.192087
  937.100000    -653.00139150       6.03043292    -646.97095858   752.476256 56588.229213
  937.200000    -652.11045397       6.31439797    -645.79605600   787.909361 56594.212700
  937.300000    -652.85933937       5.26056298    -647.59877639   656.412034 56600.193331
  937.400000    -652.25846342       5.00086559    -647.25759783   624.007043 56606.189658
  937.500000    -652.81489874       4.46714545    -648.34775329   557.409548 56612.179741
  937.600000    -653.57363265       5.85968835    -647.71394430   731.170782 56618.174401
  937.700000    -652.49856570       5.93729676    -646.56126894   740.854744 56624.170134
  937.800000    -652.22492164       6.29170428    -645.93321736   785.077647 56630.161260
  937.900000    -652.48554695       5.52174124    -646.96380572   689.001807 56636.241667
  938.000000    -652.55445010       5.16681754    -647.38763256   644.714495 56642.888788
  938.100000    -653.15085498       5.83072119    -647.32013379   727.556266 56649.513242
  938.200000    -652.83715935       6.25119709    -646.58596227   780.023167 56656.181499
  938.300000    -652.97966036       6.01420240    -646.96545796   750.451015 56662.785942
  938.400000    -653.27010604       6.06476267    -647.20534337   756.759916 56668.872492
  938.500000    -652.40534279       5.28255406    -647.12278873   659.156077 56674.899461
  938.600000    -652.65621168       4.92077064    -647.73544103   614.012812 56680.982280
  938.700000    -653.63021407       5.30316130    -648.32705277   661.727444 56687.067197
  938.800000    -653.68799089       5.78051683    -647.90747406   721.291775 56693.098192
  938.900000    -654.00138564       4.76752782    -649.23385781   594.891202 56699.468536
  939.000000    -654.13235451       5.68890866    -648.44344585   709.860925 56706.044377
  939.100000    -653.11875595       5.00773862    -648.11101733   624.864659 56712.274973
  939.200000    -653.56604726       6.02948809    -647.53655916   752.358361 56718.350480
  939.300000    -652.56977486       4.93543578    -647.63433908   615.842724 56724.433095
  939.400000    -653.31324808       5.57959019    -647.73365790   696.220188 56730.517085
  939.500000    -652.31375202       5.13551347    -647.17823855   640.808381 56736.687231
  939.600000    -652.53699563       4.89266906    -647.64432657   610.506301 56742.905346
  939.700000    -654.07299662       5.44337769    -648.62961894   679.223618 56749.079394
  939.800000    -653.42296565       4.87956696    -648.54339869   608.871424 56755.310140
  939.900000    -653.05081477       4.82845256    -648.22236220   602.493380 56761.501467
  940.000000    -653.40474358       5.29112480    -648.11361879   660.225532 56767.699524
  940.100000    -653.39409333       5.92890378    -647.46518955   739.807470 56773.902884
  940.200000    -653.26443938       5.52313744    -647.74130194   689.176025 56780.092328
  940.300000    -653.09665778       6.56254986    -646.53410792   818.873705 56786.301444
  940.400000    -652.31169025       5.89564820    -646.41604205   735.657845 56792.515133
  940.500000    -652.33079650       5.80715099    -646.52364551   724.615180 56798.711259
  940.600000    -653.24458299       5.33988952    -647.90469347   666.310384 56804.909963
  940.700000    -652.70945501       5.47310092    -647.23635409   682.932477 56811.114901
  940.800000    -652.84105106       4.77287425    -648.06817680   595.558329 56817.276085
  940.900000    -653.74614100       5.13653763    -648.60960336   640.936175 56823.459943
  941.000000    -652.65370966       4.93639563    -647.71731403   615.962495 56829.628599
  941.100000    -653.21316208       6.33451755    -646.87864453   790.419878 56835.797004
  941.200000    -652.73554862       6.01138246    -646.72416616   750.099144 56841.951997
  941.300000    -653.12224953       5.64024086    -647.48200867   703.788166 56848.058346
  941.400000    -653.84954732       5.23276050    -648.61678683   652.942845 56854.185901
  941.500000    -653.99571256       4.87106646    -649.12464610   607.810733 56860.362578
  941.600000    -653.52075241       5.28218683    -648.23856558   659.110254 56866.474202
  941.700000    -652.94634199       5.80029620    -647.14604579   723.759841 56872.552993
  941.800000    -653.65195159       5.53991277    -648.11203882   691.269247 56878.596156
  941.900000    -654.08970701       5.02057157    -649.06913544   626.465952 56884.618996
  942.000000    -654.00522245       4.49694304    -649.50827941   561.127685 56890.645725
  942.100000    -654.41839388       4.85815388    -649.56024000   606.199504 56896.715951
  942.200000    -653.76272524       5.20822245    -648.55450279   649.880993 56902.765069
  942.300000    -654.36780040       5.23126889    -649.13653151   652.756723 56908.889528
  942.400000    -653.56952470       4.79605549    -648.77346922   598.450879 56915.028774
  942.500000    -653.17312588       5.25630522    -647.91682067   655.880751 56921.167573
  942.600000    -653.52698719       4.90188574    -648.62510145   611.656357 56927.273103
  942.700000    -653.61655317       5.16818379    -648.44836938   644.884976 56933.440032
  942.800000    -653.25114332       5.49907705    -647.75206627   686.173774 56939.567713
  942.900000    -652.86023403       5.95795669    -646.90227734   743.432686 56945.700542
  943.000000    -652.98746058       5.10426492    -647.88319566   636.909193 56951.834498
  943.100000    -652.44268589       5.07002375    -647.37266214   632.636586 56957.944646
  943.200000    -653.26217479       6.05009536    -647.21207942   754.929733 56964.061143
  943.300000    -652.59499445       5.27782523    -647.31716922   658.566014 56970.172993
  943.400000    -653.21565278       6.52313191    -646.69252087   813.955141 56976.289758
  943.500000    -652.51609770       4.96713991    -647.54895779   619.798760 56982.464852
  943.600000    -652.18969462       4.97198465    -647.21770997   620.403286 56988.550228
  943.700000    -652.27779667       5.41888274    -646.85891393   676.167143 56994.681891
  943.800000    -652.60232880       5.44528986    -647.15703894   679.462219 57000.860919
  943.900000    -652.93546516       4.47628163    -648.45918353   558.549558 57006.940489
  944.000000    -653.52220755       5.00966980    -648.51253775   625.105631 57013.078368
  944.100000    -653.84158417       5.09371345    -648.74787071   635.592582 57019.256571
  944.200000    -653.23379675       4.49105140    -648.74274535   560.392528 57025.368124
  944.300000    -653.79893578       4.74257225    -649.05636354   591.777250 57031.503438
  944.400000    -653.85399136       5.28075567    -648.57323569   658.931674 57037.681650
  944.500000    -653.81378070       4.62549849    -649.18828221   577.168809 57043.789026
  944.600000    -653.15336146       5.04652222    -648.10683924   629.704069 57049.894078
  944.700000    -654.22645685       5.73929251    -648.48716434   716.147812 57056.057632
  944.800000    -653.87633614       5.73726382    -648.13907232   715.894673 57062.184934
  944.900000    -651.85390962       5.22822718    -646.62568244   652.377179 57068.307245
  945.000000    -652.32181501       6.21715084    -646.10466417   775.774882 57074.476503
  945.100000    -652.39282668       5.22631430    -647.16651238   652.138491 57080.597207
  945.200000    -652.68825996       6.43758003    -646.25067992   803.279995 57086.703317
  945.300000    -651.41949211       5.84307496    -645.57641715   729.097767 57092.843959
  945.400000    -651.53679245       5.71904879    -645.81774366   713.621805 57098.945846
  945.500000    -652.07144701       6.91206173    -645.15938528   862.485729 57105.112108
  945.600000    -651.02110633       5.63666774    -645.38443858   703.342314 57111.187660
  945.700000    -652.79725250       5.94679603    -646.85045648   742.040061 57117.331980
  945.800000    -652.94134753       5.19845991    -647.74288762   648.662825 57123.487546
  945.900000    -653.36524982       5.87923334    -647.48601649   733.609602 57129.567105
  946.000000    -652.05703064       4.41592019    -647.64111046   551.017669 57135.687514
  946.100000    -652.34953119       6.49003461    -645.85949657   809.825267 57141.842714
  946.200000    -650.42170399       5.14126915    -645.28043484   641.526572 57147.938328
  946.300000    -652.54686284       6.04526460    -646.50159824   754.326951 57154.066047
  946.400000    -651.99822277       5.79778449    -646.20043828   723.446430 57160.212132
  946.500000    -652.71923623       6.35212995    -646.36710628   792.617550 57166.310888
  946.600000    -652.36970750       5.19791559    -647.17179192   648.594904 57172.416407
  946.700000    -651.88636966       5.49031346    -646.39605620   685.080254 57178.546582
  946.800000    -652.45612345       5.86895546    -646.58716799   732.327130 57184.654817
  946.900000    -652.04082192       5.95384149    -646.08698043   742.919193 57190.755081
  947.000000    -651.64876076       5.94692526    -645.70183550   742.056187 57196.892616
  947.100000    -651.70826658       5.70075738    -646.00750920   711.339406 57202.893038
  947.200000    -651.35025403       4.96290533    -646.38734870   619.270370 57208.988667
  947.300000    -652.37271350       6.14453122    -646.22818228   766.713420 57215.140817
  947.400000    -652.02106866       5.56505264    -646.45601602   694.406195 57221.262341
  947.500000    -652.48648769       6.07221106    -646.41427663   757.689325 57227.373847
  947.600000    -650.37646272       4.95761312    -645.41884960   618.610009 57233.394392
  947.700000    -650.30839091       5.53801693    -644.77037399   691.032684 57239.375374
  947.800000    -650.89148352       6.49688984    -644.39459368   810.680661 57245.429384
  947.900000    -650.78006090       6.34168060    -644.43838030   791.313683 57251.418848
  948.000000    -651.86224425       6.64675945    -645.21548480   829.381362 57257.486423
  948.100000    -650.40124217       5.39976742    -645.00147475   673.781938 57263.637877
  948.200000    -652.54153992       6.14359795    -646.39794197   766.596967 57269.755109
  948.300000    -652.33301862       6.61601585    -645.71700277   825.545182 57275.849532
  948.400000    -651.97333664       6.22172014    -645.75161649   776.345039 57281.987329
  948.500000    -651.66771403       4.93842580    -646.72928823   616.215818 57288.088912
  948.600000    -652.00994524       6.20663454    -645.80331070   774.462661 57294.213735
  948.700000    -651.67192640       5.62611911    -646.04580730   702.026057 57300.376334
  948.800000    -652.47716724       6.40090986    -646.07625738   798.704298 57306.477543
  948.900000    -652.03868334       5.68170904    -646.35697431   708.962558 57312.591868
  949.000000    -652.77625839       5.34397954    -647.43227885   666.820736 57318.748193
  949.100000    -652.20364784       5.11902590    -647.08462195   638.751064 57324.830530
  949.200000    -652.73435701       6.21810615    -646.51625086   775.894086 57330.921432
  949.300000    -651.79896984       5.24873409    -646.55023575   654.936027 57337.080420
  949.400000    -651.94191166       4.68653338    -647.25537827   584.784732 57343.186745
  949.500000    -651.57347417       4.84090276    -646.73257141   604.046913 57349.287205
  949.600000    -651.95163993       5.04810823    -646.90353170   629.901972 57355.434655
  949.700000    -652.21677159       4.80859513    -647.40817646   600.015572 57361.546674
  949.800000    -652.70864482       5.75990050    -646.94874432   718.719274 57367.631005
  949.900000    -652.05807470       5.66815171    -646.38992299   707.270877 57373.760157
  950.000000    -651.84644100       4.46371629    -647.38272471   556.981658 57379.843509
  950.100000    -651.95992372       5.35147832    -646.60844540   667.756433 57385.990050
  950.200000    -652.58626530       5.74020438    -646.84606092   716.261595 57392.050246
  950.300000    -651.79337868       5.32110213    -646.47227655   663.966097 57398.188616
  950.400000    -651.68925255       5.46004697    -646.22920558   681.303607 57404.325676
  950.500000    -652.54641585       5.48249560    -647.06392026   684.104743 57410.402325
  950.600000    -652.51401358       4.34301025    -648.17100333   541.919981 57416.534854
  950.700000    -652.10890602       5.38172270    -646.72718332   671.530320 57422.685959
  950.800000    -651.89773453       4.27439111    -647.62334342   533.357699 57428.775890
  950.900000    -652.22395983       4.79697225    -647.42698759   598.565272 57434.896492
  951.000000    -652.66622326       5.81125239    -646.85497086   725.126953 57441.020545
  951.100000    -652.20554482       5.74294581    -646.46259900   716.603671 57447.144696
  951.200000    -652.90416350       5.82228346    -647.08188004   726.503407 57453.257023
  951.300000    -652.25295362       5.90852472    -646.34442890   737.264575 57459.373662
  951.400000    -651.30912252       5.35536735    -645.95375517   668.241705 57465.502656
  951.500000    -651.71899812       5.26244951    -646.45654861   656.647435 57471.596208
  951.600000    -652.81403181       7.44340384    -645.37062797   928.786496 57477.760307
  951.700000    -651.26369970       5.45157439    -645.81212532   680.246401 57483.870149
  951.800000    -652.57751276       5.82908461    -646.74842816   727.352053 57489.980940
  951.900000    -652.71403372       5.73460004    -646.97943368   715.562287 57496.106521
  952.000000    -652.13845555       5.15831019    -646.98014536   643.652951 57502.207470
  952.100000    -652.51742474       5.75750123    -646.75992351   718.419892 57508.369056
  952.200000    -652.18546971       5.87060395    -646.31486575   732.532829 57514.557056
  952.300000    -652.44536775       5.95641386    -646.48895389   743.240173 57520.666392
  952.400000    -652.36247892       5.45576590    -646.90671302   680.769416 57526.805308
  952.500000    -652.70679654       6.09959653    -646.60720001   761.106478 57532.962515
  952.600000    -652.08792380       5.35791907    -646.73000473   668.560108 57539.108193
  952.700000    -652.59889007       5.19772144    -647.40116863   648.570679 57545.310267
  952.800000    -652.67412398       4.93264947    -647.74147451   615.495050 57551.443656
  952.900000    -653.01002709       5.62982012    -647.38020697   702.487868 57557.437946
  953.000000    -652.94030217       5.71116337    -647.22913881   712.637863 57563.618111
  953.100000    -652.79353260       5.30271103    -647.49082157   661.671260 57569.791678
  953.200000    -651.33766469       4.65542879    -646.68223590   580.903506 57575.945493
  953.300000    -652.59446854       6.06575980    -646.52870874   756.884338 57582.105291
  953.400000    -653.28500753       6.37544105    -646.90956648   795.526304 57588.142812
  953.500000    -652.27595630       5.75077165    -646.52518465   717.580177 57594.224064
  953.600000    -652.28081128       5.63905285    -646.64175843   703.639927 57600.248138
  953.700000    -652.46351710       6.41437385    -646.04914324   800.384332 57606.307060
  953.800000    -651.99134986       5.82645386    -646.16489600   727.023789 57612.421033
  953.900000    -653.35199419       6.11108587    -647.24090832   762.540116 57618.544051
  954.000000    -652.26348097       5.80190122    -646.46157975   723.960115 57624.703966
  954.100000    -652.34396936       5.94561104    -646.39835831   741.892199 57630.886716
  954.200000    -651.87373317       6.05704508    -645.81668809   755.796917 57637.058535
  954.300000    -652.54792378       5.22731044    -647.32061334   652.262789 57643.174268
  954.400000    -652.57462274       5.73435519    -646.84026755   715.531735 57649.349965
  954.500000    -652.70139815       5.44188633    -647.25951182   679.037526 57655.484975
  954.600000    -652.18765606       4.85067455    -647.33698151   605.266235 57661.647260
  954.700000    -652.93172706       6.22541762    -646.70630945   776.806410 57667.826141
  954.800000    -652.64925877       5.87112313    -646.77813565   732.597611 57673.944691
  954.900000    -652.33821756       5.69612528    -646.64209227   710.761414 57680.090618
  955.000000    -651.76420510       6.10274378    -645.66146132   761.499191 57686.269711
  955.100000    -652.21416155       5.53805650    -646.67610505   691.037622 57692.411991
  955.200000    -651.61786345       5.03020761    -646.58765585   627.668335 57698.602907
  955.300000    -652.23801647       6.19688128    -646.04113519   773.245651 57704.753588
  955.400000    -651.47391790       6.08158934    -645.39232856   758.859545 57710.871435
  955.500000    -652.24166120       5.40764667    -646.83401453   674.765108 57717.083088
  955.600000    -652.62493780       5.91722399    -646.70771381   738.350068 57723.215842
  955.700000    -652.05062316       5.52108637    -646.52953678   688.920093 57729.346158
  955.800000    -652.23817858       6.30031270    -645.93786588   786.151803 57735.486336
  955.900000    -652.24288155       6.33564917    -645.90723237   790.561082 57741.658883
  956.000000    -651.73266643       5.20097253    -646.53169391   648.976349 57747.827979
  956.100000    -652.16633523       7.28177668    -644.88455855   908.618689 57753.978992
  956.200000    -651.26296875       7.26794508    -643.99502368   906.892785 57760.119337
  956.300000    -651.06789127       6.67935707    -644.38853421   833.448886 57766.275578
  956.400000    -651.49612914       6.69236900    -644.80376014   835.072512 57772.438772
  956.500000    -651.20230198       5.61350322    -645.58879875   700.451849 57778.316466
  956.600000    -651.61541123       5.79529086    -645.82012037   723.135276 57784.191964
  956.700000    -652.56854952       6.48634081    -646.08220871   809.364356 57790.093464
  956.800000    -652.11539049       6.91619451    -645.19919598   863.001417 57795.964545
  956.900000    -651.47921934       5.64216115    -645.83705819   704.027780 57801.836696
  957.000000    -652.10965833       5.55609630    -646.55356203   693.288624 57807.709584
  957.100000    -653.47246281       6.32099809    -647.15146472   788.732923 57813.581021
  957.200000    -653.17836786       5.40489456    -647.77347330   674.421700 57819.505527
  957.300000    -652.90131399       4.68778815    -648.21352583   584.941301 57825.444446
  957.400000    -652.74796717       5.44810119    -647.29986598   679.813016 57831.338138
  957.500000    -652.36575264       5.67601322    -646.68973942   708.251835 57837.226871
  957.600000    -651.97502493       5.72646232    -646.24856261   714.546864 57843.119347
  957.700000    -652.41832597       5.77595914    -646.64236683   720.723068 57849.003440
  957.800000    -652.75640346       5.67863107    -647.07777239   708.578489 57854.894343
  957.900000    -652.89716952       5.52899228    -647.36817724   689.906590 57860.781712
  958.000000    -653.13056783       6.00948244    -647.12108539   749.862059 57866.665345
  958.100000    -652.12582016       5.19811667    -646.92770349   648.619995 57872.550029
  958.200000    -653.36708073       5.57689715    -647.79018358   695.884150 57878.436035
  958.300000    -652.80966712       6.04836499    -646.76130214   754.713816 57884.327896
  958.400000    -652.30825273       5.45146202    -646.85679072   680.232379 57890.471651
  958.500000    -652.44323306       5.80798327    -646.63524978   724.719033 57896.689176
  958.600000    -653.22267689       6.09182697    -647.13084992   760.136994 57902.579470
  958.700000    -652.46104992       5.25767481    -647.20337510   656.051649 57908.439411
  958.800000    -652.70271931       5.69795670    -647.00476261   710.989938 57914.208806
  958.900000    -652.73038914       5.35656103    -647.37382811   668.390652 57920.110754
  959.000000    -652.54359374       5.54224885    -647.00134489   691.560742 57926.031107
  959.100000    -652.96962812       7.03801210    -645.93161602   878.201792 57931.954839
  959.200000    -651.77596556       5.45185268    -646.32411288   680.281126 57937.823732
  959.300000    -652.43597478       5.87939373    -646.55658106   733.629615 57943.618183
  959.400000    -652.58301314       5.70835162    -646.87466153   712.287014 57949.404895
  959.500000    -651.94256184       5.30332852    -646.63923331   661.748310 57955.186689
  959.600000    -652.77495324       5.89535798    -646.87959526   735.621631 57960.969591
  959.700000    -652.68822422       6.11732616    -646.57089806   763.318779 57966.824334
  959.800000    -652.07875570       5.93590336    -646.14285234   740.680876 57972.678218
  959.900000    -652.66764198       6.01708405    -646.65055793   750.810588 57978.580452
  960.000000    -651.98948199       6.04198033    -645.94750165   753.917141 57984.468916
  960.100000    -652.55936796       6.84611716    -645.71325081   854.257178 57990.360665
  960.200000    -651.28687294       5.11971986    -646.16715309   638.837656 57996.259378
  960.300000    -652.64671793       6.56775751    -646.07896042   819.523516 58002.147140
  960.400000    -652.15918166       6.51819193    -645.64098973   813.338732 58008.033655
  960.500000    -652.11122938       6.31136179    -645.79986758   787.530507 58013.927294
  960.600000    -652.92474052       5.70050107    -647.22423944   711.307424 58019.819098
  960.700000    -652.81722998       6.00411619    -646.81311379   749.192460 58025.707983
  960.800000    -652.49067875       5.82920112    -646.66147763   727.366591 58031.597494
  960.900000    -651.70026952       5.90770773    -645.79256180   737.162630 58037.484870
  961.000000    -652.73334250       5.25988676    -647.47345574   656.327656 58043.375113
  961.100000    -653.03786736       5.31581203    -647.72205533   663.305999 58049.265501
  961.200000    -652.38599973       4.76470228    -647.62129745   594.538632 58055.153837
  961.300000    -651.73295314       4.69096513    -647.04198800   585.337724 58061.040243
  961.400000    -652.95545908       6.92875316    -646.02670592   864.568483 58066.914375
  961.500000    -651.01584939       5.44652667    -645.56932272   679.616547 58072.803206
  961.600000    -652.17491580       5.71978202    -646.45513378   713.713297 58078.683540
  961.700000    -652.82717268       5.81413184    -647.01304083   725.486250 58084.562953
  961.800000    -652.96065576       5.72038864    -647.24026712   713.788991 58090.444155
  961.900000    -652.28708878       5.73305018    -646.55403860   715.368895 58096.330769
  962.000000    -652.34374576       4.47352574    -647.87022002   558.205679 58102.219280
  962.100000    -652.92237040       5.27616183    -647.64620857   658.358455 58108.109430
  962.200000    -652.17478777       4.98709786    -647.18768991   622.289109 58113.994458
  962.300000    -652.97548921       6.23282411    -646.74266510   777.730591 58119.876781
  962.400000    -653.02195117       5.01773483    -648.00421635   626.111984 58125.760837
  962.500000    -653.28045450       4.92095808    -648.35949642   614.036200 58131.646457
  962.600000    -652.73010510       5.79606392    -646.93404118   723.231738 58137.528079
  962.700000    -652.55555526       5.71913186    -646.83642340   713.632170 58143.410831
  962.800000    -652.17259321       5.65676524    -646.51582797   705.850076 58149.294835
  962.900000    -652.84635378       6.33551701    -646.51083677   790.544591 58155.177671
  963.000000    -651.61270984       5.72144398    -645.89126586   713.920676 58161.059573
  963.100000    -652.12190624       5.95342060    -646.16848564   742.866674 58166.936701
  963.200000    -652.30803227       6.24227965    -646.06575261   778.910451 58172.807230
  963.300000    -652.16574674       5.79539488    -646.37035186   723.148255 58178.675865
  963.400000    -653.26925091       5.41568862    -647.85356229   675.768582 58184.550444
  963.500000    -653.48591843       5.57014208    -647.91577636   695.041254 58190.425877
  963.600000    -652.79754486       5.17063773    -647.62690714   645.191178 58196.306070
  963.700000    -653.46017946       5.96228843    -647.49789103   743.973200 58202.187569
  963.800000    -654.12663060       6.11207599    -648.01455461   762.663663 58208.067974
  963.900000    -652.43221830       5.45298117    -646.97923712   680.421939 58213.953595
  964.000000    -652.48609348       5.33590792    -647.15018556   665.813561 58219.835239
  964.100000    -653.16897664       4.99404377    -648.17493287   623.155818 58225.721693
  964.200000    -653.51139779       4.95347693    -648.55792085   618.093896 58231.610750
  964.300000    -653.43220766       4.78686196    -648.64534570   597.303712 58237.496705
  964.400000    -652.73523605       5.27069437    -647.46454169   657.676227 58243.375190
  964.500000    -652.11913342       5.14969053    -646.96944290   642.577391 58249.266592
  964.600000    -653.37796143       5.96166982    -647.41629161   743.896010 58255.152001
  964.700000    -652.61479824       6.10468972    -646.51010852   761.742006 58261.037760
  964.800000    -651.83361660       4.73256094    -647.10105566   590.528042 58266.825523
  964.900000    -652.63632490       6.19137742    -646.44494748   772.558880 58272.676516
  965.000000    -652.80616778       6.34698612    -646.45918166   791.975704 58278.601813
  965.100000    -652.95425108       5.88987399    -647.06437709   734.937340 58284.525434
  965.200000    -651.60415638       5.35763334    -646.24652305   668.524454 58290.443200
  965.300000    -652.63258990       6.46458974    -646.16800015   806.650261 58296.327467
  965.400000    -653.25052037       7.08359898    -646.16692140   883.890114 58302.110429
  965.500000    -652.75866243       5.10907736    -647.64958507   637.509688 58307.888118
  965.600000    -652.08389806       4.77987580    -647.30402226   596.431981 58313.662152
  965.700000    -652.83774612       5.84773102    -646.99001510   729.678749 58319.472013
  965.800000    -652.54448485       5.61017323    -646.93431162   700.036334 58325.294602
  965.900000    -652.00791591       5.06421301    -646.94370290   631.911523 58331.153346
  966.000000    -652.00204917       5.90238371    -646.09966545   736.498301 58337.029614
  966.100000    -652.87410128       6.21987443    -646.65422685   776.114732 58342.910735
  966.200000    -652.91389138       5.89617662    -647.01771476   735.723781 58348.811323
  966.300000    -652.25906704       5.40734956    -646.85171748   674.728035 58354.679682
  966.400000    -653.53719957       5.91891180    -647.61828777   738.560672 58360.546211
  966.500000    -652.88550242       5.10395040    -647.78155202   636.869946 58366.411974
  966.600000    -652.81330205       5.15197563    -647.66132643   642.862525 58372.275853
  966.700000    -652.01944132       4.54001179    -647.47942953   566.501795 58378.150422
  966.800000    -653.18204108       5.18163046    -648.00041061   646.562849 58384.039100
  966.900000    -652.81426491       5.25494272    -647.55932218   655.710739 58389.899490
  967.000000    -651.65298265       6.31241365    -645.34056901   787.661757 58395.762779
  967.100000    -651.68822278       6.19215023    -645.49607255   772.655311 58401.623907
  967.200000    -652.71665009       6.86379866    -645.85285143   856.463473 58407.490749
  967.300000    -652.29482348       5.95002895    -646.34479453   742.443465 58413.375140
  967.400000    -651.57931862       5.48826988    -646.09104874   684.825257 58419.237575
  967.500000    -652.34998528       6.01729000    -646.33269528   750.836286 58425.090946
  967.600000    -651.48374240       5.67495275    -645.80878965   708.119509 58430.936688
  967.700000    -653.06515881       6.21768517    -646.84747364   775.841556 58436.778436
  967.800000    -652.56002972       5.55942877    -647.00060096   693.704449 58442.624200
  967.900000    -652.11333512       5.27557597    -646.83775915   658.285352 58448.524035
  968.000000    -652.90201194       5.10713372    -647.79487822   637.267161 58454.419729
  968.100000    -652.20880169       5.53302070    -646.67578099   690.409255 58460.314725
  968.200000    -652.03918865       6.19871881    -645.84046984   773.474937 58466.213531
  968.300000    -651.90722952       5.71935507    -646.18787444   713.660022 58472.113949
  968.400000    -651.27302441       4.74804987    -646.52497455   592.460746 58478.002349
  968.500000    -652.33671139       5.22701394    -647.10969746   652.225791 58483.904501
  968.600000    -652.04073519       5.24418977    -646.79654541   654.368988 58489.805763
  968.700000    -652.66729439       5.51252850    -647.15476589   687.852243 58495.691977
  968.800000    -653.18012478       6.19084611    -646.98927867   772.492583 58501.578965
  968.900000    -653.25149534       5.77335982    -647.47813552   720.398725 58507.465481
  969.000000    -653.26367340       5.59747369    -647.66619972   698.451687 58513.344295
  969.100000    -652.89331322       5.14787176    -647.74544146   642.350445 58519.207327
  969.200000    -653.59393811       4.98349399    -648.61044412   621.839419 58525.065211
  969.300000    -653.58460494       5.46189001    -648.12271493   681.533582 58530.933711
  969.400000    -652.63454843       5.38556260    -647.24898584   672.009462 58536.802232
  969.500000    -652.51809939       6.14293522    -646.37516416   766.514272 58542.659418
  969.600000    -651.47100503       6.41043632    -645.06056871   799.893008 58548.554341
  969.700000    -651.19633448       5.19697048    -645.99936400   648.476974 58554.442443
  969.800000    -651.30059621       6.08539537    -645.21520083   759.334461 58560.314708
  969.900000    -650.65427758       6.40550638    -644.24877120   799.277851 58566.209081
  970.000000    -651.20619728       5.95921831    -645.24697897   743.590112 58572.064892
  970.100000    -651.30203878       5.66922223    -645.63281655   707.404456 58577.915222
  970.200000    -651.60023368       6.48713829    -645.11309539   809.463865 58583.767854
  970.300000    -650.85390723       6.14662917    -644.70727805   766.975203 58589.610772
  970.400000    -651.13682744       6.21837177    -644.91845567   775.927230 58595.469626
  970.500000    -651.88570522       6.18864485    -645.69706038   772.217910 58601.330058
  970.600000    -650.94948919       4.89880426    -646.05068494   611.271850 58607.181115
  970.700000    -650.36520639       5.30623869    -645.05896770   662.111440 58613.061568
  970.800000    -651.54323617       6.24026758    -645.30296859   778.659385 58618.927044
  970.900000    -651.95575196       5.31230463    -646.64344733   662.868347 58624.692162
  971.000000    -651.48465292       4.81436781    -646.67028511   600.735887 58630.612457
  971.100000    -651.38536596       5.33869972    -646.04666624   666.161922 58636.516374
  971.200000    -651.00442121       5.63050301    -645.37391820   702.573080 58642.419779
  971.300000    -650.86430451       5.35436745    -645.50993706   668.116938 58648.306384
  971.400000    -651.04854498       4.77672670    -646.27181828   596.039036 58654.116039
  971.500000    -651.37886457       5.83871492    -645.54014964   728.553722 58659.884141
  971.600000    -651.36209246       5.13046756    -646.23162490   640.178752 58665.663183
  971.700000    -652.30186372       5.21150532    -647.09035840   650.290629 58671.433023
  971.800000    -652.30365440       4.52139039    -647.78226400   564.178221 58677.229645
  971.900000    -652.60192321       5.03366593    -647.56825729   628.099863 58683.102509
  972.000000    -652.09488344       4.59902856    -647.49585488   573.865896 58688.976383
  972.100000    -652.08242652       5.34849009    -646.73393644   667.383561 58694.857884
  972.200000    -652.36097463       4.47869811    -647.88227652   558.851086 58700.729745
  972.300000    -652.40090648       4.82746154    -647.57344494   602.369719 58706.597278
  972.400000    -652.59921418       5.62658606    -646.97262813   702.084323 58712.482831
  972.500000    -651.54383965       4.83629557    -646.70754408   603.472028 58718.347376
  972.600000    -651.45713896       5.43126164    -646.02587732   677.711779 58724.214185
  972.700000    -652.15274604       6.98702337    -645.16572267   871.839428 58730.088127
  972.800000    -649.80181840       5.44717199    -644.35464642   679.697070 58735.956253
  972.900000    -650.45021847       5.56136294    -644.88885553   693.945795 58741.823507
  973.000000    -651.51404632       6.13810018    -645.37594613   765.910957 58747.691413
  973.100000    -651.00580662       5.77639786    -645.22940876   720.777811 58753.601161
  973.200000    -650.98078643       4.91020903    -646.07057741   612.694935 58759.481313
  973.300000    -651.93374179       5.83686586    -646.09687593   728.322996 58765.387646
  973.400000    -652.01955634       5.05451315    -646.96504319   630.701176 58771.278755
  973.500000    -651.88109912       5.75426950    -646.12682962   718.016638 58777.160634
  973.600000    -651.56820525       6.08730349    -645.48090176   759.572555 58783.070941
  973.700000    -650.95789198       5.25203776    -645.70585422   655.348259 58788.958539
  973.800000    -651.23494685       4.76004791    -646.47489894   593.957860 58794.856435
  973.900000    -652.13941167       5.57233824    -646.56707343   695.315290 58800.748013
  974.000000    -651.37831471       5.17674449    -646.20157022   645.953179 58806.617905
  974.100000    -651.29942618       6.50025948    -644.79916670   811.101124 58812.496628
  974.200000    -650.67148941       6.30861906    -644.36287035   787.188270 58818.366969
  974.300000    -650.79473237       5.97319641    -644.82153596   745.334295 58824.235004
  974.400000    -651.38527710       6.30505956    -645.08021755   786.744115 58830.087430
  974.500000    -650.49915618       5.26765220    -645.23150398   657.296626 58835.944069
  974.600000    -651.21189359       5.81245098    -645.39944261   725.276513 58841.792593
  974.700000    -651.23460886       5.62796351    -645.60664534   702.256202 58847.673831
  974.800000    -651.17421889       5.49354327    -645.68067561   685.483270 58853.553331
  974.900000    -651.07560637       5.38002814    -645.69557823   671.318873 58859.435860
  975.000000    -651.33951814       5.76015914    -645.57935900   718.751547 58865.334271
  975.100000    -652.36682732       6.62833856    -645.73848876   827.082807 58871.200339
  975.200000    -651.51568938       5.32298576    -646.19270362   664.201136 58877.065689
  975.300000    -651.01134207       5.64588957    -645.36545251   704.493011 58882.971539
  975.400000    -650.83870159       5.62376702    -645.21493458   701.732563 58888.853653
  975.500000    -651.75911943       5.71350347    -646.04561595   712.929861 58894.748345
  975.600000    -652.94011182       5.27483463    -647.66527719   658.192847 58900.643136
  975.700000    -652.22800269       5.26599250    -646.96201019   657.089528 58906.522188
  975.800000    -652.18481717       4.91819368    -647.26662348   613.691259 58912.410327
  975.900000    -651.82309141       5.60125033    -646.22184109   698.922935 58918.281668
  976.000000    -652.26108834       5.96566902    -646.29541932   744.395030 58924.149489
  976.100000    -650.96398525       6.09892643    -644.86505882   761.022863 58930.016240
  976.200000    -650.70424111       5.68310530    -645.02113580   709.136784 58935.885655
  976.300000    -651.23139514       5.76354800    -645.46784714   719.174407 58941.757157
  976.400000    -651.08233281       5.52367119    -645.55866162   689.242626 58947.654766
  976.500000    -651.18036836       5.41969317    -645.76067519   676.268268 58953.542667
  976.600000    -651.16302366       4.79219207    -646.37083159   597.968803 58959.436188
  976.700000    -651.62759251       5.89918124    -645.72841127   736.098697 58965.329444
  976.800000    -651.00329508       5.32008069    -645.68321439   663.838642 58971.193191
  976.900000    -652.07463425       5.69224670    -646.38238755   710.277445 58976.997737
  977.000000    -652.48620873       6.67441261    -645.81179611   832.831919 58982.791720
  977.100000    -651.47371593       4.92572850    -646.54798742   614.631452 58988.702705
  977.200000    -651.91091503       5.59910673    -646.31180830   698.655458 58994.613750
  977.300000    -651.47633545       5.36027788    -646.11605757   668.854440 59000.509314
  977.400000    -652.24635401       6.47473233    -645.77162168   807.915851 59006.308993
  977.500000    -651.54690501       5.20357835    -646.34332666   649.301503 59012.080006
  977.600000    -652.37666208       6.29423726    -646.08242482   785.393711 59017.879733
  977.700000    -651.04244216       4.99435948    -646.04808268   623.195213 59023.635339
  977.800000    -652.27496997       5.30495041    -646.97001955   661.950689 59029.395586
  977.900000    -652.55926981       5.83421289    -646.72505692   727.991959 59035.173008
  978.000000    -652.92446894       5.76955885    -647.15491009   719.924440 59040.987684
  978.100000    -652.90586590       6.97349143    -645.93237447   870.150915 59046.869376
  978.200000    -652.34914839       5.71494012    -646.63420827   713.109126 59052.737871
  978.300000    -652.32250074       5.46706952    -646.85543123   682.179880 59058.599533
  978.400000    -652.78011429       6.45282714    -646.32728714   805.182526 59064.460538
  978.500000    -652.18355129       5.55241152    -646.63113977   692.828838 59070.327431
  978.600000    -651.95019934       6.37183703    -645.57836231   795.076595 59076.189671
  978.700000    -651.29548453       5.59460101    -645.70088352   698.093235 59082.089434
  978.800000    -652.06305949       4.87857580    -647.18448369   608.747747 59087.949575
  978.900000    -652.63666192       5.02770842    -647.60895349   627.356487 59093.806470
  979.000000    -652.25689357       5.27295732    -646.98393625   657.958597 59099.666077
  979.100000    -652.79629682       5.69059945    -647.10569737   710.071901 59105.517385
  979.200000    -651.84875627       6.49276912    -645.35598715   810.166479 59111.418197
  979.300000    -651.11436619       5.57835259    -645.53601360   696.065760 59117.313037
  979.400000    -650.96816048       5.70308164    -645.26507884   711.629427 59123.213781
  979.500000    -651.87267437       6.52279714    -645.34987723   813.913369 59129.108583
  979.600000    -652.36914639       6.11377428    -646.25537211   762.875575 59135.004184
  979.700000    -652.69560546       6.48066621    -646.21493925   808.656280 59140.900209
  979.800000    -652.94014105       5.94051403    -646.99962702   741.256195 59146.797627
  979.900000    -651.39496967       6.06773258    -645.32723709   757.130501 59152.697825
  980.000000    -651.63483398       6.74619294    -644.88864104   841.788654 59158.600178
  980.100000    -652.31037773       6.92941500    -645.38096273   864.651067 59164.495763
  980.200000    -652.52145612       5.12773427    -647.39372185   639.837693 59170.392185
  980.300000    -653.34678160       4.84215111    -648.50463049   604.202681 59176.283728
  980.400000    -652.94291464       5.33830180    -647.60461284   666.112268 59182.182169
  980.500000    -653.19750462       5.30481808    -647.89268654   661.934177 59188.081585
  980.600000    -651.47171846       5.67707425    -645.79464420   708.384230 59193.995412
  980.700000    -652.79117362       5.99311655    -646.79805706   747.819927 59199.894631
  980.800000    -652.85582500       5.17585504    -647.67996996   645.842194 59205.785273
  980.900000    -652.52049547       4.81081886    -647.70967661   600.293049 59211.678353
  981.000000    -651.84311615       4.52654312    -647.31657303   564.821178 59217.572251
  981.100000    -652.69521664       5.32051919    -647.37469745   663.893358 59223.472842
  981.200000    -653.18353404       5.69873846    -647.48479558   711.087485 59229.369163
  981.300000    -652.89913532       5.55928582    -647.33984950   693.686612 59235.260046
  981.400000    -652.89554106       6.07596281    -646.81957825   758.157468 59241.152922
  981.500000    -651.09147324       5.74425404    -645.34721920   716.766911 59247.052401
  981.600000    -651.42336822       7.18248504    -644.24088318   896.229098 59252.955166
  981.700000    -650.70987705       6.43884107    -644.27103598   803.437346 59258.845419
  981.800000    -652.23674560       6.82229736    -645.41444824   851.284949 59264.738730
  981.900000    -651.86301468       5.22599969    -646.63701499   652.099234 59270.636869
  982.000000    -652.47878445       5.70186064    -646.77692381   711.477071 59276.537680
  982.100000    -652.84861267       5.64494438    -647.20366829   704.375071 59282.433466
  982.200000    -652.26937265       5.62733990    -646.64203276   702.178387 59288.329426
  982.300000    -651.47481301       4.99186283    -646.48295018   622.883681 59294.228951
  982.400000    -651.32691012       5.12928674    -646.19762338   640.031409 59300.122644
  982.500000    -650.75941751       6.13612103    -644.62329648   765.663999 59306.019730
  982.600000    -651.42800357       6.53671642    -644.89128715   815.650214 59311.916856
  982.700000    -651.23225846       5.64919745    -645.58306100   704.905769 59317.809904
  982.800000    -651.51848381       5.42817759    -646.09030622   677.326952 59323.697659
  982.900000    -651.17999992       5.02184722    -646.15815270   626.625128 59329.574683
  983.000000    -651.67971920       5.80303489    -645.87668431   724.101574 59335.347542
  983.100000    -651.66801499       5.58714568    -646.08086931   697.162960 59341.277050
  983.200000    -650.90996875       5.57665769    -645.33331106   695.854271 59347.203014
  983.300000    -650.97042318       6.41370649    -644.55671669   800.301059 59353.129800
  983.400000    -650.69312721       5.32108183    -645.37204538   663.963564 59359.015617
  983.500000    -651.26984981       5.01588557    -646.25396424   625.881234 59364.823626
  983.600000    -651.72668413       5.51455063    -646.21213350   688.104564 59370.617467
  983.700000    -652.04383826       5.83516921    -646.20866905   728.111289 59376.407714
  983.800000    -651.90843747       5.37799371    -646.53044376   671.065017 59382.217012
  983.900000    -651.42755632       5.12027058    -646.30728573   638.906376 59388.093821
  984.000000    -651.44761375       5.15936741    -646.28824634   643.784870 59393.988049
  984.100000    -651.90180685       5.07405453    -646.82775232   633.139545 59399.891986
  984.200000    -651.57211782       5.77985587    -645.79226195   721.209300 59405.784338
  984.300000    -651.64045352       5.31621541    -646.32423812   663.356333 59411.694909
  984.400000    -651.71680765       6.09902097    -645.61778667   761.034661 59417.594691
  984.500000    -651.79765657       5.10305763    -646.69459893   636.758547 59423.481188
  984.600000    -652.70993313       5.53516933    -647.17476380   690.677361 59429.369203
  984.700000    -651.25965775       5.29624491    -645.96341284   660.864418 59435.255566
  984.800000    -651.40247599       6.59846742    -644.80400857   823.355492 59441.146769
  984.900000    -651.15750581       5.69514697    -645.46235884   710.639340 59447.069439
  985.000000    -651.95680260       5.64471974    -646.31208285   704.347041 59452.958196
  985.100000    -652.03765109       5.83457670    -646.20307439   728.037355 59458.847009
  985.200000    -651.86569155       4.91675617    -646.94893537   613.511887 59464.730709
  985.300000    -651.62995974       4.95706646    -646.67289328   618.541797 59470.619241
  985.400000    -650.89887698       5.26635048    -645.63252650   657.134197 59476.505836
  985.500000    -651.98848787       5.34537633    -646.64311154   666.995027 59482.582638
  985.600000    -651.54763268       4.66542700    -646.88220568   582.151081 59489.236707
  985.700000    -651.86349825       4.85177581    -647.01172244   605.403649 59496.135684
  985.800000    -651.70064918       5.58203084    -646.11861835   696.524731 59502.825496
  985.900000    -651.33193404       5.83225668    -645.49967736   727.747864 59509.686083
  986.000000    -652.05121309       6.29136784    -645.75984525   785.035666 59516.357007
  986.100000    -652.01631757       5.70166259    -646.31465498   711.452359 59523.373997
  986.200000    -652.94465047       6.90204535    -646.04260512   861.235887 59530.362584
  986.300000    -651.42048180       5.10087697    -646.31960483   636.486444 59537.036136
  986.400000    -651.70436662       5.45052816    -646.25383846   680.115853 59543.354438
  986.500000    -651.50311987       4.99695508    -646.50616478   623.519091 59549.644486
  986.600000    -653.57505619       6.52230052    -647.05275568   813.851400 59555.927182
  986.700000    -651.26309221       4.68086951    -646.58222270   584.077995 59562.089841
  986.800000    -651.13475978       4.89298180    -646.24177797   610.545326 59568.214693
  986.900000    -651.18394399       5.36708266    -645.81686133   669.703539 59574.419985
  987.000000    -651.80502654       6.03492844    -645.77009810   753.037206 59580.639427
  987.100000    -651.53008389       6.05226171    -645.47782218   755.200049 59586.819628
  987.200000    -652.35522088       5.71537902    -646.63984186   713.163892 59593.251198
  987.300000    -651.95689204       5.44151579    -646.51537625   678.991290 59599.762169
  987.400000    -652.41993689       4.95368525    -647.46625165   618.119890 59606.338881
  987.500000    -651.96024178       4.20574360    -647.75449818   524.791875 59612.487401
  987.600000    -652.10253363       4.64388206    -647.45865157   579.462708 59618.806187
  987.700000    -652.61518148       6.67810567    -645.93707581   833.292737 59625.317156
  987.800000    -651.09008559       4.48338257    -646.60670303   559.435612 59631.656004
  987.900000    -651.60222735       5.22608925    -646.37613810   652.110409 59637.603858
  988.000000    -651.38789982       4.85537106    -646.53252876   605.852264 59643.970540
  988.100000    -652.57178400       5.70531960    -646.86646439   711.908679 59650.283534
  988.200000    -652.69755672       5.09533242    -647.60222430   635.794596 59656.290507
  988.300000    -652.17376792       5.10731407    -647.06645385   637.289665 59662.207653
  988.400000    -651.50641652       5.43054705    -646.07586947   677.622613 59668.691408
  988.500000    -651.84179485       5.15918807    -646.68260678   643.762492 59675.171725
  988.600000    -651.24269176       4.85436020    -646.38833156   605.726129 59681.310789
  988.700000    -652.36878375       5.76908649    -646.59969726   719.865499 59687.704984
  988.800000    -651.60886835       5.44527016    -646.16359820   679.459760 59693.864774
  988.900000    -651.49595956       4.91982726    -646.57613230   613.895097 59700.031524
  989.000000    -651.95746771       4.87486146    -647.08260624   608.284273 59706.206587
  989.100000    -652.36092142       4.53335297    -647.82756845   565.670910 59712.414628
  989.200000    -651.96214509       5.16332271    -646.79882238   644.278412 59718.481372
  989.300000    -651.63841554       5.06429076    -646.57412478   631.921225 59724.330113
  989.400000    -652.66359799       5.27029414    -647.39330385   657.626286 59730.431281
  989.500000    -652.01822311       4.48454045    -647.53368266   559.580092 59736.407083
  989.600000    -651.77489375       5.10057942    -646.67431432   636.449316 59742.419110
  989.700000    -652.22523195       5.72555230    -646.49967964   714.433312 59748.509497
  989.800000    -650.75591510       4.66057274    -646.09534235   581.545368 59754.585457
  989.900000    -651.94972249       5.58388757    -646.36583492   696.756414 59761.183467
  990.000000    -651.87724849       4.96481734    -646.91243115   619.508950 59767.271429
  990.100000    -652.01075838       5.87006147    -646.14069691   732.465138 59773.465633
  990.200000    -651.60406814       5.70740973    -645.89665841   712.169485 59779.745760
  990.300000    -652.91778339       6.59020729    -646.32757610   822.324794 59786.245055
  990.400000    -651.57433160       5.77323090    -645.80110070   720.382638 59792.683384
  990.500000    -651.27953560       5.00959709    -646.26993851   625.096559 59798.664685
  990.600000    -650.99747270       4.73687965    -646.26059305   591.066929 59805.122651
  990.700000    -653.40751522       6.65365072    -646.75386450   830.241253 59811.268096
  990.800000    -651.80603210       5.46889674    -646.33713536   682.407880 59817.294175
  990.900000    -651.87007524       5.96235728    -645.90771796   743.981791 59823.341267
  991.000000    -651.60685284       5.51950974    -646.08734310   688.723361 59829.926330
  991.100000    -652.44663224       5.38407536    -647.06255688   671.823885 59835.966945
  991.200000    -652.38054069       6.15937011    -646.22117058   768.565014 59842.474115
  991.300000    -652.44734003       4.88773515    -647.55960488   609.890650 59848.667288
  991.400000    -652.14424777       5.09589240    -647.04835538   635.864470 59854.728874
  991.500000    -652.30888357       6.14491696    -646.16396661   766.761553 59860.983612
  991.600000    -651.75857173       5.56529942    -646.19327231   694.436988 59867.196082
  991.700000    -651.43301458       5.18897640    -646.24403818   647.479474 59873.525618
  991.800000    -651.21995659       5.15501155    -646.06494504   643.241347 59879.846763
  991.900000    -651.83953511       5.11477630    -646.72475881   638.220800 59886.495008
  992.000000    -650.89117339       5.54708420    -645.34408919   692.164096 59893.010590
  992.100000    -651.31128424       5.89293227    -645.41835197   735.318952 59899.097072
  992.200000    -650.94184627       5.53930423    -645.40254204   691.193313 59905.711273
  992.300000    -651.28499670       5.82892972    -645.45606698   727.332726 59911.791510
  992.400000    -651.11092292       5.73443937    -645.37648355   715.542239 59917.840801
  992.500000    -651.91783079       6.18216490    -645.73566590   771.409344 59923.979129
  992.600000    -650.81456658       5.58463797    -645.22992860   696.850049 59930.506130
  992.700000    -651.92836071       5.69101628    -646.23734444   710.123913 59936.651400
  992.800000    -650.87945992       5.26044508    -645.61901483   656.397322 59943.161640
  992.900000    -651.35053119       5.43329104    -645.91724015   677.965008 59949.145548
  993.000000    -650.95292707       5.70336688    -645.24956019   711.665019 59955.309799
  993.100000    -651.83610771       5.82795953    -646.00814818   727.211666 59961.346637
  993.200000    -650.94113294       5.86330297    -645.07782996   731.621814 59967.404005
  993.300000    -650.82612552       6.19750008    -644.62862544   773.322865 59973.633236
  993.400000    -650.37175774       5.25112223    -645.12063550   655.234019 59979.888386
  993.500000    -652.57231656       6.34809873    -646.22421784   792.114534 59986.325941
  993.600000    -651.80274411       5.55446643    -646.24827768   693.085249 59992.798197
  993.700000    -652.07169493       4.75839951    -647.31329541   593.752174 59998.787505
  993.800000    -653.42148060       5.63373576    -647.78774484   702.976462 60005.213626
  993.900000    -653.39923965       5.38986512    -648.00937453   672.546330 60011.383278
  994.000000    -652.40617920       5.51985678    -646.88632242   688.766664 60017.453218
  994.100000    -651.45497111       4.87010168    -646.58486943   607.690348 60023.443532
  994.200000    -651.55638565       5.66074794    -645.89563771   706.347036 60030.017703
  994.300000    -651.58413946       5.27720894    -646.30693053   658.489113 60036.063951
  994.400000    -651.07979062       4.99257982    -646.08721080   622.973146 60042.477441
  994.500000    -652.31198670       5.32733859    -646.98464811   664.744282 60048.570272
  994.600000    -652.53722772       5.37941152    -647.15781619   671.241932 60054.697706
  994.700000    -652.37618416       5.37405842    -647.00212574   670.573973 60060.838681
  994.800000    -651.84879625       5.37198057    -646.47681568   670.314699 60066.964712
  994.900000    -652.58769229       5.34328649    -647.24440579   666.734258 60073.272174
  995.000000    -651.54770021       4.43081087    -647.11688934   552.875726 60079.404176
  995.100000    -651.91419231       6.10293440    -645.81125791   761.522977 60085.756070
  995.200000    -651.62525501       6.59277574    -645.03247927   822.645285 60092.135668
  995.300000    -651.04887065       5.96802830    -645.08084235   744.689420 60098.055417
  995.400000    -651.36491251       6.02240695    -645.34250556   751.474778 60104.385257
  995.500000    -651.70172649       5.34265697    -646.35906952   666.655707 60110.687745
  995.600000    -652.31541512       6.08485348    -646.23056164   759.266844 60116.751328
  995.700000    -652.27655757       5.12008949    -647.15646808   638.883779 60122.702651
  995.800000    -650.27584061       4.00714287    -646.26869774   500.010514 60129.234840
  995.900000    -651.32683850       5.63417705    -645.69266145   703.031526 60135.480879
  996.000000    -651.57995099       5.94299147    -645.63695952   741.565329 60141.874073
  996.100000    -650.22802675       4.69268951    -645.53533724   585.552892 60148.098917
  996.200000    -650.22157262       4.97269176    -645.24888086   620.491519 60154.258237
  996.300000    -651.00860179       5.06521710    -645.94338469   632.036813 60160.439402
  996.400000    -651.81621657       4.95802962    -646.85818695   618.661979 60166.602277
  996.500000    -652.47662475       6.13824660    -646.33837815   765.929226 60172.851383
  996.600000    -651.99196446       5.74690500    -646.24505945   717.097698 60179.091748
  996.700000    -652.52110458       5.56870966    -646.95239492   694.862518 60185.580119
  996.800000    -652.25617116       5.30286155    -646.95330961   661.690042 60192.047164
  996.900000    -651.93750684       5.63726972    -646.30023712   703.417428 60198.044651
  997.000000    -651.74826876       5.58016428    -646.16810448   696.291823 60204.586972
  997.100000    -652.02655297       6.08087200    -645.94568097   758.770035 60210.676491
  997.200000    -652.40672644       6.05574952    -646.35097692   755.635257 60216.770645
  997.300000    -651.89437783       6.21381655    -645.68056128   775.358831 60222.989540
  997.400000    -652.21672600       7.58395257    -644.63277343   946.324139 60229.468879
  997.500000    -651.88872178       6.60287134    -645.28585044   823.905013 60235.550750
  997.600000    -650.91297740       6.21700040    -644.69597700   775.756110 60242.041872
  997.700000    -651.07624686       6.18691115    -644.88933570   772.001580 60248.350646
  997.800000    -651.28258450       5.43543066    -645.84715384   678.231989 60254.644487
  997.900000    -652.22193566       6.14250442    -646.07943124   766.460517 60260.785726
  998.000000    -652.04577250       5.51768710    -646.52808540   688.495932 60267.100215
  998.100000    -652.65846288       6.05706385    -646.60139902   755.799259 60273.344999
  998.200000    -652.94587227       5.68774211    -647.25813017   709.715363 60279.746608
  998.300000    -652.20422368       5.04496584    -647.15925784   629.509865 60286.150380
  998.400000    -652.49826104       4.83822072    -647.66004032   603.712248 60292.451380
  998.500000    -653.04587387       5.24879043    -647.79708344   654.943057 60298.537088
  998.600000    -651.58775191       6.19560944    -645.39214248   773.086950 60305.024738
  998.700000    -651.58900640       6.28532814    -645.30367826   784.282033 60311.013078
  998.800000    -650.77914638       5.47701666    -645.30212972   683.421082 60317.051110
  998.900000    -651.76389262       5.39707473    -646.36681789   673.445944 60323.301849
  999.000000    -651.52588183       5.07902759    -646.44685424   633.760083 60329.704701
  999.100000    -651.71512002       5.50603539    -646.20908463   687.042034 60335.960249
  999.200000    -651.61234056       5.97536153    -645.63697903   745.604459 60342.346949
  999.300000    -651.18305729       5.49750075    -645.68555655   685.977083 60348.427516
  999.400000    -651.96127257       5.47315067    -646.48812190   682.938685 60354.597054
  999.500000    -652.54154770       5.53598933    -647.00555837   690.779680 60360.538234
  999.600000    -651.85827760       5.11884994    -646.73942766   638.729108 60366.548636
  999.700000    -651.40046622       4.74600190    -646.65446432   592.205201 60372.523590
  999.800000    -651.72133191       5.25052385    -646.47080806   655.159354 60378.658961
  999.900000    -652.54197365       5.90555287    -646.63642078   736.893748 60384.675073
 1000.000000    -652.14738197       5.80088921    -646.34649276   723.833837 60390.714368
