# time_ps Epot_eV Ekin_eV Etot_eV Temp_K CPU_Time_s
    0.000000    -662.09241922       6.52545842    -655.56696080   814.245443     1.283647
    0.050000    -657.67933329       2.41227251    -655.26706078   301.002898     6.353532
    0.100000    -657.49830301       3.31630315    -654.18199986   413.807667     8.939672
    0.150000    -657.40107401       4.02997589    -653.37109812   502.859614    11.523110
    0.200000    -657.55830057       4.79511470    -652.76318587   598.333487    14.117664
    0.250000    -656.58649881       4.50108308    -652.08541573   561.644279    16.701326
    0.300000    -656.70893534       5.81699235    -650.89194298   725.843184    19.283314
    0.350000    -656.53797586       6.05837619    -650.47959967   755.963012    21.868170
    0.400000    -655.15333231       5.15964775    -649.99368456   643.819850    24.450046
    0.450000    -656.11542948       5.78904686    -650.32638262   722.356150    27.040339
    0.500000    -656.39936502       4.91015109    -651.48921394   612.687706    29.620510
    0.550000    -655.54166969       4.27953163    -651.26213806   533.999131    32.201503
    0.600000    -655.66978371       4.81681402    -650.85296969   601.041124    34.791619
    0.650000    -655.94506548       5.88058028    -650.06448520   733.777673    37.376460
    0.700000    -656.47448083       6.74215472    -649.73232611   841.284765    39.957481
    0.750000    -655.14863672       5.94957055    -649.19906617   742.386265    42.538571
    0.800000    -655.24535136       5.92583479    -649.31951657   739.424522    45.117053
    0.850000    -655.48114533       6.23053660    -649.25060873   777.445155    47.703450
    0.900000    -655.10458955       5.41125920    -649.69333034   675.215879    50.280530
    0.950000    -655.32722776       5.74706586    -649.58016190   717.117769    52.859823
    1.000000    -653.96596007       5.35447418    -648.61148589   668.130256    55.436704
    1.050000    -654.77795557       6.02052214    -648.75743343   751.239592    58.021328
    1.100000    -654.66126956       6.06594135    -648.59532821   756.906992    60.602212
    1.150000    -654.99470976       5.88146648    -649.11324328   733.888253    63.174418
    1.200000    -654.50559239       4.29609419    -650.20949820   536.065804    65.749856
    1.250000    -654.49177699       4.72778435    -649.76399264   589.932019    68.328445
    1.300000    -655.22562228       5.36733459    -649.85828769   669.734975    70.912512
    1.350000    -654.99631608       5.86076638    -649.13554970   731.305298    73.489368
    1.400000    -654.03778598       5.26861027    -648.76917571   657.416173    76.066545
    1.450000    -654.86942169       6.62545552    -648.24396617   826.723061    78.645875
    1.500000    -654.08151084       5.05469401    -649.02681683   630.723743    81.226421
    1.550000    -654.99369773       5.66530683    -649.32839090   706.915893    83.806428
    1.600000    -655.00688357       5.19470688    -649.81217669   648.194522    86.397622
    1.650000    -655.66171542       6.97442733    -648.68728809   870.267697    88.991133
    1.700000    -654.45881524       5.79152701    -648.66728823   722.665623    91.589061
    1.750000    -654.88152467       6.71719148    -648.16433319   838.169857    94.178749
    1.800000    -654.22736058       5.35289667    -648.87446391   667.933414    96.765780
    1.850000    -655.81517827       6.18165203    -649.63352624   771.345348    99.354929
    1.900000    -655.06576683       4.81826226    -650.24750457   601.221835   101.938079
    1.950000    -655.00240132       5.88759645    -649.11480487   734.653149   104.519943
    2.000000    -655.10887453       5.65254967    -649.45632485   705.324058   107.104411
    2.050000    -655.49340422       6.16546012    -649.32794410   769.324924   109.682536
    2.100000    -655.64998719       5.94909710    -649.70089009   742.327189   112.266786
    2.150000    -656.49322306       6.82816714    -649.66505591   852.017379   114.852383
    2.200000    -656.26655089       6.51941037    -649.74714052   813.490769   117.433502
    2.250000    -657.07007997       6.15806309    -650.91201688   768.401925   120.024152
    2.300000    -655.19748479       4.29226145    -650.90522335   535.587556   122.611811
    2.350000    -656.80190075       6.00760182    -650.79429892   749.627396   125.194150
    2.400000    -654.66725479       4.41633056    -650.25092423   551.068875   127.767334
    2.450000    -655.50633530       6.52226497    -648.98407033   813.846964   130.343137
    2.500000    -654.83278555       5.68398443    -649.14880113   709.246480   132.928557
    2.550000    -653.53320937       5.53197769    -648.00123168   690.279109   135.509902
    2.600000    -653.20500197       5.89714813    -647.30785384   735.845006   138.080116
    2.650000    -653.30953981       6.04200704    -647.26753277   753.920473   140.659898
    2.700000    -654.35203733       7.59434942    -646.75768791   947.621456   143.245687
    2.750000    -652.82511206       6.48890848    -646.33620358   809.684749   145.825179
    2.800000    -653.44783708       6.33811614    -647.10972094   790.868909   148.412438
    2.850000    -654.07045715       6.01672121    -648.05373594   750.765312   150.997308
    2.900000    -655.23293294       6.01334784    -649.21958510   750.344383   153.589240
    2.950000    -654.54595237       5.36980608    -649.17614629   670.043367   156.176696
    3.000000    -654.53094313       5.55153703    -648.97940610   692.719720   158.768935
    3.050000    -654.48649217       5.77786661    -648.70862556   720.961081   161.361097
    3.100000    -654.88741178       6.42941054    -648.45800124   802.260607   163.941252
    3.150000    -654.12137617       5.49855154    -648.62282463   686.108200   166.518838
    3.200000    -654.87054900       6.59202819    -648.27852081   822.552006   169.101226
    3.250000    -654.64279524       6.62975778    -648.01303746   827.259897   171.690462
    3.300000    -654.01851879       5.54301364    -648.47550515   691.656172   174.281081
    3.350000    -655.98875855       6.01562580    -649.97313275   750.628627   176.881930
    3.400000    -655.24849297       5.91140245    -649.33709052   737.623657   179.472213
    3.450000    -655.22455236       5.56473313    -649.65981923   694.366327   182.083692
    3.500000    -654.92005282       5.06135168    -649.85870114   631.554486   184.675014
    3.550000    -656.17542757       6.31563527    -649.85979230   788.063751   187.273278
    3.600000    -654.82311944       5.50587432    -649.31724512   687.021936   189.869510
    3.650000    -655.43714276       6.41788739    -649.01925537   800.822750   192.460672
    3.700000    -656.00509172       6.31458809    -649.69050363   787.933084   195.045336
    3.750000    -654.72180718       4.80062761    -649.92117956   599.021388   197.621900
    3.800000    -655.50642242       5.52243240    -649.98399002   689.088049   200.204961
    3.850000    -655.49331553       6.57486479    -648.91845074   820.410360   202.782813
    3.900000    -655.44236511       6.55919771    -648.88316740   818.455425   205.368783
    3.950000    -654.51561502       5.55643778    -648.95917725   693.331234   207.949767
    4.000000    -656.07489928       6.64824669    -649.42665259   829.566939   210.537266
    4.050000    -655.23621366       5.74006577    -649.49614789   716.244300   213.124239
    4.100000    -655.85684011       6.79089761    -649.06594250   847.366894   215.722622
    4.150000    -655.10658543       5.09117297    -650.01541246   635.275581   218.308944
    4.200000    -655.32091998       5.78103581    -649.53988417   721.356534   220.888813
    4.250000    -655.38601578       5.60881865    -649.77719713   699.867310   223.470371
    4.300000    -654.97272455       5.56949935    -649.40322520   694.961055   226.050505
    4.350000    -655.35145532       5.81745370    -649.53400163   725.900750   228.636918
    4.400000    -654.78795613       5.79911277    -648.98884335   723.612173   231.219285
    4.450000    -655.67904947       5.84012889    -649.83892058   728.730156   233.806764
    4.500000    -654.69906922       5.25528251    -649.44378671   655.753138   236.388103
    4.550000    -655.04807931       5.43939647    -649.60868285   678.726842   238.968180
    4.600000    -654.28535133       5.90399121    -648.38136012   736.698884   241.544664
    4.650000    -654.31942298       5.38510059    -648.93432239   671.951813   244.130984
    4.700000    -655.44726419       6.21080335    -649.23646084   774.982844   246.715388
    4.750000    -655.82575534       6.06911329    -649.75664205   757.302785   249.301938
    4.800000    -655.46909958       5.55273107    -649.91636851   692.868712   251.893849
    4.850000    -656.04545293       5.30232809    -650.74312484   661.623476   254.482885
    4.900000    -655.84141173       4.93838327    -650.90302846   616.210512   257.072729
    4.950000    -656.20389810       5.21995959    -650.98393851   651.345551   259.667750
    5.000000    -655.91855729       5.17680699    -650.74175030   645.960978   262.257428
    5.050000    -655.35733427       4.77150554    -650.58582872   595.387541   264.848413
    5.100000    -655.25957282       4.73396918    -650.52560364   590.703761   267.440851
    5.150000    -655.68387719       5.47109823    -650.21277896   682.682582   270.028594
    5.200000    -654.73637431       5.18525415    -649.55112016   647.015013   272.619157
    5.250000    -654.70619358       5.19178484    -649.51440874   647.829911   275.212778
    5.300000    -654.97921226       5.57483180    -649.40438046   695.626436   277.807404
    5.350000    -654.77836120       5.13978679    -649.63857441   641.341604   280.401334
    5.400000    -655.21119359       5.54782846    -649.66336513   692.256965   283.007062
    5.450000    -655.09101138       5.47957691    -649.61143447   683.740549   285.600892
    5.500000    -655.96881166       5.22595410    -650.74285755   652.093545   288.194310
    5.550000    -655.21291649       4.96829038    -650.24462611   619.942315   290.806821
    5.600000    -654.97709817       5.29326150    -649.68383667   660.492149   293.406683
    5.650000    -654.79559255       5.42565557    -649.36993698   677.012255   296.016761
    5.700000    -654.65284706       6.29407067    -648.35877639   785.372924   298.608668
    5.750000    -654.91742966       6.01561737    -648.90181229   750.627574   301.209618
    5.800000    -655.03157416       5.95248730    -649.07908687   742.750217   303.809024
    5.850000    -654.43340030       5.68822413    -648.74517617   709.775509   306.434359
    5.900000    -654.41979276       6.02591633    -648.39387643   751.912677   309.032160
    5.950000    -654.71830827       5.74505387    -648.97325441   716.866713   311.619743
    6.000000    -654.50109664       5.96366788    -648.53742877   744.145327   314.202794
    6.050000    -654.61123781       6.08342585    -648.52781196   759.088704   316.790473
    6.100000    -653.79962713       6.29541598    -647.50421115   785.540792   319.379066
    6.150000    -653.99353820       6.12728765    -647.86625055   764.561771   321.978863
    6.200000    -654.27381820       6.66733905    -647.60647915   831.949280   324.575424
    6.250000    -654.07406432       6.05917081    -648.01489351   756.062164   327.172335
    6.300000    -654.68770137       6.28641229    -648.40128908   784.417313   329.758395
    6.350000    -654.33219437       6.47837434    -647.85382004   808.370300   332.336916
    6.400000    -653.77807862       6.08684812    -647.69123050   759.515734   334.919802
    6.450000    -654.49924642       6.03586909    -648.46337733   753.154580   337.516927
    6.500000    -653.50862686       4.76462264    -648.74400422   594.528695   340.101702
    6.550000    -655.29587411       6.66029246    -648.63558165   831.070008   342.671613
    6.600000    -654.82862921       5.62120809    -649.20742112   701.413261   345.244672
    6.650000    -654.40231420       5.40758297    -648.99473122   674.757160   347.807999
    6.700000    -654.46053206       5.63367441    -648.82685765   702.968806   350.374296
    6.750000    -654.12524963       5.60093915    -648.52431049   698.884106   352.943599
    6.800000    -654.87142445       6.04789015    -648.82353430   754.654566   355.501304
    6.850000    -654.73873324       5.46311946    -649.27561377   681.686993   358.065528
    6.900000    -654.60358937       4.73063111    -649.87295827   590.287237   360.698589
    6.950000    -655.06937300       5.79238945    -649.27698355   722.773238   363.329995
    7.000000    -654.88918108       5.08760792    -649.80157316   634.830735   365.959862
    7.050000    -654.88571358       4.78485959    -650.10085400   597.053856   368.589918
    7.100000    -656.26710895       5.53422232    -650.73288663   690.559194   371.213704
    7.150000    -655.43279074       4.65538009    -650.77741065   580.897429   373.835041
    7.200000    -655.37587040       4.44590510    -650.92996530   554.759180   376.475363
    7.250000    -655.36994763       4.67799380    -650.69195382   583.719164   379.101933
    7.300000    -655.34151767       4.99298054    -650.34853713   623.023148   381.720855
    7.350000    -655.40964841       5.23099798    -650.17865043   652.722919   384.322256
    7.400000    -655.21737181       5.78128251    -649.43608930   721.387316   386.919716
    7.450000    -655.38062371       6.56305236    -648.81757134   818.936408   389.533647
    7.500000    -654.77909486       5.63833563    -649.14075923   703.550432   392.095369
    7.550000    -655.02678389       5.45088685    -649.57589704   680.160609   394.656744
    7.600000    -655.47052986       5.92435071    -649.54617915   739.239339   397.214825
    7.650000    -654.74918377       5.47375008    -649.27543370   683.013479   399.787936
    7.700000    -655.18966157       5.66427598    -649.52538560   706.787264   402.383697
    7.750000    -654.52400409       5.88649685    -648.63750724   734.515942   404.966347
    7.800000    -655.36799588       6.26855167    -649.09944421   782.188668   407.557967
    7.850000    -655.48188059       6.19988163    -649.28199896   773.620034   410.149545
    7.900000    -654.46446073       5.81036709    -648.65409364   725.016485   412.723320
    7.950000    -655.56547371       6.02738848    -649.53808524   752.096371   415.320904
    8.000000    -655.21550118       5.31320749    -649.90229369   662.981005   417.906646
    8.050000    -655.49414106       5.24132674    -650.25281432   654.011740   420.488408
    8.100000    -654.70541755       5.06585876    -649.63955878   632.116879   423.082048
    8.150000    -654.57653708       5.29516910    -649.28136798   660.730179   425.675063
    8.200000    -655.02737999       6.18620561    -648.84117438   771.913543   428.271801
    8.250000    -654.30001486       5.58866478    -648.71135009   697.352513   430.864851
    8.300000    -654.90642576       5.73574151    -649.17068425   715.704719   433.481307
    8.350000    -654.75527756       6.16202027    -648.59325730   768.895700   436.087501
    8.400000    -654.69809134       5.80401466    -648.89407668   724.223829   438.687359
    8.450000    -654.09910586       5.12842609    -648.97067977   639.924018   441.300449
    8.500000    -655.03872261       6.37873264    -648.65998997   795.937028   443.898506
    8.550000    -653.36713650       6.24889180    -647.11824469   779.735514   446.503947
    8.600000    -653.79537493       6.10160868    -647.69376625   761.357555   449.109835
    8.650000    -654.29537913       5.70468099    -648.59069814   711.828993   451.721818
    8.700000    -654.41851820       5.77474045    -648.64377775   720.571000   454.320281
    8.750000    -654.12050903       5.72086214    -648.39964688   713.848075   456.914455
    8.800000    -654.68864786       6.26605234    -648.42259552   781.876803   459.517863
    8.850000    -653.96818578       5.49529477    -648.47289101   685.701821   462.111924
    8.900000    -654.79436264       6.06776532    -648.72659732   757.134586   464.701007
    8.950000    -654.95803726       4.43082860    -650.52720865   552.877938   467.263396
    9.000000    -655.98857816       5.46361533    -650.52496283   681.748867   469.835342
    9.050000    -655.48727693       4.83578585    -650.65149108   603.408426   472.396674
    9.100000    -655.69496872       5.12969022    -650.56527849   640.081757   474.953432
    9.150000    -655.46875081       4.81095111    -650.65779969   600.309552   477.506453
    9.200000    -655.86023901       4.72831514    -651.13192387   589.998251   480.059555
    9.250000    -655.61616175       5.16094070    -650.45522105   643.981185   482.614469
    9.300000    -655.47610938       4.89474964    -650.58135974   610.765916   485.200528
    9.350000    -655.89132292       5.41180765    -650.47951526   675.284315   487.794029
    9.400000    -655.20706981       4.70305873    -650.50401108   586.846761   490.392596
    9.450000    -654.65302011       4.68746083    -649.96555927   584.900459   492.978857
    9.500000    -655.49689986       4.85471531    -650.64218455   605.770440   495.553976
    9.550000    -655.46140317       5.45160717    -650.00979599   680.250491   498.126156
    9.600000    -655.34403705       5.64100343    -649.70303361   703.883320   500.680219
    9.650000    -655.40871925       5.33933787    -650.06938138   666.241549   503.233321
    9.700000    -655.13102848       5.19549622    -649.93553226   648.293016   505.799213
    9.750000    -655.36057974       5.56755780    -649.79302194   694.718788   508.376714
    9.800000    -655.93004455       6.50296725    -649.42707730   811.438999   510.949834
    9.850000    -654.93745632       5.50566380    -649.43179252   686.995667   513.530766
    9.900000    -653.90714201       5.23109065    -648.67605136   652.734483   516.095480
    9.950000    -654.79814645       5.51825463    -649.27989183   688.566748   518.669233
   10.000000    -654.48532533       5.78956187    -648.69576346   722.420413   521.218527
   10.050000    -653.41984299       4.66602364    -648.75381935   582.225529   523.768636
   10.100000    -654.47298847       5.40353944    -649.06944903   674.252609   526.315903
   10.150000    -655.33471520       6.84607087    -648.48864433   854.251402   528.861691
   10.200000    -654.57383070       6.23878427    -648.33504644   778.474297   531.414048
   10.250000    -654.25876692       5.60573565    -648.65303127   699.482613   533.962443
   10.300000    -654.10471033       5.05122183    -649.05348850   630.290486   536.508463
   10.350000    -653.99899372       5.71278463    -648.28620909   712.840164   539.056249
   10.400000    -654.43376640       6.13462151    -648.29914489   765.476888   541.605457
   10.450000    -654.36435212       5.40918272    -648.95516940   674.956776   544.156555
   10.500000    -654.74330241       6.52526673    -648.21803568   814.221523   546.724562
   10.550000    -654.41281630       5.99023177    -648.42258454   747.459964   549.286512
   10.600000    -655.07499411       6.36434750    -648.71064662   794.142053   551.837708
   10.650000    -654.98387066       5.07645775    -649.90741291   633.439418   554.384286
   10.700000    -653.74485301       5.14711290    -648.59774011   642.255755   556.933402
   10.750000    -653.86967218       5.06472139    -648.80495078   631.974959   559.481047
   10.800000    -655.01648339       6.04953704    -648.96694634   754.860065   562.030369
   10.850000    -655.23548846       5.53070581    -649.70478265   690.120404   564.579197
   10.900000    -655.37474779       5.60394121    -649.77080658   699.258703   567.129180
   10.950000    -654.71342639       5.02726699    -649.68615940   627.301405   569.679523
   11.000000    -655.32553075       6.22423687    -649.10129388   776.659076   572.231750
   11.050000    -654.26965789       5.72343836    -648.54621954   714.169534   574.786741
   11.100000    -654.77262131       6.11951450    -648.65310681   763.591839   577.351214
   11.150000    -654.40872105       5.15689904    -649.25182200   643.476868   579.936265
   11.200000    -654.23392126       4.93603393    -649.29788733   615.917362   582.527489
   11.250000    -654.05568512       5.43564797    -648.62003715   678.259105   585.105221
   11.300000    -654.94928881       6.93169534    -648.01759347   864.935608   587.687766
   11.350000    -653.45077778       5.34451425    -648.10626354   666.887457   590.262066
   11.400000    -655.27573301       6.23519563    -649.04053738   778.026507   592.813201
   11.450000    -654.66582433       5.74076387    -648.92506046   716.331408   595.365716
   11.500000    -654.57074093       5.36707056    -649.20367037   669.702030   597.919665
   11.550000    -654.57936593       5.69447493    -648.88489100   710.555483   600.497088
   11.600000    -655.08182508       5.41471178    -649.66711329   675.646692   603.061518
   11.650000    -656.19612282       5.98167196    -650.21445086   746.391873   605.657031
   11.700000    -655.38158336       5.22934693    -650.15223643   652.516902   608.252462
   11.750000    -654.88026442       4.42652789    -650.45373653   552.341296   610.827508
   11.800000    -654.95714268       5.18109645    -649.77604623   646.496216   613.386712
   11.850000    -655.24714585       5.63790397    -649.60924187   703.496570   615.930268
   11.900000    -655.65398560       6.10836461    -649.54562099   762.200557   618.482687
   11.950000    -654.90218229       4.74908004    -650.15310225   592.589291   621.030698
   12.000000    -655.47084850       5.29129212    -650.17955638   660.246410   623.578110
   12.050000    -654.83183342       4.33904869    -650.49278473   541.425658   626.124553
   12.100000    -655.55468188       5.83138689    -649.72329500   727.639331   628.673130
   12.150000    -655.38413307       6.36128510    -649.02284797   793.759927   631.222208
   12.200000    -654.41910399       5.62061952    -648.79848448   701.339819   633.773487
   12.250000    -654.69970581       5.75742900    -648.94227681   718.410880   636.324487
   12.300000    -653.75968001       4.74275950    -649.01692051   591.800616   638.872238
   12.350000    -654.60451017       5.90823937    -648.69627081   737.228969   641.447914
   12.400000    -655.11828442       6.35060397    -648.76768045   792.427139   644.004994
   12.450000    -654.62050573       6.11736425    -648.50314147   763.323531   646.557064
   12.500000    -655.06774824       5.68184343    -649.38590481   708.979327   649.109336
   12.550000    -655.92630348       5.95294054    -649.97336294   742.806772   651.662745
   12.600000    -655.57279385       5.02543798    -650.54735587   627.073182   654.213787
   12.650000    -656.07399666       5.35585872    -650.71813794   668.303018   656.762092
   12.700000    -655.50796930       4.64758953    -650.86037976   579.925326   659.320058
   12.750000    -655.31110195       5.48023816    -649.83086379   683.823061   661.870952
   12.800000    -655.43272319       6.27001887    -649.16270433   782.371745   664.420561
   12.850000    -654.80474336       5.35055818    -649.45418518   667.641618   666.974094
   12.900000    -654.67525165       5.48855577    -649.18669588   684.860930   669.523353
   12.950000    -655.53897466       5.78447769    -649.75449696   721.786011   672.095248
   13.000000    -655.32549735       5.27522651    -650.05027085   658.241746   674.658307
   13.050000    -655.32132652       5.22838256    -650.09294396   652.396568   677.208269
   13.100000    -655.14300952       5.64564939    -649.49736013   704.463041   679.758259
   13.150000    -655.55497885       6.71324844    -648.84173041   837.677845   682.307673
   13.200000    -655.35567495       6.14081513    -649.21485982   766.249727   684.856748
   13.250000    -654.27938869       5.17086567    -649.10852302   645.219620   687.405089
   13.300000    -654.88007807       5.46056449    -649.41951357   681.368184   689.952943
   13.350000    -655.33352963       5.39776112    -649.93576851   673.531592   692.498332
   13.400000    -655.29120193       5.66388739    -649.62731455   706.738776   695.045747
   13.450000    -654.98347553       4.99170551    -649.99177002   622.864050   697.593460
   13.500000    -655.64507742       4.77218305    -650.87289437   595.472081   700.141542
   13.550000    -655.36829510       5.33058701    -650.03770808   665.149619   702.706124
   13.600000    -655.19380269       5.06635404    -650.12744865   632.178680   705.267565
   13.650000    -654.17938072       5.46570712    -648.71367360   682.009880   707.818294
   13.700000    -654.80537983       6.16318176    -648.64219807   769.040631   710.370438
   13.750000    -654.25952077       5.51695850    -648.74256227   688.405018   712.918748
   13.800000    -654.20127202       5.88470454    -648.31656748   734.292298   715.464219
   13.850000    -653.75935965       5.39691017    -648.36244948   673.425410   718.013633
   13.900000    -654.20303290       5.29299441    -648.91003849   660.458821   720.561556
   13.950000    -654.99461973       6.48765218    -648.50696755   809.527987   723.108288
   14.000000    -654.14553851       5.82085268    -648.32468583   726.324874   725.662302
   14.050000    -653.47560110       5.76085318    -647.71474792   718.838148   728.205748
   14.100000    -653.68981653       6.03873179    -647.65108474   753.511788   730.754797
   14.150000    -653.54262688       5.52991219    -648.01271469   690.021377   733.310723
   14.200000    -655.05207967       6.91140903    -648.14067064   862.404286   735.881233
   14.250000    -654.33728092       5.58937214    -648.74790877   697.440778   738.438132
   14.300000    -654.24870058       5.85488419    -648.39381639   730.571320   740.988338
   14.350000    -655.41306696       6.26499157    -649.14807539   781.744439   743.540548
   14.400000    -654.86797107       4.29573896    -650.57223211   536.021479   746.093782
   14.450000    -655.57803306       5.27041550    -650.30761756   657.641429   748.648299
   14.500000    -654.82131356       4.59510220    -650.22621136   573.375966   751.201651
   14.550000    -654.74526204       5.64031401    -649.10494803   703.797294   753.762040
   14.600000    -655.00525878       5.82095648    -649.18430230   726.337827   756.326005
   14.650000    -655.49520615       6.05770576    -649.43750039   755.879356   758.885199
   14.700000    -654.76009560       4.68506496    -650.07503064   584.601502   761.441851
   14.750000    -655.31681501       5.12080136    -650.19601365   638.972606   763.988799
   14.800000    -655.03156369       5.63472181    -649.39684188   703.099500   766.571646
   14.850000    -653.48531858       5.04276254    -648.44255604   629.234937   769.131819
   14.900000    -654.53242144       5.80046196    -648.73195948   723.780525   771.682557
   14.950000    -654.76533780       5.49944530    -649.26589250   686.219724   774.234046
   15.000000    -654.81241396       5.10940394    -649.70301002   637.550438   776.786215
   15.050000    -654.82148783       6.01418457    -648.80730327   750.448790   779.336963
   15.100000    -655.30438997       5.76684150    -649.53754847   719.585369   781.899909
   15.150000    -654.43268035       4.90539521    -649.52728514   612.094268   784.454043
   15.200000    -654.98068919       5.03390633    -649.94678286   628.129861   787.000026
   15.250000    -654.26929612       5.13288411    -649.13641201   640.480289   789.558277
   15.300000    -654.48714052       5.13051378    -649.35662674   640.184520   792.114898
   15.350000    -655.01525727       5.67772931    -649.33752796   708.465968   794.685312
   15.400000    -654.39615251       5.05831374    -649.33783876   631.175413   797.289349
   15.450000    -654.56760678       5.71676689    -648.85083989   713.337069   799.869210
   15.500000    -655.14940001       6.31402273    -648.83537729   787.862538   802.454592
   15.550000    -654.88405917       5.38453859    -649.49952058   671.881687   805.031377
   15.600000    -655.30957586       5.71072935    -649.59884652   712.583706   807.596609
   15.650000    -654.74285082       5.45771451    -649.28513630   681.012564   810.170143
   15.700000    -654.86570754       4.95059948    -649.91510806   617.734848   812.755131
   15.750000    -654.91637127       5.96245390    -648.95391737   743.993847   815.321195
   15.800000    -655.35104929       6.31838072    -649.03266857   788.406328   817.895116
   15.850000    -654.47689196       5.77026794    -648.70662403   720.012920   820.470477
   15.900000    -653.86880368       5.19328739    -648.67551629   648.017399   823.045082
   15.950000    -654.87833237       6.06399305    -648.81433932   756.663883   825.607942
   16.000000    -654.38880596       5.48196439    -648.90684156   684.038460   828.195350
   16.050000    -653.87760111       5.38834507    -648.48925604   672.356658   830.781953
   16.100000    -654.45799165       6.15528529    -648.30270636   768.055311   833.348594
   16.150000    -654.88336254       6.40445739    -648.47890516   799.146957   835.917180
   16.200000    -654.34041529       6.04906937    -648.29134592   754.801709   838.487703
   16.250000    -654.89685687       5.71130445    -649.18555242   712.655468   841.061700
   16.300000    -655.96945349       5.89920737    -650.07024612   736.101958   843.629885
   16.350000    -654.25093672       4.13314931    -650.11778740   515.733574   846.196192
   16.400000    -653.94482918       5.08210265    -648.86272653   634.143788   848.760807
   16.450000    -654.27322459       5.82505731    -648.44816728   726.849528   851.322500
   16.500000    -654.94336348       6.01939446    -648.92396902   751.098879   853.883350
   16.550000    -654.46956575       5.49801515    -648.97155061   686.041269   856.449455
   16.600000    -654.75567604       5.26108054    -649.49459550   656.476615   859.029188
   16.650000    -655.47710845       6.24441946    -649.23268899   779.177455   861.615090
   16.700000    -654.06637527       4.43100174    -649.63537353   552.899543   864.181049
   16.750000    -653.99579180       5.32631101    -648.66948079   664.616060   866.742863
   16.800000    -654.46412694       5.23566808    -649.22845886   653.305653   869.305335
   16.850000    -654.43610897       4.91676523    -649.51934374   613.513017   871.867923
   16.900000    -654.11924115       5.08158215    -649.03765900   634.078840   874.432249
   16.950000    -654.11371371       6.14721813    -647.96649559   767.048692   876.997099
   17.000000    -653.87145366       4.80291908    -649.06853459   599.307316   879.560532
   17.050000    -653.95066224       5.09002862    -648.86063362   635.132789   882.125287
   17.100000    -654.40297492       5.02189181    -649.38108310   626.630691   884.681898
   17.150000    -654.60754992       5.23574834    -649.37180158   653.315668   887.228678
   17.200000    -655.31862045       5.73289397    -649.58572647   715.349404   889.772567
   17.250000    -654.30505376       4.64655743    -649.65849633   579.796540   892.339258
   17.300000    -654.33921982       5.61608850    -648.72313132   700.774440   894.899671
   17.350000    -655.07340306       7.21008872    -647.86331434   899.673480   897.449012
   17.400000    -652.89023713       5.22524418    -647.66499295   652.004961   899.997963
   17.450000    -654.53939982       6.73650708    -647.80289274   840.580054   902.544773
   17.500000    -653.94168073       4.62927273    -649.31240800   577.639759   905.094624
   17.550000    -655.46307031       6.00883654    -649.45423378   749.781464   907.655334
   17.600000    -653.67040656       4.89864188    -648.77176468   611.251589   910.204908
   17.650000    -653.67502527       6.28565949    -647.38936578   784.323379   912.752400
   17.700000    -653.61593372       6.11031743    -647.50561629   762.444230   915.311283
   17.750000    -653.35329357       6.21392672    -647.13936686   775.372577   917.869345
   17.800000    -653.61368333       6.20894394    -647.40473939   774.750827   920.418608
   17.850000    -653.95063270       6.25232938    -647.69830332   780.164453   922.991970
   17.900000    -654.06878166       5.47004031    -648.59874135   682.550575   925.556569
   17.950000    -655.07032826       6.52738610    -648.54294216   814.485979   928.106374
   18.000000    -653.34384885       5.84826888    -647.49557998   729.745862   930.657043
   18.050000    -653.81535504       6.57654491    -647.23881013   820.620005   933.219628
   18.100000    -653.69560301       5.43744653    -648.25815648   678.483529   935.771024
   18.150000    -653.82316694       5.87489306    -647.94827388   733.068023   938.320127
   18.200000    -654.21067818       6.29715260    -647.91352558   785.757487   940.865809
   18.250000    -653.43284325       5.03058142    -648.40226184   627.714979   943.420924
   18.300000    -653.88077017       5.56798984    -648.31278033   694.772698   945.976791
   18.350000    -654.77124648       6.34199996    -648.42924652   791.353531   948.535281
   18.400000    -654.82320451       6.12689630    -648.69630821   764.512939   951.094359
   18.450000    -654.82710947       6.05228503    -648.77482444   755.202959   953.675435
   18.500000    -654.81643414       5.90434740    -648.91208673   736.743330   956.251128
   18.550000    -654.92351824       5.18150804    -649.74201020   646.547573   958.808885
   18.600000    -654.50048220       5.15771922    -649.34276299   643.579209   961.364372
   18.650000    -655.09919743       5.56925727    -649.52994016   694.930847   963.919390
   18.700000    -655.23751505       6.19782346    -649.03969160   773.363215   966.480835
   18.750000    -655.60542239       6.72846652    -648.87695587   839.576755   969.044647
   18.800000    -654.36909427       5.21582687    -649.15326740   650.829871   971.600372
   18.850000    -655.30154505       6.33407725    -648.96746780   790.364937   974.156349
   18.900000    -653.54583946       6.29702205    -647.24881740   785.741197   976.715464
   18.950000    -653.79186910       7.03655210    -646.75531701   878.019613   979.269003
   19.000000    -653.07249195       5.60611964    -647.46637231   699.530527   981.820190
   19.050000    -653.95679547       5.89914052    -648.05765495   736.093616   984.390030
   19.100000    -655.53986015       6.66954498    -648.87031517   832.224536   986.955236
   19.150000    -654.27185818       5.52911763    -648.74274055   689.922231   989.506908
   19.200000    -655.50570871       6.30246787    -649.20324084   786.420725   992.061881
   19.250000    -655.80080617       5.74552106    -650.05528511   716.925009   994.608958
   19.300000    -655.38059508       4.76358035    -650.61701473   594.398637   997.160311
   19.350000    -656.60876959       5.62785964    -650.98090995   702.243240   999.717827
   19.400000    -655.90978134       4.35454051    -651.55524083   543.358725  1002.270508
   19.450000    -657.60143103       5.59351555    -652.00791548   697.957791  1004.819292
   19.500000    -656.52730023       4.58554641    -651.94175382   572.183597  1007.375815
   19.550000    -657.07750517       5.36479548    -651.71270968   669.418146  1009.923854
   19.600000    -656.91637686       5.51078953    -651.40558733   687.635255  1012.478529
   19.650000    -656.28412244       3.96890405    -652.31521839   495.239082  1015.028947
   19.700000    -656.78152489       5.11573706    -651.66578782   638.340684  1017.601078
   19.750000    -656.11031529       6.32911981    -649.78119548   789.746349  1020.161918
   19.800000    -656.97137281       7.18702123    -649.78435158   896.795123  1022.719720
   19.850000    -655.57238936       6.10864314    -649.46374622   762.235312  1025.274077
   19.900000    -655.33858382       5.73580529    -649.60277853   715.712678  1027.825711
   19.950000    -656.14200572       6.79876374    -649.34324198   848.348429  1030.377224
   20.000000    -655.16277926       5.65378261    -649.50899665   705.477903  1032.927501
   20.050000    -655.43230005       5.93627820    -649.49602185   740.727649  1035.479063
   20.100000    -655.87130425       6.00335523    -649.86794902   749.097507  1038.030565
   20.150000    -655.77588863       5.50715771    -650.26873092   687.182077  1040.578944
   20.200000    -656.63088047       6.65394700    -649.97693347   830.278223  1043.144486
   20.250000    -656.21119522       5.60811262    -650.60308260   699.779211  1045.710960
   20.300000    -655.98841395       5.20838967    -650.78002428   649.901859  1048.298807
   20.350000    -656.13663659       6.93951810    -649.19711849   865.911729  1050.877779
   20.400000    -655.14392447       6.00945570    -649.13446877   749.858723  1053.440374
   20.450000    -654.79549602       5.15329138    -649.64220464   643.026704  1056.004149
   20.500000    -654.91349162       5.74512466    -649.16836696   716.875547  1058.569790
   20.550000    -654.55456942       4.76739098    -649.78717844   594.874127  1061.132880
   20.600000    -656.12776465       6.04638002    -650.08138463   754.466133  1063.697532
   20.650000    -655.36100233       6.03767254    -649.32332979   753.379615  1066.262460
   20.700000    -655.34053580       6.40311217    -648.93742363   798.979102  1068.829879
   20.750000    -656.12695473       6.51539660    -649.61155812   812.989931  1071.399579
   20.800000    -656.01858818       4.82692408    -651.19166411   602.302655  1073.971662
   20.850000    -656.15396152       5.87571767    -650.27824385   733.170917  1076.538465
   20.900000    -655.88623498       5.44324249    -650.44299249   679.206747  1079.147409
   20.950000    -655.76637743       5.96088051    -649.80549691   743.797521  1081.726509
   21.000000    -655.42247818       6.37806859    -649.04440959   795.854168  1084.297630
   21.050000    -655.61093532       6.08614706    -649.52478827   759.428256  1086.865454
   21.100000    -655.18184509       6.09148665    -649.09035844   760.094529  1089.434051
   21.150000    -655.14197768       5.73497725    -649.40700043   715.609355  1091.999055
   21.200000    -655.98223625       5.47566788    -650.50656837   683.252782  1094.565669
   21.250000    -655.82496285       5.41826610    -650.40669675   676.090199  1097.129444
   21.300000    -654.76788694       5.37179053    -649.39609640   670.290987  1099.695728
   21.350000    -655.02691450       6.15171236    -648.87520214   767.609482  1102.262199
   21.400000    -655.26293407       6.40456048    -648.85837359   799.159821  1104.829623
   21.450000    -655.95683461       6.83202463    -649.12480997   852.498716  1107.395441
   21.500000    -655.24006922       6.13744288    -649.10262634   765.828938  1109.981747
   21.550000    -655.42573572       5.94173686    -649.48399886   741.408779  1112.559479
   21.600000    -655.23831242       5.16129270    -650.07701973   644.025107  1115.109016
   21.650000    -655.57101796       5.97046000    -649.60055796   744.992848  1117.656284
   21.700000    -656.24716160       5.21439389    -651.03276770   650.651064  1120.202689
   21.750000    -656.30702929       4.58939375    -651.71763554   572.663666  1122.750788
   21.800000    -656.47360690       4.33611086    -652.13749603   541.059077  1125.299852
   21.850000    -655.93742182       4.82188902    -651.11553281   601.674381  1127.842636
   21.900000    -655.85817875       4.40564220    -651.45253655   549.735183  1130.390759
   21.950000    -656.63493388       5.35998018    -651.27495369   668.817294  1132.936730
   22.000000    -656.49504178       5.02868790    -651.46635388   627.478706  1135.487084
   22.050000    -656.77940433       5.46889622    -651.31050811   682.407815  1138.035132
   22.100000    -656.20015365       4.79550559    -651.40464806   598.382262  1140.600573
   22.150000    -655.72489713       5.08467013    -650.64022700   634.464158  1143.166377
   22.200000    -656.48488537       5.76061102    -650.72427436   718.807932  1145.718219
   22.250000    -656.18916110       5.74738630    -650.44177479   717.157754  1148.271751
   22.300000    -656.34830619       5.42292113    -650.92538505   676.671053  1150.821133
   22.350000    -654.76635385       4.43872946    -650.32762439   553.863806  1153.369604
   22.400000    -655.75884092       5.18453722    -650.57430369   646.925555  1155.931817
   22.450000    -655.25878099       5.52219658    -649.73658440   689.058625  1158.485862
   22.500000    -654.79249092       5.99523872    -648.79725220   748.084731  1161.046853
   22.550000    -655.40119944       6.16660023    -649.23459921   769.467187  1163.600485
   22.600000    -654.56799980       4.92787856    -649.64012124   614.899736  1166.158445
   22.650000    -655.80597724       5.74561677    -650.06036047   716.936952  1168.705271
   22.700000    -655.65204833       5.72870546    -649.92334287   714.826762  1171.258774
   22.750000    -654.77806644       4.88337318    -649.89469326   609.346363  1173.836274
   22.800000    -654.64718460       5.30906648    -649.33811811   662.464291  1176.392731
   22.850000    -655.80849480       6.07130209    -649.73719271   757.575904  1178.944815
   22.900000    -655.06556561       4.77750460    -650.28806101   596.136102  1181.499207
   22.950000    -655.44580801       5.55360953    -649.89219847   692.978326  1184.047834
   23.000000    -654.34581547       5.12767355    -649.21814191   639.830117  1186.599518
   23.050000    -654.58996835       5.85875580    -648.73121256   731.054418  1189.151244
   23.100000    -653.86552506       5.61868267    -648.24684239   701.098139  1191.701176
   23.150000    -655.18670309       6.47886577    -648.70783732   808.431620  1194.252264
   23.200000    -653.86785568       4.73586546    -649.13199022   590.940379  1196.810271
   23.250000    -655.35144553       5.38531442    -649.96613111   671.978495  1199.360109
   23.300000    -655.28833053       4.63914267    -650.64918786   578.871328  1201.910010
   23.350000    -654.95113113       5.05184251    -649.89928862   630.367934  1204.497139
   23.400000    -655.28427162       5.90775200    -649.37651963   737.168154  1207.086210
   23.450000    -654.16021186       5.44371397    -648.71649789   679.265580  1209.656563
   23.500000    -655.84713647       7.09903665    -648.74809982   885.816424  1212.228929
   23.550000    -653.83626933       5.73333375    -648.10293558   715.404279  1214.796539
   23.600000    -653.27818115       5.35913705    -647.91904411   668.712087  1217.363060
   23.650000    -653.86222368       6.05636223    -647.80586145   755.711711  1219.929908
   23.700000    -654.51502090       7.00813364    -647.50688726   874.473563  1222.496839
   23.750000    -654.22655100       5.72996839    -648.49658260   714.984351  1225.064970
   23.800000    -655.11706905       5.79713329    -649.31993576   723.365173  1227.634563
   23.850000    -655.16503850       5.02539585    -650.13964265   627.067925  1230.201003
   23.900000    -655.07025273       5.68743547    -649.38281726   709.677101  1232.765619
   23.950000    -654.03988910       5.39633063    -648.64355847   673.353095  1235.352675
   24.000000    -654.50985283       5.89597633    -648.61387650   735.698789  1237.925462
   24.050000    -655.23605004       5.82670110    -649.40934894   727.054639  1240.491690
   24.100000    -654.43658422       5.11030715    -649.32627707   637.663141  1243.059381
   24.150000    -656.41237294       6.44561834    -649.96675460   804.283013  1245.626899
   24.200000    -654.85086095       5.72245813    -649.12840283   714.047221  1248.197351
   24.250000    -654.97335887       5.09098282    -649.88237604   635.251855  1250.766051
   24.300000    -655.37653072       5.82733281    -649.54919791   727.133464  1253.332604
   24.350000    -655.57233354       6.00487835    -649.56745520   749.287562  1255.897197
   24.400000    -655.00492780       4.76296286    -650.24196494   594.321587  1258.463329
   24.450000    -655.65799242       5.72712404    -649.93086838   714.629433  1261.029083
   24.500000    -655.11692588       5.57009715    -649.54682873   695.035648  1263.594021
   24.550000    -655.09751002       6.62438937    -648.47312065   826.590028  1266.175254
   24.600000    -654.01386911       5.94883964    -648.06502947   742.295063  1268.754230
   24.650000    -653.81262884       5.53700920    -648.27561964   690.906940  1271.321614
   24.700000    -654.27823926       6.36249419    -647.91574507   793.910797  1273.887403
   24.750000    -654.69513011       6.18554373    -648.50958639   771.830953  1276.451636
   24.800000    -653.80435224       5.19054410    -648.61380814   647.675092  1279.017277
   24.850000    -655.20856379       5.69850047    -649.51006332   711.057789  1281.580384
   24.900000    -655.02243903       5.66277470    -649.35966433   706.599935  1284.142482
   24.950000    -654.13785804       4.86682712    -649.27103092   607.281749  1286.708510
   25.000000    -655.00567753       5.68442002    -649.32125751   709.300833  1289.272986
   25.050000    -655.17771689       5.16836993    -650.00934696   644.908202  1291.836627
   25.100000    -655.97473506       5.79125007    -650.18348500   722.631066  1294.402420
   25.150000    -654.55220993       4.30675497    -650.24545496   537.396054  1296.985633
   25.200000    -655.46579506       5.83356368    -649.63223138   727.910951  1299.558586
   25.250000    -655.39589044       5.82596655    -649.56992389   726.962982  1302.123001
   25.300000    -654.80199045       5.45885298    -649.34313746   681.154622  1304.687776
   25.350000    -654.85004965       6.07016555    -648.77988410   757.434087  1307.250982
   25.400000    -654.19559920       5.06647331    -649.12912589   632.193563  1309.816892
   25.450000    -655.42643419       5.71041484    -649.71601935   712.544462  1312.380155
   25.500000    -654.40110990       4.53720677    -649.86390313   566.151785  1314.944418
   25.550000    -655.22725722       6.09676532    -649.13049189   760.753201  1317.508928
   25.600000    -655.03925073       5.89451222    -649.14473851   735.516098  1320.074941
   25.650000    -654.34459677       5.69194030    -648.65265647   710.239213  1322.640859
   25.700000    -654.70225507       5.20284160    -649.49941347   649.209571  1325.200026
   25.750000    -655.36779936       5.61332619    -649.75447317   700.429759  1327.779206
   25.800000    -655.13652803       6.06851164    -649.06801639   757.227712  1330.349699
   25.850000    -654.71156176       5.39515554    -649.31640622   673.206467  1332.908673
   25.900000    -654.46922925       5.66428388    -648.80494537   706.788249  1335.472146
   25.950000    -654.76568564       6.14293449    -648.62275115   766.514181  1338.033782
   26.000000    -652.93792666       4.81874399    -648.11918267   601.281945  1340.595212
   26.050000    -654.71953708       6.20770831    -648.51182877   774.596645  1343.157440
   26.100000    -654.25971780       6.33401689    -647.92570092   790.357406  1345.717067
   26.150000    -654.69629635       5.79001737    -648.90627898   722.477250  1348.275019
   26.200000    -655.30583707       7.02256488    -648.28327219   876.274291  1350.835808
   26.250000    -654.46783558       5.83123353    -648.63660205   727.620195  1353.396338
   26.300000    -654.63747059       5.84417520    -648.79329539   729.235054  1355.958049
   26.350000    -654.40058411       5.74436243    -648.65622167   716.780437  1358.538062
   26.400000    -653.42915569       5.15909317    -648.27006252   643.750651  1361.111604
   26.450000    -655.55825006       6.95148220    -648.60676786   867.404609  1363.672856
   26.500000    -655.32634280       6.54624473    -648.78009807   816.839155  1366.233472
   26.550000    -655.15518591       5.67942446    -649.47576145   708.677489  1368.797332
   26.600000    -654.38038854       5.68981020    -648.69057833   709.973419  1371.360677
   26.650000    -654.24505354       5.80474577    -648.44030778   724.315057  1373.919900
   26.700000    -654.26125166       6.01843528    -648.24281638   750.979194  1376.479131
   26.750000    -653.72425070       5.74266463    -647.98158606   716.568585  1379.040284
   26.800000    -654.46623944       6.79846145    -647.66777799   848.310708  1381.602324
   26.850000    -655.25137844       6.26565156    -648.98572688   781.826793  1384.165013
   26.900000    -655.01790922       5.50834642    -649.50956280   687.330404  1386.728869
   26.950000    -654.06955541       4.47419377    -649.59536164   558.289035  1389.303836
   27.000000    -655.59718362       6.97380773    -648.62337589   870.190384  1391.878932
   27.050000    -654.55699169       6.21536251    -648.34162918   775.551734  1394.437564
   27.100000    -654.39691680       5.72185555    -648.67506126   713.972031  1396.997979
   27.150000    -655.69476926       6.05661852    -649.63815074   755.743691  1399.560027
   27.200000    -655.32475021       5.76666313    -649.55808708   719.563113  1402.122201
   27.250000    -654.55241752       5.94458571    -648.60783182   741.764258  1404.682348
   27.300000    -654.60111942       5.66517276    -648.93594666   706.899164  1407.243392
   27.350000    -654.89994975       6.65219863    -648.24775112   830.060062  1409.804044
   27.400000    -654.43958240       5.33866807    -649.10091434   666.157972  1412.370745
   27.450000    -654.80628775       5.28701973    -649.51926801   659.713303  1414.938052
   27.500000    -655.51305833       5.71757742    -649.79548091   713.438208  1417.504951
   27.550000    -655.63867237       6.58495337    -649.05371900   821.669211  1420.082425
   27.600000    -654.58778170       5.70678343    -648.88099827   712.091335  1422.671896
   27.650000    -654.92221834       4.98519858    -649.93701976   622.052117  1425.239452
   27.700000    -655.44152633       4.73125877    -650.71026757   590.365556  1427.808096
   27.750000    -655.60494904       4.80704949    -650.79789955   599.822708  1430.372261
   27.800000    -656.01712019       5.61833164    -650.39878856   701.054338  1432.938365
   27.850000    -655.20155216       5.23932068    -649.96223147   653.761424  1435.508175
   27.900000    -655.27889099       5.21276506    -650.06612593   650.447818  1438.076643
   27.950000    -655.03351350       4.94836904    -650.08514446   617.456534  1440.643965
   28.000000    -655.37810038       5.27375632    -650.10434406   658.058297  1443.210557
   28.050000    -656.16062019       6.75835985    -649.40226034   843.306839  1445.778405
   28.100000    -654.83723669       5.29659842    -649.54063827   660.908529  1448.345152
   28.150000    -655.07207687       5.70855939    -649.36351748   712.312940  1450.911789
   28.200000    -654.93259379       4.77432788    -650.15826591   595.739712  1453.497794
   28.250000    -655.00727273       4.28575178    -650.72152095   534.775280  1456.061972
   28.300000    -655.83100484       4.81631196    -651.01469288   600.978478  1458.623389
   28.350000    -655.99654565       5.33879308    -650.65775257   666.173571  1461.183177
   28.400000    -654.94319796       4.67027924    -650.27291872   582.756543  1463.747228
   28.450000    -654.94391306       5.04310667    -649.90080638   629.277878  1466.319394
   28.500000    -655.36384633       6.93630572    -648.42754060   865.510890  1468.882088
   28.550000    -653.97813360       6.46368151    -647.51445209   806.536931  1471.457240
   28.600000    -654.09591445       5.74396408    -648.35195037   716.730730  1474.021813
   28.650000    -653.96335028       5.92813830    -648.03521197   739.711954  1476.596611
   28.700000    -653.86885909       5.68149074    -648.18736835   708.935319  1479.166353
   28.750000    -654.52795221       5.05518085    -649.47277136   630.784492  1481.737030
   28.800000    -653.99102248       5.35019394    -648.64082854   667.596168  1484.316463
   28.850000    -654.40501461       5.70795849    -648.69705611   712.237960  1486.883287
   28.900000    -654.94104933       6.85084600    -648.09020333   854.847243  1489.442598
   28.950000    -654.31822809       5.14485810    -649.17336999   641.974401  1492.002044
   29.000000    -654.24471982       4.55472961    -649.68999021   568.338282  1494.562006
   29.050000    -655.67332654       5.90850363    -649.76482291   737.261943  1497.124004
   29.100000    -655.34949071       5.59363300    -649.75585772   697.972446  1499.680945
   29.150000    -655.07806977       5.40365786    -649.67441191   674.267386  1502.235346
   29.200000    -654.97709748       5.20704387    -649.77005361   649.733930  1504.791111
   29.250000    -655.34337208       5.54135852    -649.80201356   691.449647  1507.380633
   29.300000    -655.90849538       5.85413941    -650.05435597   730.478387  1509.941634
   29.350000    -655.57326357       5.03379360    -650.53946997   628.115795  1512.499548
   29.400000    -656.06550996       5.84832637    -650.21718359   729.753036  1515.077534
   29.450000    -655.72449419       5.18786650    -650.53662770   647.340981  1517.643981
   29.500000    -655.96580066       5.89710801    -650.06869265   735.840000  1520.200987
   29.550000    -654.76254564       5.28842003    -649.47412561   659.888031  1522.759159
   29.600000    -655.18072816       5.33596974    -649.84475842   665.821275  1525.319599
   29.650000    -655.62130569       6.26242855    -649.35887714   781.424627  1527.876200
   29.700000    -654.95719791       4.78877079    -650.16842712   597.541895  1530.434527
   29.750000    -656.06751662       5.86677297    -650.20074365   732.054800  1532.992630
   29.800000    -656.05828978       5.72652978    -650.33176000   714.555281  1535.555072
   29.850000    -655.73881946       5.32236182    -650.41645764   664.123282  1538.110505
   29.900000    -655.37772556       5.77481440    -649.60291116   720.580227  1540.668440
   29.950000    -654.66310371       5.36577738    -649.29732632   669.540667  1543.224383
   30.000000    -655.97500392       6.64377867    -649.33122525   829.009421  1545.799152
   30.050000    -655.39931500       5.17597622    -650.22333879   645.857314  1548.366614
   30.100000    -655.27585699       5.79387739    -649.48197960   722.958903  1550.926010
   30.150000    -655.25821548       5.65282538    -649.60539010   705.358460  1553.484446
   30.200000    -655.78323016       5.83406035    -649.94916981   727.972925  1556.040541
   30.250000    -655.24713368       5.65366706    -649.59346662   705.463485  1558.597248
   30.300000    -654.67171207       5.07152129    -649.60019078   632.823449  1561.157478
   30.350000    -656.02411892       5.17553616    -650.84858276   645.802403  1563.717284
   30.400000    -655.83993247       5.10482347    -650.73510900   636.978888  1566.274017
   30.450000    -656.05569573       5.63325571    -650.42244003   702.916560  1568.830288
   30.500000    -656.63689315       5.63961281    -650.99728034   703.709799  1571.383292
   30.550000    -656.09202403       5.09725627    -650.99476776   636.034654  1573.936341
   30.600000    -655.92170777       5.13487579    -650.78683198   640.728810  1576.519989
   30.650000    -655.70251614       5.41676904    -650.28574710   675.903396  1579.143730
   30.700000    -654.98460010       5.14118398    -649.84341612   641.515945  1581.771974
   30.750000    -655.25763940       4.80970941    -650.44792999   600.154613  1584.401242
   30.800000    -655.37278615       5.28744054    -650.08534561   659.765810  1587.034371
   30.850000    -655.76864337       5.98181378    -649.78682960   746.409569  1589.663410
   30.900000    -655.44984590       5.06044247    -650.38940344   631.441035  1592.287195
   30.950000    -655.16134104       5.25681555    -649.90452549   655.944430  1594.909528
   31.000000    -655.18867109       6.16420538    -649.02446571   769.168358  1597.510535
   31.050000    -655.20211420       6.11704739    -649.08506681   763.283993  1600.097425
   31.100000    -655.85703909       7.02993298    -648.82710612   877.193681  1602.712887
   31.150000    -654.68572998       5.49878630    -649.18694368   686.137494  1605.317163
   31.200000    -654.10682725       5.22977180    -648.87705545   652.569917  1607.901438
   31.250000    -653.93055733       5.46950298    -648.46105435   682.483527  1610.487545
   31.300000    -653.31095046       5.27167095    -648.03927951   657.798084  1613.076830
   31.350000    -652.77705603       5.01016717    -647.76688886   625.167693  1615.705900
   31.400000    -654.20186115       6.13960542    -648.06225573   766.098780  1618.332376
   31.450000    -654.80870781       6.25575291    -648.55295490   780.591641  1620.963128
   31.500000    -654.47013410       6.68451511    -647.78561899   834.092506  1623.592355
   31.550000    -654.98995901       6.64716169    -648.34279732   829.431553  1626.219478
   31.600000    -655.71776267       7.43870429    -648.27905838   928.200086  1628.854030
   31.650000    -655.01167537       6.43910495    -648.57257042   803.470273  1631.495194
   31.700000    -654.59423482       5.83893396    -648.75530086   728.581053  1634.098282
   31.750000    -655.18142027       5.63492888    -649.54649139   703.125339  1636.712541
   31.800000    -655.86150407       6.73291917    -649.12858490   840.132355  1639.318060
   31.850000    -656.36293852       7.52913189    -648.83380663   939.483625  1641.918180
   31.900000    -654.72198613       5.66039853    -649.06158760   706.303436  1644.522777
   31.950000    -655.97232437       6.80627794    -649.16604643   849.286048  1647.125463
   32.000000    -655.07618783       5.80451985    -649.27166798   724.286867  1649.731647
   32.050000    -655.49654727       5.51110415    -649.98544312   687.674513  1652.327281
   32.100000    -655.29147731       5.53950421    -649.75197310   691.218267  1654.928604
   32.150000    -655.95137295       5.67039030    -650.28098265   707.550208  1657.527488
   32.200000    -656.52919358       5.24051111    -651.28868247   653.909965  1660.127832
   32.250000    -656.47176814       5.68963063    -650.78213752   709.951012  1662.720131
   32.300000    -657.16708212       5.99767012    -651.16941200   748.388120  1665.311598
   32.350000    -656.34688483       5.39416001    -650.95272482   673.082246  1667.884172
   32.400000    -655.74608213       5.20887149    -650.53721063   649.961980  1670.452387
   32.450000    -655.98025466       5.55137260    -650.42888206   692.699202  1673.079545
   32.500000    -655.81960707       5.95722593    -649.86238114   743.341503  1675.699607
   32.550000    -655.61278360       5.21226188    -650.40052172   650.385032  1678.323505
   32.600000    -656.44345129       6.93098458    -649.51246671   864.846919  1680.943877
   32.650000    -655.78044590       4.91897339    -650.86147251   613.788551  1683.566057
   32.700000    -655.79000049       5.52530989    -650.26469060   689.447102  1686.189629
   32.750000    -655.89266085       6.36063303    -649.53202782   793.678563  1688.811275
   32.800000    -655.25880239       6.27602910    -648.98277329   783.121701  1691.431788
   32.850000    -654.91311649       6.02832515    -648.88479134   752.213249  1694.053457
   32.900000    -654.83028735       5.65521818    -649.17506917   705.657034  1696.675539
   32.950000    -655.72797682       6.50135123    -649.22662560   811.237352  1699.294058
   33.000000    -655.56553536       6.25531500    -649.31022036   780.536999  1701.914695
   33.050000    -656.04492069       6.08589885    -649.95902183   759.397285  1704.536628
   33.100000    -654.87897948       5.05915327    -649.81982620   631.280169  1707.150071
   33.150000    -655.25967300       6.01619228    -649.24348073   750.699312  1709.748129
   33.200000    -655.26216768       5.81729534    -649.44487234   725.880991  1712.324568
   33.250000    -655.63773745       5.86923994    -649.76849751   732.362627  1714.945601
   33.300000    -655.66526759       6.78300597    -648.88226163   846.382176  1717.577236
   33.350000    -654.61654388       5.62164563    -648.99489825   701.467858  1720.210413
   33.400000    -656.05272244       6.62445966    -649.42826277   826.598799  1722.838851
   33.450000    -655.85434578       6.90678265    -648.94756312   861.827007  1725.471406
   33.500000    -655.29272007       5.68125124    -649.61146883   708.905434  1728.107764
   33.550000    -655.33504610       4.87232264    -650.46272346   607.967479  1730.741976
   33.600000    -655.68079213       5.46536109    -650.21543105   681.966702  1733.393889
   33.650000    -655.57636163       6.20236300    -649.37399863   773.929659  1736.036684
   33.700000    -654.87085935       5.36233432    -649.50852503   669.111043  1738.693852
   33.750000    -656.04190009       6.41383584    -649.62806425   800.317199  1741.306404
   33.800000    -655.14228508       6.16347219    -648.97881288   769.076871  1743.915966
   33.850000    -654.79285147       5.33734936    -649.45550211   665.993423  1746.530782
   33.900000    -655.08550752       5.23413329    -649.85137423   653.114142  1749.110613
   33.950000    -655.73990414       5.87071852    -649.86918562   732.547125  1751.710998
   34.000000    -656.38276594       6.92906403    -649.45370191   864.607273  1754.346802
   34.050000    -654.95085858       5.57384153    -649.37701705   695.502871  1756.990244
   34.100000    -655.54649061       6.20213566    -649.34435494   773.901292  1759.622163
   34.150000    -655.77474516       5.31864439    -650.45610077   663.659421  1762.253796
   34.200000    -655.26765782       5.43171420    -649.83594362   677.768250  1764.890243
   34.250000    -655.17460147       5.30950154    -649.86509992   662.518578  1767.521914
   34.300000    -655.37309503       5.99458919    -649.37850584   748.003682  1770.175543
   34.350000    -654.95903039       5.63760710    -649.32142329   703.459526  1772.838584
   34.400000    -654.77332905       5.88697537    -648.88635367   734.575651  1775.493727
   34.450000    -654.43056653       5.38256444    -649.04800209   671.635352  1778.143546
   34.500000    -654.63913027       6.27547033    -648.36365993   783.051978  1780.780804
   34.550000    -654.81113280       6.63400316    -648.17712964   827.789634  1783.421522
   34.600000    -654.74858164       6.47519457    -648.27338707   807.973530  1786.054450
   34.650000    -654.09402750       6.09912466    -647.99490285   761.047598  1788.687142
   34.700000    -655.60925069       6.41247071    -649.19677998   800.146858  1791.308786
   34.750000    -655.93276325       6.31343225    -649.61933101   787.788858  1793.924178
   34.800000    -655.56435345       5.90430604    -649.66004741   736.738169  1796.533093
   34.850000    -653.86053664       4.50678807    -649.35374858   562.356145  1799.142367
   34.900000    -655.96345441       6.78916067    -649.17429373   847.150159  1801.743090
   34.950000    -655.04072223       6.00669749    -649.03402474   749.514554  1804.341705
   35.000000    -655.09534453       5.44416779    -649.65117675   679.322206  1806.965345
   35.050000    -655.23183740       5.59735622    -649.63448117   698.437030  1809.565497
   35.100000    -655.64640849       5.52452401    -650.12188447   689.349041  1812.162360
   35.150000    -655.74908632       5.60445964    -650.14462668   699.323393  1814.776840
   35.200000    -656.27948080       6.50184482    -649.77763598   811.298942  1817.386099
   35.250000    -655.87856624       5.94010623    -649.93846001   741.205309  1819.997909
   35.300000    -654.69938157       5.43427546    -649.26510610   678.087844  1822.608954
   35.350000    -654.63385803       5.72775028    -648.90610775   714.707575  1825.217578
   35.400000    -656.01816448       7.35315024    -648.66501424   917.524669  1827.818715
   35.450000    -654.47638386       6.30559764    -648.17078622   786.811257  1830.416327
   35.500000    -655.42843307       6.46610071    -648.96233236   806.838799  1833.014809
   35.550000    -655.29485986       6.49725709    -648.79760277   810.726486  1835.591444
   35.600000    -653.66716309       4.70958236    -648.95758073   587.660779  1838.159284
   35.650000    -655.05778423       5.51024828    -649.54753595   687.567718  1840.722975
   35.700000    -654.82064552       5.86839849    -648.95224703   732.257632  1843.285643
   35.750000    -655.48068758       6.10395665    -649.37673093   761.650534  1845.842689
   35.800000    -655.75168550       6.35016250    -649.40152300   792.372051  1848.417899
   35.850000    -655.88240940       5.91891354    -649.96349586   738.560890  1851.049153
   35.900000    -655.92453155       5.97898187    -649.94554968   746.056205  1853.695081
   35.950000    -655.62577798       5.56440773    -650.06137025   694.325723  1856.318607
   36.000000    -655.40501556       5.75693177    -649.64808379   718.348836  1858.950807
   36.050000    -655.66285883       6.41883172    -649.24402710   800.940584  1861.591059
   36.100000    -654.52791484       5.11141084    -649.41650400   637.800858  1864.242462
   36.150000    -656.09436790       6.54764600    -649.54672190   817.014005  1866.875740
   36.200000    -655.03621898       5.83906549    -649.19715349   728.597466  1869.490728
   36.250000    -655.55288972       4.96103391    -650.59185580   619.036855  1872.096919
   36.300000    -655.46980446       5.40262305    -650.06718141   674.138262  1874.701184
   36.350000    -655.93900771       5.55581019    -650.38319752   693.252924  1877.311474
   36.400000    -655.55762648       5.30756175    -650.25006473   662.276532  1879.914245
   36.450000    -655.59984391       5.55193016    -650.04791375   692.768775  1882.520185
   36.500000    -656.13570648       6.22290522    -649.91280126   776.492914  1885.125576
   36.550000    -655.19411645       4.83913949    -650.35497695   603.826892  1887.728515
   36.600000    -655.45805092       5.88459117    -649.57345975   734.278151  1890.335788
   36.650000    -655.31643925       5.18524200    -650.13119725   647.013496  1892.937163
   36.700000    -655.45450634       5.03336271    -650.42114363   628.062028  1895.546882
   36.750000    -656.99535475       6.41078226    -650.58457248   799.936174  1898.151454
   36.800000    -656.60188723       5.54463371    -651.05725352   691.858325  1900.761413
   36.850000    -656.13642698       5.16122640    -650.97520058   644.016834  1903.415880
   36.900000    -656.02822334       5.15547223    -650.87275111   643.298830  1906.082071
   36.950000    -655.76477087       5.15346210    -650.61130877   643.048006  1908.706012
   37.000000    -656.77462715       5.49433612    -651.28029103   685.582201  1911.346658
   37.050000    -656.32848267       4.65022767    -651.67825501   580.254511  1913.978947
   37.100000    -656.68445397       5.43374068    -651.25071329   678.021114  1916.616564
   37.150000    -656.47370393       5.69340520    -650.78029874   710.422002  1919.228530
   37.200000    -656.37294241       4.48493634    -651.88800607   559.629492  1921.836050
   37.250000    -656.51340004       5.14986872    -651.36353132   642.599626  1924.447391
   37.300000    -655.68454290       4.60125226    -651.08329064   574.143369  1927.047744
   37.350000    -656.92973009       6.37466205    -650.55506803   795.429101  1929.623518
   37.400000    -655.94454595       5.14643855    -650.79810740   642.171610  1932.210234
   37.450000    -655.65148303       5.17955731    -650.47192573   646.304162  1934.793268
   37.500000    -656.32381994       6.33304999    -649.99076995   790.236756  1937.382144
   37.550000    -655.20108567       5.05961192    -650.14147375   631.337399  1939.964306
   37.600000    -656.39277683       6.36189599    -650.03088084   793.836154  1942.556079
   37.650000    -655.24283266       5.19671131    -650.04612135   648.444634  1945.146689
   37.700000    -655.99570388       6.22612871    -649.76957517   776.895140  1947.735143
   37.750000    -655.44640633       5.82694932    -649.61945701   727.085612  1950.318246
   37.800000    -655.18295462       5.49115857    -649.69179606   685.185707  1952.899667
   37.850000    -654.61632981       5.68034418    -648.93598563   708.792252  1955.490715
   37.900000    -654.83874110       5.87509191    -648.96364919   733.092836  1958.070579
   37.950000    -655.59279411       6.82907602    -648.76371809   852.130788  1960.657604
   38.000000    -655.83430265       6.09076704    -649.74353561   760.004737  1963.235262
   38.050000    -655.05876129       5.59052309    -649.46823820   697.584393  1965.821950
   38.100000    -655.19207397       5.49467636    -649.69739761   685.624656  1968.409407
   38.150000    -655.13094271       5.76615779    -649.36478491   719.500057  1970.996946
   38.200000    -655.35801947       5.53972065    -649.81829882   691.245275  1973.588136
   38.250000    -655.04559962       5.65505534    -649.39054428   705.636714  1976.183627
   38.300000    -655.32171218       5.61420347    -649.70750871   700.539226  1978.781657
   38.350000    -655.59998602       5.44551420    -650.15447182   679.490211  1981.362671
   38.400000    -655.69573940       5.81969011    -649.87604929   726.179809  1983.934557
   38.450000    -655.58210126       5.94462357    -649.63747769   741.768982  1986.506996
   38.500000    -655.13170083       5.52554918    -649.60615165   689.476961  1989.079331
   38.550000    -655.04456778       5.37386114    -649.67070664   670.549357  1991.649619
   38.600000    -654.55147687       5.87179161    -648.67968526   732.681024  1994.218614
   38.650000    -655.18879024       6.56762235    -648.62116789   819.506650  1996.854011
   38.700000    -655.67035714       6.66076227    -649.00959486   831.128632  1999.500610
   38.750000    -655.47222881       6.41224140    -649.05998741   800.118245  2002.143561
   38.800000    -655.18203808       5.54840714    -649.63363095   692.329172  2004.774647
   38.850000    -656.07593438       5.85703648    -650.21889790   730.839882  2007.414948
   38.900000    -656.35648472       5.89124570    -650.46523903   735.108502  2010.050356
   38.950000    -656.10482933       5.68365976    -650.42116957   709.205968  2012.684540
   39.000000    -655.52891042       5.83131270    -649.69759772   727.630073  2015.279730
   39.050000    -655.04357234       5.22478714    -649.81878521   651.947931  2017.872586
   39.100000    -656.10284310       5.92730444    -650.17553866   739.607905  2020.465283
   39.150000    -654.21383817       4.26820969    -649.94562848   532.586382  2023.054494
   39.200000    -655.72413037       5.70130548    -650.02282489   711.407798  2025.648451
   39.250000    -654.89135416       4.50692876    -650.38442540   562.373702  2028.241977
   39.300000    -656.57271253       6.25624423    -650.31646830   780.652948  2030.836296
   39.350000    -656.18622405       5.41913868    -650.76708537   676.199079  2033.431152
   39.400000    -656.81441695       5.80227656    -651.01214039   724.006950  2036.025023
   39.450000    -655.85709402       5.01863568    -650.83845835   626.224392  2038.620624
   39.500000    -656.02374743       5.27095005    -650.75279738   657.708131  2041.217800
   39.550000    -655.91170900       5.65350077    -650.25820823   705.442736  2043.813381
   39.600000    -655.62434144       6.24420379    -649.38013765   779.150544  2046.407724
   39.650000    -655.84572501       6.31370105    -649.53202397   787.822399  2049.044981
   39.700000    -655.39415056       5.08575051    -650.30840005   634.598968  2051.696613
   39.750000    -656.18509929       5.43657545    -650.74852385   678.374836  2054.323638
   39.800000    -656.35784848       5.51629250    -650.84155599   688.321913  2056.974103
   39.850000    -656.74493155       5.60432344    -651.14060810   699.306398  2059.608497
   39.900000    -656.94198837       5.63016320    -651.31182517   702.530678  2062.257180
   39.950000    -656.04210791       5.27960085    -650.76250705   658.787576  2064.893358
   40.000000    -655.86796925       5.56641910    -650.30155015   694.576702  2067.504607
   40.050000    -655.06593958       5.08593705    -649.98000253   634.622244  2070.117359
   40.100000    -656.23843785       6.12990639    -650.10853146   764.888536  2072.720578
   40.150000    -655.67050889       5.56271181    -650.10779708   694.114106  2075.323491
   40.200000    -655.59136536       5.51595446    -650.07541090   688.279733  2077.905296
   40.250000    -655.78582015       5.20190137    -650.58391877   649.092250  2080.481534
   40.300000    -655.85243021       5.67766538    -650.17476483   708.457991  2083.058982
   40.350000    -655.39682092       4.88422842    -650.51259251   609.453080  2085.640688
   40.400000    -656.26042888       5.09881422    -651.16161466   636.229055  2088.228066
   40.450000    -656.29380677       5.30187313    -650.99193363   661.566707  2090.809237
   40.500000    -655.73823698       5.40449964    -650.33373734   674.372423  2093.394528
   40.550000    -655.23177071       5.25488101    -649.97688970   655.703039  2095.978197
   40.600000    -655.35198917       5.95394536    -649.39804381   742.932153  2098.562486
   40.650000    -654.50373101       5.60496553    -648.89876548   699.386518  2101.157533
   40.700000    -654.70935034       5.07487400    -649.63447635   633.241798  2103.745584
   40.750000    -655.77589069       5.76245676    -650.01343393   719.038243  2106.330464
   40.800000    -655.38889067       5.31055823    -650.07833243   662.650432  2108.926550
   40.850000    -655.59161612       5.62315901    -649.96845711   701.656696  2111.512656
   40.900000    -655.85656590       5.61550279    -650.24106311   700.701355  2114.098478
   40.950000    -655.28133020       5.28447853    -649.99685167   659.396212  2116.680069
   41.000000    -655.19753367       4.46120405    -650.73632962   556.668180  2119.267271
   41.050000    -655.55627111       5.43804791    -650.11822320   678.558569  2121.849671
   41.100000    -654.57624864       5.53529877    -649.04094987   690.693513  2124.430999
   41.150000    -654.74380708       5.94284532    -648.80096176   741.547093  2127.025272
   41.200000    -654.56473014       5.77417233    -648.79055781   720.500110  2129.598549
   41.250000    -654.65216978       5.82245823    -648.82971155   726.525215  2132.161113
   41.300000    -655.13900409       6.36364072    -648.77536338   794.053861  2134.725845
   41.350000    -655.99669800       6.86409285    -649.13260515   856.500182  2137.291846
   41.400000    -654.85234450       5.77172422    -649.08062029   720.194634  2139.854060
   41.450000    -655.28372402       5.32713065    -649.95659338   664.718334  2142.429811
   41.500000    -655.78690113       6.84645487    -648.94044626   854.299318  2145.070707
   41.550000    -654.40905533       5.00774046    -649.40131486   624.864889  2147.719050
   41.600000    -655.44162879       5.48008398    -649.96154480   683.803822  2150.343239
   41.650000    -655.15879845       5.76372848    -649.39506997   719.196928  2152.981036
   41.700000    -654.84576186       5.52960797    -649.31615389   689.983416  2155.621040
   41.750000    -655.45246920       5.37053782    -650.08193138   670.134673  2158.254402
   41.800000    -655.20153699       5.18757638    -650.01396061   647.304780  2160.870473
   41.850000    -655.88800630       5.94279941    -649.94520689   741.541364  2163.462540
   41.900000    -655.46930357       5.45882581    -650.01047777   681.151231  2166.062847
   41.950000    -655.33854620       5.33466152    -650.00388468   665.658035  2168.657430
   42.000000    -655.03804184       5.57172555    -649.46631630   695.238839  2171.255629
   42.050000    -655.27929078       6.18093758    -649.09835320   771.256199  2173.853612
   42.100000    -655.25738920       5.90997293    -649.34741627   737.445282  2176.461905
   42.150000    -655.04373465       6.16683515    -648.87689950   769.496500  2179.053477
   42.200000    -654.59185762       6.21681488    -648.37504274   775.732961  2181.658800
   42.250000    -654.59577669       6.34302917    -648.25274752   791.481956  2184.255133
   42.300000    -654.57406324       6.22132806    -648.35273518   776.296116  2186.859778
   42.350000    -654.26903686       5.56808949    -648.70094737   694.785133  2189.468880
   42.400000    -655.29580259       5.86514807    -649.43065452   731.852044  2192.072827
   42.450000    -655.26667783       5.80911175    -649.45756608   724.859844  2194.684659
   42.500000    -655.67016846       5.74812671    -649.92204174   717.250143  2197.323608
   42.550000    -655.25780130       4.60417183    -650.65362948   574.507673  2199.988907
   42.600000    -655.48079736       5.39583259    -650.08496477   673.290950  2202.624533
   42.650000    -655.96598318       6.24516340    -649.72081978   779.270285  2205.285202
   42.700000    -654.57845671       5.53124856    -649.04720815   690.188128  2207.935763
   42.750000    -653.69262621       5.11848734    -648.57413887   638.683863  2210.580587
   42.800000    -655.10896936       6.32229422    -648.78667514   788.894653  2213.204113
   42.850000    -654.61342983       5.67675519    -648.93667463   708.344418  2215.822200
   42.900000    -655.09605125       6.36071248    -648.73533877   793.688477  2218.425145
   42.950000    -654.70601530       5.73157820    -648.97443710   715.185223  2221.028638
   43.000000    -654.58543696       5.81967803    -648.76575893   726.178302  2223.620757
   43.050000    -653.61690259       4.80016839    -648.81673420   598.964086  2226.209009
   43.100000    -655.46785498       7.08589708    -648.38195790   884.176871  2228.790652
   43.150000    -654.58944743       5.92159017    -648.66785726   738.894879  2231.372802
   43.200000    -654.29373141       5.34080171    -648.95292970   666.424208  2233.941595
   43.250000    -654.88279223       5.97405368    -648.90873855   745.441266  2236.519365
   43.300000    -654.79359094       5.47810534    -649.31548560   683.556927  2239.092688
   43.350000    -654.88571294       5.24117213    -649.64454081   653.992448  2241.664596
   43.400000    -654.76935207       4.92482326    -649.84452881   614.518497  2244.235315
   43.450000    -655.28465542       6.15467224    -649.12998318   767.978815  2246.803673
   43.500000    -654.23069681       6.04700083    -648.18369598   754.543597  2249.376481
   43.550000    -653.74821865       6.79539657    -646.95282208   847.928273  2251.947735
   43.600000    -653.54730344       6.48293257    -647.06437087   808.939076  2254.524000
   43.650000    -654.77554943       5.80056994    -648.97497949   723.793998  2257.103068
   43.700000    -655.02759491       5.56447192    -649.46312299   694.333733  2259.675990
   43.750000    -654.37390384       6.16112411    -648.21277974   768.783877  2262.251352
   43.800000    -653.88347728       5.92734233    -647.95613495   739.612633  2264.822486
   43.850000    -654.48086090       5.86476447    -648.61609643   731.804179  2267.399455
   43.900000    -654.58007406       5.61494265    -648.96513142   700.631460  2269.981433
   43.950000    -654.68409837       5.97913815    -648.70496022   746.075705  2272.559130
   44.000000    -655.02754641       6.28750012    -648.74004630   784.553052  2275.134892
   44.050000    -654.25146163       5.91785078    -648.33361085   738.428279  2277.697828
   44.100000    -653.75802740       5.44524552    -648.31278188   679.456686  2280.255281
   44.150000    -654.34766205       5.30125484    -649.04640721   661.489556  2282.809858
   44.200000    -654.39301036       5.52688011    -648.86613025   689.643034  2285.363764
   44.250000    -654.34587698       6.51202955    -647.83384744   812.569791  2287.915212
   44.300000    -654.39707771       5.77018341    -648.62689430   720.002373  2290.470793
   44.350000    -654.86585435       5.40176008    -649.46409428   674.030580  2293.099315
   44.400000    -654.57328105       5.36741793    -649.20586312   669.745374  2295.727808
   44.450000    -654.19864344       5.79052691    -648.40811653   722.540830  2298.354708
   44.500000    -654.77144805       6.33715777    -648.43429028   790.749324  2300.983315
   44.550000    -654.62980858       5.48527197    -649.14453661   684.451178  2303.608575
   44.600000    -654.41625780       5.37979683    -649.03646097   671.290011  2306.243373
   44.650000    -654.31321690       5.22759462    -649.08562228   652.298249  2308.882633
   44.700000    -654.31750659       5.33456869    -648.98293790   665.646452  2311.475907
   44.750000    -654.76810528       4.83020199    -649.93790330   602.711672  2314.072898
   44.800000    -654.20640796       4.58374826    -649.62265969   571.959224  2316.662241
   44.850000    -655.01904970       5.28127237    -649.73777732   658.996148  2319.252708
   44.900000    -655.40387145       5.17233975    -650.23153171   645.403556  2321.848205
   44.950000    -655.33383400       5.27281137    -650.06102263   657.940385  2324.445025
   45.000000    -655.31863614       5.97305316    -649.34558299   745.316421  2327.039465
   45.050000    -655.22720994       5.56338261    -649.66382734   694.197809  2329.632877
   45.100000    -654.13126018       4.57030767    -649.56095251   570.282109  2332.228171
   45.150000    -654.40225842       5.18063376    -649.22162465   646.438482  2334.823443
   45.200000    -653.97508766       5.28689057    -648.68819709   659.697185  2337.423939
   45.250000    -654.60680506       6.06674733    -648.54005773   757.007562  2340.022380
   45.300000    -654.28246954       5.40756872    -648.87490083   674.755381  2342.606853
   45.350000    -655.04364462       6.28800806    -648.75563657   784.616433  2345.230984
   45.400000    -654.77017153       5.51249786    -649.25767367   687.848420  2347.855145
   45.450000    -655.13677430       5.59343639    -649.54333792   697.947913  2350.481628
   45.500000    -655.09821367       4.85770908    -650.24050459   606.144002  2353.115252
   45.550000    -655.30845196       6.02920518    -649.27924678   752.323059  2355.748795
   45.600000    -653.89883829       5.04930292    -648.84953537   630.051045  2358.381320
   45.650000    -655.03739509       5.23487021    -649.80252488   653.206095  2361.017308
   45.700000    -655.53413496       4.49505474    -651.03908023   560.892063  2363.616383
   45.750000    -655.10351546       5.11413586    -649.98937960   638.140886  2366.218012
   45.800000    -655.88662580       6.00827830    -649.87834750   749.711808  2368.813826
   45.850000    -655.39259871       5.01172319    -650.38087553   625.361852  2371.391387
   45.900000    -655.62424140       5.29832493    -650.32591646   661.123963  2373.970676
   45.950000    -655.91109281       5.76368454    -650.14740826   719.191445  2376.546767
   46.000000    -655.26873091       5.50383425    -649.76489666   686.767376  2379.121569
   46.050000    -654.89669511       4.75073560    -650.14595951   592.795872  2381.694481
   46.100000    -655.14307340       5.01338996    -650.12968344   625.569833  2384.270236
   46.150000    -655.68738714       5.60174718    -650.08563996   698.984933  2386.843944
   46.200000    -654.40544482       5.10861198    -649.29683283   637.451618  2389.422469
   46.250000    -654.83087000       5.93259128    -648.89827872   740.267596  2391.999769
   46.300000    -654.44344841       5.71152908    -648.73191933   712.683497  2394.576000
   46.350000    -654.71867055       5.97677080    -648.74189976   745.780307  2397.145016
   46.400000    -654.03853914       6.07195567    -647.96658347   757.657457  2399.711788
   46.450000    -654.06461629       6.03338620    -648.03123009   752.844766  2402.281289
   46.500000    -654.24725348       5.83035126    -648.41690222   727.510106  2404.854182
   46.550000    -653.62643327       4.96628399    -648.66014929   619.691958  2407.473894
   46.600000    -654.87621966       5.56558331    -649.31063635   694.472411  2410.043768
   46.650000    -654.08043898       5.14533279    -648.93510619   642.033632  2412.617849
   46.700000    -654.78231629       6.18216680    -648.60014949   771.409581  2415.198169
   46.750000    -654.44408278       5.41546921    -649.02861356   675.741204  2417.774225
   46.800000    -655.28559912       6.22844461    -649.05715451   777.184117  2420.351680
   46.850000    -655.93618502       6.14230493    -649.79388009   766.435624  2422.926109
   46.900000    -655.04522880       4.81907219    -650.22615661   601.322899  2425.490214
   46.950000    -654.51950413       4.83737035    -649.68213378   603.606139  2428.043190
   47.000000    -654.73151799       5.59296623    -649.13855176   697.889248  2430.603004
   47.050000    -654.82485286       4.90876536    -649.91608750   612.514795  2433.158485
   47.100000    -656.65434728       6.80355297    -649.85079431   848.946027  2435.712408
   47.150000    -654.92080894       4.88194903    -650.03885991   609.168658  2438.266473
   47.200000    -655.05885335       4.88592479    -650.17292856   609.664753  2440.885936
   47.250000    -655.67671265       5.38456895    -650.29214370   671.885475  2443.520858
   47.300000    -654.87281576       5.23312723    -649.63968854   652.988606  2446.151951
   47.350000    -653.84950195       5.10536500    -648.74413695   637.046460  2448.778389
   47.400000    -654.51684247       5.16414142    -649.35270105   644.380571  2451.410225
   47.450000    -655.05096851       5.44652027    -649.60444824   679.615749  2454.064602
   47.500000    -654.66409960       4.87769004    -649.78640956   608.637223  2456.729177
   47.550000    -654.15383969       4.05523848    -650.09860121   506.011875  2459.322022
   47.600000    -655.70577733       5.93804546    -649.76773187   740.948167  2461.919798
   47.650000    -654.74997651       4.78823456    -649.96174196   597.474984  2464.519273
   47.700000    -654.42773309       4.46382843    -649.96390466   556.995650  2467.114968
   47.750000    -655.34917894       6.15630920    -649.19286974   768.183074  2469.707983
   47.800000    -654.49042497       5.31240190    -649.17802307   662.880485  2472.302677
   47.850000    -655.11966934       5.03240865    -650.08726069   627.942980  2474.896114
   47.900000    -654.79579886       4.62022276    -650.17557610   576.510505  2477.491640
   47.950000    -655.66094333       6.38949670    -649.27144663   797.280165  2480.089573
   48.000000    -654.51639954       5.18105025    -649.33534930   646.490450  2482.689551
   48.050000    -656.08234958       6.27542574    -649.80692384   783.046414  2485.286275
   48.100000    -655.31467377       6.58431120    -648.73036257   821.589082  2487.878068
   48.150000    -654.04445230       5.40490769    -648.63954461   674.423339  2490.470280
   48.200000    -654.61427562       5.53789105    -649.07638457   691.016977  2493.100417
   48.250000    -654.39245640       5.69158102    -648.70087538   710.194382  2495.731781
   48.300000    -654.80262173       5.87791629    -648.92470544   733.445261  2498.369146
   48.350000    -653.91944742       5.36611894    -648.55332848   669.583286  2501.023836
   48.400000    -655.03751667       7.05348182    -647.98403485   880.132101  2503.673779
   48.450000    -654.39051323       5.90493657    -648.48557665   736.816846  2506.319663
   48.500000    -653.87175666       5.31884707    -648.55290960   663.684711  2508.975201
   48.550000    -654.47623450       5.78982773    -648.68640677   722.453587  2511.591198
   48.600000    -654.03201873       4.85520781    -649.17681092   605.831894  2514.205703
   48.650000    -654.77803503       6.08850692    -648.68952812   759.722719  2516.821146
   48.700000    -654.59373508       5.50612510    -649.08760998   687.053228  2519.428047
   48.750000    -654.57706842       4.80372134    -649.77334708   599.407422  2522.019102
   48.800000    -655.15159784       5.35706345    -649.79453439   668.453344  2524.612550
   48.850000    -654.99564229       5.49763518    -649.49800712   685.993857  2527.203313
   48.900000    -654.07136139       5.33503828    -648.73632311   665.705048  2529.794112
   48.950000    -654.37186515       5.03509908    -649.33676607   628.278692  2532.374821
   49.000000    -655.27795738       5.97296826    -649.30498912   745.305827  2534.962770
   49.050000    -654.95284790       6.35832661    -648.59452129   793.390767  2537.548533
   49.100000    -654.42541944       5.02275123    -649.40266821   626.737930  2540.135390
   49.150000    -654.95695671       5.23471699    -649.72223972   653.186976  2542.717668
   49.200000    -654.65634857       4.89998486    -649.75636371   611.419166  2545.299212
   49.250000    -653.82779123       4.43380342    -649.39398781   553.249135  2547.881894
   49.300000    -654.30285680       5.23365319    -649.06920360   653.054236  2550.461386
   49.350000    -654.95225576       5.83079047    -649.12146529   727.564911  2553.043964
   49.400000    -655.07115285       5.83151898    -649.23963387   727.655813  2555.628850
   49.450000    -655.17237326       5.95104017    -649.22133309   742.569645  2558.208674
   49.500000    -654.70347127       5.22169898    -649.48177228   651.562592  2560.789136
   49.550000    -655.36911936       5.21459591    -650.15452345   650.676272  2563.388879
   49.600000    -655.70612168       5.35303664    -650.35308503   667.950880  2565.973072
   49.650000    -655.24927917       4.80251870    -650.44676047   599.257357  2568.556475
   49.700000    -655.48446667       5.45251446    -650.03195221   680.363703  2571.138842
   49.750000    -655.12981402       4.60015462    -650.52965939   574.006407  2573.702303
   49.800000    -655.38164296       4.64199594    -650.73964702   579.227358  2576.263596
   49.850000    -655.39374016       4.98669454    -650.40704562   622.238783  2578.825857
   49.900000    -655.75579068       5.99165569    -649.76413499   747.637641  2581.387386
   49.950000    -655.25046433       5.40755441    -649.84290992   674.753596  2583.951216
   50.000000    -654.78256640       5.51706957    -649.26549683   688.418877  2586.534657
   50.050000    -655.36162330       6.05950979    -649.30211351   756.104463  2589.178658
   50.100000    -654.71861367       5.21726202    -649.50135165   651.008948  2591.828545
   50.150000    -654.25592713       5.23083183    -649.02509530   652.702187  2594.455364
   50.200000    -655.18858567       5.53730860    -649.65127707   690.944299  2597.097076
   50.250000    -654.86640986       5.22396391    -649.64244596   651.845208  2599.735611
   50.300000    -655.01102787       5.74706213    -649.26396574   717.117304  2602.374167
   50.350000    -654.25243625       5.41952204    -648.83291421   676.246914  2604.999096
   50.400000    -654.10741127       6.38206422    -647.72534704   796.352743  2607.599855
   50.450000    -653.98677078       6.05711502    -647.92965576   755.805643  2610.211174
   50.500000    -653.69250896       6.69371189    -646.99879707   835.240078  2612.811521
   50.550000    -653.74600628       6.29285515    -647.45315113   785.221251  2615.420941
   50.600000    -654.15954011       5.77992390    -648.37961622   721.217789  2618.026021
   50.650000    -654.62592163       7.04630751    -647.57961413   879.236891  2620.633536
   50.700000    -654.36674620       5.37406925    -648.99267695   670.575324  2623.240086
   50.750000    -654.70705765       6.11823531    -648.58882234   763.432222  2625.856053
   50.800000    -654.34372879       5.14981910    -649.19390969   642.593434  2628.460828
   50.850000    -654.66403470       5.85392811    -648.81010659   730.452020  2631.064928
   50.900000    -655.14888229       5.96916338    -649.17971891   744.831055  2633.672426
   50.950000    -654.71325739       5.10075995    -649.61249744   636.471842  2636.279809
   51.000000    -655.26422966       6.19022037    -649.07400929   772.414504  2638.895291
   51.050000    -655.39360556       5.96590650    -649.42769906   744.424662  2641.542581
   51.100000    -655.68137340       6.25047301    -649.43090038   779.932817  2644.201075
   51.150000    -656.12095884       5.97592067    -650.14503817   745.674228  2646.821698
   51.200000    -655.92365395       6.19111176    -649.73254218   772.525732  2649.467722
   51.250000    -655.04264548       4.69202035    -650.35062512   585.469395  2652.099959
   51.300000    -655.76265391       4.81766416    -650.94498975   601.147205  2654.729638
   51.350000    -656.57868282       5.80700910    -650.77167371   724.597475  2657.354482
   51.400000    -655.24745670       4.41796871    -650.82948799   551.273283  2659.964345
   51.450000    -656.13697678       5.48994295    -650.64703382   685.034023  2662.567608
   51.500000    -655.70866382       4.93156471    -650.77709911   615.359694  2665.164864
   51.550000    -655.72350754       4.87335872    -650.85014882   608.096761  2667.745572
   51.600000    -655.91462699       6.04748003    -649.86714696   754.603392  2670.324996
   51.650000    -656.05643359       4.72363276    -651.33280083   589.413985  2672.904204
   51.700000    -656.47567740       5.69937056    -650.77630683   711.166360  2675.488826
   51.750000    -656.74456353       5.22206683    -651.52249670   651.608491  2678.073402
   51.800000    -655.74044920       4.67800463    -651.06244457   583.720515  2680.657239
   51.850000    -656.02808478       4.94035174    -651.08773304   616.456137  2683.238881
   51.900000    -655.67950483       4.89503740    -650.78446743   610.801822  2685.821489
   51.950000    -656.43524426       5.49841956    -650.93682470   686.091732  2688.402128
   52.000000    -655.35912267       4.55790969    -650.80121297   568.735092  2690.984519
   52.050000    -654.65998283       4.86308981    -649.79689302   606.815409  2693.564586
   52.100000    -656.29790388       6.51488972    -649.78301416   812.926682  2696.145196
   52.150000    -654.84845975       4.72190198    -650.12655777   589.198018  2698.724768
   52.200000    -654.29830840       5.97853559    -648.31977281   746.000518  2701.300790
   52.250000    -653.65588794       5.16483488    -648.49105306   644.467100  2703.880438
   52.300000    -654.87808771       5.78690666    -649.09118105   722.089097  2706.478193
   52.350000    -655.20796422       6.58932355    -648.61864068   822.214521  2709.057909
   52.400000    -655.22454581       5.97056416    -649.25398165   745.005844  2711.638785
   52.450000    -654.91092165       5.65442655    -649.25649509   705.558255  2714.217235
   52.500000    -654.52173081       5.88730254    -648.63442827   734.616475  2716.807874
   52.550000    -654.22075845       5.31559022    -648.90516823   663.278322  2719.388888
   52.600000    -655.20531465       6.19163915    -649.01367549   772.591539  2721.949521
   52.650000    -654.83439641       5.98131029    -648.85308611   746.346745  2724.512066
   52.700000    -654.53137241       5.59033033    -648.94104209   697.560340  2727.077072
   52.750000    -655.01403466       5.70315611    -649.31087855   711.638719  2729.640530
   52.800000    -655.05025972       4.74782058    -650.30243914   592.432136  2732.200800
   52.850000    -654.93116817       4.83938884    -650.09177933   603.858006  2734.786084
   52.900000    -654.67040529       6.02144099    -648.64896430   751.354245  2737.429863
   52.950000    -654.35383106       5.46295579    -648.89087528   681.666569  2740.073963
   53.000000    -654.41479291       6.22689916    -648.18789375   776.991276  2742.698194
   53.050000    -654.19887384       6.07192898    -648.12694486   757.654127  2745.331311
   53.100000    -654.19056360       5.78088880    -648.40967479   721.338190  2747.956266
   53.150000    -654.34186116       6.33469931    -648.00716186   790.442558  2750.590674
   53.200000    -654.20179370       6.60065957    -647.60113413   823.629028  2753.220702
   53.250000    -654.38341427       6.54044663    -647.84296763   816.115669  2755.829365
   53.300000    -654.26966427       6.14884751    -648.12081676   767.252006  2758.436296
   53.350000    -654.26543567       5.58006684    -648.68536884   696.279664  2761.045830
   53.400000    -654.46059105       5.67417680    -648.78641425   708.022687  2763.660332
   53.450000    -655.26769036       5.93051766    -649.33717270   740.008850  2766.281730
   53.500000    -654.64996116       5.36044219    -649.28951897   668.874942  2768.903741
   53.550000    -655.03836595       5.35379990    -649.68456605   668.046119  2771.520666
   53.600000    -655.70542723       6.32522163    -649.38020560   789.259935  2774.137355
   53.650000    -654.72625946       5.06138627    -649.66487319   631.558802  2776.761880
   53.700000    -654.90107457       5.70904409    -649.19203049   712.373420  2779.370808
   53.750000    -654.74289524       5.31796802    -649.42492722   663.575024  2781.985592
   53.800000    -655.81577261       5.84510146    -649.97067116   729.350632  2784.607046
   53.850000    -655.31368364       5.43625574    -649.87742790   678.334942  2787.244322
   53.900000    -655.71533366       5.75454197    -649.96079169   718.050636  2789.907664
   53.950000    -655.14045846       5.94661016    -649.19384830   742.016869  2792.571498
   54.000000    -654.46742681       5.21362830    -649.25379851   650.555534  2795.217942
   54.050000    -654.87340364       5.63576902    -649.23763462   703.230171  2797.875439
   54.100000    -655.17039179       6.02408026    -649.14631153   751.683573  2800.516744
   54.150000    -654.82293052       6.44900628    -648.37392424   804.705760  2803.169149
   54.200000    -653.54269258       5.97680109    -647.56589149   745.784087  2805.787340
   54.250000    -653.79237987       6.67943512    -647.11294474   833.458626  2808.396576
   54.300000    -653.14049355       5.93913804    -647.20135551   741.084499  2811.012226
   54.350000    -654.14266522       6.83426486    -647.30840036   852.778251  2813.619479
   54.400000    -654.03506221       5.86118937    -648.17387284   731.358079  2816.206360
   54.450000    -654.74933030       4.88636053    -649.86296977   609.719124  2818.791057
   54.500000    -654.86407641       5.87607678    -648.98799963   733.215727  2821.374547
   54.550000    -655.08082715       5.67505032    -649.40577683   708.131684  2823.957720
   54.600000    -655.23695888       6.16698478    -649.06997410   769.515171  2826.549186
   54.650000    -655.43762828       5.42612161    -650.01150667   677.070408  2829.139618
   54.700000    -655.32502880       5.04218096    -650.28284784   629.162367  2831.721736
   54.750000    -654.78855850       4.65392190    -650.13463660   580.715478  2834.307333
   54.800000    -654.97367678       4.95052706    -650.02314972   617.725812  2836.895537
   54.850000    -655.72918344       5.09890657    -650.63027687   636.240578  2839.477091
   54.900000    -656.28171890       5.35620190    -650.92551700   668.345840  2842.070019
   54.950000    -655.79714771       4.70929409    -651.08785363   587.624808  2844.657027
   55.000000    -656.07815675       5.23271322    -650.84544353   652.936946  2847.243005
   55.050000    -654.73950195       4.94185030    -649.79765164   616.643128  2849.829290
   55.100000    -655.89314659       5.50439442    -650.38875217   686.837273  2852.410468
   55.150000    -655.00411155       4.82019010    -650.18392145   601.462391  2854.998639
   55.200000    -654.89308772       5.32051383    -649.57257388   663.892690  2857.580503
   55.250000    -655.31468060       6.88528125    -648.42939935   859.144066  2860.163566
   55.300000    -654.46309442       6.41838124    -648.04471318   800.884373  2862.747559
   55.350000    -653.79258750       6.28487689    -647.50771061   784.225726  2865.330580
   55.400000    -655.13483345       7.86758547    -647.26724798   981.715797  2867.909498
   55.450000    -653.94846756       6.13585858    -647.81260898   765.631250  2870.474713
   55.500000    -654.34299081       6.22582918    -648.11716162   776.857765  2873.040718
   55.550000    -654.83379383       5.45707616    -649.37671767   680.932911  2875.605553
   55.600000    -655.40948039       6.51342501    -648.89605538   812.743916  2878.167396
   55.650000    -655.86854516       5.77561020    -650.09293495   720.679527  2880.732960
   55.700000    -655.55924220       5.32832002    -650.23092218   664.866744  2883.364300
   55.750000    -655.34960972       5.47641188    -649.87319785   683.345617  2886.000336
   55.800000    -655.25778437       5.64635061    -649.61143376   704.550540  2888.644780
   55.850000    -655.47551918       5.96682423    -649.50869495   744.539177  2891.272410
   55.900000    -654.69739920       5.24224436    -649.45515484   654.126240  2893.918394
   55.950000    -655.10984920       4.96358981    -650.14625939   619.355779  2896.555297
   56.000000    -655.61445334       5.52817088    -650.08628247   689.804096  2899.247960
   56.050000    -654.84667977       5.39962090    -649.44705886   673.763655  2901.913150
   56.100000    -654.65636285       5.33110177    -649.32526107   665.213851  2904.574778
   56.150000    -655.04175211       5.37844761    -649.66330451   671.121655  2907.233518
   56.200000    -654.73486814       4.90603676    -649.82883138   612.174320  2909.891437
   56.250000    -655.32947354       5.80299199    -649.52648154   724.096221  2912.552766
   56.300000    -654.79798617       5.10638544    -649.69160074   637.173790  2915.194878
   56.350000    -655.13226119       4.96965175    -650.16260944   620.112187  2917.853600
   56.400000    -655.33553582       5.05013901    -650.28539681   630.155372  2920.507896
   56.450000    -655.27438055       5.58021771    -649.69416285   696.298489  2923.139753
   56.500000    -654.86937774       5.59610417    -649.27327356   698.280799  2925.743597
   56.550000    -655.60374667       5.04013846    -650.56360820   628.907505  2928.347413
   56.600000    -654.97251905       4.39969722    -650.57282183   548.993371  2930.947413
   56.650000    -656.21799003       6.08093822    -650.13705181   758.778298  2933.549379
   56.700000    -655.51938190       5.69231265    -649.82706925   710.285675  2936.188470
   56.750000    -655.26985651       5.35047620    -649.91938031   667.631388  2938.817737
   56.800000    -655.15105249       5.73588153    -649.41517096   715.722191  2941.441175
   56.850000    -654.98651173       5.47283460    -649.51367714   682.899245  2944.079842
   56.900000    -654.81695820       6.50662777    -648.31033043   811.895758  2946.724304
   56.950000    -654.68888142       6.19141602    -648.49746541   772.563696  2949.358130
   57.000000    -654.84941462       6.43050885    -648.41890577   802.397654  2951.988598
   57.050000    -654.96223425       6.29409580    -648.66813845   785.376060  2954.593033
   57.100000    -655.36711722       6.73923683    -648.62788039   840.920671  2957.195302
   57.150000    -654.59948889       6.10193216    -648.49755673   761.397918  2959.800788
   57.200000    -654.76620329       5.38819280    -649.37801050   672.337658  2962.398328
   57.250000    -654.72479482       6.50830940    -648.21648542   812.105591  2964.974782
   57.300000    -653.59334145       5.76368548    -647.82965597   719.191562  2967.557693
   57.350000    -654.11348551       6.63501373    -647.47847178   827.915733  2970.141500
   57.400000    -654.42901911       6.20663777    -648.22238133   774.463064  2972.728180
   57.450000    -655.27040192       6.16552586    -649.10487606   769.333128  2975.306097
   57.500000    -654.82104901       6.31115963    -648.50988938   787.505281  2977.888039
   57.550000    -654.77293349       6.02758812    -648.74534537   752.121283  2980.471553
   57.600000    -654.11090536       5.83677096    -648.27413440   728.311154  2983.055377
   57.650000    -655.16776304       6.16088499    -649.00687805   768.754041  2985.638290
   57.700000    -654.48964045       5.01763887    -649.47200158   626.100010  2988.215043
   57.750000    -655.24398526       4.73340649    -650.51057876   590.633549  2990.798316
   57.800000    -655.52681173       4.78758503    -650.73922670   597.393936  2993.380691
   57.850000    -655.70181143       5.30681231    -650.39499912   662.183016  2995.964208
   57.900000    -655.55597266       4.41029890    -651.14567376   550.316246  2998.553924
   57.950000    -656.72877449       5.87116518    -650.85760932   732.602858  3001.141529
   58.000000    -655.68169158       4.72557010    -650.95612148   589.655726  3003.720028
   58.050000    -655.87476536       4.85452071    -651.02024465   605.746158  3006.321988
   58.100000    -655.78388525       5.20980153    -650.57408373   650.078030  3008.908787
   58.150000    -656.41537885       5.50482960    -650.91054925   686.891576  3011.493220
   58.200000    -655.70755353       4.71500082    -650.99255272   588.336892  3014.073899
   58.250000    -656.82085023       5.06083481    -651.76001542   631.489992  3016.640704
   58.300000    -656.32571125       6.10124980    -650.22446144   761.312774  3019.217674
   58.350000    -655.29119002       5.99233134    -649.29885868   747.721949  3021.791964
   58.400000    -655.82165748       6.79506650    -649.02659098   847.887087  3024.355853
   58.450000    -654.58493167       4.95112342    -649.63380825   617.800225  3026.923347
   58.500000    -655.07732226       6.00477988    -649.07254238   749.275275  3029.510450
   58.550000    -655.15171201       5.09482642    -650.05688559   635.731458  3032.139973
   58.600000    -655.81087260       5.71154580    -650.09932680   712.685583  3034.797572
   58.650000    -654.58939576       5.10107814    -649.48831762   636.511547  3037.427601
   58.700000    -655.80842402       6.12094730    -649.68747673   763.770623  3040.070649
   58.750000    -655.54059164       5.23334711    -650.30724453   653.016042  3042.714736
   58.800000    -655.76479634       5.62144138    -650.14335495   701.442372  3045.351098
   58.850000    -655.52926870       5.66711171    -649.86215700   707.141105  3047.968006
   58.900000    -654.58715575       4.65755825    -649.92959750   581.169219  3050.572297
   58.950000    -655.21750354       5.79461192    -649.42289162   723.050557  3053.174940
   59.000000    -655.39596289       5.87624923    -649.51971366   733.237245  3055.777157
   59.050000    -655.30002541       5.06894240    -650.23108301   632.501655  3058.382639
   59.100000    -655.92707102       6.07831954    -649.84875148   758.451539  3060.987200
   59.150000    -654.95095050       5.16011181    -649.79083870   643.877756  3063.592281
   59.200000    -655.70146235       5.91139256    -649.79006979   737.622423  3066.197910
   59.250000    -655.60554749       5.52929452    -650.07625297   689.944303  3068.798113
   59.300000    -655.25587129       5.56620689    -649.68966439   694.550222  3071.405626
   59.350000    -655.16959372       5.80092917    -649.36866455   723.838823  3074.009341
   59.400000    -656.29480298       6.04891134    -650.24589164   754.781990  3076.617558
   59.450000    -655.68836795       5.49452716    -650.19384079   685.606040  3079.223506
   59.500000    -656.11551863       5.75625695    -650.35926168   718.264632  3081.837555
   59.550000    -656.11697827       5.82739467    -650.28958360   727.141183  3084.477659
   59.600000    -656.05433653       6.09344524    -649.96089129   760.338922  3087.122528
   59.650000    -654.75630248       5.35292423    -649.40337825   667.936853  3089.752765
   59.700000    -655.62227718       5.93801388    -649.68426331   740.944226  3092.399325
   59.750000    -655.39374671       6.35396765    -649.03977907   792.846857  3095.028923
   59.800000    -655.24643623       5.99668022    -649.24975602   748.264601  3097.666835
   59.850000    -655.21112244       5.85973556    -649.35138687   731.176673  3100.270905
   59.900000    -654.56705706       5.72659371    -648.84046335   714.563259  3102.877899
   59.950000    -654.62395070       5.80552847    -648.81842223   724.412722  3105.478972
   60.000000    -655.97209387       6.02779629    -649.94429758   752.147258  3108.077861
   60.050000    -655.46382154       5.95051798    -649.51330356   742.504486  3110.661855
   60.100000    -655.54397498       5.81911946    -649.72485553   726.108603  3113.243403
   60.150000    -655.82138709       5.91475808    -649.90662901   738.042373  3115.823608
   60.200000    -656.02203135       5.81612815    -650.20590320   725.735348  3118.404124
   60.250000    -655.14553341       5.24369285    -649.90184057   654.306982  3120.988536
   60.300000    -655.98994876       6.37328929    -649.61665948   795.257808  3123.572622
   60.350000    -655.43706505       5.41112405    -650.02594100   675.199015  3126.161041
   60.400000    -655.78397074       5.85257067    -649.93140007   730.282639  3128.747466
   60.450000    -654.78994020       5.05409725    -649.73584295   630.649280  3131.344779
   60.500000    -655.34509620       5.68784175    -649.65725445   709.727796  3133.937763
   60.550000    -655.38842679       6.15813564    -649.23029115   768.410977  3136.530225
   60.600000    -655.43644471       5.79549583    -649.64094888   723.160851  3139.124554
   60.650000    -656.43682348       6.60925749    -649.82756599   824.701874  3141.711573
   60.700000    -655.29757043       4.67071917    -650.62685126   582.811438  3144.312206
   60.750000    -656.25343124       4.38506042    -651.86837083   547.166993  3146.903071
   60.800000    -656.66610989       5.60182525    -651.06428464   698.994674  3149.490589
   60.850000    -656.10452950       4.76584924    -651.33868026   594.681749  3152.084920
   60.900000    -656.46847301       5.40065107    -651.06782194   673.892199  3154.668134
   60.950000    -656.22114386       5.03944239    -651.18170146   628.820650  3157.254060
   61.000000    -655.84556756       4.42446070    -651.42110686   552.083352  3159.834149
   61.050000    -655.46772204       4.70447450    -650.76324755   587.023420  3162.405734
   61.100000    -655.72597360       4.99924296    -650.72673064   623.804572  3164.967573
   61.150000    -655.83904949       5.89025911    -649.94879038   734.985395  3167.527516
   61.200000    -655.96660936       5.07291690    -650.89369246   632.997592  3170.085956
   61.250000    -655.29563222       5.08807133    -650.20756090   634.888559  3172.650676
   61.300000    -656.56668618       5.81526606    -650.75142011   725.627778  3175.214051
   61.350000    -655.52056424       4.57484582    -650.94571843   570.848378  3177.851193
   61.400000    -656.23961370       5.62396110    -650.61565260   701.756781  3180.497511
   61.450000    -655.69522724       4.79723434    -650.89799290   598.597975  3183.130594
   61.500000    -655.60894748       4.72640032    -650.88254715   589.759321  3185.772844
   61.550000    -655.59157366       4.95432706    -650.63724659   618.199975  3188.403452
   61.600000    -655.89385288       5.04984659    -650.84400629   630.118883  3191.040004
   61.650000    -655.93095155       5.23846407    -650.69248748   653.654536  3193.680226
   61.700000    -655.26741358       4.64964222    -650.61777136   580.181459  3196.283142
   61.750000    -656.39741955       6.08955685    -650.30786271   759.853728  3198.886581
   61.800000    -655.48598267       5.05819511    -650.42778756   631.160610  3201.488054
   61.850000    -655.00914868       5.29291711    -649.71623157   660.449176  3204.090592
   61.900000    -654.77761894       5.21595303    -649.56166591   650.845613  3206.693166
   61.950000    -654.55772568       5.72978143    -648.82794425   714.961022  3209.296024
   62.000000    -655.30784913       5.88601188    -649.42183725   734.455427  3211.895461
   62.050000    -655.04346714       5.26877517    -649.77469197   657.436749  3214.496203
   62.100000    -654.96641592       5.38181885    -649.58459707   671.542318  3217.097517
   62.150000    -654.96718465       5.88565821    -649.08152643   734.411296  3219.697093
   62.200000    -655.62809840       6.13679722    -649.49130118   765.748374  3222.301445
   62.250000    -655.32170898       5.65121887    -649.67049011   705.158001  3224.905740
   62.300000    -655.70026923       5.80026724    -649.90000199   723.756228  3227.505948
   62.350000    -656.06623960       5.59959371    -650.46664589   698.716223  3230.150697
   62.400000    -654.41616471       5.10617499    -649.30998972   637.147530  3232.801128
   62.450000    -655.49162671       6.22713334    -649.26449337   777.020497  3235.439606
   62.500000    -654.67099856       5.48000858    -649.19098998   683.794414  3238.085166
   62.550000    -655.16811187       5.81763751    -649.35047436   725.923686  3240.723569
   62.600000    -655.79871952       6.15578233    -649.64293718   768.117332  3243.377609
   62.650000    -655.13882077       5.24160098    -649.89721979   654.045960  3246.020034
   62.700000    -655.46312757       6.27886243    -649.18426513   783.475243  3248.628586
   62.750000    -655.28599243       5.85243502    -649.43355740   730.265713  3251.236776
   62.800000    -655.06731785       6.35632071    -648.71099714   793.140472  3253.851276
   62.850000    -654.09496102       6.52933630    -647.56562473   814.729323  3256.449554
   62.900000    -653.88882424       5.68299758    -648.20582665   709.123342  3259.037144
   62.950000    -654.06709133       6.89223797    -647.17485336   860.012124  3261.640021
   63.000000    -654.54827324       6.39425435    -648.15401890   797.873824  3264.230005
   63.050000    -654.79149197       5.91217617    -648.87931580   737.720202  3266.823255
   63.100000    -654.28227934       6.09534279    -648.18693655   760.575697  3269.412852
   63.150000    -655.07743223       6.04828533    -649.02914690   754.703876  3272.001190
   63.200000    -655.87180910       5.98187773    -649.88993137   746.417550  3274.589110
   63.250000    -655.28455222       5.55939524    -649.72515698   693.700265  3277.172168
   63.300000    -655.28144730       5.58299561    -649.69845170   696.645115  3279.757178
   63.350000    -656.20526801       6.07442337    -650.13084464   757.965376  3282.342762
   63.400000    -655.53036187       5.32865297    -650.20170890   664.908290  3284.923695
   63.450000    -654.74724046       5.06137829    -649.68586217   631.557806  3287.503303
   63.500000    -655.69271563       5.44172355    -650.25099208   679.017215  3290.083586
   63.550000    -655.35928794       4.89065703    -650.46863091   610.255241  3292.666587
   63.600000    -656.22311155       5.96389960    -650.25921194   744.174242  3295.250261
   63.650000    -655.29145321       5.75687916    -649.53457404   718.342271  3297.834984
   63.700000    -654.83704522       5.14232489    -649.69472033   641.658308  3300.423587
   63.750000    -655.40304041       6.18879925    -649.21424116   772.237177  3303.003546
   63.800000    -654.61669190       5.59599478    -649.02069712   698.267150  3305.588762
   63.850000    -654.99615787       6.97834044    -648.01781743   870.755974  3308.209633
   63.900000    -654.91010559       6.36803938    -648.54206621   794.602726  3310.771529
   63.950000    -654.88220396       6.31259222    -648.56961174   787.684039  3313.333954
   64.000000    -654.33802607       5.99214216    -648.34588391   747.698342  3315.895959
   64.050000    -655.48320600       6.78904750    -648.69415850   847.136038  3318.450611
   64.100000    -653.67525251       4.92183187    -648.75342065   614.145231  3321.009572
   64.150000    -655.65989909       6.01737063    -649.64252846   750.846347  3323.617721
   64.200000    -654.73655440       4.74512043    -649.99143398   592.095212  3326.251786
   64.250000    -654.89140399       5.28474458    -649.60665941   659.429409  3328.906046
   64.300000    -656.04094529       6.42937525    -649.61157004   802.256204  3331.550196
   64.350000    -654.85149169       5.65150913    -649.19998256   705.194219  3334.223493
   64.400000    -654.66044553       5.41957500    -649.24087054   676.253522  3336.901889
   64.450000    -655.21632660       6.18679915    -649.02952745   771.987605  3339.615446
   64.500000    -655.01333011       6.02652077    -648.98680934   751.988099  3342.279025
   64.550000    -654.02448283       5.12354830    -648.90093453   639.315368  3344.944503
   64.600000    -655.58832567       5.63820194    -649.95012373   703.533750  3347.621142
   64.650000    -655.92810565       5.40959116    -650.51851449   675.007741  3350.297640
   64.700000    -655.27852103       5.22280133    -650.05571970   651.700143  3352.976262
   64.750000    -655.23736192       5.82218061    -649.41518131   726.490574  3355.654146
   64.800000    -654.56920406       5.49041369    -649.07879037   685.092761  3358.339654
   64.850000    -655.59290313       5.92428570    -649.66861743   739.231226  3361.010843
   64.900000    -655.01182598       5.63446845    -649.37735753   703.067886  3363.674803
   64.950000    -654.94480734       5.86386807    -649.08093927   731.692327  3366.350565
   65.000000    -655.69389057       5.46461282    -650.22927775   681.873334  3369.016513
   65.050000    -655.06237744       5.97944552    -649.08293192   746.114058  3371.682029
   65.100000    -654.87105751       5.99049000    -648.88056751   747.492186  3374.343251
   65.150000    -655.86532997       5.99370562    -649.87162435   747.893431  3377.023349
   65.200000    -654.65060329       5.44224251    -649.20836078   679.081970  3379.747707
   65.250000    -654.48958908       5.73312340    -648.75646569   715.378031  3382.486103
   65.300000    -653.84116290       5.29769176    -648.54347114   661.044956  3385.222350
   65.350000    -654.70014428       5.90015751    -648.79998677   736.220516  3387.957506
   65.400000    -654.47782913       6.06326327    -648.41456586   756.572821  3390.685211
   65.450000    -654.91944453       5.84891345    -649.07053108   729.826292  3393.394577
   65.500000    -655.08110127       5.60091150    -649.48018977   698.880656  3396.096267
   65.550000    -656.20547091       5.84916643    -650.35630447   729.857859  3398.771267
   65.600000    -655.81552277       5.40390775    -650.41161502   674.298567  3401.455331
   65.650000    -655.22133406       5.48853507    -649.73279900   684.858347  3404.116886
   65.700000    -655.46988896       4.99657194    -650.47331702   623.471283  3406.784513
   65.750000    -655.32814255       5.26970904    -650.05843352   657.553277  3409.438690
   65.800000    -655.50044374       4.58366206    -650.91678168   571.948468  3412.100602
   65.850000    -656.19903565       4.99856215    -651.20047350   623.719621  3414.764020
   65.900000    -655.88439591       5.63198738    -650.25240852   702.758299  3417.433403
   65.950000    -655.94339645       4.97163177    -650.97176468   620.359253  3420.116581
   66.000000    -655.68168242       4.71104711    -650.97063530   587.843550  3422.787884
   66.050000    -656.19857219       4.74071266    -651.45785953   591.545211  3425.468255
   66.100000    -656.50720286       4.73619110    -651.77101175   590.981012  3428.145845
   66.150000    -656.22641825       5.11557390    -651.11084435   638.320324  3430.825428
   66.200000    -655.79929020       4.79101574    -651.00827446   597.822020  3433.483265
   66.250000    -656.87652211       5.24154120    -651.63498091   654.038500  3436.143537
   66.300000    -656.07528864       5.27716786    -650.79812077   658.483988  3438.789299
   66.350000    -655.59290057       4.45338931    -651.13951127   555.693058  3441.458444
   66.400000    -656.11566613       4.91362985    -651.20203629   613.121784  3444.130478
   66.450000    -655.40638219       4.77881655    -650.62756563   596.299807  3446.802009
   66.500000    -655.95891899       5.61424780    -650.34467119   700.544757  3449.460112
   66.550000    -654.86370843       4.42567540    -650.43803303   552.234923  3452.112516
   66.600000    -655.63114843       6.56529073    -649.06585770   819.215710  3454.772567
   66.650000    -654.65968014       5.51409486    -649.14558528   688.047693  3457.422527
   66.700000    -654.37907953       5.29094849    -649.08813104   660.203532  3460.077775
   66.750000    -653.99389727       6.10729252    -647.88660475   762.066783  3462.720076
   66.800000    -654.39599843       6.36157325    -648.03442519   793.795883  3465.353470
   66.850000    -654.46630512       6.62376707    -647.84253805   826.512378  3467.977322
   66.900000    -653.80771759       5.10452500    -648.70319259   636.941644  3470.634468
   66.950000    -655.10993389       6.17504681    -648.93488709   770.521149  3473.273452
   67.000000    -655.17861369       5.93976217    -649.23885151   741.162378  3475.961868
   67.050000    -655.60518436       6.30634492    -649.29883944   786.904502  3478.682909
   67.100000    -654.82004582       5.40619703    -649.41384879   674.584222  3481.392091
   67.150000    -654.42524981       4.28674145    -650.13850835   534.898772  3484.102234
   67.200000    -655.87182182       6.37467042    -649.49715140   795.430146  3486.816649
   67.250000    -654.45158967       4.87517587    -649.57641380   608.323504  3489.526278
   67.300000    -655.50692509       6.29531803    -649.21160706   785.528569  3492.226645
   67.350000    -655.55211338       5.57830988    -649.97380350   696.060431  3494.895507
   67.400000    -654.89232309       5.41869161    -649.47363149   676.143294  3497.572508
   67.450000    -654.85937770       4.92044677    -649.93893093   613.972399  3500.245891
   67.500000    -655.56100313       5.38101834    -650.17998479   671.442431  3502.920663
   67.550000    -655.95552572       4.81936696    -651.13615876   601.359680  3505.601531
   67.600000    -655.35934466       5.61113243    -649.74821223   700.156023  3508.278694
   67.650000    -656.02725597       6.20102626    -649.82622970   773.762861  3510.951939
   67.700000    -654.90896188       4.83255532    -650.07640656   603.005321  3513.624960
   67.750000    -655.32802127       5.60479772    -649.72322356   699.365578  3516.306611
   67.800000    -655.01472437       6.03745720    -648.97726717   753.352745  3518.985248
   67.850000    -654.61166476       5.22841621    -649.38324854   652.400766  3521.669924
   67.900000    -655.53159299       5.31686965    -650.21472334   663.437969  3524.351000
   67.950000    -656.06037065       5.80836397    -650.25200668   724.766535  3527.033896
   68.000000    -656.18144349       5.66336891    -650.51807458   706.674080  3529.712479
   68.050000    -655.77777702       6.18084019    -649.59693682   771.244047  3532.426238
   68.100000    -655.32379135       5.52545860    -649.79833275   689.465658  3535.160395
   68.150000    -655.28167097       5.23204116    -650.04962982   652.853086  3537.889777
   68.200000    -655.02405800       5.53060840    -649.49344960   690.108250  3540.617130
   68.250000    -654.60851663       5.03841790    -649.57009873   628.692813  3543.349192
   68.300000    -655.56510659       6.06536621    -649.49974038   756.835226  3546.068563
   68.350000    -655.25448086       6.29821278    -648.95626808   785.889775  3548.778398
   68.400000    -654.70451561       4.94628550    -649.75823011   617.196550  3551.461025
   68.450000    -654.79930182       5.08397476    -649.71532707   634.377389  3554.133944
   68.500000    -655.49424803       6.30964041    -649.18460762   787.315713  3556.799944
   68.550000    -655.04813299       6.42850712    -648.61962587   802.147879  3559.458644
   68.600000    -654.61689102       6.16639163    -648.45049938   769.441159  3562.104477
   68.650000    -654.04914295       5.59989341    -648.44924954   698.753619  3564.759717
   68.700000    -654.20544067       5.67790556    -648.52753511   708.487961  3567.418250
   68.750000    -655.23251602       6.55479193    -648.67772408   817.905673  3570.073382
   68.800000    -654.21735645       5.54625571    -648.67110073   692.060718  3572.728737
   68.850000    -654.81809597       6.15936796    -648.65872801   768.564745  3575.388479
   68.900000    -654.11145389       5.45283602    -648.65861786   680.403827  3578.048245
   68.950000    -655.00437079       6.90968774    -648.09468305   862.189504  3580.718082
   69.000000    -654.03729156       5.91892247    -648.11836908   738.562004  3583.382954
   69.050000    -653.14296804       4.73883109    -648.40413695   591.310429  3586.040818
   69.100000    -654.44275158       5.95838769    -648.48436389   743.486467  3588.735419
   69.150000    -654.59238843       6.07549591    -648.51689253   758.099207  3591.428859
   69.200000    -654.73655455       5.79478753    -648.94176702   723.072470  3594.125466
   69.250000    -654.58806867       5.55626504    -649.03180364   693.309679  3596.796337
   69.300000    -655.10520908       5.37413369    -649.73107538   670.583366  3599.466158
   69.350000    -655.79949789       5.40270579    -650.39679210   674.148586  3602.152902
   69.400000    -655.24775811       4.88926642    -650.35849169   610.081721  3604.829488
   69.450000    -655.26079769       5.32909880    -649.93169889   664.963920  3607.531659
   69.500000    -654.88678011       5.48699433    -649.39978578   684.666094  3610.199173
   69.550000    -654.46885124       5.09104553    -649.37780571   635.259680  3612.843226
   69.600000    -654.87479300       5.33630058    -649.53849242   665.862558  3615.498725
   69.650000    -654.74612221       4.97537503    -649.77074719   620.826336  3618.138168
   69.700000    -655.66214567       5.61480208    -650.04734359   700.613920  3620.789186
   69.750000    -655.22201205       5.70013090    -649.52188115   711.261235  3623.462028
   69.800000    -655.38719357       5.81547137    -649.57172221   725.653396  3626.124515
   69.850000    -654.53094969       5.64799038    -648.88295931   704.755150  3628.839345
   69.900000    -655.45613122       6.48672888    -648.96940234   809.412779  3631.568414
   69.950000    -654.08465424       5.07806920    -649.00658503   633.640495  3634.281712
   70.000000    -654.50934785       5.62476921    -648.88457864   701.857617  3636.998138
   70.050000    -654.16414689       5.47698080    -648.68716609   683.416608  3639.716740
   70.100000    -654.73017048       5.76828949    -648.96188099   719.766050  3642.430693
   70.150000    -654.74498179       5.99022036    -648.75476143   747.458541  3645.146059
   70.200000    -654.59184530       5.82953670    -648.76230860   727.408465  3647.821946
   70.250000    -654.81638711       5.45851906    -649.35786804   681.112956  3650.495073
   70.300000    -654.43053249       5.49150598    -648.93902651   685.229057  3653.162112
   70.350000    -654.77726843       6.27104420    -648.50622423   782.499686  3655.833352
   70.400000    -654.05847341       5.74685385    -648.31161956   717.091315  3658.497802
   70.450000    -654.14474466       6.29846813    -647.84627653   785.921638  3661.157206
   70.500000    -655.00749724       6.62196154    -648.38553570   826.287084  3663.832562
   70.550000    -653.32653452       5.75598115    -647.57055338   718.230217  3666.515034
   70.600000    -653.61986506       6.38808998    -647.23177507   797.104636  3669.192942
   70.650000    -654.09637569       5.98262116    -648.11375452   746.510315  3671.850096
   70.700000    -655.07828272       5.93872025    -649.13956247   741.032367  3674.508172
   70.750000    -655.05948135       6.21966721    -648.83981414   776.088874  3677.188778
   70.800000    -655.02658298       6.71169553    -648.31488745   837.484074  3679.867427
   70.850000    -654.44647248       5.89597332    -648.55049916   735.698414  3682.550938
   70.900000    -654.69853541       5.59633826    -649.10219715   698.310008  3685.257054
   70.950000    -654.55597393       6.15255198    -648.40342195   767.714249  3687.974132
   71.000000    -653.96707684       5.76299834    -648.20407850   719.105822  3690.687373
   71.050000    -654.06999012       6.49214074    -647.57784938   810.088069  3693.400362
   71.100000    -653.82164666       6.20146827    -647.62017839   773.818015  3696.110832
   71.150000    -653.66150329       5.83578195    -647.82572134   728.187747  3698.828931
   71.200000    -653.44641060       5.64421276    -647.80219784   704.283779  3701.528046
   71.250000    -653.86580019       5.89967637    -647.96612381   736.160480  3704.207901
   71.300000    -654.45162415       6.20815431    -648.24346985   774.652297  3706.891630
   71.350000    -654.71540717       6.34755228    -648.36785489   792.046349  3709.560091
   71.400000    -654.90438065       5.83470040    -649.06968025   728.052791  3712.232089
   71.450000    -654.49181738       5.27718344    -649.21463394   658.485932  3714.893089
   71.500000    -655.11643492       5.80660810    -649.30982681   724.547439  3717.554277
   71.550000    -654.70669366       5.91465087    -648.79204279   738.028995  3720.228216
   71.600000    -655.37114889       5.35727898    -650.01386991   668.480238  3722.930196
   71.650000    -654.69496735       4.56373168    -650.13123567   569.461559  3725.634196
   71.700000    -654.91356766       5.40120615    -649.51236151   673.961461  3728.339559
   71.750000    -654.33506776       5.06991275    -649.26515501   632.622735  3731.032244
   71.800000    -655.24697633       5.62331288    -649.62366345   701.675896  3733.717127
   71.850000    -654.88600794       6.01296972    -648.87303822   750.297202  3736.404953
   71.900000    -654.17588646       5.26336829    -648.91251817   656.762080  3739.089617
   71.950000    -655.05125607       6.06440831    -648.98684776   756.715699  3741.778960
   72.000000    -654.63254052       6.36484749    -648.26769303   794.204442  3744.463329
   72.050000    -653.90794621       5.76541591    -648.14253030   719.407485  3747.133398
   72.100000    -654.96337493       6.47770230    -648.48567263   808.286444  3749.808587
   72.150000    -654.08441250       6.02585396    -648.05855854   751.904895  3752.485581
   72.200000    -654.41099965       5.73660490    -648.67439475   715.812453  3755.178648
   72.250000    -654.17347565       6.46372061    -647.70975504   806.541811  3757.865861
   72.300000    -652.95332081       5.44174756    -647.51157325   679.020211  3760.544168
   72.350000    -653.61502285       5.93857384    -647.67644901   741.014098  3763.195094
   72.400000    -654.59442818       6.48354520    -648.11088298   809.015520  3765.835081
   72.450000    -654.12922709       5.34238678    -648.78684031   666.621992  3768.481941
   72.500000    -655.06359067       5.60965185    -649.45393882   699.971276  3771.123638
   72.550000    -654.70455629       5.73419810    -648.97035819   715.512133  3773.762460
   72.600000    -654.61261075       5.91062983    -648.70198093   737.527250  3776.395070
   72.650000    -654.08097832       5.17391473    -648.90706360   645.600082  3779.024459
   72.700000    -654.24362105       5.26138653    -648.98223452   656.514796  3781.723438
   72.750000    -654.84378861       6.82704554    -648.01674307   851.877425  3784.434329
   72.800000    -653.96261359       5.93226591    -648.03034767   740.226997  3787.143535
   72.850000    -654.09932236       5.51000628    -648.58931608   687.537520  3789.853881
   72.900000    -654.80093966       5.12045696    -649.68048270   638.929631  3792.541322
   72.950000    -654.47790763       5.42766002    -649.05024762   677.262370  3795.237641
   73.000000    -655.00121810       5.96991023    -649.03130788   744.924247  3797.937750
   73.050000    -656.51463429       7.19494811    -649.31968618   897.784237  3800.591146
   73.100000    -654.64193536       5.42095663    -649.22097873   676.425922  3803.248750
   73.150000    -655.90064901       5.63414584    -650.26650318   703.027631  3805.908898
   73.200000    -655.64856056       5.21467311    -650.43388745   650.685905  3808.576248
   73.250000    -655.48392474       5.57649558    -649.90742916   695.834043  3811.236923
   73.300000    -655.02208407       4.65377360    -650.36831046   580.696973  3813.876740
   73.350000    -655.39976027       5.64571131    -649.75404896   704.470768  3816.530117
   73.400000    -655.17213645       5.46639620    -649.70574025   682.095864  3819.177759
   73.450000    -655.27763887       5.73096619    -649.54667267   715.108856  3821.823599
   73.500000    -654.74438894       5.78349983    -648.96088911   721.663993  3824.492954
   73.550000    -654.60657048       5.48682414    -649.11974635   684.644857  3827.157435
   73.600000    -655.61167963       7.12859663    -648.48308300   889.504913  3829.818953
   73.650000    -654.58412847       5.98164942    -648.60247905   746.389061  3832.480103
   73.700000    -654.77609295       6.31651412    -648.45957883   788.173413  3835.170157
   73.750000    -654.68676652       5.27829681    -649.40846970   658.624858  3837.864598
   73.800000    -655.12134066       5.82483791    -649.29650275   726.822151  3840.585291
   73.850000    -655.18226097       6.02289433    -649.15936664   751.535593  3843.306318
   73.900000    -654.30697190       5.99489823    -648.31207367   748.042244  3846.030791
   73.950000    -654.15919031       5.46550725    -648.69368306   681.984941  3848.750720
   74.000000    -655.01296231       6.87053538    -648.14242693   857.304079  3851.460616
   74.050000    -654.51014571       5.67213325    -648.83801246   707.767692  3854.152927
   74.100000    -654.54685353       5.68106876    -648.86578477   708.882664  3856.820626
   74.150000    -655.18310671       6.34264866    -648.84045805   791.434476  3859.479856
   74.200000    -654.98989603       5.60195468    -649.38794135   699.010824  3862.132254
   74.250000    -655.25099367       5.90800607    -649.34298759   737.199858  3864.786392
   74.300000    -654.91146285       4.97770724    -649.93375561   621.117349  3867.448997
   74.350000    -655.14263434       5.40462865    -649.73800569   674.388521  3870.103462
   74.400000    -655.78459503       5.73561821    -650.04897682   715.689334  3872.762097
   74.450000    -655.10953415       5.57049388    -649.53904027   695.085152  3875.404043
   74.500000    -655.18607317       5.49687737    -649.68919580   685.899298  3878.069763
   74.550000    -655.53151603       6.02945868    -649.50205735   752.354691  3880.729891
   74.600000    -654.94411221       5.99583915    -648.94827306   748.159653  3883.385617
   74.650000    -654.24460131       5.21288087    -649.03172044   650.462269  3886.039266
   74.700000    -654.88453862       5.68119096    -649.20334765   708.897913  3888.690478
   74.750000    -654.73757940       6.05321008    -648.68436932   755.318386  3891.354333
   74.800000    -654.91785008       6.35320022    -648.56464986   792.751098  3894.003622
   74.850000    -654.58043385       6.38221801    -648.19821585   796.371932  3896.642009
   74.900000    -654.78450045       6.90291615    -647.88158430   861.344546  3899.301483
   74.950000    -654.25593237       6.35975764    -647.89617472   793.569332  3901.964554
   75.000000    -655.02871141       6.98779863    -648.04091278   871.936166  3904.625364
   75.050000    -655.11302289       5.77753730    -649.33548559   720.919989  3907.296972
   75.100000    -654.91018425       6.13423612    -648.77594813   765.428800  3909.976218
   75.150000    -654.73622456       6.37422259    -648.36200198   795.374265  3912.659137
   75.200000    -655.06840369       5.62413647    -649.44426722   701.778664  3915.337324
   75.250000    -655.43764759       5.74769503    -649.68995255   717.196278  3918.018416
   75.300000    -655.13727419       4.91707124    -650.22020295   613.551201  3920.700745
   75.350000    -655.18605250       6.19888553    -648.98716698   773.495740  3923.357026
   75.400000    -654.99101889       6.33650079    -648.65451810   790.667346  3926.023197
   75.450000    -655.17276085       7.06254297    -648.11021788   881.262750  3928.697563
   75.500000    -654.22808119       5.98750093    -648.24058026   747.119211  3931.352490
   75.550000    -654.94168231       6.86159538    -648.08008692   856.188548  3934.037348
   75.600000    -654.54368888       5.92650416    -648.61718472   739.508046  3936.752289
   75.650000    -654.12805340       5.47915670    -648.64889671   683.688116  3939.489249
   75.700000    -654.51264699       5.34999847    -649.16264853   667.571777  3942.223421
   75.750000    -654.52683973       6.04584875    -648.48099098   754.399841  3944.940673
   75.800000    -654.75971565       7.16541457    -647.59430109   894.099047  3947.644543
   75.850000    -654.36655880       6.37132578    -647.99523302   795.012801  3950.355213
   75.900000    -653.35708965       5.45659674    -647.90049291   680.873089  3953.032538
   75.950000    -654.48711491       5.78705339    -648.70006152   722.107406  3955.687525
   76.000000    -654.06048114       6.32734059    -647.73314055   789.524338  3958.327220
   76.050000    -654.27394087       6.89714400    -647.37679687   860.624298  3960.930933
   76.100000    -653.84442317       7.28285538    -646.56156778   908.753290  3963.533401
   76.150000    -653.42787565       5.98013765    -647.44773800   746.200423  3966.140631
   76.200000    -654.65699932       6.18493087    -648.47206845   771.754481  3968.742234
   76.250000    -653.26722801       4.96122443    -648.30600358   619.060627  3971.353304
   76.300000    -654.99369624       6.87414201    -648.11955423   857.754114  3973.957396
   76.350000    -653.79562151       5.39203159    -648.40358992   672.816661  3976.558410
   76.400000    -654.70960236       5.75193320    -648.95766916   717.725115  3979.155827
   76.450000    -654.11205239       5.27585519    -648.83619720   658.320193  3981.750432
   76.500000    -654.40425949       6.03987634    -648.36438316   753.654604  3984.345521
   76.550000    -654.27231742       5.70745233    -648.56486509   712.174800  3986.947324
   76.600000    -654.02106225       5.51290625    -648.50815601   687.899378  3989.590427
   76.650000    -654.63893874       5.63648035    -649.00245839   703.318930  3992.243612
   76.700000    -655.09376444       5.38849219    -649.70527225   672.375016  3994.865292
   76.750000    -654.25748330       4.78430936    -649.47317394   596.985199  3997.536311
   76.800000    -654.66514934       5.88332609    -648.78182325   734.120295  4000.189329
   76.850000    -654.16435212       5.22914894    -648.93520318   652.492196  4002.820505
   76.900000    -654.36331853       5.88949460    -648.47382393   734.890000  4005.430189
   76.950000    -655.27957177       6.58483167    -648.69474010   821.654025  4008.035426
   77.000000    -655.26967214       6.55433149    -648.71534065   817.848219  4010.644301
   77.050000    -654.74652045       5.44625649    -649.30026395   679.582834  4013.250510
   77.100000    -655.30231546       5.50036825    -649.80194721   686.334889  4015.830923
   77.150000    -655.08161883       5.21022298    -649.87139586   650.130618  4018.405843
   77.200000    -654.10383748       5.32598763    -648.77784985   664.575709  4020.977989
   77.250000    -653.91524185       5.76782410    -648.14741775   719.707979  4023.551998
   77.300000    -654.57565007       6.12559587    -648.45005420   764.350671  4026.127637
   77.350000    -654.47500930       5.97240613    -648.50260317   745.235685  4028.702957
   77.400000    -654.50180959       5.92724706    -648.57456253   739.600745  4031.278226
   77.450000    -654.30554169       6.00606036    -648.29948133   749.435053  4033.858751
   77.500000    -654.36094268       6.68598961    -647.67495307   834.276494  4036.435215
   77.550000    -654.71009902       6.57950122    -648.13059780   820.988893  4039.015387
   77.600000    -653.92776825       5.71769060    -648.21007766   713.452330  4041.592719
   77.650000    -654.09532133       5.48824968    -648.60707165   684.822737  4044.163520
   77.700000    -655.54647320       5.81736943    -649.72910377   725.890235  4046.730319
   77.750000    -656.08602723       5.66792391    -650.41810332   707.242452  4049.308039
   77.800000    -655.82472505       5.03476787    -650.78995718   628.237363  4051.885623
   77.850000    -655.34826843       4.84260950    -650.50565893   604.259879  4054.464637
   77.900000    -655.72891041       5.42324131    -650.30566910   676.711004  4057.038604
   77.950000    -654.94103246       5.50338406    -649.43764840   686.711201  4059.612613
   78.000000    -654.66883161       4.92284953    -649.74598208   614.272215  4062.190556
   78.050000    -655.74866673       6.74690517    -649.00176155   841.877526  4064.770944
   78.100000    -654.45427694       5.87540006    -648.57887688   733.131286  4067.349669
   78.150000    -654.24272677       5.94188590    -648.30084087   741.427377  4069.909616
   78.200000    -654.47294476       5.95564000    -648.51730475   743.143611  4072.468050
   78.250000    -654.46068839       6.08790753    -648.37278086   759.647928  4075.028636
   78.300000    -654.96336796       6.44286355    -648.52050440   803.939271  4077.589779
   78.350000    -654.28195815       6.59615106    -647.68580709   823.066457  4080.154719
   78.400000    -654.65261660       6.54456868    -648.10804791   816.630018  4082.757305
   78.450000    -654.33663953       6.30270851    -648.03393103   786.450752  4085.396098
   78.500000    -654.43189621       6.36513290    -648.06676331   794.240055  4088.048819
   78.550000    -653.39772569       5.47097329    -647.92675239   682.666992  4090.668923
   78.600000    -654.58805199       6.66808074    -647.91997124   832.041829  4093.321153
   78.650000    -653.90131117       5.62293967    -648.27837150   701.629327  4095.951219
   78.700000    -654.59294228       5.31561537    -649.27732690   663.281461  4098.597541
   78.750000    -654.70303606       5.10318930    -649.59984676   636.774976  4101.197906
   78.800000    -654.79467637       5.54394940    -649.25072697   691.772936  4103.798249
   78.850000    -654.74392116       6.19268522    -648.55123595   772.722067  4106.403442
   78.900000    -653.98082182       5.45213428    -648.52868754   680.316264  4109.015948
   78.950000    -654.62445768       5.55895313    -649.06550455   693.645100  4111.821904
   79.000000    -654.21275151       5.75010077    -648.46265073   717.496465  4114.421208
   79.050000    -654.59137722       5.86425983    -648.72711740   731.741210  4117.015916
   79.100000    -654.87294593       6.16714173    -648.70580420   769.534756  4119.608819
   79.150000    -655.59749032       6.49440874    -649.10308158   810.371069  4122.207164
   79.200000    -654.45804071       5.04540535    -649.41263535   629.564707  4124.801940
   79.250000    -653.60860180       4.49668926    -649.11191254   561.096019  4127.394916
   79.300000    -654.61301624       5.63381862    -648.97919762   702.986800  4129.987958
   79.350000    -653.86695316       5.22954353    -648.63740963   652.541433  4132.577176
   79.400000    -654.59923055       6.48493980    -648.11429075   809.189538  4135.203281
   79.450000    -653.61659940       5.56747338    -648.04912602   694.708255  4137.832498
   79.500000    -654.01447528       5.74758917    -648.26688611   717.183068  4140.458538
   79.550000    -654.86360689       5.90439739    -648.95920950   736.749567  4143.086893
   79.600000    -654.28455440       6.15660699    -648.12794741   768.220233  4145.717640
   79.650000    -655.15698741       6.43044448    -648.72654293   802.389622  4148.350685
   79.700000    -654.56473278       5.71994090    -648.84479188   713.733122  4150.990512
   79.750000    -654.45664154       5.06767205    -649.38896949   632.343141  4153.586192
   79.800000    -654.51276231       5.02596002    -649.48680229   627.138321  4156.180812
   79.850000    -654.83104063       5.27237189    -649.55866873   657.885548  4158.775061
   79.900000    -654.94892441       5.51874314    -649.43018127   688.627705  4161.371612
   79.950000    -654.63503291       5.43877958    -649.19625333   678.649866  4163.951019
   80.000000    -654.69120838       6.11103984    -648.58016854   762.534373  4166.527744
   80.050000    -654.71646102       5.63668682    -649.07977420   703.344694  4169.104317
   80.100000    -655.57978252       5.88286349    -649.69691903   734.062571  4171.676224
   80.150000    -654.54171027       4.77154024    -649.77017003   595.391871  4174.252606
   80.200000    -655.19399147       4.83127489    -650.36271657   602.845549  4176.833225
   80.250000    -656.01963472       5.50343439    -650.51620033   686.717481  4179.412749
   80.300000    -656.12738067       5.10574689    -651.02163378   637.094112  4182.001658
   80.350000    -655.35619051       4.24530260    -651.11088790   529.728040  4184.578930
   80.400000    -655.96360890       5.14328641    -650.82032249   641.778286  4187.171515
   80.450000    -656.12090353       5.18261268    -650.93829084   646.685411  4189.757241
   80.500000    -655.08999692       4.11383449    -650.97616243   513.323474  4192.341811
   80.550000    -655.20540136       5.12583349    -650.07956787   639.600514  4194.928540
   80.600000    -655.14339285       4.92412730    -650.21926555   614.431654  4197.509948
   80.650000    -654.26944818       4.65490720    -649.61454099   580.838422  4200.104830
   80.700000    -654.77660321       5.69019392    -649.08640929   710.021300  4202.690656
   80.750000    -655.72041188       6.79732462    -648.92308726   848.168855  4205.286329
   80.800000    -654.02773482       5.58245978    -648.44527503   696.578255  4207.913500
   80.850000    -654.48168452       5.98363337    -648.49805115   746.636618  4210.506512
   80.900000    -654.80061925       6.79726202    -648.00335723   848.161043  4213.084528
   80.950000    -654.24766004       6.29029266    -647.95736738   784.901504  4215.662086
   81.000000    -653.89704747       5.71038044    -648.18666703   712.540170  4218.229638
   81.050000    -654.94436592       7.21996539    -647.72440053   900.905889  4220.798511
   81.100000    -654.85950572       6.68989400    -648.16961172   834.763682  4223.374517
   81.150000    -653.67780634       6.25092693    -647.42687941   779.989456  4225.943454
   81.200000    -653.79104014       6.64671873    -647.14432141   829.376280  4228.550515
   81.250000    -652.63962977       4.85560409    -647.78402568   605.881341  4231.189906
   81.300000    -654.59838506       5.88822435    -648.71016071   734.731499  4233.852477
   81.350000    -655.60458344       6.19990022    -649.40468322   773.622354  4236.484881
   81.400000    -653.84633936       4.24822151    -649.59811785   530.092261  4239.122746
   81.450000    -654.67697514       5.04144342    -649.63553172   629.070337  4241.760096
   81.500000    -654.88961665       5.82776750    -649.06184915   727.187704  4244.381953
   81.550000    -654.60375154       5.44544213    -649.15830941   679.481219  4246.971412
   81.600000    -652.96995330       5.06892996    -647.90102334   632.500102  4249.549979
   81.650000    -654.38455552       6.55974608    -647.82480944   818.523850  4252.126923
   81.700000    -654.44438793       6.62752346    -647.81686448   826.981098  4254.704035
   81.750000    -653.62291828       5.47044351    -648.15247477   682.600887  4257.284231
   81.800000    -654.96846015       6.18475347    -648.78370668   771.732345  4259.861008
   81.850000    -654.77225971       6.42883610    -648.34342360   802.188929  4262.439523
   81.900000    -653.91690792       5.91271751    -648.00419041   737.787750  4265.030580
   81.950000    -653.57979792       5.05862142    -648.52117650   631.213805  4267.615965
   82.000000    -653.92850221       5.15260806    -648.77589415   642.941439  4270.202172
   82.050000    -654.03754317       5.58343568    -648.45410750   696.700026  4272.794583
   82.100000    -654.20732508       4.93801631    -649.26930877   616.164722  4275.383035
   82.150000    -654.96745172       4.53565683    -650.43179489   565.958384  4277.969078
   82.200000    -656.13134058       6.08385749    -650.04748309   759.142564  4280.561892
   82.250000    -655.12690415       5.66522461    -649.46167954   706.905635  4283.182588
   82.300000    -654.58311006       4.66121482    -649.92189524   581.625486  4285.816052
   82.350000    -655.35949126       6.18264446    -649.17684680   771.469183  4288.418270
   82.400000    -654.89432883       5.69648141    -649.19784742   710.805851  4291.041282
   82.450000    -655.36935683       5.98758297    -649.38177386   747.129448  4293.667446
   82.500000    -654.77654534       5.49975091    -649.27679443   686.257857  4296.288232
   82.550000    -654.79597307       5.76513450    -649.03083857   719.372371  4298.891361
   82.600000    -654.52191199       5.72709385    -648.79481814   714.625666  4301.481382
   82.650000    -655.11002492       6.40488371    -648.70514120   799.200154  4304.068075
   82.700000    -654.79387863       5.42105707    -649.37282156   676.438455  4306.648244
   82.750000    -654.40892821       6.07369757    -648.33523064   757.874811  4309.216917
   82.800000    -654.24199842       5.19052463    -649.05147379   647.672662  4311.787190
   82.850000    -654.80907687       5.36274703    -649.44632984   669.162539  4314.358113
   82.900000    -655.40194873       5.54028475    -649.86166398   691.315662  4316.926955
   82.950000    -655.08966149       5.06281380    -650.02684769   631.736929  4319.496605
   83.000000    -655.73577264       5.94126571    -649.79450693   741.349989  4322.082352
   83.050000    -654.83207428       5.66333809    -649.16873619   706.670235  4324.647435
   83.100000    -654.11611116       5.73352810    -648.38258306   715.428531  4327.220484
   83.150000    -655.06442990       6.48516350    -648.57926639   809.217451  4329.786798
   83.200000    -654.71899219       5.65486016    -649.06413204   705.612359  4332.350008
   83.250000    -654.52076426       5.56134943    -648.95941482   693.944109  4334.916525
   83.300000    -654.30611578       5.54136732    -648.76474846   691.450745  4337.850058
   83.350000    -654.96583863       6.28457508    -648.68126355   784.188066  4340.419054
   83.400000    -654.76676482       5.47765483    -649.28910999   683.500714  4342.987702
   83.450000    -654.44917477       5.80362718    -648.64554759   724.175480  4345.556677
   83.500000    -655.09587484       5.68338738    -649.41248746   709.171981  4348.154266
   83.550000    -654.78883398       6.73828777    -648.05054621   840.802248  4350.820733
   83.600000    -654.21460697       5.79907893    -648.41552804   723.607950  4353.389802
   83.650000    -653.90238853       6.48742476    -647.41496377   809.499610  4355.961472
   83.700000    -653.83125427       5.43342501    -648.39782926   677.981725  4358.525398
   83.750000    -654.26149357       5.90368176    -648.35781181   736.660271  4361.112052
   83.800000    -654.67628156       5.90772222    -648.76855934   737.164439  4363.681375
   83.850000    -653.54337686       5.21105934    -648.33231753   650.234979  4366.250834
   83.900000    -654.44859196       5.91892098    -648.52967098   738.561818  4368.832715
   83.950000    -654.06872659       5.83405374    -648.23467285   727.972100  4371.400530
   84.000000    -654.02556890       6.22579683    -647.79977207   776.853728  4373.975031
   84.050000    -653.27645106       5.18215639    -648.09429466   646.628475  4376.567094
   84.100000    -654.80538288       6.32581665    -648.47956622   789.334182  4379.219362
   84.150000    -655.02685526       6.15273011    -648.87412515   767.736476  4381.871956
   84.200000    -654.45562257       5.37964154    -649.07598103   671.270634  4384.509431
   84.250000    -655.06222674       5.89435617    -649.16787057   735.496625  4387.152764
   84.300000    -654.99210921       5.63150110    -649.36060810   702.697621  4389.788903
   84.350000    -654.98228780       5.38431683    -649.59797097   671.854015  4392.424793
   84.400000    -654.59479648       4.68406792    -649.91072857   584.477091  4395.048808
   84.450000    -654.83261698       5.38439731    -649.44821967   671.864058  4397.654053
   84.500000    -654.33030660       4.93021833    -649.40008827   615.191693  4400.252632
   84.550000    -654.32583832       4.87155045    -649.45428787   607.871125  4402.848696
   84.600000    -654.39489200       5.07374856    -649.32114344   633.101367  4405.454880
   84.650000    -654.03604151       5.11513033    -648.92091118   638.264976  4408.044837
   84.700000    -654.39642410       6.38894147    -648.00748263   797.210885  4410.643722
   84.750000    -653.76446401       6.32715255    -647.43731146   789.500875  4413.250733
   84.800000    -653.61595745       6.14712166    -647.46883579   767.036655  4415.856398
   84.850000    -653.72961004       6.28471599    -647.44489405   784.205649  4418.473692
   84.900000    -653.38270260       5.62795306    -647.75474954   702.254898  4421.074395
   84.950000    -652.80524220       5.19330749    -647.61193471   648.019907  4423.670865
   85.000000    -653.90073140       5.65706828    -648.24366313   705.887888  4426.258089
   85.050000    -654.71893742       6.23980893    -648.47912849   778.602155  4428.852189
   85.100000    -653.55935748       4.94972092    -648.60963656   617.625221  4431.483847
   85.150000    -654.62590775       5.35177636    -649.27413139   667.793621  4434.120160
   85.200000    -654.21288834       5.14038127    -649.07250707   641.415784  4436.734994
   85.250000    -654.70149213       5.37290282    -649.32858931   670.429778  4439.359622
   85.300000    -654.57534919       5.40704959    -649.16829959   674.690605  4441.983977
   85.350000    -653.61497532       4.96582312    -648.64915220   619.634451  4444.597363
   85.400000    -654.35121301       6.38228120    -647.96893181   796.379817  4447.219928
   85.450000    -654.43645316       5.24072053    -649.19573263   653.936097  4449.814875
   85.500000    -655.10869738       5.77413147    -649.33456591   720.495011  4452.475210
   85.550000    -655.37218401       5.44154216    -649.93064185   678.994581  4455.060558
   85.600000    -654.68994280       4.44352637    -650.24641643   554.462363  4457.634495
   85.650000    -654.48464305       4.86435177    -649.62029128   606.972875  4460.201807
   85.700000    -654.98389864       4.63788731    -650.34601134   578.714683  4462.769684
   85.750000    -655.48340101       5.34277460    -650.14062641   666.670384  4465.333151
   85.800000    -654.74801233       4.69315985    -650.05485248   585.611581  4467.901935
   85.850000    -655.45919488       5.68910987    -649.77008502   709.886032  4470.470968
   85.900000    -655.42757282       5.13038737    -650.29718545   640.168747  4473.034806
   85.950000    -655.39336179       5.31852676    -650.07483502   663.644744  4475.601386
   86.000000    -654.74201939       4.74846170    -649.99355770   592.512134  4478.164989
   86.050000    -655.05777363       4.88791453    -650.16985910   609.913033  4480.727862
   86.100000    -654.98969812       5.65439819    -649.33529993   705.554715  4483.289657
   86.150000    -655.07154065       5.39647793    -649.67506272   673.371475  4485.851226
   86.200000    -655.02967247       4.54293733    -650.48673514   566.866844  4488.416688
   86.250000    -655.52088473       5.24713818    -650.27374656   654.736889  4490.975601
   86.300000    -654.78352298       4.78835032    -649.99517265   597.489430  4493.541012
   86.350000    -655.81650224       5.85969571    -649.95680653   731.171700  4496.113724
   86.400000    -655.21544919       5.34562237    -649.86982682   667.025728  4498.682998
   86.450000    -654.90253615       5.06472505    -649.83781110   631.975415  4501.251130
   86.500000    -654.82019818       4.35082360    -650.46937459   542.894929  4503.816767
   86.550000    -656.31580514       5.11182576    -651.20397938   637.852633  4506.404913
   86.600000    -655.40862393       4.46906480    -650.93955913   557.649044  4508.972868
   86.650000    -655.89966677       5.69916599    -650.20050078   711.140833  4511.526393
   86.700000    -656.07826648       6.09119312    -649.98707335   760.057903  4514.081857
   86.750000    -654.85626920       4.47135669    -650.38491251   557.935025  4516.637787
   86.800000    -656.20075228       5.36467495    -650.83607733   669.403105  4519.189970
   86.850000    -654.36062134       5.04173923    -649.31888211   629.107249  4522.099562
   86.900000    -654.70927247       5.73763193    -648.97164054   715.940606  4524.689932
   86.950000    -654.74898526       5.63264852    -649.11633675   702.840795  4527.317902
   87.000000    -655.13426613       5.23748768    -649.89677845   653.532703  4529.957077
   87.050000    -655.78308905       5.38354251    -650.39954654   671.757396  4532.572779
   87.100000    -655.23344806       4.06474381    -651.16870424   507.197949  4535.210335
   87.150000    -655.64843867       5.46736866    -650.18107001   682.217207  4537.831573
   87.200000    -654.21729509       4.38220963    -649.83508546   546.811272  4540.459848
   87.250000    -655.48037896       6.70214112    -648.77823785   836.291876  4543.058476
   87.300000    -653.33032105       5.90729948    -647.42302156   737.111690  4545.644368
   87.350000    -653.65162390       5.55472529    -648.09689861   693.117550  4548.231841
   87.400000    -653.96335878       6.31323534    -647.65012343   787.764288  4550.817650
   87.450000    -654.32559390       6.21635473    -648.10923917   775.675544  4553.403750
   87.500000    -654.21565912       6.59475943    -647.62089970   822.892809  4555.988821
   87.550000    -654.15211848       6.38161789    -647.77050059   796.297049  4558.574309
   87.600000    -653.34512856       5.86591324    -647.47921532   731.947523  4561.160470
   87.650000    -653.95773576       5.98370658    -647.97402918   746.645753  4563.746549
   87.700000    -654.65099180       6.14837575    -648.50261604   767.193141  4566.329218
   87.750000    -654.69773290       5.74401512    -648.95371778   716.737098  4568.918252
   87.800000    -654.57173048       5.82285155    -648.74887894   726.574293  4571.500807
   87.850000    -654.03915404       5.52089293    -648.51826111   688.895954  4574.083278
   87.900000    -655.14639331       6.42483576    -648.72155756   801.689766  4576.677042
   87.950000    -655.39424199       6.73183096    -648.66241103   839.996568  4579.306003
   88.000000    -655.16750075       5.52665932    -649.64084144   689.615483  4581.944989
   88.050000    -655.85312722       5.85871074    -649.99441648   731.048796  4584.575051
   88.100000    -656.21361889       6.50863090    -649.70498798   812.145709  4587.211113
   88.150000    -654.73015152       4.76248275    -649.96766877   594.261678  4589.846261
   88.200000    -656.04546878       5.88933530    -650.15613348   734.870123  4592.487283
   88.250000    -655.80501293       5.78641927    -650.01859365   722.028281  4595.088280
   88.300000    -655.76574902       6.40236903    -649.36337999   798.886372  4597.687409
   88.350000    -655.01486213       6.38365362    -648.63120852   796.551067  4600.278646
   88.400000    -655.31434638       6.13221619    -649.18213018   765.176754  4602.863733
   88.450000    -655.44748356       5.90778783    -649.53969573   737.172626  4605.436879
   88.500000    -654.35960273       4.86571300    -649.49388973   607.142730  4608.006349
   88.550000    -655.51161218       5.49253483    -650.01907735   685.357437  4610.578664
   88.600000    -655.93189827       5.92680904    -650.00508923   739.546088  4613.150277
   88.650000    -655.78857375       5.06142014    -650.72715361   631.563029  4615.723309
   88.700000    -655.89289815       5.65413677    -650.23876138   705.522095  4618.294772
   88.750000    -656.36462449       5.45091011    -650.91371438   680.163512  4620.879974
   88.800000    -656.51440911       6.15131288    -650.36309622   767.559635  4623.452380
   88.850000    -655.65080979       5.33706511    -650.31374469   665.957955  4626.036167
   88.900000    -655.58829730       5.70358241    -649.88471490   711.691913  4628.611899
   88.950000    -655.59473152       6.21859144    -649.37614008   775.954640  4631.187525
   89.000000    -654.87466642       5.08093195    -649.79373448   633.997708  4633.764457
   89.050000    -656.19644447       5.48508358    -650.71136089   684.427670  4636.339330
   89.100000    -656.01694474       5.50890154    -650.50804320   687.399671  4638.927835
   89.150000    -655.07333124       5.31964600    -649.75368524   663.784401  4641.511751
   89.200000    -655.14996966       5.57154125    -649.57842842   695.215842  4644.092126
   89.250000    -655.50685149       5.79344335    -649.71340814   722.904743  4646.665138
   89.300000    -654.55644715       6.00554784    -648.55089930   749.371101  4649.235195
   89.350000    -655.41066158       5.66973313    -649.74092845   707.468206  4651.805984
   89.400000    -654.86481165       5.59948986    -649.26532179   698.703265  4654.377824
   89.450000    -654.50954083       5.51386325    -648.99567758   688.018793  4656.949048
   89.500000    -655.06057074       6.14497991    -648.91559084   766.769407  4659.506299
   89.550000    -654.59738204       5.88202173    -648.71536032   733.957537  4662.063310
   89.600000    -655.83752024       6.62849765    -649.20902258   827.102658  4664.618952
   89.650000    -654.66649265       4.82807616    -649.83841649   602.446412  4667.175531
   89.700000    -656.27368285       6.33973627    -649.93394657   791.071069  4669.734481
   89.750000    -656.18843365       5.98707795    -650.20135569   747.066432  4672.341737
   89.800000    -655.27226039       5.71126358    -649.56099681   712.650367  4674.975909
   89.850000    -654.73535997       4.42354865    -650.31181132   551.969547  4677.618023
   89.900000    -656.34212423       5.87100824    -650.47111598   732.583276  4680.242678
   89.950000    -656.11694914       4.77876526    -651.33818389   596.293407  4682.887804
   90.000000    -655.33670550       4.40789234    -650.92881317   550.015955  4685.516379
   90.050000    -656.53497823       5.74089678    -650.79408145   716.347993  4688.144667
   90.100000    -656.16332467       4.99559476    -651.16772991   623.349351  4690.736373
   90.150000    -655.56898469       4.75234449    -650.81664019   592.996629  4693.324516
   90.200000    -656.56156221       6.42246274    -650.13909947   801.393662  4695.915775
   90.250000    -655.66851324       4.70955838    -650.95895486   587.657786  4698.505530
   90.300000    -655.84524555       5.52302737    -650.32221818   689.162290  4701.097086
   90.350000    -656.47607138       5.52255496    -650.95351642   689.103343  4703.688172
   90.400000    -655.53979132       4.45590775    -651.08388358   556.007309  4706.283045
   90.450000    -656.42180527       5.60394292    -650.81786235   699.258917  4708.878057
   90.500000    -655.22379016       4.54281076    -650.68097940   566.851050  4711.474056
   90.550000    -655.68617336       5.14227543    -650.54389793   641.652136  4714.068793
   90.600000    -655.04909138       5.50692325    -649.54216813   687.152820  4716.659420
   90.650000    -655.58084836       6.40244659    -649.17840178   798.896050  4719.241997
   90.700000    -655.09917882       5.81315982    -649.28601900   725.364961  4721.823434
   90.750000    -654.92213204       6.19684259    -648.72528945   773.240823  4724.433552
   90.800000    -654.58121345       5.64443016    -648.93678328   704.310907  4727.064351
   90.850000    -655.33483898       6.23463149    -649.10020749   777.956114  4729.695650
   90.900000    -654.62609171       5.50653928    -649.11955243   687.104909  4732.317102
   90.950000    -655.03906362       5.47593619    -649.56312744   683.286261  4734.954099
   91.000000    -655.20514144       5.07283675    -650.13230469   632.987591  4737.581654
   91.050000    -656.15286015       5.56205168    -650.59080847   694.031736  4740.217646
   91.100000    -655.86795492       5.26699036    -650.60096456   657.214042  4742.815651
   91.150000    -655.28316276       4.83442566    -650.44873710   603.238702  4745.406675
   91.200000    -655.24353170       5.60136028    -649.64217142   698.936656  4747.997857
   91.250000    -655.39833702       5.61282769    -649.78550933   700.367557  4750.589599
   91.300000    -654.77953888       5.53184578    -649.24769310   690.262649  4753.169198
   91.350000    -655.06038963       5.78004353    -649.28034610   721.232717  4755.747845
   91.400000    -655.01259351       5.67474427    -649.33784924   708.093495  4758.320022
   91.450000    -654.89863754       5.60231809    -649.29631945   699.056171  4760.902433
   91.500000    -655.31045996       6.50747175    -648.80298822   812.001069  4763.477582
   91.550000    -655.25879671       5.93933833    -649.31945838   741.109492  4766.054539
   91.600000    -654.62291161       4.83520189    -649.78770972   603.335559  4768.629637
   91.650000    -655.94969706       5.65565296    -650.29404410   705.711285  4771.204387
   91.700000    -655.30228787       4.68645322    -650.61583465   584.774729  4773.778177
   91.750000    -656.89849376       6.20293355    -650.69556021   774.000851  4776.353753
   91.800000    -655.30910892       4.58981986    -650.71928906   572.716837  4778.928444
   91.850000    -656.35677949       5.93034552    -650.42643397   739.987371  4781.500682
   91.900000    -655.14357649       5.10974940    -650.03382708   637.593545  4784.079581
   91.950000    -655.48601581       5.06640649    -650.41960932   632.185224  4786.650677
   92.000000    -655.70926239       5.25727660    -650.45198579   656.001960  4789.219288
   92.050000    -655.73117735       5.17988096    -650.55129639   646.344548  4791.786435
   92.100000    -655.67074026       5.33242646    -650.33831380   665.379145  4794.349795
   92.150000    -656.27295281       6.17650024    -650.09645257   770.702508  4796.911890
   92.200000    -655.27212199       4.63433712    -650.63778487   578.271692  4799.475897
   92.250000    -656.09881949       5.57207598    -650.52674352   695.282565  4802.037312
   92.300000    -655.92923637       5.51485111    -650.41438526   688.142058  4804.598336
   92.350000    -656.03032412       5.25431178    -650.77601234   655.632010  4807.168596
   92.400000    -656.08674263       5.63062058    -650.45612205   702.587750  4809.725832
   92.450000    -656.42963443       6.00846743    -650.42116700   749.735407  4812.278068
   92.500000    -655.48315138       5.18300501    -650.30014638   646.734365  4814.833137
   92.550000    -655.79390048       5.57006708    -650.22383340   695.031896  4817.393040
   92.600000    -655.69840709       6.15334391    -649.54506318   767.813066  4819.985826
   92.650000    -655.25497580       4.98843825    -650.26653755   622.456363  4822.613669
   92.700000    -654.79083323       5.36726651    -649.42356672   669.726479  4825.259423
   92.750000    -655.19266679       5.88134603    -649.31132076   733.873224  4827.876794
   92.800000    -654.82615745       6.05622892    -648.76992853   755.695077  4830.506890
   92.850000    -654.86647180       5.35125510    -649.51521670   667.728579  4833.122900
   92.900000    -654.88910259       6.48718498    -648.40191761   809.469690  4835.760203
   92.950000    -654.97233477       6.26278474    -648.70955003   781.469072  4838.354434
   93.000000    -654.99440364       6.42779367    -648.56660997   802.058854  4840.952198
   93.050000    -655.08958488       5.90936475    -649.18022013   737.369394  4843.543810
   93.100000    -655.06196896       6.19077604    -648.87119292   772.483840  4846.133168
   93.150000    -654.12002850       4.47506500    -649.64496350   558.397748  4848.730908
   93.200000    -654.29035346       5.89732472    -648.39302873   735.867041  4851.324741
   93.250000    -654.18011449       6.02270731    -648.15740718   751.512257  4853.923788
   93.300000    -655.23024333       6.06627298    -649.16397035   756.948372  4856.523057
   93.350000    -655.20901259       6.46306120    -648.74595139   806.459530  4859.122324
   93.400000    -654.97961571       6.20921300    -648.77040271   774.784401  4861.721151
   93.450000    -655.32591146       5.57613884    -649.74977263   695.789529  4864.313706
   93.500000    -655.26111665       6.36147073    -648.89964592   793.783090  4866.917058
   93.550000    -654.29308190       5.88020238    -648.41287952   733.730519  4869.516855
   93.600000    -655.50554798       6.22771634    -649.27783164   777.093243  4872.136090
   93.650000    -655.45213133       6.79753186    -648.65459948   848.194714  4874.770895
   93.700000    -654.55649693       5.21677095    -649.33972598   650.947672  4877.409432
   93.750000    -655.55367792       5.93943520    -649.61424272   741.121579  4880.039604
   93.800000    -654.83708985       5.15810196    -649.67898789   643.626968  4882.676924
   93.850000    -654.36587859       5.60715487    -648.75872372   699.659703  4885.298916
   93.900000    -654.61283570       5.69117273    -648.92166297   710.143435  4887.934441
   93.950000    -655.00818400       5.79317296    -649.21501105   722.871004  4890.528977
   94.000000    -654.71543707       5.50880770    -649.20662937   687.387963  4893.112276
   94.050000    -655.79063746       5.41282527    -650.37781219   675.411294  4895.700747
   94.100000    -654.91190299       4.93891093    -649.97299206   616.276353  4898.287760
   94.150000    -655.31764101       4.91093701    -650.40670401   612.785772  4900.876475
   94.200000    -656.48056423       6.31558341    -650.16498082   788.057280  4903.447586
   94.250000    -656.11775557       5.91539942    -650.20235615   738.122399  4906.011765
   94.300000    -655.28469048       5.62364384    -649.66104663   701.717194  4908.580506
   94.350000    -654.90757862       5.00214406    -649.90543456   624.166571  4911.149990
   94.400000    -654.85692710       5.72628509    -649.13064200   714.524750  4913.723440
   94.450000    -655.82179250       5.79899811    -650.02279439   723.597866  4916.294471
   94.500000    -655.22395487       4.35459570    -650.86935917   543.365611  4918.856814
   94.550000    -655.98870938       5.40707657    -650.58163281   674.693972  4921.422856
   94.600000    -655.19532312       5.18308926    -650.01223385   646.744878  4923.989213
   94.650000    -655.79160356       5.22416322    -650.56744034   651.870079  4926.558130
   94.700000    -656.09432933       5.00465488    -651.08967445   624.479871  4929.129736
   94.750000    -655.95404652       4.41618831    -651.53785821   551.051126  4931.696072
   94.800000    -656.33089113       4.43779395    -651.89309718   553.747073  4934.264991
   94.850000    -656.57033853       5.13983990    -651.43049863   641.348231  4936.833074
   94.900000    -656.20508414       5.06672382    -651.13836032   632.224821  4939.400257
   94.950000    -655.61990153       5.14615595    -650.47374558   642.136347  4941.964139
   95.000000    -656.50411836       5.75956626    -650.74455210   718.677567  4944.531893
   95.050000    -656.06372545       5.98310012    -650.08062533   746.570079  4947.100066
   95.100000    -655.73756081       5.79799644    -649.93956437   723.472878  4949.669928
   95.150000    -654.48852447       5.38293990    -649.10558456   671.682203  4952.232571
   95.200000    -654.80346631       6.07470969    -648.72875663   758.001103  4954.785887
   95.250000    -655.75365225       6.38880308    -649.36484916   797.193616  4957.339663
   95.300000    -655.13459913       6.41648415    -648.71811498   800.647655  4959.895457
   95.350000    -655.07830501       6.27585126    -648.80245375   783.099509  4962.450286
   95.400000    -654.46480104       6.03105414    -648.43374691   752.553772  4965.003383
   95.450000    -654.43614891       6.16572832    -648.27042059   769.358390  4967.606863
   95.500000    -654.01440410       6.01867884    -647.99572526   751.009585  4970.238038
   95.550000    -654.10837774       5.73334929    -648.37502845   715.406219  4972.872467
   95.600000    -655.08410627       5.64174541    -649.44236086   703.975904  4975.499994
   95.650000    -654.82968136       5.68809811    -649.14158325   709.759785  4978.140907
   95.700000    -654.24038744       5.66257912    -648.57780832   706.575530  4980.772126
   95.750000    -655.35890884       5.72275535    -649.63615349   714.084308  4983.402466
   95.800000    -654.88242937       5.55391228    -649.32851709   693.016103  4985.985394
   95.850000    -655.22026854       6.04253271    -649.17773583   753.986066  4988.567886
   95.900000    -654.94698748       5.20643315    -649.74055433   649.657724  4991.155679
   95.950000    -654.80298123       5.60177019    -649.20121105   698.987804  4993.743749
   96.000000    -654.74935754       6.17873128    -648.57062626   770.980898  4996.334461
   96.050000    -655.30759795       5.99307392    -649.31452403   747.814607  4998.939821
   96.100000    -655.18552239       5.06822698    -650.11729541   632.412384  5001.530671
   96.150000    -655.29273775       5.41656429    -649.87617346   675.877847  5004.126927
   96.200000    -654.96109131       6.08641676    -648.87467455   759.461909  5006.721438
   96.250000    -654.68454369       6.19301136    -648.49153233   772.762763  5009.303247
   96.300000    -654.90625309       6.05916202    -648.84709106   756.061068  5011.895545
   96.350000    -655.27737682       5.32372604    -649.95365078   664.293509  5014.479523
   96.400000    -656.08258756       6.26626049    -649.81632707   781.902775  5017.058072
   96.450000    -655.51297411       5.84411787    -649.66885624   729.227901  5019.679611
   96.500000    -655.91342658       6.35820162    -649.55522496   793.375172  5022.303973
   96.550000    -654.68201868       4.89291829    -649.78910039   610.537401  5024.926651
   96.600000    -655.52208465       6.64704782    -648.87503682   829.417345  5027.544591
   96.650000    -655.02825444       5.98352247    -649.04473197   746.622779  5030.165002
   96.700000    -654.61803114       5.25853797    -649.35949317   656.159354  5032.786045
   96.750000    -655.30465416       6.35875183    -648.94590234   793.443826  5035.406685
   96.800000    -655.82336967       5.59200833    -650.23136133   697.769721  5037.993360
   96.850000    -655.37558665       5.00531397    -650.37027268   624.562112  5040.578101
   96.900000    -656.15084182       5.37972059    -650.77112123   671.280497  5043.165030
   96.950000    -656.53577167       5.03448899    -651.50128267   628.202565  5045.746640
   97.000000    -656.28674451       4.99176582    -651.29497870   622.871576  5048.313612
   97.050000    -655.25455823       5.23706688    -650.01749135   653.480195  5050.882046
   97.100000    -655.17503151       5.90298083    -649.27205068   736.572809  5053.453678
   97.150000    -654.81203848       5.51323917    -649.29879931   687.940920  5056.027281
   97.200000    -655.47066240       5.74722890    -649.72343350   717.138114  5058.596536
   97.250000    -654.81104506       4.77479865    -650.03624641   595.798454  5061.164631
   97.300000    -655.28999615       4.99363404    -650.29636211   623.104692  5063.733538
   97.350000    -655.76205062       6.48598226    -649.27606836   809.319616  5066.302661
   97.400000    -654.59136217       4.48456239    -650.10679978   559.582830  5068.868909
   97.450000    -655.63351836       5.41261563    -650.22090273   675.385135  5071.436334
   97.500000    -655.47430054       5.31445686    -650.15984368   663.136902  5074.005436
   97.550000    -655.26943582       5.49441978    -649.77501603   685.592641  5076.576372
   97.600000    -655.71721909       5.57034448    -650.14687460   695.066510  5079.145308
   97.650000    -654.94961177       4.30745499    -650.64215678   537.483403  5081.725488
   97.700000    -655.62140053       5.29038097    -650.33101956   660.132718  5084.297133
   97.750000    -655.45187226       4.63817177    -650.81370049   578.750179  5086.883204
   97.800000    -656.20471534       5.95530491    -650.24941043   743.101797  5089.458739
   97.850000    -655.41494664       6.43325676    -648.98168989   802.740537  5092.036292
   97.900000    -654.82546205       5.28265466    -649.54280739   659.168630  5094.618181
   97.950000    -654.14079792       4.74898173    -649.39181618   592.577025  5097.196555
   98.000000    -655.56195651       6.29915792    -649.26279859   786.007710  5099.777339
   98.050000    -654.31670437       5.75641282    -648.56029155   718.284081  5102.338204
   98.100000    -654.53037969       6.06044464    -648.46993504   756.221113  5104.915017
   98.150000    -655.01268142       6.87728947    -648.13539196   858.146853  5107.515551
   98.200000    -654.04721649       6.48619141    -647.56102508   809.345713  5110.073946
   98.250000    -654.36771110       5.76429924    -648.60341185   719.268148  5112.645192
   98.300000    -654.90719004       6.26846859    -648.63872145   782.178302  5115.279296
   98.350000    -654.34013315       4.88367364    -649.45645951   609.383855  5117.954325
   98.400000    -655.54890429       6.73063042    -648.81827387   839.846765  5120.600153
   98.450000    -654.53467860       5.68418267    -648.85049593   709.271217  5123.242429
   98.500000    -654.71385486       6.91156424    -647.80229062   862.423652  5125.875084
   98.550000    -654.17425860       5.71785777    -648.45640083   713.473190  5128.511612
   98.600000    -654.31019495       6.10734689    -648.20284806   762.073567  5131.144409
   98.650000    -654.54326726       5.32692069    -649.21634657   664.692137  5133.731719
   98.700000    -655.56408509       6.25137874    -649.31270635   780.045833  5136.321249
   98.750000    -654.29167253       6.15503339    -648.13663914   768.023879  5138.908014
   98.800000    -655.46772093       6.22726423    -649.24045670   777.036830  5141.494063
   98.850000    -656.06397883       6.22384642    -649.84013241   776.610355  5144.079205
   98.900000    -653.96841252       4.79692294    -649.17148958   598.559119  5146.669568
   98.950000    -654.74289052       6.03586019    -648.70703032   753.153471  5149.281180
   99.000000    -654.46947980       5.43330680    -649.03617300   677.966975  5151.879528
   99.050000    -654.20969374       5.25377589    -648.95591785   655.565142  5154.464099
   99.100000    -654.44184814       5.87386348    -648.56798465   732.939552  5157.050214
   99.150000    -654.61709830       6.14687404    -648.47022426   767.005757  5159.636030
   99.200000    -654.58597872       6.23445097    -648.35152775   777.933589  5162.216816
   99.250000    -654.95106710       6.42758667    -648.52348043   802.033025  5164.793465
   99.300000    -654.35915520       5.81870421    -648.54045100   726.056789  5167.409794
   99.350000    -653.78813840       5.41396843    -648.37416996   675.553937  5170.029768
   99.400000    -654.23395586       5.91382738    -648.32012848   737.926240  5172.653962
   99.450000    -653.64248056       4.85704914    -648.78543142   606.061654  5175.282799
   99.500000    -655.08494852       6.05909744    -649.02585108   756.053009  5177.910990
   99.550000    -654.54814119       5.32147132    -649.22666987   664.012165  5180.563882
   99.600000    -655.53821447       5.58963004    -649.94858443   697.472958  5183.194346
   99.650000    -654.74356242       5.44671990    -649.29684252   679.640659  5185.785304
   99.700000    -654.77111938       5.36339923    -649.40772015   669.243922  5188.375411
   99.750000    -655.05607872       5.52510383    -649.53097489   689.421391  5190.961287
   99.800000    -654.80172352       6.08053232    -648.72119120   758.727650  5193.542910
   99.850000    -655.22360674       5.88601485    -649.33759189   734.455798  5196.122233
   99.900000    -654.34796849       5.21005783    -649.13791066   650.110010  5198.695363
   99.950000    -655.22253432       6.35148219    -648.87105213   792.536722  5201.274573
  100.000000    -653.52051936       4.50060092    -649.01991844   561.584115  5203.846598
  100.050000    -654.37843288       5.46788791    -648.91054497   682.281999  5206.419896
  100.100000    -654.07114165       5.42061312    -648.65052853   676.383059  5209.010564
  100.150000    -654.60072779       5.67568406    -648.92504373   708.210762  5211.589791
  100.200000    -654.27639850       4.96914075    -649.30725775   620.048424  5214.165544
  100.250000    -655.13147544       6.59222481    -648.53925063   822.576540  5216.737646
  100.300000    -655.40347950       5.92469991    -649.47877959   739.282912  5219.317935
  100.350000    -655.13924079       5.19107164    -649.94816914   647.740918  5221.888155
  100.400000    -655.70661444       5.75797632    -649.94863812   718.479175  5224.455796
  100.450000    -654.96796537       5.15599355    -649.81197182   643.363880  5227.020809
  100.500000    -654.27896352       5.22363809    -649.05532544   651.804553  5229.586008
  100.550000    -654.86705074       5.99649988    -648.87055086   748.242098  5232.150898
  100.600000    -654.44441678       6.28100696    -648.16340982   783.742837  5234.719370
  100.650000    -653.86362959       4.71393756    -649.14969203   588.204219  5237.285737
  100.700000    -655.19334714       6.34852279    -648.84482435   792.167449  5239.845959
  100.750000    -653.47509412       4.84907446    -648.62601966   605.066576  5242.410563
  100.800000    -654.84840383       5.74817256    -649.10023127   717.255863  5244.976187
  100.850000    -654.91585829       5.61520385    -649.30065444   700.664054  5247.536773
  100.900000    -655.01423052       4.80932668    -650.20490384   600.106855  5250.087565
  100.950000    -654.78689566       4.86091534    -649.92598032   606.544078  5252.641078
  101.000000    -655.78804095       5.62260232    -650.16543863   701.587233  5255.198405
  101.050000    -655.89321720       5.79731983    -650.09589736   723.388451  5257.755115
  101.100000    -655.38746125       5.43500979    -649.95245147   678.179473  5260.310138
  101.150000    -654.76585988       5.21051808    -649.55534180   650.167441  5262.922422
  101.200000    -655.65899309       6.04734891    -649.61164418   754.587031  5265.539312
  101.250000    -655.51838062       5.26376767    -650.25461295   656.811915  5268.161427
  101.300000    -656.56555315       6.48564470    -650.07990845   809.277495  5270.782486
  101.350000    -654.81969784       4.54443441    -650.27526343   567.053650  5273.405088
  101.400000    -655.61724446       4.79673859    -650.82050588   598.536116  5276.033305
  101.450000    -656.11195724       5.82111474    -650.29084250   726.357574  5278.657631
  101.500000    -656.13001141       5.59181450    -650.53819692   697.745534  5281.244929
  101.550000    -655.18282786       5.07915023    -650.10367763   633.775386  5283.833719
  101.600000    -655.74763539       6.30232820    -649.44530719   786.403298  5286.422080
  101.650000    -655.12614449       6.16721819    -648.95892629   769.544297  5289.007965
  101.700000    -655.06183411       6.67309967    -648.38873444   832.668090  5291.596830
  101.750000    -655.42158816       5.99228404    -649.42930412   747.716047  5294.186057
  101.800000    -655.65722664       6.64663293    -649.01059371   829.365575  5296.770247
  101.850000    -655.03948104       6.08345869    -648.95602234   759.092802  5299.357338
  101.900000    -654.54966260       5.62889155    -648.92077106   702.372001  5301.945478
  101.950000    -654.99935653       5.71743479    -649.28192175   713.420410  5304.531312
  102.000000    -655.48572172       6.77894084    -648.70678088   845.874931  5307.117311
  102.050000    -655.60589792       5.72924660    -649.87665132   714.894285  5309.704370
  102.100000    -654.85324966       5.36581522    -649.48743444   669.545389  5312.285161
  102.150000    -654.55671711       4.63198671    -649.92473039   577.978409  5314.902124
  102.200000    -654.88756959       5.15811594    -649.72945365   643.628712  5317.531996
  102.250000    -654.55172187       5.05167994    -649.50004193   630.347648  5320.156429
  102.300000    -655.35070387       6.77385239    -648.57685148   845.239995  5322.785689
  102.350000    -654.57067421       5.21892877    -649.35174544   651.216925  5325.413503
  102.400000    -655.03906575       5.91645001    -649.12261574   738.253490  5328.045295
  102.450000    -655.40045076       5.80407589    -649.59637487   724.231470  5330.678620
  102.500000    -655.72978701       5.75242579    -649.97736121   717.786581  5333.270531
  102.550000    -655.48803277       4.75413373    -650.73389905   593.219889  5335.859803
  102.600000    -655.81437284       5.04330433    -650.77106851   629.302541  5338.448809
  102.650000    -655.39012460       5.17302147    -650.21710313   645.488621  5341.036690
  102.700000    -654.77329366       4.81809024    -649.95520341   601.200371  5343.608330
  102.750000    -654.51964642       5.25249230    -649.26715412   655.404976  5346.172573
  102.800000    -654.86158499       5.64384363    -649.21774136   704.237719  5348.736129
  102.850000    -655.03243545       6.08212636    -648.95030909   758.926553  5351.298413
  102.900000    -654.90134338       5.51366517    -649.38767820   687.994077  5353.863223
  102.950000    -655.07595401       5.69849045    -649.37746356   711.056539  5356.429078
  103.000000    -654.34503801       5.08532153    -649.25971648   634.545440  5358.997603
  103.050000    -655.59736754       5.82981375    -649.76755379   727.443036  5361.573456
  103.100000    -654.62022615       5.10131653    -649.51890962   636.541293  5364.148389
  103.150000    -655.39749689       5.91936806    -649.47812882   738.617605  5366.718871
  103.200000    -655.28490784       4.92921332    -650.35569452   615.066287  5369.293198
  103.250000    -655.41778459       5.33826190    -650.07952269   666.107290  5371.870115
  103.300000    -655.25119683       5.53463206    -649.71656477   690.610320  5374.449750
  103.350000    -654.84835793       5.66033014    -649.18802779   706.294903  5377.029877
  103.400000    -654.91970236       5.74719403    -649.17250833   717.133763  5379.609277
  103.450000    -654.47101595       4.95743778    -649.51357817   618.588130  5382.182819
  103.500000    -655.22444380       5.71792446    -649.50651933   713.481512  5384.763619
  103.550000    -654.47918830       5.15409107    -649.32509723   643.126490  5387.353756
  103.600000    -655.10409705       5.98550421    -649.11859284   746.870060  5389.936635
  103.650000    -653.91692792       5.34331974    -648.57360819   666.738406  5392.510175
  103.700000    -655.42831097       6.38096048    -649.04735049   796.215018  5395.070113
  103.750000    -655.12603569       5.87335252    -649.25268317   732.875795  5397.642973
  103.800000    -654.38776932       5.14459266    -649.24317666   641.941279  5400.220188
  103.850000    -654.85962577       5.47374366    -649.38588211   683.012678  5402.801329
  103.900000    -655.10585392       5.73472500    -649.37112892   715.577880  5405.370593
  103.950000    -654.94565054       5.10234362    -649.84330692   636.669452  5407.989328
  104.000000    -655.41879238       5.21832004    -650.20047234   651.140968  5410.633002
  104.050000    -655.66005081       5.22705868    -650.43299213   652.231373  5413.284852
  104.100000    -655.88869738       4.85640165    -651.03229573   605.980862  5415.917918
  104.150000    -655.54367924       4.96405563    -650.57962361   619.413904  5418.577675
  104.200000    -655.55937680       4.51814931    -651.04122748   563.773800  5421.216432
  104.250000    -655.55876384       5.47443389    -650.08432995   683.098805  5423.869084
  104.300000    -655.28550887       5.76734073    -649.51816814   719.647664  5426.469757
  104.350000    -654.80060609       5.61686141    -649.18374467   700.870884  5429.070400
  104.400000    -654.78383087       5.80909175    -648.97473912   724.857348  5431.665629
  104.450000    -654.54084507       6.02597293    -648.51487214   751.919740  5434.261474
  104.500000    -655.00119611       7.82389786    -647.17729825   976.264466  5436.876882
  104.550000    -654.19689862       5.91602623    -648.28087238   738.200612  5439.478991
  104.600000    -653.81433243       5.51904098    -648.29529145   688.664869  5442.076778
  104.650000    -655.83111300       6.50773700    -649.32337600   812.034168  5444.686551
  104.700000    -655.02586302       5.72076005    -649.30510297   713.835335  5447.291063
  104.750000    -655.97876336       6.11047797    -649.86828539   762.464262  5449.888783
  104.800000    -656.00284066       5.61188663    -650.39095402   700.250132  5452.491311
  104.850000    -655.01732020       4.92334741    -650.09397279   614.334340  5455.083378
  104.900000    -655.20449818       5.42831485    -649.77618333   677.344080  5457.665629
  104.950000    -655.95081211       6.19064396    -649.76016815   772.467359  5460.264256
  105.000000    -654.33696412       5.39131006    -648.94565406   672.726629  5462.878819
  105.050000    -654.42492317       5.74381847    -648.68110470   716.712561  5465.508078
  105.100000    -655.57117294       6.01925074    -649.55192220   751.080946  5468.126524
  105.150000    -656.00832135       6.24705108    -649.76127028   779.505828  5470.754744
  105.200000    -654.97351583       5.27417456    -649.69934127   658.110484  5473.365663
  105.250000    -654.93945285       5.65109936    -649.28835349   705.143088  5475.987759
  105.300000    -654.79667457       5.51121805    -649.28545652   687.688725  5478.578019
  105.350000    -656.00423655       6.17457314    -649.82966341   770.462046  5481.160803
  105.400000    -655.57926935       5.08859203    -650.49067732   634.953532  5483.740942
  105.450000    -655.51770400       4.70464692    -650.81305708   587.044935  5486.315875
  105.500000    -655.89029859       5.42909532    -650.46120326   677.441467  5488.891926
  105.550000    -655.66809735       5.38873710    -650.27936025   672.405576  5491.453773
  105.600000    -654.98811112       5.53821280    -649.44989832   691.057125  5494.015525
  105.650000    -654.62256534       4.68085710    -649.94170823   584.076446  5496.571253
  105.700000    -654.60885277       5.83579061    -648.77306215   728.188827  5499.134576
  105.750000    -654.23998978       5.15926901    -649.08072077   643.772591  5501.691469
  105.800000    -654.71380009       5.38107461    -649.33272548   671.449452  5504.252247
  105.850000    -654.73100124       5.31990335    -649.41109789   663.816514  5506.811706
  105.900000    -655.22341842       6.12095603    -649.10246239   763.771712  5509.370576
  105.950000    -655.17837730       5.52456915    -649.65380815   689.354673  5511.954640
  106.000000    -654.86957443       5.49514934    -649.37442509   685.683674  5514.544542
  106.050000    -654.80435723       5.20532813    -649.59902910   649.519840  5517.140094
  106.100000    -655.39333934       5.09686619    -650.29647316   635.985979  5519.745292
  106.150000    -654.29737175       4.90367477    -649.39369697   611.879592  5522.344918
  106.200000    -654.37892990       5.46457584    -648.91435406   681.868720  5524.933040
  106.250000    -654.17808532       5.36778331    -648.81030201   669.790966  5527.556701
  106.300000    -654.99633530       6.03089781    -648.96543749   752.534266  5530.160656
  106.350000    -655.59449866       5.24352971    -650.35096895   654.286626  5532.743932
  106.400000    -654.90390393       5.60850512    -649.29539881   699.828186  5535.314702
  106.450000    -654.88562450       5.77884862    -649.10677588   721.083616  5537.899242
  106.500000    -655.44466823       5.29764735    -650.14702089   661.039414  5540.484751
  106.550000    -654.87829474       4.78461960    -650.09367513   597.023911  5543.054986
  106.600000    -655.45095782       5.88649058    -649.56446723   734.515160  5545.622829
  106.650000    -654.79242846       4.94223713    -649.85019133   616.691396  5548.194080
  106.700000    -654.05292119       5.38092616    -648.67199503   671.430928  5550.773105
  106.750000    -656.08082139       6.26074250    -649.82007889   781.214241  5553.345827
  106.800000    -654.81215410       4.31959371    -650.49256039   538.998070  5555.917112
  106.850000    -655.19801944       5.75035898    -649.44766046   717.528684  5558.515767
  106.900000    -654.85422190       5.37316448    -649.48105742   670.462428  5561.127399
  106.950000    -654.34794234       5.84385442    -648.50408793   729.195027  5563.720206
  107.000000    -655.03190457       7.20421184    -647.82769274   898.940163  5566.340051
  107.050000    -653.99949632       5.72070848    -648.27878784   713.828901  5568.949074
  107.100000    -653.43796154       4.48324908    -648.95471246   559.418955  5571.551443
  107.150000    -654.07690484       5.21549400    -648.86141083   650.788336  5574.136359
  107.200000    -654.35566971       5.63765835    -648.71801136   703.465922  5576.716582
  107.250000    -654.21785288       5.18267735    -649.03517553   646.693480  5579.288540
  107.300000    -654.79528447       5.72785001    -649.06743446   714.720019  5581.860992
  107.350000    -654.61828713       6.45802056    -648.16026657   805.830560  5584.437548
  107.400000    -654.52735746       5.87477447    -648.65258298   733.053226  5587.004223
  107.450000    -654.90874650       6.11262705    -648.79611946   762.732424  5589.574908
  107.500000    -654.43717898       5.42253077    -649.01464821   676.622343  5592.135716
  107.550000    -654.75120934       6.06882416    -648.68238518   757.266708  5594.700175
  107.600000    -654.44565020       6.62832549    -647.81732470   827.081177  5597.259883
  107.650000    -653.59792938       6.81434809    -646.78358129   850.293040  5599.819545
  107.700000    -653.46583446       6.40158625    -647.06424821   798.788698  5602.408005
  107.750000    -653.07931987       5.18978189    -647.88953798   647.579983  5604.985365
  107.800000    -653.73444373       6.21623400    -647.51820973   775.660479  5607.548259
  107.850000    -654.12510663       5.83533254    -648.28977409   728.131668  5610.143414
  107.900000    -654.42697716       7.41903307    -647.00794409   925.745515  5612.763100
  107.950000    -654.71865139       6.23527741    -648.48337399   778.036712  5615.354064
  108.000000    -653.52628377       5.36285010    -648.16343366   669.175402  5617.958256
  108.050000    -654.63024944       6.15082636    -648.47942307   767.498927  5620.579157
  108.100000    -653.39418344       5.08587833    -648.30830511   634.614917  5623.179952
  108.150000    -654.85455814       6.08582478    -648.76873337   759.388042  5625.775004
  108.200000    -654.14277131       5.28308842    -648.85968289   659.222754  5628.351087
  108.250000    -655.47248596       6.32046353    -649.15202243   788.666220  5630.915656
  108.300000    -653.59019420       4.14969793    -649.44049626   517.798508  5633.478732
  108.350000    -655.23395815       5.77367015    -649.46028799   720.437448  5636.057659
  108.400000    -655.28702416       4.97142781    -650.31559635   620.333803  5638.621839
  108.450000    -655.12724922       4.96855483    -650.15869439   619.975313  5641.171340
  108.500000    -656.04053405       5.22767386    -650.81286019   652.308136  5643.717101
  108.550000    -655.75144757       4.76987040    -650.98157717   595.183509  5646.271396
  108.600000    -655.63361411       4.69636517    -650.93724893   586.011540  5648.816700
  108.650000    -654.86530287       4.51366963    -650.35163324   563.214826  5651.363342
  108.700000    -655.41456706       5.97347865    -649.44108841   745.369514  5653.911131
  108.750000    -654.61295764       6.20441551    -648.40854213   774.185770  5656.458019
  108.800000    -655.40555871       5.79698461    -649.60857410   723.346622  5659.004961
  108.850000    -654.52764641       5.12846718    -649.39917923   639.929146  5661.552972
  108.900000    -654.71216200       5.72591695    -648.98624505   714.478813  5664.096189
  108.950000    -654.32430863       5.37588259    -648.94842604   670.801593  5666.662651
  109.000000    -655.09032343       5.23556671    -649.85475672   653.293004  5669.298225
  109.050000    -655.78101808       6.22670543    -649.55431265   776.967102  5671.891428
  109.100000    -654.45929922       5.58665077    -648.87264845   697.101205  5674.503550
  109.150000    -654.71073784       5.37072774    -649.34001009   670.158372  5677.112117
  109.200000    -654.42257694       5.60753447    -648.81504247   699.707069  5679.729009
  109.250000    -654.85975798       5.57907531    -649.28068267   696.155941  5682.349633
  109.300000    -654.36708575       5.22205304    -649.14503271   651.606771  5684.965456
  109.350000    -654.64372684       6.04546238    -648.59826446   754.351630  5687.572474
  109.400000    -655.01211939       5.77547296    -649.23664643   720.662401  5690.133172
  109.450000    -655.40970182       5.96514124    -649.44456058   744.329174  5692.664138
  109.500000    -655.39546629       5.10782433    -650.28764196   637.353334  5695.195508
  109.550000    -656.37400683       5.99558587    -650.37842096   748.128048  5697.729198
  109.600000    -655.76656433       5.79080606    -649.97575826   722.575664  5700.318665
  109.650000    -654.89349077       4.78847548    -650.10501529   597.505046  5702.912213
  109.700000    -655.76691707       5.37167176    -650.39524531   670.276166  5705.552657
  109.750000    -654.88215473       4.44311266    -650.43904207   554.410741  5708.175901
  109.800000    -655.04192114       4.78741543    -650.25450570   597.372774  5710.791349
  109.850000    -655.39036368       4.81825038    -650.57211330   601.220352  5713.401101
  109.900000    -655.76163956       5.18651999    -650.57511957   647.172963  5715.994617
  109.950000    -656.69392061       5.89953469    -650.79438593   736.142800  5718.593191
  110.000000    -655.32559502       4.81317941    -650.51241560   600.587598  5721.199307
  110.050000    -655.90017657       5.53320010    -650.36697647   690.431642  5723.763987
  110.100000    -655.82045857       5.35515791    -650.46530066   668.215571  5726.345246
  110.150000    -655.22001264       5.18150967    -650.03850297   646.547777  5728.902820
  110.200000    -655.59631098       4.85488149    -650.74142949   605.791176  5731.489914
  110.250000    -655.63283787       5.32017570    -650.31266217   663.850498  5734.107656
  110.300000    -656.14641611       5.97587882    -650.17053728   745.669007  5736.741688
  110.350000    -655.62443806       5.74818033    -649.87625773   717.256833  5739.371291
  110.400000    -654.87581130       5.43585106    -649.43996024   678.284446  5741.986443
  110.450000    -655.11506385       4.90708210    -650.20798175   612.304758  5744.581339
  110.500000    -656.06408678       5.64022916    -650.42385762   703.786707  5747.173538
  110.550000    -655.49636175       5.46263605    -650.03372569   681.626673  5749.759496
  110.600000    -654.98100593       4.80868787    -650.17231806   600.027145  5752.348967
  110.650000    -655.22079397       5.11357824    -650.10721573   638.071306  5754.932955
  110.700000    -655.27451812       4.95030583    -650.32421229   617.698206  5757.542511
  110.750000    -655.85653786       5.12378335    -650.73275451   639.344699  5760.150168
  110.800000    -655.52391304       5.07048211    -650.45343093   632.693780  5762.761377
  110.850000    -655.69907221       6.67140372    -649.02766849   832.456469  5765.369924
  110.900000    -654.95620006       5.38610637    -649.57009369   672.077313  5767.999468
  110.950000    -655.57327918       6.27912503    -649.29415415   783.508010  5770.612083
  111.000000    -655.09179066       5.75324715    -649.33854351   717.889069  5773.233830
  111.050000    -654.97120664       6.23049443    -648.74071221   777.439894  5775.824092
  111.100000    -655.59553031       6.08142398    -649.51410633   758.838911  5778.419688
  111.150000    -654.94170542       6.09445323    -648.84725219   760.464698  5781.003959
  111.200000    -655.44626868       6.04795068    -649.39831800   754.662119  5783.585218
  111.250000    -653.97867929       5.34743982    -648.63123947   667.252510  5786.157769
  111.300000    -655.41989723       6.31946673    -649.10043050   788.541840  5788.723336
  111.350000    -654.73569316       5.12790827    -649.60778489   639.859405  5791.293833
  111.400000    -653.75304920       4.82401005    -648.92903915   601.939044  5793.863539
  111.450000    -655.75526848       7.17754183    -648.57772664   895.612285  5796.439376
  111.500000    -654.23056665       4.94499028    -649.28557637   617.034933  5799.017338
  111.550000    -655.60709917       5.42984764    -650.17725153   677.535341  5801.595298
  111.600000    -654.85728499       4.88748341    -649.96980157   609.859238  5804.165924
  111.650000    -654.92042405       4.91523808    -650.00518597   613.322459  5806.734474
  111.700000    -655.02300032       5.58232375    -649.44067657   696.561280  5809.304197
  111.750000    -655.33486229       5.16682130    -650.16804099   644.714965  5811.874874
  111.800000    -655.19848385       4.98299678    -650.21548706   621.777378  5814.448017
  111.850000    -655.55943476       5.74327155    -649.81616321   716.644316  5817.017610
  111.900000    -655.33045651       5.84067755    -649.48977895   728.798618  5819.589165
  111.950000    -654.78023739       5.35185696    -649.42838043   667.803679  5822.160285
  112.000000    -654.53747371       4.80840388    -649.72906983   599.991708  5824.732343
  112.050000    -655.89439988       6.25272458    -649.64167530   780.213767  5827.309639
  112.100000    -655.30777887       4.93586443    -650.37191444   615.896211  5829.877693
  112.150000    -655.10584977       4.71706031    -650.38878945   588.593876  5832.444404
  112.200000    -655.27931730       5.34322498    -649.93609232   666.726582  5835.014454
  112.250000    -654.47062436       5.17969187    -649.29093249   646.320953  5837.577793
  112.300000    -654.65776035       5.39788956    -649.25987079   673.547618  5840.121353
  112.350000    -655.32145137       5.47826152    -649.84318985   683.576416  5842.663325
  112.400000    -654.62736602       5.22375656    -649.40360946   651.819336  5845.208346
  112.450000    -655.33997071       5.04810767    -650.29186304   629.901901  5847.750036
  112.500000    -654.67033009       4.92380182    -649.74652827   614.391042  5850.289111
  112.550000    -655.07080782       6.34613834    -648.72466949   791.869917  5852.853114
  112.600000    -654.53182380       5.83545233    -648.69637147   728.146616  5855.465671
  112.650000    -654.83007585       5.52377845    -649.30629739   689.256010  5858.081538
  112.700000    -654.76816620       5.54002761    -649.22813860   691.283576  5860.701377
  112.750000    -654.74202110       5.00016931    -649.74185179   623.920162  5863.317043
  112.800000    -654.87149356       5.88208400    -648.98940956   733.965307  5865.937712
  112.850000    -654.05271120       4.99900399    -649.05370721   623.774754  5868.534331
  112.900000    -655.59147287       6.42955011    -649.16192276   802.278022  5871.153709
  112.950000    -654.15643229       4.99536043    -649.16107186   623.320111  5873.739971
  113.000000    -655.29027590       6.24563788    -649.04463802   779.329489  5876.341389
  113.050000    -654.44351287       5.79836623    -648.64514663   723.519020  5878.935808
  113.100000    -654.35129714       5.01191855    -649.33937860   625.386229  5881.544840
  113.150000    -654.79303211       5.44858912    -649.34444300   679.873899  5884.140483
  113.200000    -654.98080834       5.89571946    -649.08508888   735.666737  5886.743683
  113.250000    -654.35993202       5.38897745    -648.97095457   672.435566  5889.356262
  113.300000    -654.21874010       5.40599541    -648.81274469   674.559064  5891.956210
  113.350000    -654.63410470       6.42870613    -648.20539857   802.172710  5894.556708
  113.400000    -655.21469542       6.59401096    -648.62068447   822.799415  5897.161051
  113.450000    -654.08291257       5.89253187    -648.19038070   735.268990  5899.760151
  113.500000    -653.76576777       5.90393337    -647.86183440   736.691666  5902.357790
  113.550000    -654.01107821       6.14292899    -647.86814922   766.513494  5904.953546
  113.600000    -653.58024536       5.85736458    -647.72288079   730.880822  5907.568851
  113.650000    -654.43834713       6.13037655    -648.30797059   764.947203  5910.186533
  113.700000    -654.50957385       6.21009613    -648.29947772   774.894597  5912.818677
  113.750000    -654.81943898       5.47551343    -649.34392555   683.233509  5915.446616
  113.800000    -654.07890355       5.15840555    -648.92049800   643.664850  5918.080714
  113.850000    -655.15523800       5.40142291    -649.75381509   673.988508  5920.704332
  113.900000    -655.85551387       5.61878384    -650.23673004   701.110763  5923.322316
  113.950000    -654.63812555       5.84812418    -648.79000138   729.727807  5925.956739
  114.000000    -655.11369300       5.59932066    -649.51437234   698.682152  5928.590138
  114.050000    -655.20038911       6.19330298    -649.00708613   772.799151  5931.213068
  114.100000    -654.69628596       5.27343948    -649.42284648   658.018761  5933.836460
  114.150000    -654.64436131       5.03119851    -649.61316280   627.791979  5936.451983
  114.200000    -654.66001926       5.72060072    -648.93941853   713.815455  5939.059175
  114.250000    -653.82256183       4.98658496    -648.83597686   622.225110  5941.665028
  114.300000    -654.36578842       5.46894982    -648.89683859   682.414504  5944.253149
  114.350000    -654.66874652       5.52657547    -649.14217106   689.605021  5946.860084
  114.400000    -654.58125827       5.87593092    -648.70532735   733.197527  5949.452850
  114.450000    -654.29380090       6.18960514    -648.10419575   772.337736  5952.049115
  114.500000    -654.65983290       6.16260182    -648.49723108   768.968266  5954.649065
  114.550000    -654.34503213       6.20309344    -648.14193870   774.020803  5957.237490
  114.600000    -653.71291801       5.29198163    -648.42093637   660.332447  5959.826439
  114.650000    -653.99449275       5.58306962    -648.41142313   696.654350  5962.423066
  114.700000    -653.95676895       6.51551067    -647.44125828   813.004165  5965.007480
  114.750000    -653.08664334       5.33678843    -647.74985490   665.923431  5967.600804
  114.800000    -654.24209445       6.88889481    -647.35319963   859.594966  5970.185309
  114.850000    -653.35063999       5.78815957    -647.56248042   722.245435  5972.764071
  114.900000    -654.34868226       5.93901523    -648.40966703   741.069175  5975.351412
  114.950000    -654.17624164       5.45063704    -648.72560459   680.129439  5977.941631
  115.000000    -654.38691029       5.56755229    -648.81935800   694.718101  5980.526097
  115.050000    -654.31801358       5.42035806    -648.89765551   676.351234  5983.109185
  115.100000    -655.01348302       6.07059649    -648.94288653   757.487860  5985.691190
  115.150000    -654.31503917       5.36630869    -648.94873048   669.606963  5988.276004
  115.200000    -654.92211268       5.23103021    -649.69108246   652.726941  5990.829482
  115.250000    -654.54227273       4.79508856    -649.74718417   598.330226  5993.368821
  115.300000    -654.32268962       4.85466064    -649.46802898   605.763618  5995.906282
  115.350000    -654.76577849       6.26875671    -648.49702177   782.214253  5998.434877
  115.400000    -653.95204458       6.06019782    -647.89184675   756.190315  6000.964792
  115.450000    -653.49946638       5.24219044    -648.25727593   654.119512  6003.510098
  115.500000    -654.58064043       6.61997495    -647.96066548   826.039198  6006.112496
  115.550000    -654.16549773       5.31773417    -648.84776356   663.545843  6008.759934
  115.600000    -654.14757307       5.32670669    -648.82086638   664.665433  6011.352067
  115.650000    -654.99256613       5.52080731    -649.47175882   688.885271  6013.956816
  115.700000    -654.62675517       5.73017783    -648.89657734   715.010484  6016.561787
  115.750000    -654.67081752       5.90281119    -648.76800633   736.551641  6019.227102
  115.800000    -654.27791490       5.21717864    -649.06073626   650.998544  6021.924750
  115.850000    -653.80578858       5.17341802    -648.63237056   645.538102  6024.604528
  115.900000    -654.41279260       5.76982089    -648.64297172   719.957137  6027.290675
  115.950000    -654.25001097       5.88676828    -648.36324268   734.549811  6029.962021
  116.000000    -653.81016046       5.28956231    -648.52059816   660.030564  6032.638057
  116.050000    -653.61492605       6.37658904    -647.23833701   795.669551  6035.290329
  116.100000    -653.76456195       6.15879006    -647.60577190   768.492635  6037.954816
  116.150000    -653.57947257       6.66368969    -646.91578289   831.493913  6040.621809
  116.200000    -653.09748198       5.70556135    -647.39192063   711.938845  6043.252894
  116.250000    -653.50280070       6.21680258    -647.28599812   775.731427  6045.888470
  116.300000    -653.87496171       5.85342281    -648.02153890   730.388969  6048.513912
  116.350000    -654.09916900       5.85761929    -648.24154970   730.912606  6051.149967
  116.400000    -654.32599730       5.66401863    -648.66197867   706.755152  6053.781930
  116.450000    -654.51856453       5.77467413    -648.74389040   720.562724  6056.400575
  116.500000    -654.72817079       5.35259259    -649.37557820   667.895471  6059.077413
  116.550000    -653.95722000       5.05298759    -648.90423241   630.510816  6061.746395
  116.600000    -653.06534844       4.72210087    -648.34324757   589.222836  6064.430691
  116.650000    -654.28391739       5.96382041    -648.32009698   744.164360  6067.135723
  116.700000    -654.66955843       5.91171780    -648.75784063   737.663007  6069.815222
  116.750000    -653.86587122       5.28269006    -648.58318116   659.173047  6072.480580
  116.800000    -654.61740820       5.92842048    -648.68898773   739.747163  6075.142382
  116.850000    -654.50605390       5.02100310    -649.48505081   626.519798  6077.779103
  116.900000    -654.60136722       6.04081278    -648.56055445   753.771453  6080.412145
  116.950000    -654.13248540       5.65377577    -648.47870963   705.477050  6083.028351
  117.000000    -654.26789275       5.78334348    -648.48454927   721.644484  6085.654496
  117.050000    -654.26629550       6.23145104    -648.03484446   777.559259  6088.284088
  117.100000    -653.92506159       5.32446261    -648.60059898   664.385418  6090.905409
  117.150000    -654.72161618       5.47379201    -649.24782417   683.018711  6093.520966
  117.200000    -653.90049916       4.91531059    -648.98518857   613.331507  6096.137323
  117.250000    -654.43056672       5.01113933    -649.41942739   625.288999  6098.775242
  117.300000    -654.27295340       4.98908665    -649.28386675   622.537270  6101.417323
  117.350000    -653.82564982       4.93417947    -648.89147035   615.685962  6104.030452
  117.400000    -654.31254294       6.19163821    -648.12090472   772.591422  6106.644824
  117.450000    -653.74957168       5.46873306    -648.28083861   682.387457  6109.259600
  117.500000    -653.23243248       5.21043225    -648.02200022   650.156732  6111.879941
  117.550000    -653.87911308       5.46282129    -648.41629179   681.649787  6114.516794
  117.600000    -653.94388108       6.89111836    -647.05276272   859.872420  6117.151943
  117.650000    -653.05093273       6.22857238    -646.82236034   777.200061  6119.783449
  117.700000    -653.75854821       6.58549570    -647.17305252   821.736883  6122.410279
  117.750000    -653.30507713       5.69068774    -647.61438939   710.082919  6125.045154
  117.800000    -653.48010377       6.62162245    -646.85848132   826.244772  6127.685989
  117.850000    -653.69587988       6.34486760    -647.35101228   791.711355  6130.292605
  117.900000    -654.14366690       6.73430177    -647.40936513   840.304876  6132.901490
  117.950000    -653.32496263       7.23526564    -646.08969699   902.815051  6135.499780
  118.000000    -653.32143935       7.15226390    -646.16917545   892.458109  6138.104486
  118.050000    -653.62639433       7.31952081    -646.30687352   913.328394  6140.700451
  118.100000    -653.66598946       5.77069990    -647.89528955   720.066821  6143.296047
  118.150000    -653.80913725       5.74177376    -648.06736350   716.457422  6145.891338
  118.200000    -654.50536483       6.00585415    -648.49951068   749.409323  6148.485053
  118.250000    -653.83293768       5.34624859    -648.48668909   667.103868  6151.079560
  118.300000    -654.63142195       6.27664823    -648.35477372   783.198955  6153.678876
  118.350000    -654.51113573       5.64995592    -648.86117981   705.000410  6156.332557
  118.400000    -654.43730372       6.15047478    -648.28682894   767.455057  6158.995869
  118.450000    -654.61579941       6.58024950    -648.03554991   821.082264  6161.664418
  118.500000    -655.09229840       7.25288016    -647.83941824   905.012987  6164.333169
  118.550000    -655.14804389       6.98552830    -648.16251558   871.652874  6167.001282
  118.600000    -654.33136672       5.50564247    -648.82572426   686.993005  6169.656400
  118.650000    -654.91386298       5.53223204    -649.38163094   690.310847  6172.320702
  118.700000    -655.25940223       5.26638696    -649.99301527   657.138749  6174.955991
  118.750000    -656.07384007       6.25204810    -649.82179197   780.129356  6177.564840
  118.800000    -655.15065521       5.89178260    -649.25887261   735.175496  6180.179492
  118.850000    -654.63222292       5.39884948    -649.23337344   673.667397  6182.806203
  118.900000    -654.79957558       5.78299075    -649.01658483   721.600470  6185.419104
  118.950000    -654.73137135       5.75318347    -648.97818788   717.881124  6188.029958
  119.000000    -654.65290205       5.73136675    -648.92153530   715.158838  6190.657276
  119.050000    -654.06047375       5.57696534    -648.48350841   695.892660  6193.277063
  119.100000    -654.25267499       5.64041329    -648.61226171   703.809682  6195.919250
  119.150000    -654.80637183       5.94010015    -648.86627168   741.204551  6198.550395
  119.200000    -655.15550841       5.64112242    -649.51438599   703.898167  6201.171669
  119.250000    -654.56368099       5.48028471    -649.08339628   683.828869  6203.809285
  119.300000    -653.94748801       5.46494007    -648.48254794   681.914168  6206.431466
  119.350000    -654.95307203       5.98930761    -648.96376443   747.344648  6209.078916
  119.400000    -654.81749362       5.56459166    -649.25290196   694.348674  6211.750991
  119.450000    -654.10088836       5.17546536    -648.92542300   645.793569  6214.427553
  119.500000    -654.80003185       6.56545522    -648.23457663   819.236236  6217.124073
  119.550000    -654.69649391       6.35147753    -648.34501639   792.536141  6219.811294
  119.600000    -653.97430337       5.96666204    -648.00764133   744.518939  6222.503561
  119.650000    -653.83013927       5.51256207    -648.31757719   687.856432  6225.185230
  119.700000    -655.40664197       6.39083343    -649.01580854   797.446963  6227.857050
  119.750000    -654.81367564       5.97226167    -648.84141397   745.217659  6230.504104
  119.800000    -654.87062051       5.21576673    -649.65485378   650.822366  6233.154007
  119.850000    -655.34015694       5.39749172    -649.94266522   673.497976  6235.797962
  119.900000    -654.74321343       4.69762402    -650.04558940   586.168620  6238.434054
  119.950000    -655.27568269       5.09369133    -650.18199135   635.589822  6241.069916
  120.000000    -655.47356653       5.45677108    -650.01679545   680.894843  6243.694358
  120.050000    -655.23287240       5.85758376    -649.37528863   730.908172  6246.322203
  120.100000    -654.55293316       5.11280409    -649.44012906   637.974709  6248.951848
  120.150000    -654.05958791       5.18316370    -648.87642422   646.754166  6251.577982
  120.200000    -654.87264552       5.41267023    -649.45997529   675.391948  6254.200964
  120.250000    -654.54401312       5.21552796    -649.32848515   650.792573  6256.832649
  120.300000    -655.41266689       6.33395644    -649.07871045   790.349863  6259.458580
  120.350000    -655.28565421       6.06776837    -649.21788584   757.134967  6262.074340
  120.400000    -654.86338836       4.77165227    -650.09173609   595.405850  6264.688424
  120.450000    -655.08804435       5.94034216    -649.14770219   741.234749  6267.305799
  120.500000    -655.35503022       6.35676330    -648.99826692   793.195698  6269.944652
  120.550000    -655.51249178       5.70945215    -649.80303963   712.424338  6272.581752
  120.600000    -654.87192387       5.45184267    -649.42008120   680.279877  6275.219570
  120.650000    -654.80652393       5.86667718    -648.93984675   732.042847  6277.853037
  120.700000    -656.19085150       6.47400278    -649.71684872   807.824818  6280.493081
  120.750000    -654.22123147       4.47894015    -649.74229132   558.881288  6283.123002
  120.800000    -654.85518581       5.13668044    -649.71850537   640.953995  6285.753701
  120.850000    -655.39148300       5.27635984    -650.11512315   658.383164  6288.386543
  120.900000    -655.14418940       5.74565185    -649.39853755   716.941330  6291.012131
  120.950000    -655.52817397       6.26283152    -649.26534245   781.474908  6293.629420
  121.000000    -655.45598486       5.59240093    -649.86358393   697.818709  6296.251737
  121.050000    -654.65905337       4.95776481    -649.70128856   618.628937  6298.863136
  121.100000    -655.14330058       5.38193560    -649.76136498   671.556887  6301.464318
  121.150000    -655.88518761       5.48053226    -650.40465535   683.859758  6304.052108
  121.200000    -655.30776716       5.23004578    -650.07772138   652.604103  6306.691532
  121.250000    -655.51014656       5.07860094    -650.43154562   633.706846  6309.349761
  121.300000    -655.92407184       5.94895673    -649.97511511   742.309673  6312.031573
  121.350000    -654.57623051       5.24652887    -649.32970165   654.660860  6314.706254
  121.400000    -654.98665781       5.45778701    -649.52887081   681.021610  6317.381928
  121.450000    -655.02752574       4.76684159    -650.26068415   594.805574  6320.072996
  121.500000    -655.27815634       4.92162809    -650.35652825   614.119804  6322.755652
  121.550000    -655.87577699       6.09377922    -649.78199777   760.380596  6325.429674
  121.600000    -654.53652128       5.44375711    -649.09276417   679.270962  6328.055056
  121.650000    -655.30773681       5.99199965    -649.31573716   747.680560  6330.683604
  121.700000    -655.23070835       6.16214002    -649.06856832   768.910643  6333.306607
  121.750000    -654.62993803       5.10912966    -649.52080837   637.516213  6335.933936
  121.800000    -654.57732284       5.28063459    -649.29668825   658.916565  6338.562651
  121.850000    -655.14206644       5.46054813    -649.68151832   681.366142  6341.190559
  121.900000    -655.61721585       5.37589755    -650.24131830   670.803459  6343.818946
  121.950000    -655.51329177       5.79835411    -649.71493766   723.517507  6346.449678
  122.000000    -654.39038297       4.79911975    -649.59126322   598.833237  6349.083000
  122.050000    -655.67465010       5.57763216    -650.09701794   695.975865  6351.712207
  122.100000    -654.78758548       4.62350071    -650.16408477   576.919527  6354.340307
  122.150000    -655.21475352       5.28282989    -649.93192363   659.190495  6356.964195
  122.200000    -655.23077773       5.02453767    -650.20624007   626.960841  6359.595692
  122.250000    -655.35460867       5.23224341    -650.12236527   652.878323  6362.272515
  122.300000    -654.11983631       5.17393133    -648.94590498   645.602154  6364.941140
  122.350000    -655.56765049       6.11111156    -649.45653893   762.543322  6367.641872
  122.400000    -655.02572234       5.12586755    -649.89985479   639.604764  6370.331071
  122.450000    -655.37596899       5.93323111    -649.44273788   740.347434  6373.017567
  122.500000    -654.47488649       5.68184817    -648.79303832   708.979918  6375.698504
  122.550000    -655.17599997       5.94155527    -649.23444470   741.386120  6378.367166
  122.600000    -655.55033441       5.32270401    -650.22763039   664.165980  6381.021368
  122.650000    -654.38432073       4.59061604    -649.79370469   572.816184  6383.656650
  122.700000    -654.78656195       4.83737635    -649.94918560   603.606888  6386.293728
  122.750000    -654.48855401       5.60740582    -648.88114819   699.691016  6388.925369
  122.800000    -653.64673214       5.69532006    -647.95141208   710.660939  6391.555125
  122.850000    -653.71714868       6.10296291    -647.61418576   761.526535  6394.162669
  122.900000    -653.86197546       6.75943370    -647.10254176   843.440834  6396.788547
  122.950000    -653.93160582       5.88187823    -648.04972759   733.939631  6399.398401
  123.000000    -654.84016318       6.14366726    -648.69649593   766.605615  6402.005588
  123.050000    -655.49052683       6.70785932    -648.78266751   837.005391  6404.630937
  123.100000    -654.66766783       5.03794889    -649.62971894   628.634291  6407.265670
  123.150000    -655.68660995       6.14425715    -649.54235280   766.679222  6409.891013
  123.200000    -655.66764233       4.72834902    -650.93929332   590.002478  6412.506677
  123.250000    -655.42788706       5.35218762    -650.07569943   667.844939  6415.119030
  123.300000    -655.83018480       5.49115244    -650.33903236   685.184942  6417.730347
  123.350000    -656.05158866       5.30245335    -650.74913531   661.639106  6420.355440
  123.400000    -656.80238787       5.97294110    -650.82944677   745.302438  6422.968745
  123.450000    -655.59114331       4.77072409    -650.82041922   595.290031  6425.579068
  123.500000    -656.06100113       5.20774290    -650.85325823   649.821154  6428.191652
  123.550000    -655.76918784       4.56902810    -651.20015974   570.122446  6430.807914
  123.600000    -655.53405817       4.61406881    -650.91998936   575.742617  6433.424287
  123.650000    -656.09080032       5.50883557    -650.58196475   687.391440  6436.042513
  123.700000    -655.28386219       4.73325615    -650.55060604   590.614789  6438.653313
  123.750000    -656.44608165       5.69455643    -650.75152522   710.565653  6441.261201
  123.800000    -655.72554501       5.40210540    -650.32343961   674.073669  6443.890204
  123.850000    -655.97740109       5.92435640    -650.05304469   739.240049  6446.498061
  123.900000    -655.67691459       5.28004895    -650.39686564   658.843490  6449.110426
  123.950000    -654.99171151       5.03616587    -649.95554564   628.411806  6451.719663
  124.000000    -654.99270954       5.36789365    -649.62481589   669.804735  6454.320343
  124.050000    -655.37923890       5.64032129    -649.73891761   703.798203  6456.927541
  124.100000    -655.55307968       5.99831491    -649.55476477   748.468577  6459.562231
  124.150000    -654.89995261       4.80319914    -650.09675347   599.342262  6462.230417
  124.200000    -655.71186262       5.54786524    -650.16399738   692.261555  6464.906999
  124.250000    -655.58607792       5.36989070    -650.21618721   670.053926  6467.573512
  124.300000    -656.17794342       6.43805136    -649.73989206   803.338807  6470.246951
  124.350000    -655.76904924       6.37085114    -649.39819810   794.953577  6472.919899
  124.400000    -655.16076289       6.06439527    -649.09636762   756.714072  6475.606986
  124.450000    -655.31615451       5.38584702    -649.93030749   672.044953  6478.272562
  124.500000    -654.61716688       6.28628064    -648.33088624   784.400885  6480.897398
  124.550000    -654.73471167       7.12194687    -647.61276480   888.675157  6483.514382
  124.600000    -654.08012818       5.94589273    -648.13423545   741.927349  6486.137800
  124.650000    -655.12672322       6.11024120    -649.01648202   762.434718  6488.768307
  124.700000    -655.75612474       5.90142884    -649.85469590   736.379153  6491.403486
  124.750000    -654.86660696       4.92537018    -649.94123678   614.586741  6494.023391
  124.800000    -654.94812146       5.06497051    -649.88315095   632.006043  6496.640820
  124.850000    -655.63546191       5.40485175    -650.23061016   674.416358  6499.266568
  124.900000    -655.15143523       4.57215338    -650.57928185   570.512416  6501.893956
  124.950000    -656.13248536       5.90652903    -650.22595633   737.015553  6504.508759
  125.000000    -655.62421722       5.36888216    -650.25533506   669.928081  6507.152452
  125.050000    -655.65486264       6.57798161    -649.07688103   820.799277  6509.778619
  125.100000    -655.22687310       5.74038446    -649.48648864   716.284066  6512.395391
  125.150000    -655.24561319       4.99230857    -650.25330462   622.939300  6515.053334
  125.200000    -654.72297221       4.92241961    -649.80055260   614.218569  6517.729127
  125.250000    -655.22219171       6.20471824    -649.01747347   774.223545  6520.412096
  125.300000    -655.01025329       5.40559523    -649.60465806   674.509130  6523.067061
  125.350000    -655.73171046       4.72340728    -651.00830318   589.385849  6525.741923
  125.400000    -656.16986919       4.53799379    -651.63187540   566.249990  6528.406668
  125.450000    -655.58295945       4.64683748    -650.93612197   579.831484  6531.072435
  125.500000    -655.27741374       4.78438017    -650.49303357   596.994035  6533.727726
  125.550000    -655.94685688       5.98957421    -649.95728267   747.377914  6536.358824
  125.600000    -655.19722482       6.87947010    -648.31775472   858.418952  6538.986923
  125.650000    -654.30198459       6.16983897    -648.13214562   769.871317  6541.602638
  125.700000    -653.98869291       6.59600527    -647.39268765   823.048265  6544.227406
  125.750000    -654.04737675       5.77031952    -648.27705723   720.019356  6546.858022
  125.800000    -654.01062503       6.30210791    -647.70851713   786.375809  6549.481052
  125.850000    -653.50810505       6.13594712    -647.37215793   765.642299  6552.096019
  125.900000    -654.20454323       5.99808729    -648.20645593   748.440176  6554.704424
  125.950000    -653.83465130       6.13710345    -647.69754784   765.786585  6557.319461
  126.000000    -654.23343672       7.03030863    -647.20312809   877.240555  6559.942815
  126.050000    -654.16576391       6.72224580    -647.44351812   838.800534  6562.558091
  126.100000    -654.64147328       6.79443961    -647.84703367   847.808864  6565.165563
  126.150000    -655.29334553       7.00859172    -648.28475382   874.530723  6567.785841
  126.200000    -655.05985130       6.52878497    -648.53106633   814.660530  6570.401263
  126.250000    -655.46998662       6.16819962    -649.30178699   769.666759  6573.024671
  126.300000    -655.95578219       5.73765551    -650.21812667   715.943548  6575.647276
  126.350000    -654.09819626       4.62239663    -649.47579962   576.781760  6578.269864
  126.400000    -654.58090993       5.82215199    -648.75875795   726.487002  6580.890494
  126.450000    -654.69359768       6.98472491    -647.70887277   871.552628  6583.511405
  126.500000    -654.10809190       6.33395112    -647.77414078   790.349199  6586.126566
  126.550000    -653.33317583       6.48194323    -646.85123260   808.815626  6588.755190
  126.600000    -653.75295432       7.30711859    -646.44583573   911.780848  6591.386253
  126.650000    -652.99281194       6.26713709    -646.72567485   782.012158  6594.020982
  126.700000    -653.63529329       6.30704303    -647.32825026   786.991612  6596.657891
  126.750000    -653.47131504       6.85968350    -646.61163154   855.949983  6599.282624
  126.800000    -654.03862681       6.60925333    -647.42937349   824.701355  6601.880691
  126.850000    -653.91332259       7.28611814    -646.62720445   909.160416  6604.492951
  126.900000    -654.31465122       6.54048729    -647.77416393   816.120743  6607.110200
  126.950000    -655.00899730       6.32791143    -648.68108587   789.595568  6609.718852
  127.000000    -654.67699386       5.38118545    -649.29580841   671.463282  6612.383686
  127.050000    -655.23105499       5.63327713    -649.59777786   702.919233  6615.045791
  127.100000    -655.58386729       5.95119766    -649.63266962   742.589296  6617.717731
  127.150000    -655.48247335       5.35388057    -650.12859278   668.056185  6620.401627
  127.200000    -654.57411311       5.21122077    -649.36289234   650.255122  6623.088082
  127.250000    -655.08609608       5.82857298    -649.25752309   727.288212  6625.761487
  127.300000    -655.24801813       6.02472880    -649.22328933   751.764498  6628.417247
  127.350000    -654.88740364       5.40228961    -649.48511403   674.096656  6631.085432
  127.400000    -654.31465609       5.37868150    -648.93597459   671.150840  6633.700230
  127.450000    -655.25823302       5.84837684    -649.40985618   729.759334  6636.272967
  127.500000    -654.92127793       6.13930535    -648.78197258   766.061337  6638.849061
  127.550000    -653.91106829       5.01985139    -648.89121690   626.376089  6641.424504
  127.600000    -654.51745854       5.90140514    -648.61605340   736.376195  6643.986007
  127.650000    -655.22878100       6.62558869    -648.60319231   826.739678  6646.541804
  127.700000    -654.18009821       4.70675007    -649.47334815   587.307365  6649.098010
  127.750000    -654.94075082       5.17638166    -649.76436916   645.907905  6651.653044
  127.800000    -655.20309773       5.07634534    -650.12675240   633.425392  6654.217178
  127.850000    -655.06628210       6.28439009    -648.78189200   784.164984  6656.773325
  127.900000    -654.64448814       6.22882633    -648.41566181   777.231748  6659.340794
  127.950000    -654.66061040       5.62195215    -649.03865825   701.506105  6661.908155
  128.000000    -654.47810667       5.27526025    -649.20284643   658.245956  6664.474058
  128.050000    -654.89331967       5.56052033    -649.33279934   693.840654  6667.080305
  128.100000    -655.37062336       5.98154285    -649.38908051   746.375762  6669.682833
  128.150000    -654.72367229       5.92202429    -648.80164799   738.949049  6672.275411
  128.200000    -654.81051081       5.27650074    -649.53401007   658.400745  6674.880475
  128.250000    -655.13893595       5.88061949    -649.25831646   733.782566  6677.473907
  128.300000    -655.83694682       6.31593343    -649.52101338   788.100955  6680.074528
  128.350000    -655.16170529       5.58845474    -649.57325054   697.326305  6682.670238
  128.400000    -655.00798585       6.30636130    -648.70162455   786.906546  6685.229351
  128.450000    -654.71789895       5.32349890    -649.39440005   664.265166  6687.783227
  128.500000    -655.25913361       5.87006811    -649.38906550   732.465966  6690.340386
  128.550000    -654.88425216       5.69900340    -649.18524876   711.120545  6692.889772
  128.600000    -654.56182833       5.37936030    -649.18246803   671.235541  6695.434767
  128.650000    -655.42987176       6.49406427    -648.93580749   810.328087  6697.976927
  128.700000    -654.62202272       4.77262160    -649.84940111   595.526803  6700.521090
  128.750000    -655.34134624       4.95762357    -650.38372267   618.611312  6703.065468
  128.800000    -656.25354236       5.50593502    -650.74760734   687.029509  6705.607975
  128.850000    -655.13581344       4.59897102    -650.53684242   573.858717  6708.147832
  128.900000    -655.30412852       4.35089455    -650.95323396   542.903783  6710.687647
  128.950000    -656.93772826       6.10398348    -650.83374479   761.653881  6713.231468
  129.000000    -655.65803027       4.11856202    -651.53946825   513.913374  6715.773986
  129.050000    -656.04878095       5.13796606    -650.91081489   641.114414  6718.317115
  129.100000    -656.25847046       5.29156935    -650.96690111   660.281003  6720.858187
  129.150000    -655.33158146       4.71239851    -650.61918295   588.012177  6723.399102
  129.200000    -655.61089270       5.01265619    -650.59823651   625.478272  6725.938394
  129.250000    -655.74665857       5.62417724    -650.12248133   701.783751  6728.482666
  129.300000    -655.73284654       5.76861637    -649.96423017   719.806837  6731.025492
  129.350000    -656.37652931       5.67164211    -650.70488719   707.706409  6733.568271
  129.400000    -656.06824191       5.68365830    -650.38458361   709.205786  6736.114624
  129.450000    -655.09398047       5.11896002    -649.97502046   638.742844  6738.654092
  129.500000    -655.81167336       5.97545009    -649.83622328   745.615509  6741.191387
  129.550000    -655.69669004       5.85043021    -649.84625983   730.015553  6743.732187
  129.600000    -655.93098997       5.89831136    -650.03267861   735.990154  6746.272535
  129.650000    -656.77592870       6.59535364    -650.18057506   822.966954  6748.800308
  129.700000    -654.67880439       5.07426130    -649.60454309   633.165347  6751.328511
  129.750000    -655.95509791       6.07055338    -649.88454452   757.482480  6753.856107
  129.800000    -655.45046258       5.18471963    -650.26574295   646.948315  6756.384221
  129.850000    -655.69657693       5.68087116    -650.01570577   708.858008  6758.909734
  129.900000    -656.03371435       6.80257437    -649.23113998   848.823918  6761.460638
  129.950000    -654.90320850       5.36931322    -649.53389528   669.981868  6764.064861
  130.000000    -656.09781549       6.70559459    -649.39222090   836.722800  6766.685490
  130.050000    -655.48874627       5.44490100    -650.04384527   679.413697  6769.280645
  130.100000    -655.57194258       5.57265222    -649.99929036   695.354469  6771.897270
  130.150000    -655.90697445       5.34540693    -650.56156751   666.998846  6774.507212
  130.200000    -655.81749155       5.35948918    -650.45800237   668.756026  6777.118423
  130.250000    -656.05142835       5.47071897    -650.58070938   682.635257  6779.694538
  130.300000    -655.88706682       5.38756630    -650.49950052   672.259484  6782.254001
  130.350000    -655.65921860       6.46946700    -649.18975159   807.258845  6784.807536
  130.400000    -655.40694115       5.93160371    -649.47533744   740.144367  6787.364326
  130.450000    -654.68078886       5.04678124    -649.63400762   629.736390  6789.917327
  130.500000    -655.46898831       5.19293766    -650.27605065   647.973760  6792.470923
  130.550000    -656.56759719       5.99371817    -650.57387902   747.894997  6795.023855
  130.600000    -656.50291333       5.52514535    -650.97776798   689.426571  6797.588317
  130.650000    -656.33567504       5.37894211    -650.95673293   671.183359  6800.143610
  130.700000    -655.91024069       5.19476311    -650.71547758   648.201539  6802.694994
  130.750000    -656.97669657       6.18485425    -650.79184232   771.744920  6805.248318
  130.800000    -656.05123255       4.78051219    -651.27072035   596.511389  6807.802814
  130.850000    -655.76233166       4.87122117    -650.89111050   607.830038  6810.357796
  130.900000    -656.01448032       5.58009920    -650.43438112   696.283701  6812.915649
  130.950000    -656.37873404       5.69033447    -650.68839956   710.038838  6815.516292
  131.000000    -655.38616669       4.94307768    -650.44308901   616.796279  6818.126009
  131.050000    -655.89531960       5.57077681    -650.32454280   695.120455  6820.720278
  131.100000    -655.70684879       5.41991151    -650.28693729   676.295512  6823.323664
  131.150000    -656.24119386       5.56043951    -650.68075434   693.830570  6825.924107
  131.200000    -656.03456942       5.87486511    -650.15970431   733.064535  6828.520760
  131.250000    -656.42398892       5.81094668    -650.61304223   725.088806  6831.108020
  131.300000    -656.41163229       5.53185025    -650.87978204   690.263207  6833.671405
  131.350000    -656.11117000       5.54181388    -650.56935612   691.506467  6836.239932
  131.400000    -656.16886080       5.92944917    -650.23941162   739.875524  6838.815207
  131.450000    -655.58462463       4.85803219    -650.72659245   606.184319  6841.373837
  131.500000    -655.76736827       4.61893526    -651.14843302   576.349850  6843.936753
  131.550000    -656.16025580       4.93644681    -651.22380900   615.968881  6846.493770
  131.600000    -656.20702672       5.57790096    -650.62912576   696.009406  6849.043992
  131.650000    -655.90759174       5.66135050    -650.24624124   706.422224  6851.599126
  131.700000    -655.73890956       5.17343270    -650.56547686   645.539934  6854.146533
  131.750000    -656.22846250       5.55448616    -650.67397634   693.087712  6856.700951
  131.800000    -656.12211183       5.17430928    -650.94780255   645.649314  6859.248663
  131.850000    -655.91235875       5.12088612    -650.79147263   638.983183  6861.796296
  131.900000    -655.87641122       4.92984246    -650.94656876   615.144791  6864.345004
  131.950000    -656.44342172       5.50306866    -650.94035306   686.671846  6866.894428
  132.000000    -656.39900466       5.59674601    -650.80225865   698.360888  6869.439567
  132.050000    -656.54884171       5.63780721    -650.91103451   703.484496  6871.980285
  132.100000    -655.47457639       4.41900858    -651.05556781   551.403038  6874.529694
  132.150000    -656.48257784       5.16208397    -651.32049387   644.123842  6877.078928
  132.200000    -656.26842369       5.12798684    -651.14043685   639.869209  6879.621747
  132.250000    -655.76522683       5.55683026    -650.20839657   693.380208  6882.163284
  132.300000    -655.34972055       5.49231734    -649.85740321   685.330298  6884.706404
  132.350000    -655.18152856       5.03384482    -650.14768374   628.122186  6887.253036
  132.400000    -655.43897793       5.36478299    -650.07419494   669.416587  6889.796268
  132.450000    -655.14984044       5.16987941    -649.97996103   645.096555  6892.341001
  132.500000    -655.28281695       5.44198799    -649.84082897   679.050211  6894.876840
  132.550000    -655.58386438       4.93870812    -650.64515626   616.251047  6897.402244
  132.600000    -655.93128654       6.52812366    -649.40316288   814.578011  6899.931487
  132.650000    -656.27902279       5.78466810    -650.49435468   721.809770  6902.455748
  132.700000    -655.44810123       5.11202212    -650.33607911   637.877134  6904.981590
  132.750000    -655.92940669       5.11976438    -650.80964231   638.843211  6907.540342
  132.800000    -655.30805477       5.08851709    -650.21953767   634.944181  6910.137727
  132.850000    -655.52871602       5.60190856    -649.92680746   699.005069  6912.732261
  132.900000    -655.91700518       5.54601540    -650.37098978   692.030732  6915.338606
  132.950000    -654.71390998       4.48530342    -650.22860656   559.675295  6917.933693
  133.000000    -655.29835039       5.16917577    -650.12917462   645.008756  6920.546779
  133.050000    -655.47331233       5.08523943    -650.38807290   634.535195  6923.141276
  133.100000    -655.96914003       5.15995906    -650.80918098   643.858696  6925.743403
  133.150000    -655.29478380       4.84656943    -650.44821437   604.753998  6928.309185
  133.200000    -655.02941055       5.27756487    -649.75184568   658.533526  6930.877444
  133.250000    -655.15300832       5.18669060    -649.96631771   647.194253  6933.444720
  133.300000    -654.94463025       5.37552055    -649.56910971   670.756417  6936.012829
  133.350000    -655.11440812       5.51763326    -649.59677486   688.489214  6938.586783
  133.400000    -654.53049538       5.10398766    -649.42650772   636.874596  6941.159409
  133.450000    -655.43799928       5.78857017    -649.64942911   722.296669  6943.727142
  133.500000    -654.86377030       4.60062519    -650.26314511   574.065123  6946.295321
  133.550000    -654.89310011       5.53723400    -649.35586612   690.934990  6948.872633
  133.600000    -655.41056180       6.25905235    -649.15150944   781.003345  6951.448746
  133.650000    -655.26206389       5.77917107    -649.48289283   721.123851  6954.020383
  133.700000    -655.77781952       5.89678960    -649.88102992   735.800269  6956.593641
  133.750000    -654.62790258       5.10652805    -649.52137453   637.191585  6959.169795
  133.800000    -655.00190827       5.56650912    -649.43539916   694.587934  6961.743329
  133.850000    -654.51233780       4.77448590    -649.73785190   595.759429  6964.335313
  133.900000    -655.48452141       5.72457015    -649.75995126   714.310759  6966.909413
  133.950000    -655.43556765       5.15279116    -650.28277649   642.964287  6969.460852
  134.000000    -655.90822990       5.77084174    -650.13738816   720.084519  6972.023627
  134.050000    -656.04848781       5.98705568    -650.06143213   747.063652  6974.592908
  134.100000    -654.72579352       5.37273086    -649.35306266   670.408321  6977.172916
  134.150000    -654.70114364       6.19067976    -648.51046388   772.471827  6979.729748
  134.200000    -654.51095283       5.80227832    -648.70867451   724.007169  6982.329501
  134.250000    -655.33718094       6.36810806    -648.96907288   794.611295  6984.932927
  134.300000    -654.76733908       5.56370035    -649.20363873   694.237456  6987.542105
  134.350000    -655.24858981       5.42531152    -649.82327829   676.969325  6990.159718
  134.400000    -655.32558236       5.32721454    -649.99836782   664.728803  6992.769515
  134.450000    -655.59748134       5.50120088    -650.09628046   686.438785  6995.381724
  134.500000    -656.39498906       5.22731155    -651.16767750   652.262927  6997.993911
  134.550000    -656.69629575       5.52005487    -651.17624088   688.791382  7000.570962
  134.600000    -656.53653989       5.52776347    -651.00877642   689.753260  7003.144773
  134.650000    -656.73593581       6.27984863    -650.45608718   783.598301  7005.703892
  134.700000    -654.55271339       4.70130318    -649.85141020   586.627704  7008.283183
  134.750000    -656.09240827       6.44691407    -649.64549421   804.444694  7010.890098
  134.800000    -656.09637379       5.57728571    -650.51908808   695.932636  7013.493969
  134.850000    -656.37182634       5.89398001    -650.47784633   735.449689  7016.098817
  134.900000    -655.03745717       4.35638447    -650.68107270   543.588814  7018.703860
  134.950000    -656.65392830       5.53455506    -651.11937324   690.600712  7021.302679
  135.000000    -655.78061301       5.21198394    -650.56862906   650.350351  7023.906299
  135.050000    -656.16470996       5.83959865    -650.32511131   728.663993  7026.510534
  135.100000    -656.67455708       5.26949690    -651.40506018   657.526807  7029.117043
  135.150000    -656.17262305       5.01776596    -651.15485709   626.115869  7031.722969
  135.200000    -655.98583194       5.57406546    -650.41176648   695.530813  7034.329643
  135.250000    -655.51846252       5.57089718    -649.94756533   695.135476  7036.934807
  135.300000    -655.55988389       6.06114014    -649.49874375   756.307897  7039.535550
  135.350000    -655.49054616       5.80488027    -649.68566589   724.331841  7042.127779
  135.400000    -655.02978759       5.85464890    -649.17513869   730.541960  7044.693087
  135.450000    -654.25102668       5.63463508    -648.61639160   703.088679  7047.254154
  135.500000    -654.21465534       6.00835331    -648.20630204   749.721167  7049.846313
  135.550000    -655.47239217       6.67844239    -648.79394978   833.334754  7052.461566
  135.600000    -655.71527214       6.97325222    -648.74201992   870.121067  7055.090914
  135.650000    -655.03744517       5.52321060    -649.51423457   689.185153  7057.718400
  135.700000    -655.16384965       5.51449250    -649.64935715   688.097311  7060.335435
  135.750000    -655.43225539       5.55965634    -649.87259905   693.732846  7062.941177
  135.800000    -655.62164969       5.60396920    -650.01768049   699.262196  7065.551948
  135.850000    -654.72996527       4.38832822    -650.34163705   547.574749  7068.175271
  135.900000    -655.35884997       5.40780586    -649.95104410   674.784972  7070.794380
  135.950000    -656.12868896       5.82925593    -650.29943303   727.373430  7073.412304
  136.000000    -656.01542729       5.60827251    -650.40715479   699.799162  7076.019801
  136.050000    -655.95824277       5.18506076    -650.77318201   646.990881  7078.614807
  136.100000    -655.95778664       5.64235245    -650.31543418   704.051651  7081.176193
  136.150000    -655.58302413       4.77159302    -650.81143112   595.398456  7083.760286
  136.200000    -656.43156242       5.87325692    -650.55830550   732.863865  7086.397266
  136.250000    -655.19537659       4.53137185    -650.66400474   565.423705  7089.018645
  136.300000    -656.86209450       6.27969247    -650.58240204   783.578815  7091.630947
  136.350000    -655.27996003       5.14073529    -650.13922473   641.459958  7094.243239
  136.400000    -655.50869690       5.04337506    -650.46532184   629.311368  7096.865260
  136.450000    -655.87726509       5.31224951    -650.56501558   662.861469  7099.477200
  136.500000    -655.35712023       4.35766500    -650.99945523   543.748598  7102.095533
  136.550000    -655.52909736       5.21872923    -650.31036814   651.192026  7104.711248
  136.600000    -655.80777995       5.28313902    -650.52464093   659.229068  7107.316584
  136.650000    -656.09104071       4.57208831    -651.51895240   570.504298  7109.904444
  136.700000    -656.43116406       5.96332331    -650.46784076   744.102332  7112.473589
  136.750000    -656.37063538       6.64094537    -649.72969000   828.655883  7115.045171
  136.800000    -655.60022456       5.13971777    -650.46050679   641.332991  7117.606701
  136.850000    -655.03912417       4.86896053    -650.17016364   607.547955  7120.164617
  136.900000    -656.12526799       5.82824306    -650.29702492   727.247045  7122.720699
  136.950000    -655.45599682       6.05313297    -649.40286385   755.308764  7125.273947
  137.000000    -655.02269141       5.53291023    -649.48978118   690.395471  7127.796872
  137.050000    -656.01471669       5.69736654    -650.31735015   710.916298  7130.320221
  137.100000    -655.40741288       5.57567864    -649.83173424   695.732105  7132.843889
  137.150000    -654.91901844       5.73657185    -649.18244659   715.808329  7135.372470
  137.200000    -656.53499991       7.30904010    -649.22595981   912.020613  7137.903500
  137.250000    -654.93010413       5.40662763    -649.52347650   674.637953  7140.463851
  137.300000    -654.44277189       4.78878116    -649.65399074   597.543189  7143.075409
  137.350000    -655.74100774       5.67999138    -650.06101636   708.748229  7145.697761
  137.400000    -654.73512534       4.90752871    -649.82759663   612.360486  7148.287565
  137.450000    -655.71959085       5.51089712    -650.20869374   687.648679  7150.885281
  137.500000    -655.63794271       5.40076296    -650.23717975   673.906160  7153.478669
  137.550000    -655.60360677       6.22663364    -649.37697313   776.958144  7156.091655
  137.600000    -655.60185174       6.71460866    -648.88724308   837.847573  7158.678085
  137.650000    -655.54668527       6.81113635    -648.73554893   849.892279  7161.248706
  137.700000    -654.02491881       5.44390595    -648.58101286   679.289535  7163.820275
  137.750000    -654.90178572       5.87841590    -649.02336982   733.507602  7166.440259
  137.800000    -654.79911727       6.16686253    -648.63225474   769.499917  7169.069616
  137.850000    -654.75077132       6.08399451    -648.66677681   759.159662  7171.676191
  137.900000    -654.68190722       6.30360978    -648.37829744   786.563212  7174.296002
  137.950000    -654.92525836       7.26168392    -647.66357444   906.111518  7176.910220
  138.000000    -655.45309473       6.70745289    -648.74564184   836.954677  7179.519553
  138.050000    -654.38169893       5.32293352    -649.05876541   664.194618  7182.106853
  138.100000    -654.46425988       5.46276315    -649.00149673   681.642532  7184.677981
  138.150000    -654.83284683       5.46367779    -649.36916905   681.756660  7187.238196
  138.200000    -655.51041224       6.34312051    -649.16729173   791.493354  7189.783962
  138.250000    -655.53794964       5.71414246    -649.82380718   713.009594  7192.332967
  138.300000    -655.44072730       5.96592526    -649.47480203   744.427004  7194.881070
  138.350000    -655.45528467       6.11653095    -649.33875372   763.219552  7197.425624
  138.400000    -654.08701823       4.57401726    -649.51300097   570.744991  7199.971160
  138.450000    -654.41116177       5.75463164    -648.65653014   718.061826  7202.519867
  138.500000    -654.80367163       5.13239768    -649.67127395   640.419592  7205.060091
  138.550000    -654.72226418       6.01222896    -648.71003522   750.204769  7207.611401
  138.600000    -654.83042238       5.17077393    -649.65964845   645.208174  7210.146906
  138.650000    -654.63076545       5.53428128    -649.09648417   690.566551  7212.681785
  138.700000    -655.57148023       6.29495912    -649.27652112   785.483784  7215.220239
  138.750000    -653.96382269       4.41479916    -649.54902353   550.877787  7217.756902
  138.800000    -655.27509817       5.70286914    -649.57222902   711.602912  7220.357796
  138.850000    -655.70803022       5.56039894    -650.14763128   693.825507  7222.965994
  138.900000    -654.60420267       5.66710746    -648.93709521   707.140575  7225.577055
  138.950000    -655.32943300       6.41862522    -648.91080779   800.914817  7228.191207
  139.000000    -654.13055079       5.99576595    -648.13478484   748.150518  7230.812149
  139.050000    -654.87583946       6.16978774    -648.70605171   769.864924  7233.422139
  139.100000    -654.20651336       5.02690531    -649.17960805   627.256275  7236.033437
  139.150000    -654.67836207       4.93383304    -649.74452903   615.642735  7238.602243
  139.200000    -655.20454375       5.30029278    -649.90425098   661.369510  7241.167763
  139.250000    -655.77540612       6.27001042    -649.50539571   782.370691  7243.747723
  139.300000    -656.09172307       5.52131136    -650.57041171   688.948167  7246.345224
  139.350000    -654.48043486       4.49161708    -649.98881778   560.463113  7248.963562
  139.400000    -654.52551521       6.40554902    -648.11996619   799.283171  7251.576708
  139.450000    -654.48168874       5.18815767    -649.29353107   647.377313  7254.200602
  139.500000    -654.76626751       5.80947566    -648.95679185   724.905252  7256.815850
  139.550000    -654.36510683       5.86730377    -648.49780306   732.121033  7259.434352
  139.600000    -654.83480733       6.52300716    -648.31180017   813.939575  7262.012567
  139.650000    -654.84419324       6.03015020    -648.81404305   752.440978  7264.582137
  139.700000    -655.09318523       5.94175186    -649.15143338   741.410651  7267.137702
  139.750000    -654.59383998       5.91915353    -648.67468645   738.590836  7269.685215
  139.800000    -653.73153481       5.20512104    -648.52641377   649.494000  7272.234567
  139.850000    -654.06076134       6.33264717    -647.72811416   790.186493  7274.783424
  139.900000    -653.94727268       5.28667014    -648.66060253   659.669681  7277.331058
  139.950000    -654.61796791       5.47223493    -649.14573298   682.824419  7279.877295
  140.000000    -654.61132654       5.18070634    -649.43062019   646.447538  7282.424400
  140.050000    -655.02884594       4.94713490    -650.08171104   617.302539  7284.962454
  140.100000    -655.03875536       5.25293833    -649.78581703   655.460631  7287.500352
  140.150000    -654.76516876       6.11405503    -648.65111373   762.910607  7290.039575
  140.200000    -654.07161305       5.52537180    -648.54624126   689.454827  7292.575207
  140.250000    -654.98701967       6.20213026    -648.78488940   773.900618  7295.112317
  140.300000    -654.52234926       5.91048753    -648.61186173   737.509494  7297.663075
  140.350000    -654.86645015       5.64193142    -649.22451874   703.999114  7300.278477
  140.400000    -655.51604405       5.90905066    -649.60699339   737.330202  7302.894504
  140.450000    -654.54232336       4.90312080    -649.63920257   611.810467  7305.493346
  140.500000    -655.31927927       5.62473392    -649.69454535   701.853214  7308.106354
  140.550000    -655.25349381       5.40145568    -649.85203813   673.992597  7310.709392
  140.600000    -655.59164227       5.96382050    -649.62782177   744.164372  7313.313030
  140.650000    -655.64586795       5.38259930    -650.26326866   671.639702  7315.920328
  140.700000    -655.16822619       5.05878728    -650.10943891   631.234501  7318.489796
  140.750000    -655.90584024       5.98207710    -649.92376313   746.442427  7321.056312
  140.800000    -655.75525985       5.88479966    -649.87046019   734.304167  7323.656660
  140.850000    -655.65704201       5.66104106    -649.99600095   706.383611  7326.269305
  140.900000    -655.28922171       5.99729953    -649.29192218   748.341879  7328.877511
  140.950000    -653.79804043       4.93976147    -648.85827897   616.382483  7331.494562
  141.000000    -655.08289546       6.84807842    -648.23481703   854.501905  7334.097954
  141.050000    -654.49923002       6.36786795    -648.13136208   794.581334  7336.702210
  141.100000    -654.64045501       5.62361236    -649.01684265   701.713266  7339.313612
  141.150000    -655.37981176       6.52839591    -648.85141585   814.611982  7341.884619
  141.200000    -655.12825079       5.60153295    -649.52671785   698.958200  7344.451601
  141.250000    -655.18294774       5.04395031    -650.13899743   629.383147  7347.005472
  141.300000    -654.85553453       5.33721427    -649.51832025   665.976567  7349.552104
  141.350000    -655.24182307       5.40483913    -649.83698394   674.414784  7352.103279
  141.400000    -655.04555738       4.91745452    -650.12810286   613.599027  7354.654337
  141.450000    -655.68718459       5.35911683    -650.32806776   668.709564  7357.202002
  141.500000    -655.34836030       4.52872533    -650.81963497   565.093473  7359.747125
  141.550000    -654.66265983       4.31171484    -650.35094499   538.014946  7362.290852
  141.600000    -654.98103520       5.72379952    -649.25723568   714.214600  7364.828983
  141.650000    -655.51451060       5.74090455    -649.77360605   716.348962  7367.366031
  141.700000    -655.81687962       6.36154181    -649.45533780   793.791960  7369.903669
  141.750000    -655.75580848       6.06464993    -649.69115856   756.745848  7372.440192
  141.800000    -655.16311632       5.89668741    -649.26642891   735.787518  7374.979314
  141.850000    -654.71893869       6.03202927    -648.68690942   752.675449  7377.572416
  141.900000    -654.75659760       5.89821046    -648.85838714   735.977563  7380.178067
  141.950000    -654.93407665       5.35651130    -649.57756534   668.384447  7382.819047
  142.000000    -655.18977313       5.70358850    -649.48618463   711.692673  7385.428557
  142.050000    -654.87994378       4.97882689    -649.90111689   621.257059  7388.054903
  142.100000    -655.00789638       5.29130226    -649.71659411   660.247675  7390.667727
  142.150000    -655.45894337       5.99289076    -649.46605261   747.791753  7393.296651
  142.200000    -654.64263097       5.40162910    -649.24100187   674.014237  7395.874442
  142.250000    -654.83821964       6.23192677    -648.60629288   777.618620  7398.446567
  142.300000    -653.69391254       5.49099123    -648.20292131   685.164826  7401.023513
  142.350000    -654.11090761       6.28017276    -647.83073484   783.638746  7403.641707
  142.400000    -654.52660411       5.80666048    -648.71994364   724.553974  7406.268547
  142.450000    -654.59957221       5.86724150    -648.73233070   732.113263  7408.873328
  142.500000    -654.07043188       5.64624555    -648.42418634   704.537430  7411.486640
  142.550000    -654.10129397       6.25385884    -647.84743513   780.355300  7414.103714
  142.600000    -653.65629190       6.18796268    -647.46832922   772.132789  7416.706945
  142.650000    -654.11909828       6.34192543    -647.77717285   791.344232  7419.300246
  142.700000    -654.81056944       6.07368386    -648.73688558   757.873101  7421.876585
  142.750000    -655.44951266       5.47868962    -649.97082304   683.629834  7424.431919
  142.800000    -655.40664069       4.82233705    -650.58430364   601.730287  7426.973421
  142.850000    -655.34855369       5.71122086    -649.63733283   712.645038  7429.518305
  142.900000    -654.59001751       4.88311197    -649.70690554   609.313770  7432.066608
  142.950000    -655.61044464       6.12496857    -649.48547607   764.272397  7434.608850
  143.000000    -655.59831723       6.15868966    -649.43962758   768.480108  7437.153828
  143.050000    -654.96241349       4.76436530    -650.19804819   594.496583  7439.699066
  143.100000    -654.73639561       4.40745486    -650.32894075   549.961367  7442.241600
  143.150000    -655.64631356       5.49715521    -650.14915835   685.933967  7444.777206
  143.200000    -655.43881164       5.31896580    -650.11984584   663.699527  7447.318863
  143.250000    -655.55141675       5.87981946    -649.67159728   733.682738  7449.857090
  143.300000    -654.69720411       5.59412681    -649.10307730   698.034064  7452.396449
  143.350000    -654.25646544       5.25080586    -649.00565958   655.194542  7454.936010
  143.400000    -654.53964257       5.57780521    -648.96183736   695.997458  7457.531267
  143.450000    -653.76087552       4.36432914    -649.39654638   544.580148  7460.136101
  143.500000    -655.05453685       6.44765583    -648.60688102   804.537250  7462.747359
  143.550000    -655.17039483       6.14985011    -649.02054472   767.377110  7465.352625
  143.600000    -654.54086271       4.41935415    -650.12150855   551.446159  7467.969495
  143.650000    -655.15629905       5.35504140    -649.80125765   668.201033  7470.571586
  143.700000    -655.24198127       5.49575073    -649.74623054   685.758716  7473.182277
  143.750000    -655.69149696       5.66999847    -650.02149849   707.501315  7475.755948
  143.800000    -655.48761656       5.68207677    -649.80553979   709.008443  7478.329405
  143.850000    -654.78866043       5.72223121    -649.06642922   714.018907  7480.912559
  143.900000    -655.20158558       5.54351121    -649.65807437   691.718260  7483.513482
  143.950000    -653.87527916       5.01772395    -648.85755521   626.110626  7486.127161
  144.000000    -654.63418764       5.07040067    -649.56378697   632.683617  7488.728965
  144.050000    -654.21979812       5.30382198    -648.91597614   661.809884  7491.346633
  144.100000    -654.15156005       5.74277894    -648.40878110   716.582849  7493.946739
  144.150000    -653.56237980       5.49805755    -648.06432225   686.046561  7496.566963
  144.200000    -654.47750622       5.49330341    -648.98420281   685.453339  7499.145857
  144.250000    -656.11744049       6.35244612    -649.76499437   792.657001  7501.709927
  144.300000    -654.62461129       5.45486195    -649.16974934   680.656622  7504.274846
  144.350000    -655.04467337       5.77657516    -649.26809821   720.799934  7506.836744
  144.400000    -655.25778478       6.65915320    -648.59863157   830.927852  7509.382818
  144.450000    -654.73854893       6.08331116    -648.65523777   759.074393  7511.930733
  144.500000    -654.42993249       5.31754835    -649.11238414   663.522657  7514.473483
  144.550000    -654.84402571       6.34531040    -648.49871530   791.766608  7517.019367
  144.600000    -653.38951790       5.01242341    -648.37709448   625.449227  7519.556743
  144.650000    -654.63609093       6.20158311    -648.43450781   773.832345  7522.096089
  144.700000    -655.25196103       6.13937855    -649.11258248   766.070471  7524.632888
  144.750000    -655.88470763       6.59013113    -649.29457650   822.315292  7527.169137
  144.800000    -653.87426036       5.13575205    -648.73850830   640.838150  7529.708753
  144.850000    -654.81072962       5.86948022    -648.94124941   732.392609  7532.244030
  144.900000    -654.89950546       4.94017788    -649.95932757   616.434443  7534.814010
  144.950000    -654.32950695       5.30074053    -649.02876642   661.425381  7537.425412
  145.000000    -655.04664609       5.30354724    -649.74309885   661.775601  7540.052066
  145.050000    -655.42164189       5.61847438    -649.80316751   701.072149  7542.647897
  145.100000    -655.10501042       5.66865788    -649.43635255   707.334036  7545.266596
  145.150000    -654.29702638       5.04589688    -649.25112950   629.626040  7547.887889
  145.200000    -655.14280549       5.94771751    -649.19508799   742.155043  7550.491752
  145.250000    -654.72225473       5.47525237    -649.24700235   683.200935  7553.082933
  145.300000    -653.56928644       4.89011509    -648.67917135   610.187618  7555.651537
  145.350000    -654.71134419       6.22898383    -648.48236036   777.251401  7558.223884
  145.400000    -654.66278424       6.51396099    -648.14882325   812.810795  7560.843070
  145.450000    -654.68051157       6.05487502    -648.62563655   755.526137  7563.462769
  145.500000    -654.95939625       5.62636030    -649.33303595   702.056154  7566.063581
  145.550000    -654.98384651       5.81771005    -649.16613646   725.932738  7568.674448
  145.600000    -655.34433711       6.19704102    -649.14729609   773.265584  7571.287935
  145.650000    -654.72912264       5.59095650    -649.13816613   697.638474  7573.888655
  145.700000    -654.73684280       5.63596026    -649.10088254   703.254034  7576.487903
  145.750000    -655.61192738       6.86205283    -648.74987455   856.245628  7579.059049
  145.800000    -654.76962551       5.36730146    -649.40232405   669.730841  7581.620275
  145.850000    -654.53388082       5.39764969    -649.13623113   673.517688  7584.165023
  145.900000    -655.40426298       4.88193639    -650.52232659   609.167081  7586.712044
  145.950000    -654.56463445       4.35325493    -650.21137952   543.198311  7589.266038
  146.000000    -655.56445421       5.81279804    -649.75165617   725.319818  7591.817138
  146.050000    -654.92819836       5.47109318    -649.45710518   682.681951  7594.367432
  146.100000    -654.82074155       6.33121716    -648.48952439   790.008056  7596.915234
  146.150000    -654.85971751       5.72644515    -649.13327236   714.544721  7599.461883
  146.200000    -655.40837856       5.47423460    -649.93414396   683.073938  7602.006209
  146.250000    -655.22010506       4.64748393    -650.57262113   579.912148  7604.548609
  146.300000    -655.90020055       5.03638575    -650.86381481   628.439242  7607.085569
  146.350000    -655.38230021       4.99297104    -650.38932917   623.021963  7609.624314
  146.400000    -655.91483712       5.26945484    -650.64538229   657.521558  7612.164398
  146.450000    -655.85847525       4.56484102    -651.29363423   569.599982  7614.771339
  146.500000    -655.92309394       4.59118065    -651.33191329   572.886636  7617.400792
  146.550000    -655.97186595       5.24991690    -650.72194906   655.083618  7620.042086
  146.600000    -655.94338117       5.16486529    -650.77851587   644.470895  7622.662593
  146.650000    -656.81306126       5.78579720    -651.02726407   721.950658  7625.292136
  146.700000    -656.64045374       4.70161676    -651.93883697   586.666833  7627.920065
  146.750000    -656.86907036       5.26254043    -651.60652993   656.658780  7630.550506
  146.800000    -655.68672610       4.39848330    -651.28824279   548.841898  7633.140517
  146.850000    -655.51574700       4.66470063    -650.85104636   582.060445  7635.719689
  146.900000    -655.79503471       5.07501746    -650.72001725   633.259699  7638.319834
  146.950000    -656.15067216       5.96281615    -650.18785600   744.039049  7640.944098
  147.000000    -655.32830698       4.88503107    -650.44327591   609.553235  7643.571259
  147.050000    -655.26782215       6.31045227    -648.95736988   787.417017  7646.185876
  147.100000    -655.81248339       6.73482553    -649.07765786   840.370231  7648.823193
  147.150000    -655.40272454       6.12624728    -649.27647726   764.431953  7651.438556
  147.200000    -655.00505942       5.77827381    -649.22678560   721.011892  7654.062650
  147.250000    -655.24754058       6.14547015    -649.10207043   766.830580  7656.648370
  147.300000    -655.89574139       5.65352761    -650.24221377   705.446085  7659.219666
  147.350000    -655.62043245       5.31286163    -650.30757082   662.937849  7661.776625
  147.400000    -655.76621668       6.34946160    -649.41675509   792.284593  7664.327144
  147.450000    -654.74720124       5.92816274    -648.81903850   739.715003  7666.875626
  147.500000    -655.18033575       5.90560766    -649.27472808   736.900585  7669.420660
  147.550000    -654.26796211       6.28814764    -647.97981448   784.633849  7671.966589
  147.600000    -654.59779549       6.02387859    -648.57391691   751.658408  7674.512913
  147.650000    -654.53708266       5.62326649    -648.91381618   701.670108  7677.060004
  147.700000    -656.10768934       5.74532808    -650.36236126   716.900929  7679.595709
  147.750000    -655.78828604       5.56603591    -650.22225013   694.528888  7682.129173
  147.800000    -654.94005160       4.79599209    -650.14405951   598.442968  7684.665064
  147.850000    -655.88329677       5.92917310    -649.95412367   739.841076  7687.203701
  147.900000    -655.33238958       5.40144960    -649.93093998   673.991839  7689.737880
  147.950000    -655.97948470       5.77129355    -650.20819115   720.140896  7692.296626
  148.000000    -655.67997801       5.13041606    -650.54956196   640.172326  7694.907513
  148.050000    -655.97057756       6.29742126    -649.67315629   785.791011  7697.514203
  148.100000    -655.31528683       5.28652528    -650.02876155   659.651605  7700.115586
  148.150000    -656.00801625       5.12531109    -650.88270515   639.535330  7702.726313
  148.200000    -655.43979010       4.62574401    -650.81404609   577.199445  7705.337961
  148.250000    -656.57837894       5.44821001    -651.13016893   679.826594  7707.941820
  148.300000    -656.13624623       4.93420792    -651.20203831   615.689513  7710.536298
  148.350000    -655.90943745       5.95803932    -649.95139813   743.442997  7713.105794
  148.400000    -654.75628872       4.71322396    -650.04306476   588.115177  7715.673747
  148.450000    -655.59623423       5.84308085    -649.75315338   729.098501  7718.285009
  148.500000    -655.10501447       5.32165008    -649.78336438   664.034471  7720.900509
  148.550000    -654.86873191       5.19538569    -649.67334622   648.279224  7723.509534
  148.600000    -655.27801161       6.01122423    -649.26678738   750.079400  7726.120087
  148.650000    -654.60191200       5.51867051    -649.08324149   688.618641  7728.734323
  148.700000    -655.24742630       6.37025445    -648.87717185   794.879121  7731.340899
  148.750000    -654.39890821       5.16332370    -649.23558452   644.278535  7733.940416
  148.800000    -655.08774822       4.99147477    -650.09627345   622.835259  7736.509444
  148.850000    -655.11678013       5.41741712    -649.69936301   675.984263  7739.073025
  148.900000    -655.12558394       4.78190823    -650.34367572   596.685586  7741.620143
  148.950000    -655.63224820       5.55358469    -650.07866352   692.975226  7744.168598
  149.000000    -655.37199975       5.76184691    -649.61015284   718.962146  7746.715191
  149.050000    -655.67002240       6.27550399    -649.39451842   783.056177  7749.261369
  149.100000    -655.34457591       4.87459970    -650.46997621   608.251610  7751.806839
  149.150000    -655.18766467       5.29220134    -649.89546334   660.359862  7754.355742
  149.200000    -654.78347956       5.82069506    -648.96278450   726.305207  7756.892138
  149.250000    -654.84712324       5.60245251    -649.24467073   699.072944  7759.435523
  149.300000    -654.34148011       5.34717940    -648.99430071   667.220015  7761.973378
  149.350000    -655.46898712       6.32150236    -649.14748476   788.795845  7764.517164
  149.400000    -654.55438267       5.93115128    -648.62323139   740.087912  7767.060162
  149.450000    -655.24776734       6.71252071    -648.53524662   837.587040  7769.607737
  149.500000    -654.86955717       5.78339742    -649.08615975   721.651214  7772.221450
  149.550000    -654.66821084       5.89102918    -648.77718166   735.081485  7774.846763
  149.600000    -654.69352104       4.99835289    -649.69516815   623.693509  7777.456681
  149.650000    -656.15036225       6.00482253    -650.14553972   749.280597  7780.077087
  149.700000    -655.11504855       5.28326354    -649.83178500   659.244606  7782.704600
  149.750000    -655.69105599       5.69869395    -649.99236204   711.081932  7785.331433
  149.800000    -655.39207752       4.53707648    -650.85500104   566.135528  7787.948979
  149.850000    -655.59256748       5.17763553    -650.41493195   646.064363  7790.534128
  149.900000    -655.17259164       5.59778587    -649.57480577   698.490642  7793.118471
  149.950000    -655.18187110       5.93804560    -649.24382550   740.948185  7795.728194
  150.000000    -654.39287435       5.35015558    -649.04271877   667.591381  7798.364277
  150.050000    -655.43851303       6.04801893    -649.39049411   754.670635  7800.989944
  150.100000    -655.31844744       5.75119992    -649.56724752   717.633617  7803.617672
  150.150000    -655.06063097       5.52310507    -649.53752590   689.171985  7806.285170
  150.200000    -655.23085560       5.29165353    -649.93920207   660.291506  7808.912559
  150.250000    -654.65322903       5.09180858    -649.56142044   635.354893  7811.540554
  150.300000    -655.15710364       6.18574655    -648.97135709   771.856261  7814.128425
  150.350000    -654.54762144       6.36523662    -648.18238482   794.252997  7816.702535
  150.400000    -655.35127191       6.36988544    -648.98138648   794.833076  7819.271897
  150.450000    -655.25193172       5.95211314    -649.29981858   742.703529  7821.823815
  150.500000    -654.65449280       6.38321351    -648.27127929   796.496151  7824.372534
  150.550000    -653.52924794       6.00159143    -647.52765651   748.877421  7826.924691
  150.600000    -654.24250677       6.97012911    -647.27237766   869.731366  7829.477976
  150.650000    -655.17142982       6.46189428    -648.70953553   806.313922  7832.029067
  150.700000    -654.64191779       6.80109888    -647.84081891   848.639806  7834.573918
  150.750000    -653.23573567       5.46983694    -647.76589873   682.525198  7837.113628
  150.800000    -655.04703342       6.83085814    -648.21617527   852.353161  7839.648673
  150.850000    -655.18387931       5.79584973    -649.38802958   723.205011  7842.190240
  150.900000    -655.38850217       5.55692325    -649.83157892   693.391811  7844.728619
  150.950000    -655.71009622       5.62599860    -650.08409762   702.011021  7847.265827
  151.000000    -655.08327498       5.43400519    -649.64926979   678.054119  7849.846557
  151.050000    -655.16489373       5.48924248    -649.67565125   684.946618  7852.453572
  151.100000    -654.52914288       5.16072820    -649.36841468   643.954669  7855.076538
  151.150000    -654.47525467       5.47348092    -649.00177375   682.979893  7857.681237
  151.200000    -655.34962519       6.04950297    -649.30012222   754.855814  7860.300009
  151.250000    -655.10344245       5.58612831    -649.51731414   697.036013  7862.908194
  151.300000    -654.84873367       5.29404494    -649.55468873   660.589907  7865.518700
  151.350000    -655.31037431       5.66580332    -649.64457099   706.977846  7868.101852
  151.400000    -654.98657025       5.48222449    -649.50434576   684.070914  7870.677679
  151.450000    -654.72541774       5.11827011    -649.60714763   638.656757  7873.264791
  151.500000    -655.25957134       5.56622534    -649.69334601   694.552524  7875.875535
  151.550000    -655.31836225       5.99433994    -649.32402231   747.972581  7878.507838
  151.600000    -654.80461406       5.67015191    -649.13446215   707.520462  7881.119524
  151.650000    -654.93626805       5.62707688    -649.30919117   702.145568  7883.748048
  151.700000    -654.80242784       5.83045556    -648.97197228   727.523120  7886.360151
  151.750000    -654.85906028       6.13274657    -648.72631371   765.242934  7888.967215
  151.800000    -655.30152273       5.57569366    -649.72582906   695.733980  7891.551480
  151.850000    -655.34667555       5.39321634    -649.95345921   672.964494  7894.119164
  151.900000    -654.36031648       4.70048631    -649.65983017   586.525775  7896.681434
  151.950000    -655.18372980       5.06483886    -650.11889093   631.989616  7899.227109
  152.000000    -655.03532411       5.71424511    -649.32107900   713.022402  7901.767331
  152.050000    -654.56144178       5.40459325    -649.15684853   674.384104  7904.309277
  152.100000    -654.43169282       5.49969247    -648.93200035   686.250565  7906.852069
  152.150000    -654.88810017       5.48918900    -649.39891117   684.939945  7909.393739
  152.200000    -654.78005170       5.24310935    -649.53694235   654.234173  7911.934800
  152.250000    -654.97717124       5.17995344    -649.79721780   646.353591  7914.466026
  152.300000    -654.57779638       5.00176038    -649.57603599   624.118696  7917.039026
  152.350000    -654.83647433       5.81590246    -649.02057187   725.707187  7919.637155
  152.400000    -654.93408595       6.00454317    -648.92954278   749.245738  7922.232475
  152.450000    -654.00814053       5.79179231    -648.21634822   722.698727  7924.828149
  152.500000    -654.28032583       6.38530367    -647.89502216   796.756960  7927.445965
  152.550000    -654.02304940       6.00161785    -648.02143155   748.880717  7930.070932
  152.600000    -654.53057701       6.29405867    -648.23651834   785.371426  7932.701528
  152.650000    -653.92526410       5.83382355    -648.09144056   727.943377  7935.295143
  152.700000    -654.52516601       6.85007187    -647.67509414   854.750647  7937.920592
  152.750000    -654.64700163       6.30978749    -648.33721414   787.334065  7940.526024
  152.800000    -653.49493384       5.26730551    -648.22762833   657.253365  7943.130602
  152.850000    -654.63286884       5.97937441    -648.65349443   746.105186  7945.726794
  152.900000    -654.33213345       5.45460940    -648.87752406   680.625109  7948.294483
  152.950000    -654.68725741       5.82588679    -648.86137062   726.953030  7950.851978
  153.000000    -654.83261586       6.44508578    -648.38753008   804.216561  7953.471599
  153.050000    -654.49606387       5.81556651    -648.68049736   725.665268  7956.087804
  153.100000    -654.64536010       5.95032656    -648.69503354   742.480601  7958.692967
  153.150000    -654.90803553       6.09018564    -648.81784988   759.932190  7961.294138
  153.200000    -653.67170820       5.95223682    -647.71947138   742.718962  7963.938905
  153.250000    -653.30002153       6.25245696    -647.04756456   780.180374  7966.582949
  153.300000    -654.23818615       5.95086749    -648.28731865   742.548098  7969.180163
  153.350000    -653.16922007       5.20686198    -647.96235809   649.711233  7971.749098
  153.400000    -654.43923089       6.14289770    -648.29633319   766.509590  7974.320212
  153.450000    -653.84951112       5.98796305    -647.86154807   747.176874  7976.903425
  153.500000    -653.93094036       6.20422337    -647.72671700   774.161795  7979.517274
  153.550000    -654.10307101       6.71647549    -647.38659552   838.080516  7982.132672
  153.600000    -654.34788697       4.85853791    -649.48934907   606.247423  7984.715405
  153.650000    -654.77675735       5.45530894    -649.32144841   680.712397  7987.331150
  153.700000    -655.20464379       5.40474462    -649.79989917   674.402991  7989.943660
  153.750000    -654.81815403       5.03047119    -649.78768283   627.701225  7992.546186
  153.800000    -655.59848520       5.76353853    -649.83494667   719.173226  7995.150479
  153.850000    -654.56224677       4.16470263    -650.39754414   519.670791  7997.752201
  153.900000    -655.18468434       5.17577912    -650.00890522   645.832720  8000.346948
  153.950000    -654.60896325       4.63778468    -649.97117857   578.701878  8002.947690
  154.000000    -655.77378899       5.38340868    -650.39038031   671.740696  8005.559597
  154.050000    -655.39487083       5.07728113    -650.31758970   633.542160  8008.189839
  154.100000    -654.73490609       4.79068999    -649.94421611   597.781372  8010.825870
  154.150000    -656.32434331       5.03237207    -651.29197124   627.938416  8013.457376
  154.200000    -655.61151363       5.00831602    -650.60319761   624.936707  8016.090594
  154.250000    -654.92945052       5.48096432    -649.44848620   683.913671  8018.719280
  154.300000    -654.87905993       5.13825453    -649.74080541   641.150409  8021.342356
  154.350000    -655.76977030       5.16910144    -650.60066886   644.999481  8023.975401
  154.400000    -655.39533905       5.56154474    -649.83379431   693.968480  8026.592509
  154.450000    -655.02961555       4.62432550    -650.40529005   577.022444  8029.202878
  154.500000    -655.31581969       5.10231566    -650.21350403   636.665964  8031.823822
  154.550000    -655.03753341       5.42251543    -649.61501798   676.620430  8034.452597
  154.600000    -655.16514206       4.92433805    -650.24080401   614.457952  8037.077434
  154.650000    -655.04030292       5.21073674    -649.82956618   650.194726  8039.706733
  154.700000    -655.77577610       6.81760446    -648.95817164   850.699369  8042.335000
  154.750000    -654.18144149       5.25401809    -648.92742341   655.595364  8044.960275
  154.800000    -655.06854139       6.05765881    -649.01088258   755.873498  8047.592412
  154.850000    -653.98658184       4.66087931    -649.32570253   581.583622  8050.217069
  154.900000    -654.39071859       5.79182184    -648.59889675   722.702412  8052.838041
  154.950000    -654.55583632       6.00224382    -648.55359249   748.958826  8055.440593
  155.000000    -654.58022780       6.20539639    -648.37483141   774.308165  8058.046602
  155.050000    -653.76447569       4.60497529    -649.15950040   574.607928  8060.645809
  155.100000    -655.22398362       6.33297032    -648.89101329   790.226815  8063.249058
  155.150000    -654.73431435       6.41294977    -648.32136458   800.206635  8065.851265
  155.200000    -654.35434476       5.12415668    -649.23018808   639.391282  8068.442598
  155.250000    -654.92981282       5.58328364    -649.34652919   696.681055  8071.036165
  155.300000    -654.80564636       5.76411209    -649.04153427   719.244794  8073.626848
  155.350000    -655.38419250       6.67233658    -648.71185592   832.572871  8076.201136
  155.400000    -654.70408119       5.62195179    -649.08212940   701.506060  8078.796705
  155.450000    -654.41164138       5.42833669    -648.98330469   677.346804  8081.389345
  155.500000    -654.52702152       5.88405685    -648.64296467   734.211479  8083.991073
  155.550000    -654.12544756       5.65418387    -648.47126368   705.527973  8086.611234
  155.600000    -654.40980249       5.06454344    -649.34525905   631.952753  8089.239007
  155.650000    -654.35930248       5.64505843    -648.71424404   704.389303  8091.872848
  155.700000    -654.51570380       5.37841467    -649.13728913   671.117545  8094.498992
  155.750000    -654.64273707       5.40261203    -649.24012504   674.136886  8097.134142
  155.800000    -655.04980707       5.75864786    -649.29115920   718.562969  8099.759457
  155.850000    -655.39990902       5.86382428    -649.53608474   731.686862  8102.390999
  155.900000    -655.57967739       6.46700655    -649.11267084   806.951829  8105.017161
  155.950000    -655.28549916       5.45982935    -649.82566981   681.276453  8107.654413
  156.000000    -654.37932040       4.87765353    -649.50166687   608.632666  8110.263505
  156.050000    -656.20199254       6.14815765    -650.05383489   767.165925  8112.884567
  156.100000    -655.13798586       5.13897078    -649.99901509   641.239782  8115.519916
  156.150000    -654.88405832       5.36304464    -649.52101368   669.199676  8118.146982
  156.200000    -655.67394042       5.86533211    -649.80860831   731.875009  8120.771701
  156.250000    -655.90780363       5.50895107    -650.39885256   687.405851  8123.404766
  156.300000    -655.42728035       4.69255755    -650.73472279   585.536426  8126.033333
  156.350000    -655.97909038       5.61111168    -650.36797870   700.153433  8128.665100
  156.400000    -654.84129102       5.75809563    -649.08319539   718.494062  8131.276130
  156.450000    -654.03488540       5.42679568    -648.60808972   677.154518  8133.892256
  156.500000    -655.05442445       6.42293248    -648.63149197   801.452276  8136.493870
  156.550000    -654.51855706       5.63230354    -648.88625352   702.797750  8139.096892
  156.600000    -654.67211658       5.94127060    -648.73084598   741.350599  8141.694011
  156.650000    -655.22011421       6.07756708    -649.14254714   758.357647  8144.288537
  156.700000    -654.52125728       5.06477136    -649.45648592   631.981194  8146.875401
  156.750000    -654.61358069       4.88443424    -649.72914645   609.478763  8149.464688
  156.800000    -654.33682806       5.37035799    -648.96647006   670.112235  8152.057895
  156.850000    -655.04835928       6.50254668    -648.54581260   811.386520  8154.654919
  156.900000    -654.75875365       6.73746048    -648.02129317   840.699019  8157.231642
  156.950000    -654.24093105       5.53021204    -648.71071901   690.058792  8159.823546
  157.000000    -655.46832475       6.43257281    -649.03575194   802.655195  8162.414949
  157.050000    -654.81827443       6.07007832    -648.74819611   757.423202  8164.997641
  157.100000    -654.22206662       6.13887247    -648.08319414   766.007323  8167.627242
  157.150000    -654.90649119       5.99387705    -648.91261413   747.914823  8170.257321
  157.200000    -654.94081011       5.94399324    -648.99681687   741.690330  8172.889906
  157.250000    -654.51794261       5.45376400    -649.06417861   680.519619  8175.528800
  157.300000    -654.86358858       5.56471394    -649.29887464   694.363931  8178.168505
  157.350000    -654.75328865       5.34134726    -649.41194139   666.492281  8180.808333
  157.400000    -656.07127958       6.32691377    -649.74436581   789.471079  8183.452327
  157.450000    -655.23502054       5.23790012    -649.99712042   653.584166  8186.083110
  157.500000    -655.66380740       5.79956797    -649.86423944   723.668972  8188.699910
  157.550000    -655.35486578       5.27904731    -650.07581847   658.718504  8191.325130
  157.600000    -655.67049369       6.67712575    -648.99336794   833.170463  8193.967863
  157.650000    -655.91295932       5.79678204    -650.11617728   723.321345  8196.597100
  157.700000    -655.10769173       6.11492835    -648.99276338   763.019580  8199.230102
  157.750000    -655.21716418       6.58377873    -648.63338545   821.522640  8201.853846
  157.800000    -654.04141218       5.21507339    -648.82633880   650.735851  8204.481845
  157.850000    -654.58473801       6.54267083    -648.04206718   816.393204  8207.108243
  157.900000    -655.42909227       6.02278280    -649.40630947   751.521676  8209.717398
  157.950000    -655.52475704       5.39074044    -650.13401659   672.655553  8212.341492
  158.000000    -655.33987437       5.61721225    -649.72266212   700.914661  8214.943947
  158.050000    -654.99908241       5.09738015    -649.90170226   636.050111  8217.528219
  158.100000    -655.86948191       5.01943896    -650.85004295   626.324625  8220.131339
  158.150000    -656.73362251       5.23621615    -651.49740635   653.374042  8222.739364
  158.200000    -655.58005588       4.64939521    -650.93066067   580.150637  8225.330145
  158.250000    -656.60695429       5.99316080    -650.61379349   747.825448  8227.927720
  158.300000    -655.22167907       5.38444149    -649.83723758   671.869570  8230.528031
  158.350000    -654.85752293       5.29672748    -649.56079545   660.924633  8233.098303
  158.400000    -655.36789741       6.13355135    -649.23434606   765.343354  8235.681563
  158.450000    -655.25913856       5.31390446    -649.94523410   663.067973  8238.275365
  158.500000    -655.23367867       5.96931033    -649.26436834   744.849391  8240.849237
  158.550000    -655.13597079       6.26540414    -648.87056665   781.795920  8243.439167
  158.600000    -654.90741490       5.56664979    -649.34076511   694.605486  8246.063887
  158.650000    -655.83282097       5.80647378    -650.02634719   724.530678  8248.678127
  158.700000    -656.04680802       5.76571485    -650.28109317   719.444787  8251.309196
  158.750000    -655.65132391       5.11444896    -650.53687495   638.179955  8253.932685
  158.800000    -655.81883007       5.73694959    -650.08188048   715.855463  8256.563056
  158.850000    -656.14815626       5.92035662    -650.22779963   738.740957  8259.193430
  158.900000    -655.19883212       4.80328160    -650.39555052   599.352552  8261.828354
  158.950000    -656.11313924       6.63302350    -649.48011574   827.667392  8264.442903
  159.000000    -654.68664204       4.80532934    -649.88131270   599.608068  8267.049104
  159.050000    -654.69668604       4.70158709    -649.99509895   586.663130  8269.670056
  159.100000    -655.93704439       6.27530214    -649.66174226   783.030990  8272.296978
  159.150000    -654.88890084       5.66854067    -649.22036017   707.319411  8274.930589
  159.200000    -655.22080425       6.90486152    -648.31594272   861.587289  8277.560060
  159.250000    -655.44183833       6.63738674    -648.80445159   828.211837  8280.199409
  159.300000    -655.62813080       6.11696542    -649.51116538   763.273765  8282.830040
  159.350000    -655.51874333       5.86902799    -649.64971533   732.336181  8285.459797
  159.400000    -654.70151973       5.53064963    -649.17087010   690.113394  8288.078870
  159.450000    -654.60354282       5.93205735    -648.67148547   740.200972  8290.682850
  159.500000    -655.67083381       6.35043895    -649.32039486   792.406547  8293.301185
  159.550000    -655.31303455       6.08109080    -649.23194375   758.797337  8295.909213
  159.600000    -656.08191003       6.12692582    -649.95498421   764.516622  8298.495691
  159.650000    -655.85548239       5.91676754    -649.93871485   738.293113  8301.098083
  159.700000    -655.61242365       5.15860377    -650.45381988   643.689583  8303.698074
  159.750000    -654.74189254       4.79643015    -649.94546239   598.497629  8306.283239
  159.800000    -655.19314842       5.46346543    -649.72968299   681.730163  8308.886095
  159.850000    -656.00846565       5.52866090    -650.47980475   689.865240  8311.480086
  159.900000    -656.18575345       4.91508398    -651.27066947   613.303231  8314.049503
  159.950000    -656.66843265       5.02042891    -651.64800373   626.448152  8316.643677
  160.000000    -656.52810843       5.05668500    -651.47142343   630.972179  8319.247827
  160.050000    -656.49978978       4.75973023    -651.74005955   593.918220  8321.834380
  160.100000    -656.56937724       5.29949668    -651.26988056   661.270174  8324.442403
  160.150000    -656.34792446       5.06101197    -651.28691249   631.512097  8327.078979
  160.200000    -656.08298849       5.10624302    -650.97674547   637.156019  8329.705585
  160.250000    -656.80774374       5.36941612    -651.43832763   669.994707  8332.333966
  160.300000    -656.71363379       4.81370569    -651.89992809   600.653268  8334.970564
  160.350000    -656.55095903       4.95125162    -651.59970741   617.816223  8337.601382
  160.400000    -656.69665626       5.26343019    -651.43322607   656.769804  8340.232219
  160.450000    -656.49645001       5.03441661    -651.46203340   628.193533  8342.865927
  160.500000    -656.70066983       5.90134709    -650.79932274   736.368952  8345.481938
  160.550000    -655.70505501       4.55112221    -651.15393280   567.888152  8348.093798
  160.600000    -656.20415357       6.46293082    -649.74122275   806.443261  8350.725363
  160.650000    -655.65063269       5.18556814    -650.46506456   647.054192  8353.346993
  160.700000    -655.92497722       5.64969831    -650.27527892   704.968265  8355.972258
  160.750000    -655.40546081       5.76143702    -649.64402379   718.911000  8358.609931
  160.800000    -655.39059628       6.42853448    -648.96206180   802.151292  8361.243134
  160.850000    -655.36414431       5.97850218    -649.38564213   745.996349  8363.869126
  160.900000    -655.13471761       5.92454707    -649.21017053   739.263841  8366.515382
  160.950000    -654.72094729       5.74641439    -648.97453291   717.036479  8369.128879
  161.000000    -655.52271275       6.09720337    -649.42550939   760.807860  8371.730582
  161.050000    -655.64428063       6.29672182    -649.34755881   785.703735  8374.337213
  161.100000    -656.54550030       5.69748559    -650.84801472   710.931152  8376.942342
  161.150000    -656.65727179       6.07480684    -650.58246495   758.013226  8379.535277
  161.200000    -656.32408276       5.57798935    -650.74609341   696.020435  8382.140482
  161.250000    -655.94704335       5.27019095    -650.67685240   657.613410  8384.752771
  161.300000    -655.73617736       5.35998068    -650.37619668   668.817356  8387.426144
  161.350000    -655.29746228       5.21297160    -650.08449068   650.473590  8390.031587
  161.400000    -655.61724713       5.41622233    -650.20102480   675.835177  8392.629960
  161.450000    -656.57714125       5.34709424    -651.23004701   667.209388  8395.203951
  161.500000    -656.62580945       5.29616308    -651.32964637   660.854207  8397.804710
  161.550000    -656.42217406       4.96780212    -651.45437194   619.881390  8400.405622
  161.600000    -656.71144769       5.33845411    -651.37299358   666.131275  8402.991505
  161.650000    -656.00124641       4.51995102    -651.48129539   563.998616  8405.621109
  161.700000    -656.04389402       4.69858265    -651.34531137   586.288236  8408.273593
  161.750000    -655.53697431       3.81811105    -651.71886327   476.423160  8410.904392
  161.800000    -656.68408386       5.43402781    -651.25005605   678.056942  8413.543075
  161.850000    -656.16124558       5.51625134    -650.64499424   688.316778  8416.182354
  161.900000    -656.06758930       5.69981849    -650.36777081   711.222252  8418.814082
  161.950000    -654.78206053       4.67579893    -650.10626160   583.445288  8421.458140
  162.000000    -656.03519997       6.41609895    -649.61910102   800.599589  8424.090810
  162.050000    -655.47669460       5.90516681    -649.57152779   736.845576  8426.721691
  162.100000    -655.60219640       6.02105007    -649.58114632   751.305467  8429.350443
  162.150000    -655.01162959       5.91416881    -649.09746078   737.968843  8431.979936
  162.200000    -655.83370242       5.53253352    -650.30116890   690.348465  8434.617266
  162.250000    -655.06388090       5.40738922    -649.65649168   674.732983  8437.248968
  162.300000    -655.56618063       6.00969891    -649.55648172   749.889070  8439.883372
  162.350000    -654.37336594       6.31619957    -648.05716636   788.134164  8442.512024
  162.400000    -654.46820011       5.90299032    -648.56520979   736.573994  8445.150439
  162.450000    -655.63206730       5.73319052    -649.89887679   715.386407  8447.788315
  162.500000    -656.04748741       5.47348410    -650.57400331   682.980290  8450.434218
  162.550000    -656.20155265       5.79852637    -650.40302628   723.539002  8453.062980
  162.600000    -655.77240958       5.62272129    -650.14968829   701.602078  8455.687576
  162.650000    -656.19460916       5.69513064    -650.49947852   710.637303  8458.314084
  162.700000    -655.34395286       5.26293768    -650.08101519   656.708348  8460.940992
  162.750000    -655.73741143       5.51570011    -650.22171132   688.247996  8463.565490
  162.800000    -656.00787297       5.12721141    -650.88066156   639.772451  8466.161829
  162.850000    -655.66996846       5.57865884    -650.09130962   696.103974  8468.781513
  162.900000    -655.97809887       5.30251880    -650.67558007   661.647273  8471.396081
  162.950000    -655.43173115       4.63150498    -650.80022617   577.918298  8474.004227
  163.000000    -656.29613919       5.02662791    -651.26951128   627.221661  8476.618632
  163.050000    -656.09697474       5.12116750    -650.97580723   639.018293  8479.231208
  163.100000    -655.98676867       5.39573646    -650.59103221   673.278954  8481.854257
  163.150000    -656.29405857       6.24312860    -650.05092996   779.016383  8484.468946
  163.200000    -655.09536080       5.40384509    -649.69151571   674.290747  8487.107273
  163.250000    -655.52845415       6.01241906    -649.51603509   750.228491  8489.746138
  163.300000    -655.32596517       5.14703761    -650.17892756   642.246360  8492.375081
  163.350000    -654.83655330       5.69401090    -649.14254241   710.497581  8495.011949
  163.400000    -655.64098214       6.68093675    -648.96004539   833.645999  8497.631750
  163.450000    -655.10298641       5.61932007    -649.48366633   701.177675  8500.247113
  163.500000    -656.31000521       6.62493064    -649.68507456   826.657568  8502.870135
  163.550000    -654.85192756       5.03622673    -649.81570083   628.419400  8505.487709
  163.600000    -654.73494258       5.00712208    -649.72782050   624.787728  8508.105427
  163.650000    -655.62801384       6.50973477    -649.11827907   812.283448  8510.731545
  163.700000    -654.62908575       5.77670011    -648.85238564   720.815526  8513.363230
  163.750000    -654.49280084       5.10734526    -649.38545558   637.293557  8515.985068
  163.800000    -655.32234869       5.72732352    -649.59502517   714.654324  8518.613998
  163.850000    -655.38284132       5.63763841    -649.74520291   703.463434  8521.238957
  163.900000    -655.29285037       4.91072224    -650.38212813   612.758974  8523.869714
  163.950000    -655.40195556       4.79363128    -650.60832429   598.148386  8526.497125
  164.000000    -655.43124790       5.69033469    -649.74091321   710.038865  8529.123798
  164.050000    -656.13903768       5.99914481    -650.13989288   748.572132  8531.724597
  164.100000    -655.85242135       6.28979563    -649.56262571   784.839486  8534.334354
  164.150000    -654.87233209       5.38192429    -649.49040780   671.555475  8536.941156
  164.200000    -654.43109476       4.74639348    -649.68470128   592.254062  8539.545042
  164.250000    -655.64135406       5.85600221    -649.78535186   730.710826  8542.154225
  164.300000    -654.94312445       6.04076943    -648.90235502   753.766044  8544.855984
  164.350000    -654.83423582       6.01852013    -648.81571569   750.989781  8547.464950
  164.400000    -654.42720578       5.69007038    -648.73713540   710.005884  8550.067663
  164.450000    -654.59791876       6.02308735    -648.57483142   751.559677  8552.661191
  164.500000    -654.54864939       5.26923389    -649.27941551   657.493988  8555.269059
  164.550000    -654.88818670       6.19433455    -648.69385214   772.927871  8557.871803
  164.600000    -655.52280613       5.44880993    -650.07399621   679.901451  8560.468509
  164.650000    -655.01850537       5.39221245    -649.62629292   672.839229  8563.075787
  164.700000    -655.08215357       5.81510158    -649.26705198   725.607254  8565.673987
  164.750000    -655.50301678       5.52708151    -649.97593527   689.668165  8568.306126
  164.800000    -655.20759839       5.52579794    -649.68180045   689.508002  8570.930667
  164.850000    -655.85689190       5.91018323    -649.94670867   737.471523  8573.546670
  164.900000    -654.99704402       5.02017271    -649.97687131   626.416182  8576.178713
  164.950000    -655.21286276       6.33479367    -648.87806909   790.454332  8578.807428
  165.000000    -654.91414278       5.87846915    -649.03567364   733.514246  8581.448695
  165.050000    -654.81987438       5.82663124    -648.99324313   727.045923  8584.074538
  165.100000    -654.95613184       6.27194431    -648.68418753   782.612001  8586.697781
  165.150000    -655.13466930       5.88509036    -649.24957894   734.340440  8589.315317
  165.200000    -655.48752289       5.13433528    -650.35318761   640.661366  8591.948256
  165.250000    -656.13970930       5.81364685    -650.32606245   725.425733  8594.581507
  165.300000    -655.57418873       5.09225144    -650.48193728   635.410153  8597.203842
  165.350000    -655.20648898       5.11789224    -650.08859673   638.609607  8599.841720
  165.400000    -655.73415278       4.38043976    -651.35371301   546.590429  8602.477249
  165.450000    -655.65086052       4.61311804    -651.03774248   575.623979  8605.109432
  165.500000    -655.46050849       4.98600329    -650.47450519   622.152529  8607.741407
  165.550000    -656.04016638       5.80113948    -650.23902691   723.865065  8610.349274
  165.600000    -655.32542074       4.56458859    -650.76083215   569.568483  8612.963820
  165.650000    -655.81706901       6.25144238    -649.56562663   780.053774  8615.570392
  165.700000    -655.40574680       5.00869854    -650.39704826   624.984438  8618.171713
  165.750000    -656.10367874       6.30476018    -649.79891855   786.706760  8620.781740
  165.800000    -655.42240984       6.32370284    -649.09870700   789.070420  8623.407216
  165.850000    -654.50231369       6.08689679    -648.41541690   759.521807  8626.024061
  165.900000    -654.02800980       6.30305315    -647.72495665   786.493756  8628.640628
  165.950000    -653.84892853       6.83313420    -647.01579432   852.637168  8631.250278
  166.000000    -653.39018717       5.83737350    -647.55281367   728.386339  8633.855026
  166.050000    -653.82225581       6.12937790    -647.69287791   764.822592  8636.463596
  166.100000    -653.63587589       6.32950061    -647.30637528   789.793865  8639.068275
  166.150000    -654.27046930       6.75091501    -647.51955429   842.377873  8641.663406
  166.200000    -655.00920968       6.10592996    -648.90327972   761.896762  8644.286675
  166.250000    -655.26252503       5.41251567    -649.85000936   675.372661  8646.926717
  166.300000    -655.72529238       5.65277344    -650.07251894   705.351980  8649.572572
  166.350000    -655.87617606       5.44288899    -650.43328707   679.162638  8652.214957
  166.400000    -655.43746651       6.06193759    -649.37552893   756.407403  8654.855591
  166.450000    -654.71064249       4.94870860    -649.76193389   617.498904  8657.488328
  166.500000    -655.83723328       5.44690141    -650.39033187   679.663307  8660.136243
  166.550000    -655.37980682       5.46679305    -649.91301377   682.145383  8662.759586
  166.600000    -656.34505393       6.41535072    -649.92970321   800.506225  8665.375851
  166.650000    -655.79289070       5.76140872    -650.03148198   718.907469  8667.995333
  166.700000    -656.05540296       5.76433736    -650.29106561   719.272903  8670.627094
  166.750000    -655.54982106       5.28928972    -650.26053133   659.996551  8673.262568
  166.800000    -655.81376042       5.28607526    -650.52768517   659.595451  8675.885599
  166.850000    -656.49668440       7.13043150    -649.36625289   889.733868  8678.522085
  166.900000    -654.71871038       5.30162987    -649.41708051   661.536353  8681.157435
  166.950000    -655.60966822       5.87397051    -649.73569771   732.952907  8683.800397
  167.000000    -655.35711929       5.68116873    -649.67595056   708.895138  8686.437201
  167.050000    -655.55463268       5.37911704    -650.17551565   671.205186  8689.064012
  167.100000    -655.67930300       6.23689432    -649.44240868   778.238470  8691.888892
  167.150000    -654.24670112       4.97797962    -649.26872150   621.151337  8694.508472
  167.200000    -655.67154136       6.48773663    -649.18380473   809.538525  8697.118265
  167.250000    -655.64626766       5.96538760    -649.68088006   744.359914  8699.710028
  167.300000    -655.40315110       5.31864701    -650.08450409   663.659748  8702.313683
  167.350000    -654.60923936       5.00017824    -649.60906112   623.921277  8704.916585
  167.400000    -656.06296878       5.78307432    -650.27989446   721.610898  8707.538921
  167.450000    -656.26440746       5.75518029    -650.50922717   718.130286  8710.139485
  167.500000    -655.02297661       5.37739449    -649.64558211   670.990248  8712.729756
  167.550000    -654.73159630       6.00568600    -648.72591030   749.388341  8715.331531
  167.600000    -654.63531464       6.04432761    -648.59098703   754.210033  8717.929347
  167.650000    -654.22500200       5.58806414    -648.63693786   697.277565  8720.522842
  167.700000    -653.72601005       5.34075534    -648.38525471   666.418422  8723.117398
  167.750000    -653.81324537       5.97547345    -647.83777192   745.618425  8725.748737
  167.800000    -653.71992560       6.07241093    -647.64751467   757.714265  8728.372461
  167.850000    -654.06331221       6.19081703    -647.87249517   772.488955  8730.990937
  167.900000    -653.76395957       6.35686204    -647.40709753   793.208019  8733.625183
  167.950000    -654.29920985       6.49343853    -647.80577132   810.250007  8736.264060
  168.000000    -654.76066267       6.44333083    -648.31733184   803.997578  8738.901944
  168.050000    -653.77235360       4.91852359    -648.85383001   613.732425  8741.540335
  168.100000    -654.69602346       6.53861461    -648.15740885   815.887070  8744.139498
  168.150000    -654.30474043       6.48907558    -647.81566485   809.705599  8746.756967
  168.200000    -654.18785096       6.16324929    -648.02460168   769.049057  8749.386187
  168.250000    -654.40695986       5.97222541    -648.43473446   745.213134  8752.000419
  168.300000    -654.31786486       6.08052299    -648.23734186   758.726486  8754.635352
  168.350000    -653.76286467       5.71523116    -648.04763352   713.145442  8757.265391
  168.400000    -654.79805388       6.15195959    -648.64609430   767.640331  8759.897375
  168.450000    -654.75277404       5.87063086    -648.88214318   732.536186  8762.521533
  168.500000    -654.50234317       5.39377010    -649.10857307   673.033592  8765.156137
  168.550000    -654.60730966       5.85452139    -648.75278828   730.526050  8767.783704
  168.600000    -654.83144366       6.73680961    -648.09463405   840.617803  8770.405080
  168.650000    -654.19629740       5.71428243    -648.48201497   713.027060  8773.020289
  168.700000    -653.68956825       5.95474988    -647.73481837   743.032541  8775.624592
  168.750000    -654.76357729       6.83994979    -647.92362750   853.487616  8778.221911
  168.800000    -652.66854836       4.76184566    -647.90670270   594.182182  8780.828721
  168.850000    -654.15775146       6.80833934    -647.34941212   849.543270  8783.423718
  168.900000    -652.82838284       5.77372811    -647.05465473   720.444679  8786.033032
  168.950000    -654.82101171       6.69553065    -648.12548106   835.467023  8788.620615
  169.000000    -654.23785100       5.31037633    -648.92747466   662.627735  8791.214236
  169.050000    -654.50308414       5.33582898    -649.16725516   665.803710  8793.808042
  169.100000    -655.55594050       6.69462969    -648.86131081   835.354601  8796.374000
  169.150000    -654.13072334       5.47745970    -648.65326363   683.476365  8798.968792
  169.200000    -654.15390545       5.66166113    -648.49224432   706.460984  8801.566904
  169.250000    -654.39735661       5.62889808    -648.76845853   702.372816  8804.176755
  169.300000    -654.92428440       6.11006880    -648.81421560   762.413206  8806.805661
  169.350000    -655.38362159       6.93497015    -648.44865144   865.344238  8809.438936
  169.400000    -654.99654466       5.32580348    -649.67074119   664.552731  8812.062861
  169.450000    -655.15107081       5.82776428    -649.32330653   727.187303  8814.691580
  169.500000    -655.46376625       6.13130120    -649.33246505   765.062581  8817.342931
  169.550000    -655.21635606       6.09921044    -649.11714562   761.058303  8819.987592
  169.600000    -654.43536386       4.92235922    -649.51300464   614.211034  8822.630268
  169.650000    -654.79109185       5.97636969    -648.81472215   745.730258  8825.280886
  169.700000    -655.90770392       6.44031464    -649.46738928   803.621218  8827.913169
  169.750000    -655.62021137       5.28436550    -650.33584587   659.382108  8830.563813
  169.800000    -654.91029291       5.42440499    -649.48588793   676.856208  8833.211033
  169.850000    -655.34557438       6.28324533    -649.06232905   784.022140  8835.844427
  169.900000    -655.37807821       6.44533620    -648.93274201   804.247807  8838.480929
  169.950000    -654.89900571       5.41826693    -649.48073879   676.090302  8841.125519
  170.000000    -654.90068084       5.14735190    -649.75332894   642.285577  8843.756287
  170.050000    -654.68206763       5.85019794    -648.83186969   729.986570  8846.391597
  170.100000    -654.44061679       5.08043398    -649.36018281   633.935572  8849.025669
  170.150000    -656.26684341       6.09922385    -650.16761956   761.059975  8851.673665
  170.200000    -655.66500236       5.70184933    -649.96315303   711.475659  8854.273699
  170.250000    -655.53413554       5.45434466    -650.07979088   680.592075  8856.891785
  170.300000    -655.81467226       5.58323323    -650.23143903   696.674766  8859.515602
  170.350000    -655.27829039       4.73793285    -650.54035754   591.198347  8862.105181
  170.400000    -654.72149095       4.93739587    -649.78409509   616.087304  8864.726722
  170.450000    -654.60320295       5.71647548    -648.88672746   713.300708  8867.343025
  170.500000    -654.43150078       5.52350288    -648.90799790   689.221624  8869.951950
  170.550000    -654.38019297       5.41879498    -648.96139799   676.156192  8872.553473
  170.600000    -655.32718783       6.86049802    -648.46668981   856.051620  8875.159369
  170.650000    -654.84185837       6.17688794    -648.66497043   770.750885  8877.749208
  170.700000    -654.24118743       6.03575624    -648.20543119   753.140500  8880.336208
  170.750000    -654.29858223       6.64482800    -647.65375423   829.140356  8882.933543
  170.800000    -653.60128233       6.15738508    -647.44389725   768.317322  8885.570869
  170.850000    -654.52307139       7.31796273    -647.20510866   913.133978  8888.192814
  170.900000    -654.47726615       8.01564329    -646.46162286  1000.190424  8890.825996
  170.950000    -654.16269969       6.62332734    -647.53937236   826.457508  8893.457885
  171.000000    -653.20268988       6.31782232    -646.88486755   788.336651  8896.086631
  171.050000    -653.81063437       7.32823751    -646.48239686   914.416063  8898.726883
  171.100000    -654.02411789       6.92529689    -647.09882101   864.137209  8901.371126
  171.150000    -654.44690693       6.51223681    -647.93467012   812.595653  8903.978864
  171.200000    -654.48470084       5.79564337    -648.68905747   723.179261  8906.604148
  171.250000    -655.58747786       6.30084836    -649.28662951   786.218642  8909.236971
  171.300000    -654.47250515       5.76780768    -648.70469747   719.705930  8911.859791
  171.350000    -654.81701102       5.24721196    -649.56979907   654.746096  8914.495677
  171.400000    -655.92556006       5.60357745    -650.32198261   699.213313  8917.127901
  171.450000    -655.17046647       4.69344361    -650.47702286   585.646988  8919.762393
  171.500000    -656.32084984       5.02535350    -651.29549635   627.062640  8922.395023
  171.550000    -656.07256612       4.76160486    -651.31096127   594.152135  8925.038476
  171.600000    -656.13999466       5.41093903    -650.72905563   675.175929  8927.657840
  171.650000    -655.44075040       4.59584449    -650.84490591   573.468589  8930.288548
  171.700000    -656.05068687       5.04082915    -651.00985772   628.993689  8932.911441
  171.750000    -655.86552650       4.36673405    -651.49879245   544.880232  8935.517384
  171.800000    -656.78353017       5.04159202    -651.74193815   629.088879  8938.108035
  171.850000    -655.91540741       5.16068850    -650.75471891   643.949715  8940.729903
  171.900000    -655.59907380       5.63330742    -649.96576638   702.923013  8943.321169
  171.950000    -656.13519016       5.67742330    -650.45776686   708.427784  8945.923373
  172.000000    -655.41512438       4.29532039    -651.11980398   535.969250  8948.536418
  172.050000    -656.87880000       6.93935899    -649.93944101   865.891876  8951.156068
  172.100000    -655.65008673       4.61939441    -651.03069232   576.407143  8953.742417
  172.150000    -656.61383406       4.81411039    -651.79972368   600.703765  8956.349387
  172.200000    -656.21620628       5.10580335    -651.11040293   637.101157  8958.945046
  172.250000    -656.12570524       5.04541093    -651.08029431   629.565402  8961.538145
  172.300000    -656.10364027       5.53662131    -650.56701896   690.858539  8964.170486
  172.350000    -656.05026519       5.00911315    -651.04115205   625.036172  8966.821025
  172.400000    -655.62128397       5.44779721    -650.17348676   679.775085  8969.455993
  172.450000    -656.09030096       5.61656416    -650.47373680   700.833793  8972.087196
  172.500000    -656.17817185       6.47606328    -649.70210857   808.081926  8974.732786
  172.550000    -655.06848390       5.57179597    -649.49668793   695.247626  8977.368085
  172.600000    -655.57406870       6.43066075    -649.14340795   802.416608  8980.030480
  172.650000    -655.20299799       5.55267546    -649.65032253   692.861772  8982.670776
  172.700000    -655.64639559       6.47992647    -649.16646912   808.563975  8985.287457
  172.750000    -655.18871897       5.27003266    -649.91868631   657.593659  8987.920872
  172.800000    -655.23371514       5.72070099    -649.51301415   713.827966  8990.557421
  172.850000    -654.97928238       5.48598435    -649.49329803   684.540069  8993.191572
  172.900000    -654.24660128       5.44270345    -648.80389783   679.139487  8995.821915
  172.950000    -654.98175293       6.05396977    -648.92778316   755.413181  8998.459306
  173.000000    -654.05724335       5.60728186    -648.44996149   699.675549  9001.097919
  173.050000    -654.35298914       6.29008277    -648.06290637   784.875315  9003.733770
  173.100000    -654.67061074       5.98713095    -648.68347979   747.073045  9006.381789
  173.150000    -654.98935918       5.83999160    -649.14936758   728.713025  9008.999629
  173.200000    -655.21394499       5.82538811    -649.38855688   726.890804  9011.615293
  173.250000    -655.41849049       5.00674862    -650.41174188   624.741127  9014.220308
  173.300000    -654.94194250       5.35796885    -649.58397365   668.566320  9016.827750
  173.350000    -656.31300187       5.95892300    -650.35407886   743.553263  9019.436854
  173.400000    -655.30223826       5.26940143    -650.03283684   657.514893  9022.037915
  173.450000    -655.36249089       5.95711651    -649.40537438   743.327849  9024.624409
  173.500000    -655.29417197       5.53753005    -649.75664192   690.971932  9027.233404
  173.550000    -655.32220350       5.14218753    -650.18001597   641.641168  9029.835425
  173.600000    -655.61061056       6.42490392    -649.18570664   801.698272  9032.427966
  173.650000    -655.84117667       5.39416675    -650.44700992   673.083086  9035.029270
  173.700000    -655.25926070       5.27807724    -649.98118346   658.597460  9037.636639
  173.750000    -656.17900998       5.85692373    -650.32208625   730.825814  9040.225959
  173.800000    -655.82509631       5.63772495    -650.18737136   703.474232  9042.822182
  173.850000    -654.88919382       4.90340387    -649.98578995   611.845789  9045.442886
  173.900000    -656.59272256       6.36132820    -650.23139436   793.765306  9048.068274
  173.950000    -655.23037290       5.17082056    -650.05955233   645.213993  9050.694923
  174.000000    -656.34878224       6.09518157    -650.25360068   760.555580  9053.325351
  174.050000    -655.76483085       5.11892508    -650.64590577   638.738484  9055.972239
  174.100000    -655.78335490       4.66784597    -651.11550893   582.452920  9058.608786
  174.150000    -655.79441823       5.12535766    -650.66906057   639.541140  9061.251899
  174.200000    -654.84830781       5.18967110    -649.65863671   647.566159  9063.873950
  174.250000    -655.22813763       5.05575994    -650.17237769   630.856750  9066.506517
  174.300000    -655.41750027       5.76297722    -649.65452304   719.103186  9069.155820
  174.350000    -655.71631033       5.88344232    -649.83286801   734.134797  9071.805427
  174.400000    -655.50211497       5.70487711    -649.79723786   711.853465  9074.463459
  174.450000    -654.46742716       5.37114646    -649.09628070   670.210619  9077.113481
  174.500000    -654.54478233       5.25377934    -649.29100299   655.565573  9079.767195
  174.550000    -654.64048625       5.70332737    -648.93715889   711.660089  9082.420702
  174.600000    -654.77276674       5.21990639    -649.55286035   651.338912  9085.071289
  174.650000    -655.05821202       5.82194423    -649.23626778   726.461078  9087.699444
  174.700000    -654.77959787       5.80343424    -648.97616363   724.151405  9090.342975
  174.750000    -654.34077089       5.79048711    -648.55028377   722.535865  9092.972366
  174.800000    -654.68468393       6.22605319    -648.45863074   776.885716  9095.601870
  174.850000    -654.71551942       5.66106102    -649.05445840   706.386102  9098.231271
  174.900000    -655.07019720       5.09467138    -649.97552582   635.712112  9100.855419
  174.950000    -655.75168187       4.96203661    -650.78964526   619.161971  9103.485416
  175.000000    -655.62350039       5.26711498    -650.35638541   657.229591  9106.121315
  175.050000    -655.29302930       5.87880885    -649.41422045   733.556634  9108.739677
  175.100000    -655.77667699       6.17559973    -649.60107726   770.590143  9111.359060
  175.150000    -655.37453265       5.36784042    -650.00669223   669.798092  9113.970594
  175.200000    -655.16004943       5.42794495    -649.73210449   677.297924  9116.571564
  175.250000    -655.34371923       5.80848757    -649.53523166   724.781958  9119.160739
  175.300000    -655.04870184       5.91463449    -649.13406735   738.026951  9121.766105
  175.350000    -654.65282074       5.02074687    -649.63207387   626.487826  9124.378489
  175.400000    -654.35791350       5.10926064    -649.24865286   637.532557  9127.008875
  175.450000    -655.51440364       6.97454837    -648.53985526   870.282801  9129.652239
  175.500000    -655.19620958       6.29087766    -648.90533192   784.974501  9132.278104
  175.550000    -654.60328180       5.93003981    -648.67324200   739.949223  9134.911383
  175.600000    -653.44277998       5.93647067    -647.50630930   740.751665  9137.548309
  175.650000    -653.90116453       6.45825353    -647.44291100   805.859630  9140.181834
  175.700000    -654.71515261       5.46010098    -649.25505162   681.310348  9142.816093
  175.750000    -656.83294400       5.89756595    -650.93537805   735.897142  9145.443771
  175.800000    -655.61398365       4.51310097    -651.10088268   563.143869  9148.074998
  175.850000    -655.58548536       4.36568889    -651.21979647   544.749818  9150.700924
  175.900000    -657.00119177       5.89397373    -651.10721804   735.448906  9153.327714
  175.950000    -656.37380686       5.23935536    -651.13445150   653.765751  9155.948262
  176.000000    -655.92737546       4.64615523    -651.28122023   579.746353  9158.573735
  176.050000    -655.37073722       5.44765763    -649.92307959   679.757668  9161.196943
  176.100000    -655.67681913       4.49659273    -651.18022640   561.083973  9163.824697
  176.150000    -655.84845410       5.64297997    -650.20547413   704.129952  9166.455267
  176.200000    -655.53075363       5.64017773    -649.89057590   703.780290  9169.102036
  176.250000    -655.40407974       5.69699934    -649.70708041   710.870478  9171.719062
  176.300000    -654.14144160       5.51510724    -648.62633436   688.174017  9174.320719
  176.350000    -654.71282128       5.99495843    -648.71786286   748.049756  9176.914901
  176.400000    -654.71529581       5.38783309    -649.32746272   672.292774  9179.518385
  176.450000    -654.46490692       5.69937084    -648.76553608   711.166394  9182.122625
  176.500000    -654.55591363       5.17878286    -649.37713077   646.207526  9184.721565
  176.550000    -656.10613473       5.86583602    -650.24029870   731.937888  9187.319863
  176.600000    -655.71485462       5.40119177    -650.31366285   673.959668  9189.916214
  176.650000    -655.20769316       5.38349031    -649.82420285   671.750882  9192.504053
  176.700000    -654.54162550       5.27824503    -649.26338047   658.618397  9195.095982
  176.750000    -654.96400012       5.96627239    -648.99772773   744.470317  9197.674844
  176.800000    -654.34896468       5.43715584    -648.91180885   678.447256  9200.265505
  176.850000    -654.98777076       6.04150751    -648.94626326   753.858141  9202.866083
  176.900000    -653.79416735       5.47731698    -648.31685037   683.458556  9205.479692
  176.950000    -654.38377046       5.97406321    -648.40970725   745.442455  9208.113031
  177.000000    -654.22763000       4.66570086    -649.56192914   582.185254  9210.744534
  177.050000    -654.91821508       5.56345242    -649.35476266   694.206520  9213.381693
  177.100000    -656.20976425       5.83193650    -650.37782776   727.707911  9216.010499
  177.150000    -655.31482661       5.39337835    -649.92144826   672.984710  9218.645049
  177.200000    -655.96089865       5.59615909    -650.36473956   698.287652  9221.279944
  177.250000    -656.20640810       5.52526791    -650.68114019   689.441865  9223.929431
  177.300000    -655.00630701       4.68820265    -650.31810437   584.993022  9226.562089
  177.350000    -655.26505354       5.21449533    -650.05055822   650.663721  9229.217716
  177.400000    -656.24346995       6.05581939    -650.18765056   755.643975  9231.856492
  177.450000    -655.62970359       5.79067585    -649.83902774   722.559416  9234.501620
  177.500000    -655.78993579       6.01934139    -649.77059440   751.092258  9237.149871
  177.550000    -655.21229540       5.16357043    -650.04872497   644.309322  9239.786930
  177.600000    -654.68198682       4.99246390    -649.68952292   622.958683  9242.428009
  177.650000    -654.86981251       5.06676738    -649.80304513   632.230257  9245.082031
  177.700000    -656.54524325       5.70197740    -650.84326585   711.491640  9247.728901
  177.750000    -656.00681992       5.07734447    -650.92947545   633.550064  9250.342649
  177.800000    -656.23760448       5.24201413    -650.99559034   654.097513  9252.960615
  177.850000    -656.27030610       5.05722291    -651.21308319   631.039299  9255.568615
  177.900000    -656.05771694       5.73064040    -650.32707653   715.068204  9258.190503
  177.950000    -655.51107192       5.18721403    -650.32385789   647.259566  9260.813536
  178.000000    -655.76597751       5.87893908    -649.88703843   733.572884  9263.432879
  178.050000    -655.98091382       5.52696376    -650.45395006   689.653471  9266.045772
  178.100000    -655.59425432       5.22891446    -650.36533986   652.462938  9268.654777
  178.150000    -656.23317492       5.92438324    -650.30879168   739.243398  9271.265127
  178.200000    -654.98221731       4.94458739    -650.03762992   616.984660  9273.873360
  178.250000    -655.64143036       5.83741696    -649.80401340   728.391762  9276.473455
  178.300000    -654.87188052       5.66114027    -649.21074025   706.395991  9279.097123
  178.350000    -656.54719363       6.36182712    -650.18536652   793.827560  9281.712661
  178.400000    -655.26383567       5.43477961    -649.82905607   678.150751  9284.357275
  178.450000    -655.37552728       5.67378992    -649.70173735   707.974412  9286.994588
  178.500000    -655.58009798       5.54612685    -650.03397113   692.044639  9289.642399
  178.550000    -655.63218267       5.31784221    -650.31434046   663.559325  9292.275929
  178.600000    -655.54035488       5.13431294    -650.40604194   640.658578  9294.906818
  178.650000    -655.80626167       5.48466266    -650.32159901   684.375148  9297.540102
  178.700000    -655.42953103       5.09416173    -650.33536930   635.648517  9300.176691
  178.750000    -655.34314811       5.15125952    -650.19188859   642.773170  9302.803367
  178.800000    -656.45896085       6.65833410    -649.80062675   830.825644  9305.436065
  178.850000    -654.34551768       4.50399520    -649.84152248   562.007653  9308.061589
  178.900000    -655.20588627       5.56736827    -649.63851800   694.695139  9310.691418
  178.950000    -656.16632289       5.52606813    -650.64025476   689.541715  9313.329556
  179.000000    -655.05284464       4.95078525    -650.10205939   617.758029  9315.959967
  179.050000    -654.85392792       5.54517918    -649.30874874   691.926388  9318.596645
  179.100000    -655.23505744       6.22944103    -649.00561641   777.308450  9321.228915
  179.150000    -654.37150145       5.45286244    -648.91863901   680.407123  9323.869514
  179.200000    -655.28925887       6.24338745    -649.04587142   779.048682  9326.497091
  179.250000    -654.08892930       5.76136406    -648.32756524   718.901896  9329.114777
  179.300000    -654.52039458       5.93362022    -648.58677437   740.395986  9331.713848
  179.350000    -654.88472210       5.80550914    -649.07921296   724.410311  9334.319819
  179.400000    -655.55825292       6.34642333    -649.21182958   791.905479  9336.924521
  179.450000    -655.39852481       5.72242073    -649.67610408   714.042555  9339.514604
  179.500000    -654.83260267       4.97636363    -649.85623904   620.949693  9342.117038
  179.550000    -655.24490045       4.64678380    -650.59811665   579.824786  9344.729047
  179.600000    -655.88856095       4.84318231    -651.04537864   604.331354  9347.344012
  179.650000    -656.00382489       5.13518629    -650.86863860   640.767555  9349.949953
  179.700000    -654.97885089       5.26322053    -649.71563036   656.743642  9352.548583
  179.750000    -655.79239219       6.26383021    -649.52856198   781.599525  9355.145917
  179.800000    -655.26593371       5.58453248    -649.68140124   696.836885  9357.743142
  179.850000    -654.97094003       5.92303764    -649.04790239   739.075494  9360.339510
  179.900000    -654.82409316       6.00885553    -648.81523763   749.783834  9362.950303
  179.950000    -655.06432310       6.01954974    -649.04477336   751.118255  9365.579408
  180.000000    -654.69953167       4.85599929    -649.84353238   605.930654  9368.217549
  180.050000    -655.71127132       5.67506739    -650.03620394   708.133814  9370.847610
  180.100000    -655.12801868       4.78479178    -650.34322690   597.045395  9373.482226
  180.150000    -655.77876586       5.67669599    -650.10206987   708.337030  9376.109285
  180.200000    -656.09179319       6.10122027    -649.99057292   761.309089  9378.740723
  180.250000    -653.99548794       4.26844988    -649.72703805   532.616353  9381.352420
  180.300000    -655.50134210       6.28772394    -649.21361816   784.580981  9383.953362
  180.350000    -655.96941327       5.92265575    -650.04675752   739.027842  9386.568587
  180.400000    -654.49002534       4.43717766    -650.05284768   553.670172  9389.207629
  180.450000    -655.83567790       5.43600581    -650.39967210   678.303756  9391.837908
  180.500000    -655.51013131       5.79430463    -649.71582668   723.012214  9394.471583
  180.550000    -655.08308523       5.98520269    -649.09788254   746.832437  9397.119844
  180.600000    -654.76184605       5.89096653    -648.87087952   735.073667  9399.752669
  180.650000    -654.50775651       5.83807925    -648.66967726   728.474403  9402.386581
  180.700000    -654.77803587       5.71490677    -649.06312910   713.104965  9405.028436
  180.750000    -654.37939263       4.73722468    -649.64216795   591.109981  9407.638755
  180.800000    -655.23424484       5.54297189    -649.69127295   691.650964  9410.266051
  180.850000    -655.05808522       5.57781518    -649.48027004   695.998702  9412.878758
  180.900000    -655.11507203       5.83930779    -649.27576424   728.627699  9415.469000
  180.950000    -655.13417686       5.89248440    -649.24169246   735.263066  9418.093025
  181.000000    -654.74272738       5.01425172    -649.72847567   625.677362  9420.718652
  181.050000    -655.45641749       6.02816709    -649.42825039   752.193527  9423.303852
  181.100000    -654.57593261       5.24266695    -649.33326566   654.178971  9425.914162
  181.150000    -655.05938339       5.35696854    -649.70241485   668.441501  9428.536092
  181.200000    -655.13998617       6.00125984    -649.13872634   748.836045  9431.119989
  181.250000    -655.89547674       6.64855193    -649.24692480   829.605028  9433.725633
  181.300000    -655.49651365       5.80593802    -649.69057563   724.463826  9436.330329
  181.350000    -655.50668914       4.80547864    -650.70121050   599.626698  9438.917418
  181.400000    -656.22553672       5.51825739    -650.70727933   688.567093  9441.516361
  181.450000    -656.13696920       4.86246913    -651.27450006   606.737960  9444.146142
  181.500000    -655.80556658       4.66384493    -651.14172165   581.953670  9446.774368
  181.550000    -655.49730914       4.60629563    -650.89101352   574.772680  9449.412721
  181.600000    -655.62464260       5.12748387    -650.49715873   639.806448  9452.046282
  181.650000    -655.89712824       5.24126015    -650.65586809   654.003430  9454.681009
  181.700000    -655.93454032       5.41767311    -650.51686722   676.016205  9457.306712
  181.750000    -655.96842240       5.44167721    -650.52674519   679.011432  9459.950967
  181.800000    -655.89698465       5.00802281    -650.88896183   624.900121  9462.562237
  181.850000    -655.51540587       5.52173611    -649.99366976   689.001167  9465.169383
  181.900000    -655.07709176       5.25013190    -649.82695986   655.110446  9467.794287
  181.950000    -655.00528289       4.84104685    -650.16423603   604.064893  9470.425421
  182.000000    -656.05504467       4.99326925    -651.06177542   623.059173  9473.060457
  182.050000    -656.38111535       5.60863280    -650.77248256   699.844118  9475.686727
  182.100000    -655.45354066       5.81164093    -649.64189973   725.175434  9478.324914
  182.150000    -655.53732360       5.57450933    -649.96281427   695.586199  9480.945920
  182.200000    -655.21471384       4.80595066    -650.40876319   599.685596  9483.582191
  182.250000    -654.65901353       4.94668831    -649.71232522   617.246813  9486.207030
  182.300000    -655.04208070       5.17093011    -649.87115058   645.227662  9488.807893
  182.350000    -656.12484443       5.82087082    -650.30397361   726.327138  9491.414876
  182.400000    -655.53565486       5.24142201    -650.29423285   654.023628  9494.020188
  182.450000    -655.83594962       5.17489149    -650.66105813   645.721961  9496.598699
  182.500000    -655.56539182       5.59997778    -649.96541404   698.764147  9499.208579
  182.550000    -656.01546953       5.20766408    -650.80780544   649.811320  9501.839817
  182.600000    -655.76392414       5.32833657    -650.43558756   664.868810  9504.422894
  182.650000    -655.10898146       5.03501949    -650.07396197   628.268761  9507.048979
  182.700000    -655.37477016       5.41046265    -649.96430751   675.116486  9509.654889
  182.750000    -655.49916006       5.21483420    -650.28432586   650.706006  9512.246992
  182.800000    -656.51427594       6.39303293    -650.12124301   797.721416  9514.859905
  182.850000    -656.01090297       5.20226328    -650.80863969   649.137409  9517.482962
  182.900000    -656.27242664       5.14319042    -651.12923623   641.766308  9520.086419
  182.950000    -655.59030341       4.43276494    -651.15753847   553.119554  9522.704167
  183.000000    -655.45771744       5.11383538    -650.34388206   638.103392  9525.355962
  183.050000    -655.40648975       4.50428201    -650.90220774   562.043440  9527.996668
  183.100000    -656.73057639       5.74382690    -650.98674950   716.713612  9530.636619
  183.150000    -656.16774764       5.57060624    -650.59714140   695.099172  9533.280844
  183.200000    -656.16712643       5.68096590    -650.48616053   708.869829  9535.931314
  183.250000    -655.68639829       5.15451841    -650.53187988   643.179812  9538.573348
  183.300000    -654.94355297       5.22077105    -649.72278192   651.446805  9541.252435
  183.350000    -654.53097617       4.72173995    -649.80923622   589.177800  9543.894329
  183.400000    -654.71241797       5.81320037    -648.89921760   725.370021  9546.496836
  183.450000    -654.93206432       5.87433305    -649.05773127   732.998145  9549.141480
  183.500000    -654.93337137       5.92167091    -649.01170047   738.904953  9551.782073
  183.550000    -655.10208044       6.17256005    -648.92952039   770.210853  9554.405433
  183.600000    -654.18558402       5.41840484    -648.76717918   676.107511  9557.040005
  183.650000    -655.12779645       5.55952654    -649.56826991   693.716650  9559.670688
  183.700000    -654.74450883       5.61649470    -649.12801413   700.825126  9562.297359
  183.750000    -655.13578642       5.45874883    -649.67703758   681.141627  9564.932238
  183.800000    -655.02264926       5.03593542    -649.98671383   628.383050  9567.567914
  183.850000    -656.07232146       5.91032653    -650.16199492   737.489405  9570.169103
  183.900000    -655.95342624       5.57690406    -650.37652219   695.885013  9572.778694
  183.950000    -654.14714589       4.68192781    -649.46521808   584.210049  9575.391399
  184.000000    -654.36901333       5.75193056    -648.61708277   717.724786  9577.975233
  184.050000    -654.35048081       6.28331415    -648.06716666   784.030728  9580.574276
  184.100000    -655.29060457       7.61508139    -647.67552318   950.208387  9583.179271
  184.150000    -655.18583026       6.52720048    -648.65862978   814.462817  9585.796700
  184.200000    -655.16106972       6.65191408    -648.50915563   830.024556  9588.416991
  184.250000    -654.66442498       6.30648134    -648.35794364   786.921526  9591.016496
  184.300000    -654.20790999       5.39599498    -648.81191501   673.311213  9593.612713
  184.350000    -655.52692048       5.98276722    -649.54415325   746.528540  9596.209013
  184.400000    -655.21081205       6.03309869    -649.17771336   752.808891  9598.798668
  184.450000    -654.65107524       5.66274126    -648.98833398   706.595761  9601.398487
  184.500000    -654.89912477       5.99709371    -648.90203106   748.316196  9604.032247
  184.550000    -655.34050193       5.76177248    -649.57872945   718.952858  9606.691191
  184.600000    -655.03207623       5.70714175    -649.32493448   712.136047  9609.335377
  184.650000    -655.18707752       6.30158679    -648.88549073   786.310784  9611.972369
  184.700000    -655.01075319       5.29286478    -649.71788841   660.442646  9614.606671
  184.750000    -656.16271072       6.02838065    -650.13433008   752.220174  9617.233636
  184.800000    -655.57696295       5.51511708    -650.06184587   688.175245  9619.876893
  184.850000    -655.15248919       4.69435662    -650.45813257   585.760914  9622.509830
  184.900000    -655.88444552       5.93402915    -649.95041637   740.447012  9625.130509
  184.950000    -655.08424665       6.05725098    -649.02699567   755.822609  9627.775369
  185.000000    -655.39505686       5.83543229    -649.55962458   728.144115  9630.419125
  185.050000    -655.03874849       6.14276833    -648.89598016   766.493448  9633.079178
  185.100000    -654.61946073       4.84005631    -649.77940442   603.941293  9635.721305
  185.150000    -655.66646192       5.64941319    -650.01704873   704.932688  9638.360903
  185.200000    -655.64235240       5.92021225    -649.72214015   738.722943  9641.010247
  185.250000    -654.51009782       4.91206410    -649.59803371   612.926411  9643.673463
  185.300000    -655.32054792       5.52706982    -649.79347811   689.666706  9646.326000
  185.350000    -654.38488298       5.46838637    -648.91649661   682.344196  9648.986206
  185.400000    -655.77041774       6.11633679    -649.65408095   763.195324  9651.633295
  185.450000    -654.96411978       6.01091629    -648.95320348   750.040976  9654.249486
  185.500000    -654.85252331       5.94893653    -648.90358678   742.307153  9656.883111
  185.550000    -654.97802046       5.79314660    -649.18487386   722.867715  9659.512577
  185.600000    -655.47798158       6.25797913    -649.22000245   780.869429  9662.133447
  185.650000    -654.71981512       5.11737682    -649.60243831   638.545292  9664.756586
  185.700000    -655.33224219       5.27591179    -650.05633040   658.327256  9667.371862
  185.750000    -656.60079699       6.27357461    -650.32722238   782.815430  9669.982224
  185.800000    -655.17712370       5.10588782    -650.07123588   637.111697  9672.573415
  185.850000    -655.46202209       5.24215912    -650.21986297   654.115604  9675.188707
  185.900000    -655.68861680       5.54627849    -650.14233831   692.063560  9677.798413
  185.950000    -655.09626769       5.18685332    -649.90941436   647.214557  9680.404936
  186.000000    -654.57480859       5.54627654    -649.02853205   692.063316  9683.033492
  186.050000    -655.61576508       5.88879015    -649.72697493   734.802100  9685.666330
  186.100000    -654.18980200       5.49676361    -648.69303839   685.885103  9688.311485
  186.150000    -654.71278244       6.49891459    -648.21386785   810.933309  9690.966082
  186.200000    -654.94613325       6.65771872    -648.28841453   830.748858  9693.625309
  186.250000    -654.97595529       6.09291211    -648.88304318   760.272398  9696.270878
  186.300000    -654.53613621       4.99664635    -649.53948986   623.480568  9698.917081
  186.350000    -655.29547397       5.63955051    -649.65592346   703.702025  9701.548698
  186.400000    -655.40889020       6.13524190    -649.27364830   765.554300  9704.163742
  186.450000    -655.28953343       5.67962798    -649.60990546   708.702883  9706.787211
  186.500000    -654.92848418       5.85920347    -649.06928070   731.110279  9709.427900
  186.550000    -654.83670220       6.07967955    -648.75702265   758.621242  9712.069358
  186.600000    -653.97779785       5.62188223    -648.35591562   701.497380  9714.711451
  186.650000    -653.78142005       5.87405289    -647.90736716   732.963186  9717.354074
  186.700000    -654.64506616       6.40492248    -648.24014369   799.204991  9719.991426
  186.750000    -654.89534048       6.17535669    -648.71998379   770.559816  9722.632574
  186.800000    -654.57746032       5.97940969    -648.59805063   746.109588  9725.271989
  186.850000    -655.24971442       6.32392929    -648.92578513   789.098677  9727.901496
  186.900000    -654.71028254       5.96620789    -648.74407465   744.462270  9730.527073
  186.950000    -655.19117271       6.26973829    -648.92143442   782.336734  9733.137487
  187.000000    -655.45259359       5.86571605    -649.58687754   731.922918  9735.721589
  187.050000    -655.03605552       5.43401534    -649.60204019   678.055385  9738.328720
  187.100000    -655.65409682       5.88545209    -649.76864472   734.385577  9740.927579
  187.150000    -655.67352513       5.58491315    -650.08861199   696.884385  9743.508964
  187.200000    -655.38583944       5.61327522    -649.77256422   700.423399  9746.116774
  187.250000    -655.27650392       4.94089372    -650.33561021   616.523765  9748.726028
  187.300000    -655.11472788       5.14565134    -649.96907654   642.073382  9751.329527
  187.350000    -654.28301430       5.17245595    -649.11055835   645.418056  9753.932683
  187.400000    -654.58436009       5.65671874    -648.92764135   705.844273  9756.532850
  187.450000    -653.90233519       5.08735039    -648.81498480   634.798600  9759.127108
  187.500000    -655.07771955       5.19621882    -649.88150072   648.383183  9761.733745
  187.550000    -655.37957632       6.34727013    -649.03230619   792.011143  9764.371272
  187.600000    -654.49342730       5.43987417    -649.05355314   678.786449  9767.008206
  187.650000    -655.08314727       5.48185874    -649.60128853   684.025276  9769.641472
  187.700000    -654.91264939       5.66222115    -649.25042824   706.530862  9772.284564
  187.750000    -655.02245253       5.30928420    -649.71316833   662.491458  9774.920703
  187.800000    -655.56268698       6.02553188    -649.53715511   751.864705  9777.564733
  187.850000    -655.91177268       6.02664528    -649.88512739   752.003636  9780.206652
  187.900000    -656.16713914       6.15511294    -650.01202619   768.033806  9782.838437
  187.950000    -654.90156722       4.39901645    -650.50255078   548.908424  9785.462528
  188.000000    -656.13504644       5.33856928    -650.79647716   666.145645  9788.082163
  188.050000    -655.63377362       5.50228155    -650.13149206   686.573631  9790.717025
  188.100000    -655.85486375       5.69701649    -650.15784725   710.872619  9793.360328
  188.150000    -655.76099035       5.32899165    -650.43199870   664.950550  9795.995832
  188.200000    -654.70846484       5.19994237    -649.50852247   648.847806  9798.640196
  188.250000    -655.21445261       5.94272030    -649.27173232   741.531492  9801.277493
  188.300000    -654.61284948       5.64367210    -648.96917738   704.216316  9803.916872
  188.350000    -654.87732607       5.97703791    -648.90028815   745.813638  9806.550132
  188.400000    -653.97454765       5.09435345    -648.88019420   635.672441  9809.172537
  188.450000    -654.26448762       5.51698921    -648.74749841   688.408849  9811.782496
  188.500000    -654.43022019       6.29285220    -648.13736800   785.220883  9814.375160
  188.550000    -654.24048709       6.10657083    -648.13391626   761.976730  9816.974181
  188.600000    -654.35710061       6.05195913    -648.30514148   755.162293  9819.572360
  188.650000    -654.87656127       5.38090691    -649.49565436   671.428527  9822.169588
  188.700000    -654.98752155       5.77461722    -649.21290432   720.555623  9824.748504
  188.750000    -655.60930853       5.74398710    -649.86532143   716.733602  9827.346510
  188.800000    -655.57883170       4.18437631    -651.39445539   522.125669  9829.933129
  188.850000    -656.02075338       4.74375666    -651.27699672   591.925041  9832.501568
  188.900000    -655.88648251       4.76602757    -651.12045494   594.704000  9835.083997
  188.950000    -655.82809280       4.49418350    -651.33390931   560.783350  9837.664418
  189.000000    -655.32631090       4.87686062    -650.44945029   608.533727  9840.242638
  189.050000    -655.89066461       5.33855387    -650.55211075   666.143722  9842.853137
  189.100000    -655.14413052       4.75103014    -650.39310038   592.832624  9845.478947
  189.150000    -655.09349581       5.25104012    -649.84245569   655.223774  9848.125272
  189.200000    -655.62198799       5.67402725    -649.94796074   708.004026  9850.759043
  189.250000    -654.94986864       5.58160718    -649.36826146   696.471867  9853.400896
  189.300000    -654.64216774       5.21043344    -649.43173429   650.156880  9856.042023
  189.350000    -654.05903066       4.84897957    -649.21005110   605.054735  9858.677086
  189.400000    -655.40929610       6.10692606    -649.30237004   762.021056  9861.313268
  189.450000    -654.65043715       6.02015375    -648.63028340   751.193623  9863.939372
  189.500000    -654.62190866       6.39660789    -648.22530077   798.167499  9866.566717
  189.550000    -654.81788064       6.20020002    -648.61768062   773.659763  9869.204267
  189.600000    -654.88064297       6.83821383    -648.04242914   853.271002  9871.854852
  189.650000    -654.48582358       5.84504265    -648.64078093   729.343294  9874.486322
  189.700000    -655.15430732       6.37737827    -648.77692905   795.768030  9877.114628
  189.750000    -655.08133357       6.52722890    -648.55410467   814.466363  9879.756087
  189.800000    -653.95548830       6.52174332    -647.43374498   813.781873  9882.392191
  189.850000    -654.51076269       6.21064217    -648.30012052   774.962732  9885.042379
  189.900000    -654.94790794       6.46353380    -648.48437414   806.518501  9887.683220
  189.950000    -654.46008061       5.67795444    -648.78212617   708.494060  9890.323063
  190.000000    -654.54647174       5.65336727    -648.89310447   705.426078  9892.938315
  190.050000    -655.23915352       5.06001646    -650.17913706   631.387878  9895.572437
  190.100000    -655.19940943       5.87898480    -649.32042463   733.578589  9898.212285
  190.150000    -655.46277152       5.49774815    -649.96502337   686.007954  9900.835414
  190.200000    -655.82585145       4.98876899    -650.83708245   622.497633  9903.461533
  190.250000    -655.53322914       5.17094974    -650.36227940   645.230111  9906.099470
  190.300000    -655.71552537       5.88680684    -649.82871853   734.554622  9908.739693
  190.350000    -654.92060172       5.23929267    -649.68130905   653.757929  9911.353302
  190.400000    -654.63946867       5.95277785    -648.68669083   742.786471  9913.959993
  190.450000    -654.45031402       6.28598681    -648.16432721   784.364221  9916.563372
  190.500000    -655.00229336       6.82532729    -648.17696607   851.663022  9919.181903
  190.550000    -653.55056750       5.35336244    -648.19720506   667.991533  9921.781905
  190.600000    -654.81491258       6.19697422    -648.61793836   773.257247  9924.425678
  190.650000    -655.20603152       5.42045002    -649.78558150   676.362707  9927.071452
  190.700000    -655.57717927       4.96631644    -650.61086283   619.696008  9929.714440
  190.750000    -654.83836827       4.41932273    -650.41904554   551.442238  9932.357537
  190.800000    -655.50511778       5.07569373    -650.42942405   633.344085  9934.995853
  190.850000    -655.25266746       5.97693500    -649.27573246   745.800797  9937.634325
  190.900000    -655.08339252       5.78215529    -649.30123723   721.496221  9940.281331
  190.950000    -654.67095389       5.27044389    -649.40051000   657.644972  9942.918713
  191.000000    -654.49283092       5.70044126    -648.79238966   711.299961  9945.541250
  191.050000    -655.03535698       5.41338371    -649.62197327   675.480975  9948.176630
  191.100000    -655.22626186       5.81559495    -649.41066691   725.668816  9950.820159
  191.150000    -655.78122361       5.74048016    -650.04074346   716.296007  9953.453212
  191.200000    -656.15922789       6.10433322    -650.05489467   761.697522  9956.083268
  191.250000    -656.38362279       6.47824787    -649.90537492   808.354519  9958.703630
  191.300000    -654.62880022       4.78238723    -649.84641299   596.745356  9961.323049
  191.350000    -655.07532957       5.51529742    -649.56003215   688.197748  9963.949427
  191.400000    -655.24516562       5.81837476    -649.42679086   726.015681  9966.544935
  191.450000    -655.62239121       5.75530850    -649.86708272   718.146284  9969.162600
  191.500000    -655.89957779       5.36041210    -650.53916569   668.871188  9971.772314
  191.550000    -655.07778169       5.46884185    -649.60893983   682.401031  9974.359028
  191.600000    -654.69495379       5.49322436    -649.20172942   685.443476  9976.965657
  191.650000    -655.42111476       6.52217685    -648.89893791   813.835970  9979.573146
  191.700000    -654.98677270       5.24631983    -649.74045287   654.634776  9982.155697
  191.750000    -655.01188447       5.44260710    -649.56927737   679.127464  9984.759270
  191.800000    -654.44950762       5.45815740    -648.99135022   681.067827  9987.357242
  191.850000    -655.59932307       5.21182188    -650.38750119   650.330129  9989.927286
  191.900000    -655.31841034       4.96266769    -650.35574265   619.240716  9992.521401
  191.950000    -655.57966746       5.47501863    -650.10464882   683.171769  9995.108334
  192.000000    -655.44133878       4.82888858    -650.61245021   602.547785  9997.680795
  192.050000    -655.26996587       4.34658021    -650.92338566   542.365441 10000.259172
  192.100000    -655.95828330       4.83852001    -651.11976329   603.749593 10002.871763
  192.150000    -655.70189194       4.88589681    -650.81599512   609.661262 10005.485228
  192.200000    -656.04258248       5.15176794    -650.89081454   642.836610 10008.109170
  192.250000    -656.17910858       5.03816372    -651.14094486   628.661097 10010.738281
  192.300000    -656.24177031       5.46854198    -650.77322833   682.363613 10013.372926
  192.350000    -655.81242654       5.23401723    -650.57840931   653.099660 10015.992772
  192.400000    -656.02854166       5.83866815    -650.18987352   728.547885 10018.625612
  192.450000    -655.00441333       5.02577210    -649.97864123   627.114873 10021.258152
  192.500000    -654.92638386       5.44362145    -649.48276241   679.254035 10023.866125
  192.550000    -655.35687635       5.21122370    -650.14565265   650.255488 10026.487521
  192.600000    -655.16060574       4.99754778    -650.16305796   623.593048 10029.123805
  192.650000    -655.12693496       5.58590576    -649.54102920   697.008243 10031.765557
  192.700000    -655.54304953       6.36672593    -649.17632359   794.438834 10034.395440
  192.750000    -654.65080694       6.11658647    -648.53422047   763.226480 10037.043194
  192.800000    -653.64408017       5.68260197    -647.96147820   709.073977 10039.663254
  192.850000    -653.78478849       5.22740656    -648.55738193   652.274782 10042.305755
  192.900000    -654.74780647       6.54069357    -648.20711290   816.146482 10044.931828
  192.950000    -654.65247604       5.72981007    -648.92266597   714.964595 10047.541590
  193.000000    -655.13041842       6.08208936    -649.04832905   758.921938 10050.168994
  193.050000    -655.02582189       5.60084650    -649.42497539   698.872546 10052.772437
  193.100000    -654.70981293       4.81744538    -649.89236755   601.119905 10055.354123
  193.150000    -655.44565373       6.10449251    -649.34116121   761.717398 10057.960294
  193.200000    -654.76849727       5.63814540    -649.13035187   703.526695 10060.567262
  193.250000    -655.16810029       5.67224827    -649.49585201   707.782046 10063.153902
  193.300000    -654.82215460       5.15504836    -649.66710624   643.245940 10065.764694
  193.350000    -655.03239565       5.36295225    -649.66944340   669.188147 10068.361202
  193.400000    -655.53698766       5.96586673    -649.57112093   744.419700 10070.934509
  193.450000    -655.77356312       5.40482914    -650.36873399   674.413537 10073.540113
  193.500000    -654.88252078       5.27895684    -649.60356394   658.707216 10076.139889
  193.550000    -655.50617137       5.28849520    -650.21767617   659.897411 10078.721562
  193.600000    -655.04859869       5.48233393    -649.56626477   684.084570 10081.327612
  193.650000    -654.73375657       5.32000333    -649.41375324   663.828989 10083.956874
  193.700000    -654.90180733       5.47689090    -649.42491642   683.405391 10086.580093
  193.750000    -653.94949833       4.83379977    -649.11569856   603.160603 10089.200964
  193.800000    -653.81225431       4.50537412    -649.30688019   562.179714 10091.830731
  193.850000    -654.33181316       5.74393027    -648.58788290   716.726511 10094.461049
  193.900000    -654.56506531       5.80082255    -648.76424275   723.825519 10097.084947
  193.950000    -654.57734361       5.58134239    -648.99600123   696.438826 10099.717632
  194.000000    -654.96102073       5.63454131    -649.32647942   703.076978 10102.334679
  194.050000    -654.19605041       5.10393035    -649.09212006   636.867444 10104.932508
  194.100000    -654.14619415       5.44577024    -648.70042391   679.522160 10107.561775
  194.150000    -654.71545643       5.54904511    -649.16641132   692.408778 10110.187311
  194.200000    -655.13448357       6.47542050    -648.65906308   808.001721 10112.809773
  194.250000    -655.07406901       6.05696196    -649.01710705   755.786545 10115.437325
  194.300000    -654.18487874       5.40900898    -648.77586976   674.935097 10118.068806
  194.350000    -654.86509692       6.20551787    -648.65957904   774.323323 10120.692361
  194.400000    -654.61812003       5.78605107    -648.83206896   721.982336 10123.322722
  194.450000    -654.57313758       5.00738872    -649.56574887   624.820998 10125.946019
  194.500000    -654.56472404       5.65831642    -648.90640762   706.043631 10128.539463
  194.550000    -655.67231481       7.29099454    -648.38132028   909.768892 10131.156985
  194.600000    -653.77486483       5.71972170    -648.05514313   713.705770 10133.762017
  194.650000    -654.53765080       5.84617977    -648.69147103   729.485185 10136.341281
  194.700000    -653.81943295       5.33316032    -648.48627263   665.470716 10138.942883
  194.750000    -655.11274692       5.65703118    -649.45571574   705.883259 10141.544496
  194.800000    -654.64911888       5.55250215    -649.09661674   692.840147 10144.125739
  194.850000    -654.87331799       4.62311218    -650.25020581   576.871046 10146.720955
  194.900000    -655.07571811       5.43104900    -649.64466911   677.685247 10149.316741
  194.950000    -655.78731567       5.48795286    -650.29936281   684.785699 10151.891751
  195.000000    -655.11056058       5.14885620    -649.96170438   642.473284 10154.494507
  195.050000    -654.27983229       5.52370334    -648.75612895   689.246637 10157.093563
  195.100000    -654.81093319       5.61144303    -649.19949016   700.194779 10159.669053
  195.150000    -654.97190426       6.28222785    -648.68967641   783.895179 10162.292209
  195.200000    -654.36893860       4.94463110    -649.42430750   616.990114 10164.932226
  195.250000    -655.22344581       5.82014596    -649.40329986   726.236690 10167.578662
  195.300000    -655.03256798       6.46683516    -648.56573281   806.930444 10170.212005
  195.350000    -654.96250243       5.43209438    -649.53040805   677.815689 10172.858322
  195.400000    -655.35494357       4.98580321    -650.36914036   622.127563 10175.501555
  195.450000    -655.08749750       5.28307235    -649.80442516   659.220749 10178.144371
  195.500000    -654.09206803       5.21738391    -648.87468412   651.024158 10180.774920
  195.550000    -653.74859842       4.91064215    -648.83795627   612.748980 10183.406482
  195.600000    -654.83433961       5.56747991    -649.26685970   694.709069 10186.036987
  195.650000    -655.59275056       6.16808162    -649.42466894   769.652035 10188.679056
  195.700000    -654.98762852       4.94198068    -650.04564784   616.659396 10191.321254
  195.750000    -655.18330879       4.96313439    -650.22017440   619.298952 10193.956685
  195.800000    -656.03738069       5.36395938    -650.67342131   669.313817 10196.604175
  195.850000    -655.15005506       3.68755440    -651.46250066   460.132327 10199.245297
  195.900000    -655.06722293       4.72435927    -650.34286366   589.504639 10201.895113
  195.950000    -655.16431592       5.18670021    -649.97761571   647.195452 10204.536370
  196.000000    -655.45735414       5.58894885    -649.86840529   697.387959 10207.262887
  196.050000    -654.16827769       5.30135082    -648.86692686   661.501533 10209.976491
  196.100000    -654.72907553       6.65604897    -648.07302656   830.540506 10212.657705
  196.150000    -654.46976222       5.75140610    -648.71835611   717.659344 10215.331397
  196.200000    -655.41683101       5.96760702    -649.44922399   744.636853 10218.003009
  196.250000    -654.14192996       5.41499177    -648.72693819   675.681629 10220.677249
  196.300000    -654.93918966       6.30768345    -648.63150621   787.071524 10223.340336
  196.350000    -654.39552200       4.85605531    -649.53946669   605.937645 10226.016113
  196.400000    -655.25405621       5.73462951    -649.51942670   715.565964 10228.687556
  196.450000    -655.32885438       6.39805409    -648.93080030   798.347955 10231.352945
  196.500000    -654.47748504       5.46804255    -649.00944249   682.301295 10234.020877
  196.550000    -654.25716283       6.17522761    -648.08193522   770.543710 10236.688125
  196.600000    -654.10252981       6.32346735    -647.77906245   789.041037 10239.357485
  196.650000    -654.15819360       5.45778353    -648.70041008   681.021175 10242.037907
  196.700000    -654.64234828       6.52026558    -648.12208270   813.597482 10244.725293
  196.750000    -654.16529343       6.39292515    -647.77236828   797.707967 10247.422327
  196.800000    -653.60756935       6.09376981    -647.51379954   760.379422 10250.111398
  196.850000    -654.08800507       5.73406285    -648.35394223   715.495256 10252.806137
  196.900000    -654.24698491       5.72525690    -648.52172800   714.396452 10255.490954
  196.950000    -654.29462059       5.80883999    -648.48578061   724.825933 10258.185117
  197.000000    -655.47460935       6.47242650    -649.00218285   807.628130 10260.882538
  197.050000    -654.76709338       5.12433180    -649.64276157   639.413134 10263.577273
  197.100000    -655.73381754       6.46042143    -649.27339611   806.130140 10266.264559
  197.150000    -654.82685756       5.41344083    -649.41341673   675.488102 10268.955723
  197.200000    -654.43706809       4.95357991    -649.48348818   618.106745 10271.654794
  197.250000    -654.72994737       5.90588585    -648.82406151   736.935297 10274.345819
  197.300000    -653.92911752       5.80032245    -648.12879507   723.763117 10277.036507
  197.350000    -654.15506835       5.21721314    -648.93785521   651.002849 10279.732552
  197.400000    -655.32527329       6.41003333    -648.91523995   799.842723 10282.427313
  197.450000    -655.57690657       6.36893889    -649.20796768   794.714967 10285.137843
  197.500000    -654.05648152       5.10150139    -648.95498012   636.564360 10287.830943
  197.550000    -655.06804653       6.55786757    -648.51017895   818.289451 10290.537601
  197.600000    -654.31294794       5.23743617    -649.07551177   653.526275 10293.243048
  197.650000    -654.46509831       5.49255537    -648.97254295   685.359999 10295.934542
  197.700000    -654.75125727       5.65952620    -649.09173107   706.194588 10298.627092
  197.750000    -654.76778158       5.22108376    -649.54669782   651.485825 10301.320358
  197.800000    -655.14833414       4.54349643    -650.60483771   566.936608 10304.013402
  197.850000    -655.26597586       5.61425316    -649.65172270   700.545427 10306.697603
  197.900000    -654.99854232       5.73834098    -649.26020134   716.029081 10309.373535
  197.950000    -654.81752824       5.76465792    -649.05287032   719.312903 10312.049843
  198.000000    -654.15388495       5.90916801    -648.24471694   737.344844 10314.724874
  198.050000    -654.20525739       5.40089815    -648.80435924   673.923029 10317.397808
  198.100000    -653.97570522       5.28023037    -648.69547485   658.866127 10320.064225
  198.150000    -653.66722067       4.94553826    -648.72168241   617.103310 10322.733974
  198.200000    -655.25546196       6.55628539    -648.69917656   818.092027 10325.430114
  198.250000    -653.94410497       4.73393038    -649.21017459   590.698920 10328.125773
  198.300000    -654.92350737       5.72436130    -649.19914607   714.284699 10330.826160
  198.350000    -655.03604548       5.17089348    -649.86515200   645.223091 10333.541904
  198.400000    -654.34309413       5.09133998    -649.25175414   635.296421 10336.242965
  198.450000    -654.67814019       5.74908177    -648.92905843   717.369314 10338.943753
  198.500000    -654.49003722       5.21238676    -649.27765046   650.400614 10341.658381
  198.550000    -654.57918044       5.27853439    -649.30064605   658.654503 10344.378164
  198.600000    -655.08140220       5.91539964    -649.16600255   738.122426 10347.076875
  198.650000    -654.77093722       6.06205428    -648.70888294   756.421963 10349.795590
  198.700000    -654.12188464       6.27758640    -647.84429824   783.316020 10352.506911
  198.750000    -654.32773117       6.53954353    -647.78818764   816.002981 10355.215770
  198.800000    -654.12897662       6.44605262    -647.68292400   804.337203 10357.941684
  198.850000    -652.40768363       5.09304719    -647.31463644   635.509446 10360.644857
  198.900000    -653.43756350       5.56100695    -647.87655655   693.901374 10363.358526
  198.950000    -654.20771727       5.36099283    -648.84672444   668.943651 10366.066534
  199.000000    -654.49585582       5.47831466    -649.01754116   683.583046 10368.762574
  199.050000    -654.93156904       5.12597363    -649.80559541   639.618001 10371.489098
  199.100000    -654.80425863       5.07462287    -649.72963577   633.210462 10374.184671
  199.150000    -655.21880088       5.37504537    -649.84375551   670.697125 10376.870010
  199.200000    -655.34540455       5.75545246    -649.58995209   718.164248 10379.559456
  199.250000    -655.08340500       5.01888247    -650.06452253   626.255186 10382.248730
  199.300000    -655.48480446       4.79890179    -650.68590267   598.806040 10384.947461
  199.350000    -655.56550648       5.36588021    -650.19962627   669.553497 10387.631197
  199.400000    -654.69754747       5.20914278    -649.48840469   649.995832 10390.313756
  199.450000    -654.97485464       5.41586000    -649.55899465   675.789966 10392.986039
  199.500000    -655.03093630       5.77554735    -649.25538895   720.671685 10395.662534
  199.550000    -654.05443870       5.24690985    -648.80752885   654.708400 10398.332717
  199.600000    -653.77815601       5.26135761    -648.51679840   656.511187 10401.001474
  199.650000    -654.71810738       5.99519901    -648.72290837   748.079776 10403.689456
  199.700000    -654.80209430       5.71843407    -649.08366023   713.545100 10406.387735
  199.750000    -655.03844019       5.51099612    -649.52744407   687.661033 10409.088497
  199.800000    -655.39375378       5.21813715    -650.17561663   651.118147 10411.786246
  199.850000    -654.90847148       4.96413151    -649.94433997   619.423372 10414.484668
  199.900000    -655.50133401       5.07381577    -650.42751824   633.109753 10417.183249
  199.950000    -655.16295888       4.08024970    -651.08270918   509.132770 10419.879685
  200.000000    -655.69181141       5.29060769    -650.40120373   660.161006 10422.583017
  200.050000    -654.46132844       4.48074164    -649.98058680   559.106078 10425.286018
  200.100000    -654.54583942       5.91408400    -648.63175542   737.958261 10427.986618
  200.150000    -654.45723090       5.69588302    -648.76134788   710.731184 10430.686189
  200.200000    -653.88176475       5.00320922    -648.87855553   624.299482 10433.380423
  200.250000    -655.01136209       5.78402045    -649.22734164   721.728956 10436.066328
  200.300000    -654.77655527       5.41991462    -649.35664065   676.295900 10438.762478
  200.350000    -654.55754058       5.48842039    -649.06912019   684.844038 10441.457103
  200.400000    -655.17900266       5.37158705    -649.80741561   670.265596 10444.152163
  200.450000    -654.94294698       4.75669762    -650.18624936   593.539811 10446.850678
  200.500000    -654.26630938       5.62505464    -648.64125474   701.893232 10449.546355
  200.550000    -654.37206717       5.44325757    -648.92880960   679.208630 10452.234688
  200.600000    -654.42852564       5.33032861    -649.09819702   665.117376 10454.917675
  200.650000    -654.82234411       6.06840850    -648.75393561   757.214842 10457.592012
  200.700000    -654.04465791       5.58889166    -648.45576624   697.380824 10460.257521
  200.750000    -654.74524645       5.85827069    -648.88697576   730.993887 10462.939784
  200.800000    -654.63826847       5.72325625    -648.91501222   714.146811 10465.621764
  200.850000    -655.25896664       5.68864850    -649.57031813   709.828463 10468.291043
  200.900000    -654.50684052       5.09312476    -649.41371576   635.519125 10470.966347
  200.950000    -653.80486446       5.58779383    -648.21707063   697.243836 10473.637783
  201.000000    -654.26340645       5.70449569    -648.55891077   711.805871 10476.305268
  201.050000    -654.69325112       5.49599976    -649.19725136   685.789790 10478.979552
  201.100000    -654.70491238       5.81489652    -648.89001586   725.581666 10481.649702
  201.150000    -654.32678340       6.00997504    -648.31680837   749.923526 10484.326826
  201.200000    -653.93491167       4.69927424    -649.23563743   586.374533 10487.019422
  201.250000    -654.26919110       5.34136460    -648.92782650   666.494445 10489.714937
  201.300000    -654.69276081       4.63266868    -650.06009213   578.063505 10492.399624
  201.350000    -654.50933670       4.64297472    -649.86636198   579.349489 10495.092745
  201.400000    -655.98889041       6.45389960    -649.53499081   805.316347 10497.782376
  201.450000    -654.94884605       5.48806126    -649.46078479   684.799225 10500.486899
  201.500000    -654.28717964       4.77145302    -649.51572662   595.380987 10503.195821
  201.550000    -654.79277643       5.32131747    -649.47145896   663.992968 10505.897977
  201.600000    -655.29314360       5.26578837    -650.02735523   657.064057 10508.617994
  201.650000    -655.37262476       5.19892883    -650.17369593   648.721337 10511.305358
  201.700000    -656.18715336       5.25510820    -650.93204515   655.731388 10513.988819
  201.750000    -656.25319536       5.38456721    -650.86862814   671.885258 10516.678942
  201.800000    -656.31919749       5.96031643    -650.35888106   743.727134 10519.379605
  201.850000    -655.57991808       5.81374174    -649.76617633   725.437573 10522.085035
  201.900000    -655.07823962       5.71602277    -649.36221685   713.244218 10524.791642
  201.950000    -655.40124457       5.57729005    -649.82395452   695.933176 10527.504305
  202.000000    -655.73966203       5.51875243    -650.22090960   688.628864 10530.225311
  202.050000    -655.57959668       5.44072672    -650.13886996   678.892830 10532.929324
  202.100000    -654.85493008       5.02890007    -649.82603001   627.505180 10535.621007
  202.150000    -656.58432122       6.27222026    -650.31210096   782.646435 10538.314750
  202.200000    -656.72650450       6.24977480    -650.47672970   779.845693 10541.002811
  202.250000    -655.07892472       5.06664474    -650.01227998   632.214953 10543.690786
  202.300000    -655.82780128       6.11344022    -649.71436106   762.833892 10546.380875
  202.350000    -655.11336762       5.67555365    -649.43781397   708.194489 10549.073467
  202.400000    -654.67063794       4.40770380    -650.26293415   549.992430 10551.747447
  202.450000    -656.67548487       6.21007124    -650.46541363   774.891491 10554.426050
  202.500000    -655.54969517       4.42653918    -651.12315599   552.342705 10557.121418
  202.550000    -656.33145366       5.34345104    -650.98800262   666.754790 10559.798637
  202.600000    -655.00592557       4.41623932    -650.58968625   551.057491 10562.491753
  202.650000    -655.01795041       4.79542467    -650.22252574   598.372165 10565.200488
  202.700000    -655.53258301       5.68469117    -649.84789185   709.334667 10567.900100
  202.750000    -656.02884323       5.45607920    -650.57276403   680.808510 10570.603611
  202.800000    -655.36499795       5.31392992    -650.05106803   663.071150 10573.306217
  202.850000    -654.52984904       5.16331530    -649.36653373   644.277488 10576.006866
  202.900000    -655.55338452       5.63893093    -649.91445359   703.624714 10578.701918
  202.950000    -655.09847610       5.57837928    -649.52009682   696.069090 10581.413766
  203.000000    -654.62959798       5.22252695    -649.40707104   651.665905 10584.105989
  203.050000    -654.68753587       5.24319108    -649.44434479   654.244372 10586.809622
  203.100000    -654.48548430       4.93472594    -649.55075836   615.754151 10589.506796
  203.150000    -654.66397087       5.35564717    -649.30832370   668.276621 10592.218782
  203.200000    -654.69217303       5.10940704    -649.58276599   637.550825 10594.916322
  203.250000    -654.77059109       4.87559737    -649.89499372   608.376099 10597.610319
  203.300000    -655.65829877       5.58750977    -650.07078900   697.208391 10600.305308
  203.350000    -654.59617799       4.35859157    -650.23758643   543.864215 10602.991273
  203.400000    -655.58559607       4.76962768    -650.81596839   595.153221 10605.683276
  203.450000    -655.25404568       4.57265202    -650.68139366   570.574637 10608.380801
  203.500000    -655.26320185       4.71488411    -650.54831774   588.322330 10611.075776
  203.550000    -654.89602447       4.82048520    -650.07553927   601.499214 10613.771092
  203.600000    -655.60056019       5.00289154    -650.59766865   624.259842 10616.458221
  203.650000    -655.99793385       5.36932673    -650.62860712   669.983553 10619.132298
  203.700000    -654.73374284       4.64770123    -650.08604161   579.939263 10621.817087
  203.750000    -655.22573773       5.27950829    -649.94622943   658.776026 10624.503254
  203.800000    -655.14997659       5.00762293    -650.14235366   624.850223 10627.172334
  203.850000    -655.40353819       5.09668175    -650.30685645   635.962965 10629.852616
  203.900000    -654.63354530       5.34334497    -649.29020033   666.741554 10632.530540
  203.950000    -654.71093212       5.06699164    -649.64394048   632.258240 10635.200611
  204.000000    -654.82228146       5.05721732    -649.76506414   631.038602 10637.875360
  204.050000    -654.35284612       5.74163860    -648.61120752   716.440557 10640.552003
  204.100000    -653.59242517       5.34495067    -648.24747450   666.941913 10643.217458
  204.150000    -654.20756563       6.40650479    -647.80106084   799.402432 10645.891885
  204.200000    -654.86743794       6.53982427    -648.32761368   816.038011 10648.593334
  204.250000    -653.97626951       5.58365893    -648.39261058   696.727884 10651.279887
  204.300000    -653.86110117       5.28328531    -648.57781586   659.247322 10653.968650
  204.350000    -654.71195776       6.28420880    -648.42774896   784.142362 10656.661948
  204.400000    -653.89104798       5.50355054    -648.38749745   686.731974 10659.365483
  204.450000    -654.65351397       6.18198966    -648.47152431   771.387477 10662.062412
  204.500000    -654.06812428       6.50005011    -647.56807417   811.074999 10664.760330
  204.550000    -654.86797977       5.91577245    -648.95220732   738.168945 10667.473228
  204.600000    -654.43360471       5.68448076    -648.74912395   709.308413 10670.165218
  204.650000    -654.67226320       5.39552585    -649.27673735   673.252675 10672.863485
  204.700000    -654.82788021       5.92533021    -648.90254999   739.361561 10675.578300
  204.750000    -654.51050637       5.46498939    -649.04551698   681.920322 10678.272740
  204.800000    -655.33863858       5.39724642    -649.94139216   673.467367 10680.984644
  204.850000    -654.43196909       4.54427210    -649.88769698   567.033397 10683.683640
  204.900000    -654.67705167       4.83853255    -649.83851912   603.751158 10686.376220
  204.950000    -655.56524406       5.69568552    -649.86955854   710.706540 10689.095048
  205.000000    -654.64252617       4.66975306    -649.97277311   582.690886 10691.802100
  205.050000    -654.69566739       5.08928515    -649.60638224   635.040020 10694.498344
  205.100000    -655.15288736       5.56883002    -649.58405734   694.877536 10697.203107
  205.150000    -655.75786675       5.17819848    -650.57966827   646.134608 10699.883832
  205.200000    -654.70338070       5.14871943    -649.55466126   642.456218 10702.575217
  205.250000    -655.18534991       5.46724464    -649.71810527   682.201731 10705.241461
  205.300000    -655.50121967       5.81582243    -649.68539723   725.697201 10707.923956
  205.350000    -655.42129612       5.48624615    -649.93504997   684.572736 10710.601347
  205.400000    -655.20258025       5.38027847    -649.82230178   671.350110 10713.264464
  205.450000    -654.57789520       5.88546208    -648.69243313   734.386823 10715.937214
  205.500000    -654.15321945       5.29043701    -648.86278244   660.139710 10718.605407
  205.550000    -654.63064269       5.13212366    -649.49851903   640.385400 10721.264358
  205.600000    -655.85532074       6.43312015    -649.42220059   802.723491 10723.932320
  205.650000    -655.75962478       5.49347702    -650.26614776   685.475003 10726.601749
  205.700000    -654.35989964       4.56488204    -649.79501760   569.605101 10729.284371
  205.750000    -655.81545840       5.75789018    -650.05756821   718.468426 10731.973059
  205.800000    -655.60171670       5.26994021    -650.33177649   657.582123 10734.662138
  205.850000    -654.80495770       4.77354338    -650.03141432   595.641822 10737.348156
  205.900000    -655.31926955       4.82809801    -650.49117154   602.449138 10740.046000
  205.950000    -656.08651860       5.27308810    -650.81343050   657.974916 10742.747786
  206.000000    -655.97460330       4.62764114    -651.34696216   577.436169 10745.443622
  206.050000    -655.90806770       5.00102277    -650.90704493   624.026657 10748.142625
  206.100000    -655.25494641       4.96068945    -650.29425696   618.993873 10750.843051
  206.150000    -654.98377071       5.25392887    -649.72984184   655.584231 10753.542366
  206.200000    -656.21656122       6.11739866    -650.09916256   763.327825 10756.241807
  206.250000    -654.79572305       4.10419886    -650.69152418   512.121143 10758.937743
  206.300000    -655.66813242       4.79472056    -650.87341187   598.284306 10761.637574
  206.350000    -655.40521137       4.78136351    -650.62384786   596.617617 10764.339464
  206.400000    -655.95951738       4.84431934    -651.11519804   604.473233 10767.043475
  206.450000    -655.71403314       4.81062210    -650.90341104   600.268498 10769.746299
  206.500000    -655.47384707       5.47351057    -650.00033650   682.983593 10772.448051
  206.550000    -655.00773173       5.43310192    -649.57462981   677.941410 10775.149964
  206.600000    -655.27539284       6.73476631    -648.54062653   840.362841 10777.839309
  206.650000    -655.21541355       6.69263326    -648.52278029   835.105487 10780.529936
  206.700000    -654.93217302       5.80349204    -649.12868098   724.158617 10783.213795
  206.750000    -654.70531035       5.97748584    -648.72782451   745.869530 10785.905717
  206.800000    -654.34165690       5.43731462    -648.90434228   678.467070 10788.610172
  206.850000    -653.85678527       4.33347941    -649.52330586   540.730725 10791.295310
  206.900000    -655.56621912       6.40859584    -649.15762328   799.663353 10793.966235
  206.950000    -655.18250238       5.67959049    -649.50291189   708.698206 10796.647756
  207.000000    -654.74297464       5.79162764    -648.95134699   722.678180 10799.320879
  207.050000    -655.46798552       6.42018639    -649.04779913   801.109620 10801.999341
  207.100000    -655.14494869       5.58651393    -649.55843476   697.084130 10804.673306
  207.150000    -655.20983572       6.09956684    -649.11026888   761.102773 10807.374051
  207.200000    -654.49232694       6.00663625    -648.48569069   749.506913 10810.077729
  207.250000    -655.07579271       5.84005673    -649.23573598   728.721152 10812.797495
  207.300000    -654.80417632       5.37299527    -649.43118105   670.441314 10815.448789
  207.350000    -654.39485411       4.74278979    -649.65206432   591.804395 10818.081140
  207.400000    -655.16423652       5.26341136    -649.90082517   656.767454 10820.712503
  207.450000    -655.21498806       5.39239615    -649.82259191   672.862151 10823.348432
  207.500000    -655.43522439       5.25529533    -650.17992906   655.754738 10825.978973
  207.550000    -655.09093731       5.13855634    -649.95238098   641.188068 10828.603956
  207.600000    -655.30643040       5.99085429    -649.31557611   747.537642 10831.231208
  207.650000    -655.83974088       6.04962106    -649.79011981   754.870549 10833.863361
  207.700000    -654.51807705       5.39509175    -649.12298531   673.198507 10836.493636
  207.750000    -654.23159150       5.28329932    -648.94829218   659.249071 10839.129169
  207.800000    -654.21064922       5.46639646    -648.74425276   682.095896 10841.764635
  207.850000    -655.05329746       6.38386321    -648.66943425   796.577220 10844.402915
  207.900000    -654.00974025       5.15216039    -648.85757986   642.885580 10847.033772
  207.950000    -654.49885126       5.50779687    -648.99105439   687.261831 10849.672334
  208.000000    -655.15776926       6.18108914    -648.97668013   771.275110 10852.303130
  208.050000    -653.83509915       5.37902550    -648.45607365   671.193764 10854.928465
  208.100000    -654.44415318       6.59542191    -647.84873127   822.975474 10857.545021
  208.150000    -653.57177171       5.65721463    -647.91455707   705.906151 10860.131476
  208.200000    -654.00360626       6.14017092    -647.86343534   766.169343 10862.732235
  208.250000    -653.46633063       5.02298596    -648.44334467   626.767219 10865.347310
  208.300000    -654.17036917       5.71412236    -648.45624681   713.007086 10867.955580
  208.350000    -654.42438048       5.18828289    -649.23609759   647.392938 10870.574339
  208.400000    -654.96373143       5.89119589    -649.07253554   735.102287 10873.178478
  208.450000    -653.91811537       4.70306400    -649.21505136   586.847419 10875.783144
  208.500000    -655.96906760       6.65410252    -649.31496508   830.297629 10878.385548
  208.550000    -654.66515268       4.91148362    -649.75366906   612.853979 10880.990141
  208.600000    -654.37657894       5.46079817    -648.91578077   681.397342 10883.594964
  208.650000    -655.69866640       6.48979713    -649.20886927   809.795634 10886.198997
  208.700000    -654.23048722       4.75393423    -649.47655299   593.194996 10888.821973
  208.750000    -654.88588563       4.96787951    -649.91800612   619.891047 10891.450547
  208.800000    -655.22894488       4.91699089    -650.31195399   613.541174 10894.094728
  208.850000    -655.81390798       5.23410808    -650.57979989   653.110997 10896.726569
  208.900000    -655.79899353       6.06969329    -649.72930025   757.375158 10899.376574
  208.950000    -655.10667900       5.02364476    -650.08303424   626.849424 10902.005978
  209.000000    -656.10135577       5.71945579    -650.38189997   713.672591 10904.643405
  209.050000    -655.72733445       4.54901127    -651.17832318   567.624749 10907.280293
  209.100000    -656.19739703       4.70585558    -651.49154145   587.195752 10909.908907
  209.150000    -655.86067871       4.75711945    -651.10355926   593.592448 10912.528039
  209.200000    -655.55956335       4.91473829    -650.64482506   613.260096 10915.164576
  209.250000    -655.34190406       4.90934143    -650.43256263   612.586677 10917.807885
  209.300000    -655.72752095       5.63905061    -650.08847033   703.639648 10920.439425
  209.350000    -655.38422719       4.65188371    -650.73234348   580.461152 10923.072963
  209.400000    -656.01336298       5.63088413    -650.38247885   702.620636 10925.695037
  209.450000    -655.13015952       5.15040914    -649.97975038   642.667059 10928.325027
  209.500000    -654.74292361       5.59859063    -649.14433298   698.591059 10930.959051
  209.550000    -655.14480879       5.43679350    -649.70801529   678.402044 10933.556994
  209.600000    -655.03237588       6.26878110    -648.76359478   782.217297 10936.185659
  209.650000    -654.83657324       5.60370420    -649.23286904   699.229129 10938.800939
  209.700000    -655.38718846       5.44509870    -649.94208976   679.438365 10941.411050
  209.750000    -654.17001515       5.26947954    -648.90053561   657.524640 10944.019164
  209.800000    -655.60886281       5.80101421    -649.80784860   723.849434 10946.634564
  209.850000    -655.59907613       5.31172483    -650.28735131   662.795999 10949.244698
  209.900000    -654.53105333       5.18124785    -649.34980548   646.515107 10951.855642
  209.950000    -654.55322963       5.38102701    -649.17220261   671.443512 10954.461319
  210.000000    -655.50026435       6.67637885    -648.82388551   833.077264 10957.064560
  210.050000    -654.96030370       5.94625583    -649.01404786   741.972656 10959.657076
  210.100000    -653.63283201       4.64105676    -648.99177525   579.110167 10962.257243
  210.150000    -654.85481307       5.76529784    -649.08951522   719.392753 10964.861140
  210.200000    -654.42412444       5.47502729    -648.94909715   683.172849 10967.471272
  210.250000    -654.80838108       5.81877336    -648.98960772   726.065417 10970.097053
  210.300000    -654.34736105       4.88870102    -649.45866003   610.011170 10972.734379
  210.350000    -654.78804008       5.25347197    -649.53456811   655.527219 10975.364966
  210.400000    -654.41364493       4.74035089    -649.67329404   591.500069 10977.993770
  210.450000    -655.02427013       5.23402915    -649.79024097   653.101148 10980.622822
  210.500000    -655.33301424       4.95568588    -650.37732836   618.369528 10983.254719
  210.550000    -655.23712354       5.07967937    -650.15744417   633.841412 10985.892193
  210.600000    -655.31010302       5.80811002    -649.50199300   724.734848 10988.513480
  210.650000    -655.09675552       5.05542150    -650.04133402   630.814520 10991.135767
  210.700000    -654.97870059       4.60080150    -650.37789908   574.087124 10993.772668
  210.750000    -655.75428635       5.91994099    -649.83434536   738.689095 10996.408229
  210.800000    -655.04247925       4.57015260    -650.47232665   570.262760 10999.037147
  210.850000    -655.32138169       5.06882589    -650.25255579   632.487117 11001.671870
  210.900000    -656.13757950       5.13891197    -650.99866752   641.232445 11004.308636
  210.950000    -655.74708068       4.88688558    -650.86019510   609.784640 11006.942981
  211.000000    -655.91284915       4.93496160    -650.97788755   615.783556 11009.577240
  211.050000    -656.40060787       5.47695163    -650.92365624   683.412968 11012.205479
  211.100000    -655.65922665       5.36647990    -650.29274675   669.628326 11014.829660
  211.150000    -654.67576335       4.59735186    -650.07841149   573.656678 11017.421394
  211.200000    -655.67038308       5.02190981    -650.64847327   626.632937 11020.015826
  211.250000    -655.14743713       4.90867299    -650.23876415   612.503268 11022.622771
  211.300000    -655.17398711       5.40932663    -649.76466048   674.974733 11025.204688
  211.350000    -654.56939337       4.28373773    -650.28565564   534.523968 11027.812972
  211.400000    -655.83760479       5.30436515    -650.53323964   661.877661 11030.416545
  211.450000    -655.54615315       4.73250821    -650.81364494   590.521461 11033.022573
  211.500000    -656.25993191       5.47786109    -650.78207082   683.526450 11035.621287
  211.550000    -656.62422691       5.58895441    -651.03527250   697.388653 11038.224265
  211.600000    -655.43526398       4.77445286    -650.66081112   595.755307 11040.821658
  211.650000    -655.17650612       5.32476047    -649.85174565   664.422584 11043.423018
  211.700000    -654.94999412       4.79035593    -650.15963819   597.739688 11046.028650
  211.750000    -655.94593825       5.88865773    -650.05728052   734.785576 11048.658816
  211.800000    -654.76101600       4.72577360    -650.03524240   589.681118 11051.290695
  211.850000    -654.88743216       4.86019567    -650.02723650   606.454278 11053.926252
  211.900000    -655.89181745       6.12518237    -649.76663508   764.299075 11056.554173
  211.950000    -655.11047205       5.83357866    -649.27689339   727.912820 11059.193383
  212.000000    -655.05315204       5.76472852    -649.28842352   719.321713 11061.823846
  212.050000    -654.93819568       6.02352743    -648.91466825   751.614591 11064.452922
  212.100000    -654.09107805       4.83597567    -649.25510238   603.432111 11067.079044
  212.150000    -655.18956050       5.52000858    -649.66955192   688.785605 11069.694240
  212.200000    -655.10518635       5.42147801    -649.68370834   676.490981 11072.291062
  212.250000    -654.77185593       4.86088846    -649.91096747   606.540724 11074.920902
  212.300000    -654.39984156       5.11277048    -649.28707108   637.970515 11077.554811
  212.350000    -655.39056178       5.25310060    -650.13746117   655.480880 11080.180901
  212.400000    -655.44226272       5.37765440    -650.06460832   671.022679 11082.814807
  212.450000    -656.16951426       5.47330968    -650.69620458   682.958526 11085.443636
  212.500000    -654.37404796       4.39852114    -649.97552682   548.846619 11088.090417
  212.550000    -655.58337589       6.04427243    -649.53910346   754.203148 11090.722274
  212.600000    -654.09422540       5.52594542    -648.56827998   689.526404 11093.348189
  212.650000    -654.59482048       5.61946739    -648.97535309   701.196056 11095.962686
  212.700000    -655.75178464       6.20341681    -649.54836783   774.061153 11098.572268
  212.750000    -654.98436084       5.78558450    -649.19877634   721.924118 11101.178675
  212.800000    -654.88892521       5.83270129    -649.05622391   727.803342 11103.784218
  212.850000    -655.03267238       5.47076250    -649.56190988   682.640689 11106.404635
  212.900000    -654.60135736       5.18767494    -649.41368242   647.317078 11108.994656
  212.950000    -654.93442888       5.74911682    -649.18531205   717.373688 11111.595988
  213.000000    -654.58385602       5.19908572    -649.38477030   648.740914 11114.191038
  213.050000    -654.56619351       5.50483092    -649.06136259   686.891741 11116.765139
  213.100000    -655.12721449       5.23211497    -649.89509952   652.862297 11119.368315
  213.150000    -654.86321523       4.78099509    -650.08222014   596.571645 11121.958360
  213.200000    -655.80159967       5.32983737    -650.47176230   665.056079 11124.550365
  213.250000    -655.45855737       4.84597771    -650.61257966   604.680164 11127.158335
  213.300000    -655.32178411       4.86201812    -650.45976599   606.681683 11129.791461
  213.350000    -655.91417845       5.65957993    -650.25459852   706.201292 11132.424526
  213.400000    -655.25640645       5.44913882    -649.80726763   679.942491 11135.057070
  213.450000    -654.47248444       5.48085573    -648.99162871   683.900121 11137.694501
  213.500000    -654.75635269       5.56382740    -649.19252529   694.253310 11140.325942
  213.550000    -654.44157464       4.91773681    -649.52383783   613.634250 11142.960255
  213.600000    -654.58117493       5.62189810    -648.95927683   701.499361 11145.594424
  213.650000    -654.79086909       6.04783728    -648.74303181   754.647969 11148.213769
  213.700000    -654.58305978       5.97292331    -648.61013646   745.300219 11150.826160
  213.750000    -655.25477314       5.90461311    -649.35016002   736.776485 11153.455401
  213.800000    -655.36451057       6.32809083    -649.03641974   789.617953 11156.084478
  213.850000    -654.63734733       4.88997613    -649.74737120   610.170279 11158.715466
  213.900000    -654.71270049       5.41130648    -649.30139401   675.221778 11161.344440
  213.950000    -653.94843769       4.80125618    -649.14718151   599.099820 11163.972856
  214.000000    -654.77882045       5.53474122    -649.24407923   690.623941 11166.600642
  214.050000    -654.07323830       5.66798257    -648.40525573   707.249772 11169.237907
  214.100000    -654.77222341       6.23390160    -648.53832181   777.865039 11171.845304
  214.150000    -655.01144664       5.74402303    -649.26742361   716.738086 11174.467431
  214.200000    -654.42068391       5.34240832    -649.07827559   666.624680 11177.082460
  214.250000    -654.65505321       6.01327980    -648.64177341   750.335893 11179.666599
  214.300000    -653.73981022       5.89806801    -647.84174221   735.959789 11182.275527
  214.350000    -654.52200814       5.87712605    -648.64488209   733.346655 11184.880714
  214.400000    -654.62312683       5.91037819    -648.71274864   737.495850 11187.467424
  214.450000    -654.07705326       4.92953059    -649.14752267   615.105876 11190.067558
  214.500000    -655.26970889       7.06192797    -648.20778092   881.186010 11192.661065
  214.550000    -654.68967572       6.30016695    -648.38950878   786.133616 11195.250662
  214.600000    -654.20061691       5.79137508    -648.40924183   722.646665 11197.826548
  214.650000    -654.86996297       6.86838056    -648.00158241   857.035201 11200.419574
  214.700000    -655.68370450       7.04926366    -648.63444084   879.605760 11203.003428
  214.750000    -653.99197774       5.16167126    -648.83030649   644.072344 11205.572073
  214.800000    -653.92440838       6.40888044    -647.51552794   799.698864 11208.184469
  214.850000    -653.01083745       5.71280846    -647.29802899   712.843137 11210.813819
  214.900000    -654.71002064       8.16730908    -646.54271155  1019.115252 11213.446270
  214.950000    -653.19110621       6.17503781    -647.01606839   770.520027 11216.069562
  215.000000    -653.99000391       6.89681645    -647.09318746   860.583426 11218.702648
  215.050000    -654.28715582       6.43755572    -647.84960010   803.276961 11221.334816
  215.100000    -654.34294182       5.53617186    -648.80676996   690.802457 11223.962145
  215.150000    -654.10327276       6.09583323    -648.00743954   760.636894 11226.584846
  215.200000    -654.22084028       6.02343617    -648.19740410   751.603204 11229.194559
  215.250000    -654.05619971       6.00675910    -648.04944061   749.522241 11231.795477
  215.300000    -654.43764967       6.13647915    -648.30117052   765.708684 11234.429589
  215.350000    -655.38923484       6.87426950    -648.51496534   857.770023 11237.064868
  215.400000    -654.48240656       4.87166887    -649.61073769   607.885902 11239.679019
  215.450000    -654.52924317       5.57278465    -648.95645852   695.370994 11242.311386
  215.500000    -654.71704975       5.56836061    -649.14868914   694.818963 11244.944930
  215.550000    -654.47476443       5.87327251    -648.60149192   732.865811 11247.565182
  215.600000    -655.04169458       5.79645572    -649.24523886   723.280626 11250.202369
  215.650000    -654.86018459       5.59822546    -649.26195913   698.545493 11252.825584
  215.700000    -654.99154738       5.69100818    -649.30053920   710.122903 11255.424985
  215.750000    -655.18054693       5.23578967    -649.94475727   653.320825 11258.029566
  215.800000    -654.53726109       6.17828508    -648.35897601   770.925221 11260.631876
  215.850000    -653.91069209       5.67509954    -648.23559255   708.137826 11263.227906
  215.900000    -654.12881270       5.80388880    -648.32492390   724.208125 11265.816040
  215.950000    -654.10875948       5.88861866    -648.22014082   734.780700 11268.421194
  216.000000    -654.38292355       6.08535212    -648.29757143   759.329064 11271.018712
  216.050000    -654.67803121       6.23502413    -648.44300708   778.005109 11273.598063
  216.100000    -654.86681014       6.00586277    -648.86094738   749.410398 11276.189671
  216.150000    -655.06098948       5.70975136    -649.35123812   712.461674 11278.801501
  216.200000    -654.70737606       5.88606406    -648.82131200   734.461938 11281.374914
  216.250000    -654.62414770       4.85719952    -649.76694818   606.080419 11283.985587
  216.300000    -655.83579329       6.11132833    -649.72446496   762.570371 11286.587166
  216.350000    -654.40270313       4.79271318    -649.60998996   598.033826 11289.230446
  216.400000    -654.91455186       5.61123799    -649.30331387   700.169193 11291.874799
  216.450000    -655.14074373       5.96318180    -649.17756194   744.084674 11294.521474
  216.500000    -654.90707283       6.18501815    -648.72205468   771.765372 11297.164383
  216.550000    -654.64977768       5.38765154    -649.26212615   672.270120 11299.802706
  216.600000    -653.92806205       5.41735723    -648.51070482   675.976790 11302.455271
  216.650000    -654.00073034       5.81854475    -648.18218559   726.036892 11305.101281
  216.700000    -654.54745540       6.72480120    -647.82265420   839.119396 11307.735353
  216.750000    -654.44416998       6.75680003    -647.68736995   843.112205 11310.378378
  216.800000    -654.63564669       6.68725585    -647.94839084   834.434495 11313.018772
  216.850000    -654.05838921       6.36663728    -647.69175193   794.427771 11315.661830
  216.900000    -653.45127885       6.44937713    -647.00190172   804.752034 11318.320484
  216.950000    -653.77020253       6.16362488    -647.60657765   769.095923 11320.969718
  217.000000    -653.55427609       6.43397530    -647.12030079   802.830197 11323.615450
  217.050000    -653.71729205       6.90251061    -646.81478144   861.293942 11326.266779
  217.100000    -653.08828929       6.21320044    -646.87508885   775.281953 11328.913883
  217.150000    -653.44272512       5.77168477    -647.67104035   720.189712 11331.531743
  217.200000    -654.27298701       6.48831411    -647.78467289   809.610584 11334.160194
  217.250000    -653.80289938       6.19424406    -647.60865531   772.916580 11336.768201
  217.300000    -654.31100737       6.04191401    -648.26909336   753.908864 11339.354784
  217.350000    -655.02976178       6.48178052    -648.54798126   808.795323 11341.963685
  217.400000    -653.91560148       6.00975597    -647.90584552   749.896190 11344.574526
  217.450000    -654.35011676       5.78081167    -648.56930509   721.328565 11347.158965
  217.500000    -655.21729604       5.81976844    -649.39752760   726.189583 11349.777095
  217.550000    -655.04249593       5.59358981    -649.44890612   697.967058 11352.382855
  217.600000    -654.76786260       4.71052385    -650.05733875   587.778257 11354.958475
  217.650000    -655.59510725       6.41865260    -649.17645465   800.918234 11357.561309
  217.700000    -654.80445174       5.37623496    -649.42821678   670.845561 11360.173185
  217.750000    -655.07695168       5.82161288    -649.25533880   726.419732 11362.767173
  217.800000    -654.66698039       5.60349195    -649.06348844   699.202644 11365.375911
  217.850000    -654.81861374       5.62210179    -649.19651195   701.524776 11368.005246
  217.900000    -654.30729179       4.93423024    -649.37306155   615.692297 11370.652950
  217.950000    -655.11713083       5.73754851    -649.37958232   715.930196 11373.309892
  218.000000    -655.48670861       5.81024179    -649.67646682   725.000850 11375.947342
  218.050000    -655.13664117       5.25287065    -649.88377053   655.452186 11378.595097
  218.100000    -655.51871782       5.53918142    -649.97953640   691.177989 11381.237537
  218.150000    -655.21990131       5.39006433    -649.82983698   672.571187 11383.875286
  218.200000    -654.66409124       5.24076351    -649.42332774   653.941459 11386.518775
  218.250000    -655.41587168       5.53611778    -649.87975389   690.795709 11389.152158
  218.300000    -654.52500181       5.25166524    -649.27333657   655.301775 11391.774924
  218.350000    -656.33420512       6.41352599    -649.92067913   800.278535 11394.424719
  218.400000    -656.30416120       5.87751481    -650.42664639   733.395164 11397.080817
  218.450000    -654.57233461       4.92153502    -649.65079959   614.108191 11399.720735
  218.500000    -654.93587955       5.64878602    -649.28709353   704.854430 11402.380205
  218.550000    -655.48727276       5.92132950    -649.56594326   738.862353 11405.017482
  218.600000    -654.08561962       5.45483207    -648.63078755   680.652894 11407.693015
  218.650000    -655.61992437       6.18422124    -649.43570313   771.665933 11410.333210
  218.700000    -655.58189479       5.68298075    -649.89891404   709.121242 11412.950112
  218.750000    -655.01298060       5.37113149    -649.64184910   670.208752 11415.563619
  218.800000    -654.91584048       5.47131507    -649.44452541   682.709639 11418.167469
  218.850000    -654.89939579       4.91317090    -649.98622489   613.064517 11420.773582
  218.900000    -655.90711832       5.73174384    -650.17537448   715.205891 11423.367418
  218.950000    -655.84294789       5.56900860    -650.27393929   694.899819 11425.951577
  219.000000    -655.58175672       5.55475146    -650.02700526   693.120816 11428.551085
  219.050000    -655.86246283       5.31141813    -650.55104470   662.757730 11431.144098
  219.100000    -655.70062487       5.75694070    -649.94368417   718.349950 11433.733888
  219.150000    -655.23896382       5.50412183    -649.73484198   686.803260 11436.327019
  219.200000    -654.69165847       4.94354483    -649.74811364   616.854570 11438.922922
  219.250000    -654.12346321       5.08045359    -649.04300962   633.938019 11441.508845
  219.300000    -654.48495412       5.71664371    -648.76831041   713.321699 11444.099961
  219.350000    -654.73390685       6.27694698    -648.45695987   783.236234 11446.692680
  219.400000    -655.56183452       6.35977728    -649.20205724   793.571783 11449.315569
  219.450000    -654.58998923       5.76477121    -648.82521802   719.327040 11451.945220
  219.500000    -653.63006208       4.66720905    -648.96285303   582.373445 11454.570873
  219.550000    -656.09006913       6.28089536    -649.80917377   783.728912 11457.192361
  219.600000    -655.30506605       4.74429324    -650.56077281   591.991996 11459.827594
  219.650000    -655.58103638       4.93916241    -650.64187397   616.307732 11462.456947
  219.700000    -655.13048038       5.19963612    -649.93084427   648.809592 11465.091845
  219.750000    -654.74713191       4.58184198    -650.16528993   571.721358 11467.706731
  219.800000    -655.12721392       5.02644694    -650.10076698   627.199079 11470.321811
  219.850000    -655.99056827       5.28185281    -650.70871546   659.068575 11472.945158
  219.900000    -655.17339178       5.02575829    -650.14763349   627.113150 11475.573197
  219.950000    -655.84875526       6.17318470    -649.67557056   770.288796 11478.206879
  220.000000    -654.94143140       5.23790505    -649.70352635   653.584781 11480.835256
  220.050000    -654.83289274       6.08322929    -648.74966345   759.064177 11483.470890
  220.100000    -655.54795126       6.26280880    -649.28514246   781.472074 11486.099932
  220.150000    -654.50699384       5.04755047    -649.45944337   629.832374 11488.728259
  220.200000    -655.67103937       6.26454418    -649.40649519   781.688614 11491.355368
  220.250000    -654.55891504       5.19063226    -649.36828277   647.686093 11493.981540
  220.300000    -655.48195631       5.96103077    -649.52092554   743.816270 11496.597876
  220.350000    -655.65105647       6.57674686    -649.07430961   820.645204 11499.200571
  220.400000    -654.98831236       5.13098759    -649.85732477   640.243642 11501.803867
  220.450000    -655.53856877       5.43361551    -650.10495326   678.005496 11504.409220
  220.500000    -654.70557931       4.55588569    -650.14969362   568.482538 11507.018491
  220.550000    -655.80186191       4.78547746    -651.01638445   597.130954 11509.632551
  220.600000    -655.49580113       4.90374154    -650.59205959   611.887923 11512.253317
  220.650000    -655.07508557       5.34242081    -649.73266476   666.626238 11514.855781
  220.700000    -654.38712338       4.74722049    -649.63990289   592.357257 11517.474844
  220.750000    -655.01671831       5.06099664    -649.95572166   631.510185 11520.058376
  220.800000    -654.85045156       5.14507092    -649.70538064   642.000957 11522.659888
  220.850000    -655.19604734       5.07831822    -650.11772912   633.671568 11525.250638
  220.900000    -654.76126682       5.34734871    -649.41391811   667.241141 11527.849808
  220.950000    -654.24065026       5.36773171    -648.87291855   669.784528 11530.485352
  221.000000    -654.36792820       6.00927641    -648.35865179   749.836351 11533.124366
  221.050000    -654.66414420       5.78393362    -648.88021058   721.718122 11535.749763
  221.100000    -654.30821666       5.36783908    -648.94037759   669.797925 11538.383546
  221.150000    -654.54735544       6.24821083    -648.29914461   779.650542 11541.012945
  221.200000    -653.45332247       4.91102160    -648.54230087   612.796327 11543.644659
  221.250000    -654.18140587       5.91450444    -648.26690144   738.010723 11546.278345
  221.300000    -654.40346018       6.51657343    -647.88688675   813.136775 11548.898521
  221.350000    -654.44499165       6.43178574    -648.01320592   802.556984 11551.517330
  221.400000    -653.48866079       5.40334178    -648.08531901   674.227945 11554.145554
  221.450000    -654.60216399       5.62704967    -648.97511432   702.142173 11556.781291
  221.500000    -654.87089240       5.29298462    -649.57790777   660.457600 11559.408193
  221.550000    -654.44539689       5.16364008    -649.28175681   644.318013 11562.042088
  221.600000    -655.09105955       4.88674107    -650.20431848   609.766608 11564.670199
  221.650000    -655.36180678       5.39112903    -649.97067775   672.704040 11567.301890
  221.700000    -654.81526147       4.85166076    -649.96360071   605.389294 11569.930673
  221.750000    -653.87786678       4.90045967    -648.97740711   611.478412 11572.536935
  221.800000    -654.98067294       6.19779407    -648.78287887   773.359549 11575.145759
  221.850000    -654.79450810       6.87095462    -647.92355349   857.356392 11577.753944
  221.900000    -654.41221121       5.94485941    -648.46735180   741.798411 11580.360173
  221.950000    -654.53816778       5.41802393    -649.12014385   676.059981 11582.959277
  222.000000    -654.84697768       5.62542114    -649.22155654   701.938964 11585.558937
  222.050000    -654.34258797       5.18382981    -649.15875816   646.837284 11588.151392
  222.100000    -653.68979415       5.63518829    -648.05460586   703.157708 11590.749236
  222.150000    -654.22321825       6.68015905    -647.54305921   833.548957 11593.343735
  222.200000    -653.37376831       6.23599601    -647.13777230   778.126379 11595.943031
  222.250000    -654.63591953       6.90197543    -647.73394410   861.227163 11598.538392
  222.300000    -653.81342850       5.58974375    -648.22368475   697.487147 11601.135442
  222.350000    -653.54320477       5.41700624    -648.12619854   675.932993 11603.725072
  222.400000    -654.51991016       7.22228201    -647.29762815   901.194956 11606.328447
  222.450000    -654.03693528       6.04960545    -647.98732983   754.868601 11608.954427
  222.500000    -654.41580657       6.04289693    -648.37290965   754.031513 11611.588194
  222.550000    -655.32937315       6.98370000    -648.34567315   871.424739 11614.215150
  222.600000    -653.57889413       5.81084381    -647.76805032   725.075969 11616.845145
  222.650000    -654.13127507       5.80408778    -648.32718728   724.232954 11619.464822
  222.700000    -653.88366232       5.95022671    -647.93343561   742.468141 11622.091642
  222.750000    -653.57895075       5.75625378    -647.82269697   718.264236 11624.725829
  222.800000    -653.24170800       5.90447435    -647.33723365   736.759171 11627.342498
  222.850000    -654.91086026       6.81799885    -648.09286140   850.748582 11629.967313
  222.900000    -655.11203773       5.85324806    -649.25878966   730.367164 11632.580103
  222.950000    -654.91103039       6.21870542    -648.69232496   775.968863 11635.205553
  223.000000    -654.60782203       5.72057549    -648.88724654   713.812307 11637.832358
  223.050000    -654.61470034       5.98729560    -648.62740473   747.093591 11640.457556
  223.100000    -654.20465057       5.84423624    -648.36041432   729.242671 11643.089683
  223.150000    -654.04341021       6.26377576    -647.77963445   781.592731 11645.709276
  223.200000    -653.27202063       6.49902060    -646.77300003   810.946537 11648.336165
  223.250000    -654.37858949       6.23890047    -648.13968902   778.488797 11650.951998
  223.300000    -654.43455809       5.30603753    -649.12852057   662.086339 11653.565345
  223.350000    -654.18157506       5.93963642    -648.24193864   741.146687 11656.157851
  223.400000    -653.76007240       5.84395827    -647.91611413   729.207986 11658.765928
  223.450000    -654.68241709       6.45880195    -648.22361514   805.928062 11661.367473
  223.500000    -654.58568939       6.19227948    -648.39340991   772.671439 11663.956926
  223.550000    -653.70619174       5.06664254    -648.63954919   632.214679 11666.562342
  223.600000    -654.74143647       5.95150037    -648.78993610   742.627068 11669.160012
  223.650000    -654.85643431       5.49001924    -649.36641507   685.043541 11671.760704
  223.700000    -655.67137543       5.54487446    -650.12650098   691.888365 11674.352849
  223.750000    -655.46823857       5.27747772    -650.19076086   658.522651 11676.944054
  223.800000    -655.59680857       5.67087856    -649.92593001   707.611133 11679.525951
  223.850000    -654.69778732       4.80095714    -649.89683018   599.062506 11682.103865
  223.900000    -655.12533415       5.95028018    -649.17505397   742.474812 11684.679242
  223.950000    -654.47549992       5.57341661    -648.90208331   695.449850 11687.263063
  224.000000    -655.27973715       6.02110727    -649.25862988   751.312604 11689.878951
  224.050000    -655.28672400       5.51360558    -649.77311841   687.986641 11692.502450
  224.100000    -654.93722676       5.10212607    -649.83510069   636.642307 11695.116868
  224.150000    -654.94913118       6.39654265    -648.55258854   798.159358 11697.748858
  224.200000    -654.19596657       5.36377102    -648.83219555   669.290313 11700.372736
  224.250000    -655.12047944       5.77465143    -649.34582801   720.559891 11703.003167
  224.300000    -654.96167461       5.94596942    -649.01570519   741.936917 11705.635938
  224.350000    -655.40583988       7.06684633    -648.33899355   881.799722 11708.272678
  224.400000    -654.18482485       5.96454869    -648.22027616   744.255235 11710.895553
  224.450000    -653.85043979       5.62811089    -648.22232890   702.274591 11713.526494
  224.500000    -654.23937752       6.04261170    -648.19676583   753.995922 11716.167070
  224.550000    -654.57730333       5.51166911    -649.06563422   687.745008 11718.797790
  224.600000    -655.26695620       6.17590164    -649.09105456   770.627815 11721.417357
  224.650000    -655.03924419       5.79016506    -649.24907913   722.495679 11724.033694
  224.700000    -654.14166547       4.98150083    -649.16016464   621.590712 11726.657144
  224.750000    -654.99411510       5.46536676    -649.52874835   681.967410 11729.287731
  224.800000    -654.90150730       4.86892724    -650.03258006   607.543802 11731.901317
  224.850000    -654.93198043       5.22950957    -649.70247087   652.537195 11734.510402
  224.900000    -655.19942312       5.32992716    -649.86949597   665.067283 11737.104926
  224.950000    -655.48800780       5.28614665    -650.20186115   659.604360 11739.692007
  225.000000    -655.11524186       5.09934771    -650.01589415   636.295624 11742.277352
  225.050000    -654.89455332       4.97818594    -649.91636738   621.177081 11744.851197
  225.100000    -655.56194896       5.20540812    -650.35654084   649.529821 11747.433750
  225.150000    -655.05166856       5.47435745    -649.57731111   683.089266 11750.019562
  225.200000    -654.60113074       5.56066641    -649.04046434   693.858881 11752.582671
  225.250000    -654.57328719       5.38021371    -649.19307348   671.342029 11755.167035
  225.300000    -655.37812970       6.33855195    -649.03957774   790.923290 11757.760288
  225.350000    -654.98827568       5.77609886    -649.21217682   720.740502 11760.343987
  225.400000    -654.96837302       5.68771617    -649.28065685   709.712127 11762.938903
  225.450000    -655.14622105       5.50502888    -649.64119217   686.916442 11765.535509
  225.500000    -654.44386915       5.06279966    -649.38106949   631.735165 11768.122500
  225.550000    -654.90972443       4.82836365    -650.08136078   602.482285 11770.740925
  225.600000    -655.21163522       5.84150690    -649.37012833   728.902104 11773.365143
  225.650000    -654.94373014       4.96962226    -649.97410788   620.108507 11775.972254
  225.700000    -654.57654343       5.88916714    -648.68737630   734.849139 11778.597219
  225.750000    -654.01979171       5.74243570    -648.27735601   716.540019 11781.219808
  225.800000    -654.74161133       6.84025265    -647.90135868   853.525406 11783.837013
  225.850000    -653.65800644       6.10976998    -647.54823646   762.375919 11786.455639
  225.900000    -654.25790605       6.76466041    -647.49324565   844.093021 11789.061882
  225.950000    -654.28314693       5.11590877    -649.16723816   638.362109 11791.649851
  226.000000    -654.22820943       4.50049784    -649.72771159   561.571252 11794.261338
  226.050000    -654.35701615       5.66241298    -648.69460317   706.554799 11796.890080
  226.100000    -653.44923114       5.89591967    -647.55331147   735.691719 11799.507705
  226.150000    -654.45680229       6.89850602    -647.55829627   860.794251 11802.126704
  226.200000    -654.02000698       6.96490473    -647.05510225   869.079469 11804.743961
  226.250000    -653.31532708       6.31732001    -646.99800707   788.273972 11807.360173
  226.300000    -653.53710075       6.45989985    -647.07720089   806.065058 11809.976107
  226.350000    -653.86240670       6.82353124    -647.03887547   851.438912 11812.586894
  226.400000    -654.29284673       6.34747858    -647.94536816   792.037152 11815.192537
  226.450000    -654.90495685       6.15506954    -648.74988731   768.028390 11817.774616
  226.500000    -655.00768774       5.91842251    -649.08926523   738.499619 11820.372060
  226.550000    -654.35419057       5.38436738    -648.96982319   671.860323 11822.972453
  226.600000    -654.93112665       6.07570355    -648.85542310   758.125117 11825.546402
  226.650000    -654.58089249       5.81216257    -648.76872992   725.240524 11828.152321
  226.700000    -654.17829321       5.24587490    -648.93241831   654.579258 11830.754562
  226.750000    -654.32294052       6.21198621    -648.11095431   775.130441 11833.331675
  226.800000    -654.06965090       5.44078312    -648.62886778   678.899868 11835.921685
  226.850000    -654.66361215       6.11456361    -648.54904854   762.974067 11838.513211
  226.900000    -653.84027560       4.86844858    -648.97182703   607.484074 11841.092372
  226.950000    -653.83397965       5.01728217    -648.81669748   626.055501 11843.687324
  227.000000    -655.65100992       6.28099325    -649.37001667   783.741126 11846.284816
  227.050000    -654.65642763       5.17140225    -649.48502538   645.286575 11848.916489
  227.100000    -654.81347475       6.00646056    -648.80701419   749.484990 11851.546833
  227.150000    -653.93968649       5.15061363    -648.78907285   642.692576 11854.185446
  227.200000    -654.79725680       6.16479365    -648.63246315   769.241763 11856.805036
  227.250000    -653.36845955       5.43176621    -647.93669334   677.774739 11859.442901
  227.300000    -654.22997534       6.21833599    -648.01163935   775.922766 11862.088069
  227.350000    -653.86547378       5.26946863    -648.59600515   657.523279 11864.733484
  227.400000    -655.40064171       6.40948131    -648.99116040   799.773842 11867.361331
  227.450000    -654.30719280       5.53473540    -648.77245739   690.623216 11870.052612
  227.500000    -654.51790267       5.63913449    -648.87876818   703.650114 11872.673738
  227.550000    -654.35668157       6.15789094    -648.19879063   768.380444 11875.316695
  227.600000    -654.35896428       5.89856235    -648.46040193   736.021473 11877.956377
  227.650000    -654.48725733       6.42240731    -648.06485002   801.386746 11880.578421
  227.700000    -653.91474534       5.74467689    -648.17006845   716.819674 11883.211961
  227.750000    -654.32792196       5.92610787    -648.40181408   739.458597 11885.828866
  227.800000    -654.02852294       5.74792533    -648.28059761   717.225014 11888.460542
  227.850000    -654.02987973       6.65625140    -647.37362833   830.565766 11891.081101
  227.900000    -653.57325560       6.49576891    -647.07748669   810.540791 11893.701469
  227.950000    -654.12084883       6.01281838    -648.10803045   750.278318 11896.297281
  228.000000    -653.82591133       5.86448895    -647.96142239   731.769799 11898.876023
  228.050000    -653.72391758       5.41752556    -648.30639201   675.997795 11901.470404
  228.100000    -653.90464836       6.27855743    -647.62609092   783.437185 11904.064395
  228.150000    -654.43096786       6.55727234    -647.87369552   818.215178 11906.636875
  228.200000    -653.77623084       5.63889724    -648.13733360   703.620509 11909.228294
  228.250000    -655.00721981       6.41152181    -648.59569800   800.028454 11911.816522
  228.300000    -655.05457462       6.43387944    -648.62069518   802.818235 11914.384983
  228.350000    -654.13660896       5.41642163    -648.72018733   675.860046 11916.975313
  228.400000    -653.25568064       5.01554896    -648.24013168   625.839232 11919.562035
  228.450000    -655.05002965       6.57507712    -648.47495253   820.436855 11922.136198
  228.500000    -655.06283286       5.89873874    -649.16409411   736.043483 11924.726252
  228.550000    -654.23117761       4.79215258    -649.43902503   597.963875 11927.327844
  228.600000    -655.41764266       5.52067937    -649.89696329   688.869307 11929.949727
  228.650000    -654.57449038       5.34247046    -649.23201992   666.632434 11932.576462
  228.700000    -655.12658775       6.02626638    -649.10032137   751.956356 11935.204851
  228.750000    -655.17166735       5.37523079    -649.79643656   670.720261 11937.815441
  228.800000    -655.16391197       5.35560591    -649.80830606   668.271472 11940.436607
  228.850000    -654.24781451       4.94090977    -649.30690474   616.525768 11943.056741
  228.900000    -655.54667446       5.91460395    -649.63207051   738.023140 11945.675837
  228.950000    -654.13661408       4.69810669    -649.43850739   586.228847 11948.287832
  229.000000    -655.38845311       5.58291163    -649.80554149   696.634636 11950.889242
  229.050000    -655.49493933       5.73318492    -649.76175441   715.385708 11953.505140
  229.100000    -654.71710566       5.57544273    -649.14166292   695.702669 11956.128467
  229.150000    -654.54742212       6.47547434    -648.07194778   808.008439 11958.755583
  229.200000    -654.67718069       6.68512069    -647.99206000   834.168070 11961.375345
  229.250000    -654.40046308       5.94590424    -648.45455884   741.928784 11964.001098
  229.300000    -655.01129115       6.13152783    -648.87976332   765.090860 11966.619842
  229.350000    -654.02363665       5.79043807    -648.23319858   722.529745 11969.242012
  229.400000    -654.17145037       5.37801369    -648.79343667   671.067511 11971.857657
  229.450000    -654.60320987       5.42635675    -649.17685312   677.099748 11974.445360
  229.500000    -654.22239037       5.77653469    -648.44585568   720.794884 11977.044976
  229.550000    -655.05632493       5.81379084    -649.24253410   725.443699 11979.635879
  229.600000    -654.05046025       6.11158428    -647.93887597   762.602307 11982.223217
  229.650000    -653.58655395       6.50072948    -647.08582447   811.159771 11984.808967
  229.700000    -653.95112143       7.28947202    -646.66164941   909.578913 11987.398239
  229.750000    -653.05789060       5.44639641    -647.61149419   679.600294 11989.998646
  229.800000    -653.84335789       6.23098743    -647.61237046   777.501410 11992.585727
  229.850000    -653.08965388       5.73937178    -647.35028210   716.157704 11995.166284
  229.900000    -653.18230341       5.86885951    -647.31344391   732.315157 11997.750740
  229.950000    -654.52383680       6.24361217    -648.28022462   779.076723 12000.337126
  230.000000    -655.13211939       5.88729498    -649.24482441   734.615532 12002.914540
  230.050000    -654.28221322       5.12234133    -649.15987189   639.164763 12005.476346
  230.100000    -655.81280989       5.87856806    -649.93424184   733.526588 12008.097197
  230.150000    -655.58644816       4.89463190    -650.69181626   610.751225 12010.718747
  230.200000    -655.88891269       5.03731739    -650.85159531   628.555492 12013.346171
  230.250000    -654.79855039       5.06831762    -649.73023277   632.423695 12015.980875
  230.300000    -655.90894456       5.34008675    -650.56885781   666.334994 12018.615481
  230.350000    -655.14061229       4.64597145    -650.49464084   579.723422 12021.253244
  230.400000    -655.61715479       6.13125137    -649.48590342   765.056363 12023.884112
  230.450000    -655.25498811       5.36709447    -649.88789364   669.705012 12026.518181
  230.500000    -655.24731287       5.51187042    -649.73544246   687.770127 12029.152977
  230.550000    -655.13257732       5.88550775    -649.24706957   734.392522 12031.768578
  230.600000    -655.25311687       5.44461966    -649.80849721   679.378591 12034.416824
  230.650000    -654.92494094       5.44137744    -649.48356350   678.974027 12037.057591
  230.700000    -656.36172468       6.03132983    -650.33039485   752.588173 12039.677480
  230.750000    -656.10740646       5.50538614    -650.60202032   686.961021 12042.324210
  230.800000    -655.88147136       5.71530437    -650.16616699   713.154577 12044.960620
  230.850000    -655.06521969       5.03530728    -650.02991241   628.304671 12047.594466
  230.900000    -654.43565033       4.82325825    -649.61239209   601.845233 12050.220978
  230.950000    -654.44367172       6.01188300    -648.43178872   750.161601 12052.827604
  231.000000    -653.31504623       5.02485409    -648.29019214   627.000325 12055.440426
  231.050000    -654.68479008       6.68722577    -647.99756431   834.430741 12058.041662
  231.100000    -654.54864197       6.11698685    -648.43165511   763.276440 12060.633630
  231.150000    -654.29732361       6.37449629    -647.92282731   795.408418 12063.228946
  231.200000    -654.58827314       5.97449762    -648.61377552   745.496661 12065.833726
  231.250000    -654.16662215       6.06720784    -648.09941430   757.065024 12068.443804
  231.300000    -653.85015803       6.01569051    -647.83446752   750.636702 12071.034461
  231.350000    -654.29632633       5.54928197    -648.74704436   692.438334 12073.653058
  231.400000    -654.82651574       6.40785919    -648.41865655   799.571433 12076.265151
  231.450000    -654.81755902       5.19267875    -649.62488027   647.941453 12078.859662
  231.500000    -655.08785867       6.53135172    -648.55650695   814.980808 12081.465140
  231.550000    -654.75165306       5.87145571    -648.88019734   732.639111 12084.078803
  231.600000    -655.17310137       5.39905114    -649.77405023   673.692560 12086.675006
  231.650000    -655.58463047       6.17640259    -649.40822787   770.690324 12089.318341
  231.700000    -654.89331404       5.48185152    -649.41146252   684.024375 12091.965890
  231.750000    -655.66177243       5.68008369    -649.98168875   708.759747 12094.601112
  231.800000    -654.53174966       4.55651879    -649.97523087   568.561536 12097.223097
  231.850000    -655.49597841       5.09277580    -650.40320262   635.475581 12099.863723
  231.900000    -656.44404654       6.17260939    -650.27143715   770.217009 12102.479820
  231.950000    -655.44134275       5.92430083    -649.51704192   739.233115 12105.108132
  232.000000    -654.85397620       5.92535915    -648.92861705   739.365172 12107.728148
  232.050000    -654.86369680       6.81192438    -648.05177242   849.990611 12110.331248
  232.100000    -654.83150445       5.83918969    -648.99231476   728.612963 12112.936157
  232.150000    -654.94466203       5.84295308    -649.10170895   729.082558 12115.563490
  232.200000    -654.52944099       4.91176361    -649.61767738   612.888916 12118.195938
  232.250000    -655.01732651       5.70898524    -649.30834127   712.366077 12120.817709
  232.300000    -655.44843157       5.75774702    -649.69068455   718.450562 12123.449175
  232.350000    -655.78610954       5.73793854    -650.04817100   715.978864 12126.074220
  232.400000    -655.13495202       4.91334655    -650.22160548   613.086434 12128.700264
  232.450000    -655.61439238       5.62141093    -649.99298144   701.438572 12131.333483
  232.500000    -655.43243328       5.96594804    -649.46648524   744.429846 12133.951962
  232.550000    -654.59093569       5.36754549    -649.22339020   669.761291 12136.565927
  232.600000    -654.87010183       5.00760733    -649.86249450   624.848277 12139.169269
  232.650000    -654.79836182       5.96147425    -648.83688756   743.871607 12141.764760
  232.700000    -654.14878345       4.73014208    -649.41864137   590.226216 12144.355565
  232.750000    -655.53143051       5.86706221    -649.66436830   732.090891 12146.944602
  232.800000    -655.48491992       4.89892619    -650.58599373   611.287065 12149.535046
  232.850000    -655.15727161       5.73962735    -649.41764426   716.189594 12152.136362
  232.900000    -654.88108067       5.99256702    -648.88851365   747.751357 12154.726889
  232.950000    -655.17382437       5.75045099    -649.42337338   717.540165 12157.325226
  233.000000    -653.82439124       5.10624553    -648.71814571   637.156332 12159.919240
  233.050000    -654.27100794       6.20445319    -648.06655475   774.190472 12162.509760
  233.100000    -654.75237920       7.02639958    -647.72597961   876.752785 12165.116544
  233.150000    -654.32821199       6.55236248    -647.77584951   817.602526 12167.748675
  233.200000    -654.43221491       6.08521994    -648.34699497   759.312570 12170.398192
  233.250000    -653.97681630       5.91885403    -648.05796227   738.553464 12173.053848
  233.300000    -655.26467766       6.76803795    -648.49663972   844.514469 12175.686180
  233.350000    -654.69484279       5.31615254    -649.37869025   663.348488 12178.323374
  233.400000    -654.00536221       5.55683508    -648.44852713   693.380809 12180.964859
  233.450000    -654.90475532       5.70842672    -649.19632861   712.296384 12183.611502
  233.500000    -654.43196579       5.65123377    -648.78073202   705.159859 12186.245664
  233.550000    -654.52850420       5.86260068    -648.66590352   731.534182 12188.873478
  233.600000    -655.52580886       6.44453660    -649.08127226   804.148034 12191.492721
  233.650000    -654.08604166       4.50033264    -649.58570902   561.550639 12194.139595
  233.700000    -655.08775772       5.64088342    -649.44687430   703.868345 12196.786300
  233.750000    -654.89253623       5.12055573    -649.77198050   638.941956 12199.425801
  233.800000    -654.92601085       5.53270788    -649.39330297   690.370222 12202.069354
  233.850000    -655.04621599       5.53871125    -649.50750475   691.119321 12204.705076
  233.900000    -654.75273264       5.14744944    -649.60528320   642.297749 12207.356912
  233.950000    -655.03899132       5.18063062    -649.85836070   646.438089 12210.003116
  234.000000    -654.80875285       5.73395837    -649.07479448   715.482219 12212.639188
  234.050000    -654.92975572       6.29708292    -648.63267280   785.748792 12215.263899
  234.100000    -654.00142554       5.29419279    -648.70723275   660.608355 12217.869300
  234.150000    -655.24872543       6.68668792    -648.56203750   834.363629 12220.468534
  234.200000    -654.34795564       4.65307883    -649.69487681   580.610279 12223.070231
  234.250000    -655.17065429       4.87137757    -650.29927672   607.849554 12225.665391
  234.300000    -655.27610368       4.97255537    -650.30354831   620.474500 12228.264792
  234.350000    -655.14107607       5.02845552    -650.11262055   627.449710 12230.868013
  234.400000    -654.61858152       4.54900029    -650.06958123   567.623379 12233.461024
  234.450000    -655.20402505       5.62201714    -649.58200791   701.514215 12236.034528
  234.500000    -655.34339522       5.69590619    -649.64748903   710.734076 12238.623382
  234.550000    -655.05881202       5.57977812    -649.47903390   696.243638 12241.201467
  234.600000    -654.31400599       4.48533820    -649.82866779   559.679635 12243.764303
  234.650000    -654.22567052       4.34832679    -649.87734373   542.583379 12246.356182
  234.700000    -655.62385377       6.03062114    -649.59323263   752.499743 12248.980597
  234.750000    -655.86184310       5.22309873    -650.63874437   651.737251 12251.602830
  234.800000    -655.08628996       4.73328550    -650.35300447   590.618451 12254.221193
  234.850000    -655.10747434       5.82218325    -649.28529109   726.490903 12256.837704
  234.900000    -655.60798252       5.29782231    -650.31016021   661.061246 12259.458235
  234.950000    -654.99388141       4.99004957    -650.00383184   622.657422 12262.093326
  235.000000    -655.34586914       5.53813796    -649.80773118   691.047786 12264.724296
  235.050000    -655.61433194       5.21840301    -650.39592893   651.151321 12267.344460
  235.100000    -655.13584838       5.71880839    -649.41703999   713.591808 12269.959933
  235.150000    -656.16586606       5.53852107    -650.62734499   691.095591 12272.588847
  235.200000    -655.82600890       5.76657190    -650.05943700   719.551730 12275.219174
  235.250000    -655.61466592       5.66983803    -649.94482789   707.481296 12277.849286
  235.300000    -655.04778705       5.12523786    -649.92254919   639.526192 12280.474109
  235.350000    -655.18408030       4.92769795    -650.25638235   614.877199 12283.101159
  235.400000    -655.57101582       5.61631496    -649.95470085   700.802698 12285.731137
  235.450000    -655.60895243       6.34788688    -649.26106555   792.088101 12288.365269
  235.500000    -654.77342312       4.96656167    -649.80686145   619.726608 12290.994376
  235.550000    -654.95254317       5.70214362    -649.25039955   711.512382 12293.619618
  235.600000    -654.23489985       5.07450887    -649.16039098   633.196238 12296.231101
  235.650000    -654.68207675       6.18402747    -648.49804928   771.641755 12298.839040
  235.700000    -654.75838204       6.21524017    -648.54314188   775.536469 12301.437362
  235.750000    -654.55274893       4.89036564    -649.66238329   610.218882 12304.038147
  235.800000    -655.71229363       6.10807534    -649.60421829   762.164463 12306.689727
  235.850000    -655.09061890       5.24580287    -649.84481602   654.570271 12309.301937
  235.900000    -655.55136754       5.88024685    -649.67112069   733.736068 12311.912195
  235.950000    -655.41307005       5.57628545    -649.83678460   695.807822 12314.513330
  236.000000    -654.92938561       6.30330743    -648.62607818   786.525485 12317.120010
  236.050000    -654.48169229       6.25988058    -648.22181170   781.106692 12319.728058
  236.100000    -654.73179877       6.33027725    -648.40152152   789.890774 12322.334288
  236.150000    -654.91023102       5.35167893    -649.55855209   667.781465 12324.914770
  236.200000    -654.78003938       5.63974741    -649.14029198   703.726594 12327.540365
  236.250000    -654.15427734       5.12886749    -649.02540985   639.979096 12330.176009
  236.300000    -655.26301682       5.69728437    -649.56573245   710.906045 12332.813926
  236.350000    -654.11122262       4.97013442    -649.14108820   620.172414 12335.447243
  236.400000    -654.28138362       5.66241689    -648.61896673   706.555287 12338.093086
  236.450000    -654.79845429       5.50054797    -649.29790632   686.357315 12340.723988
  236.500000    -654.35244388       6.12768413    -648.22475976   764.611243 12343.358749
  236.550000    -654.18028896       5.52727052    -648.65301844   689.691750 12345.979443
  236.600000    -654.89262870       6.11363792    -648.77899078   762.858560 12348.585978
  236.650000    -654.86625670       5.32454981    -649.54170689   664.396298 12351.205360
  236.700000    -655.32436280       4.98021590    -650.34414690   621.430379 12353.842463
  236.750000    -654.64574740       5.02646541    -649.61928199   627.201385 12356.484011
  236.800000    -655.23309373       5.36478658    -649.86830716   669.417035 12359.115637
  236.850000    -655.40096247       5.21569303    -650.18526944   650.813170 12361.757239
  236.900000    -655.07404884       4.65116217    -650.42288667   580.371119 12364.388811
  236.950000    -655.43112824       5.27499245    -650.15613578   658.212541 12367.024624
  237.000000    -654.98985102       5.21209855    -649.77775247   650.364652 12369.672368
  237.050000    -655.80197586       5.76196011    -650.04001575   718.976271 12372.287130
  237.100000    -655.11238502       4.29574317    -650.81664185   536.022004 12374.926720
  237.150000    -655.74328825       4.85509874    -650.88818950   605.818285 12377.548860
  237.200000    -656.70442961       5.08465994    -651.61976967   634.462886 12380.169406
  237.250000    -656.56958027       5.21358991    -651.35599037   650.550743 12382.808601
  237.300000    -655.47869357       4.39672095    -651.08197261   548.621992 12385.444880
  237.350000    -655.10929146       4.90658320    -650.20270826   612.242505 12388.070757
  237.400000    -655.68714935       5.53795478    -650.14919457   691.024929 12390.692448
  237.450000    -654.82730062       4.89555717    -649.93174345   610.866679 12393.308455
  237.500000    -655.49463628       5.29704461    -650.19759166   660.964205 12395.908802
  237.550000    -655.80246371       5.27108935    -650.53137436   657.725512 12398.535291
  237.600000    -655.83193268       5.45232274    -650.37960994   680.339780 12401.163615
  237.650000    -655.98701949       5.81212268    -650.17489681   725.235547 12403.828884
  237.700000    -654.94334776       5.01629650    -649.92705126   625.932510 12406.460054
  237.750000    -655.54019950       5.33044768    -650.20975183   665.132233 12409.112293
  237.800000    -655.81176411       5.44395958    -650.36780453   679.296226 12411.757321
  237.850000    -655.40400271       5.22456459    -650.17943812   651.920162 12414.396067
  237.900000    -655.10943595       5.21309366    -649.89634228   650.488822 12417.046493
  237.950000    -655.66996155       6.01458234    -649.65537922   750.498424 12419.685210
  238.000000    -655.18480361       5.82002659    -649.36477702   726.221795 12422.327366
  238.050000    -653.99587664       4.93667066    -649.05920598   615.996812 12424.969780
  238.100000    -654.89851766       6.08021797    -648.81829969   758.688426 12427.612898
  238.150000    -654.79625087       6.20949171    -648.58675916   774.819178 12430.232847
  238.200000    -655.21939807       6.26982666    -648.94957141   782.347761 12432.878941
  238.250000    -654.10368554       5.38465780    -648.71902775   671.896561 12435.514388
  238.300000    -654.58337208       5.67659456    -648.90677752   708.324374 12438.144464
  238.350000    -653.69785066       4.48331661    -649.21453405   559.427382 12440.783662
  238.400000    -654.92644580       5.75702713    -649.16941868   718.360734 12443.423070
  238.450000    -655.74212967       6.50251004    -649.23961963   811.381948 12446.059346
  238.500000    -655.19398763       5.39272703    -649.80126060   672.903439 12448.699533
  238.550000    -656.02947025       5.73670999    -650.29276027   715.825565 12451.322060
  238.600000    -655.28812534       5.44208598    -649.84603936   679.062439 12453.932393
  238.650000    -655.27805109       5.33432461    -649.94372648   665.615996 12456.555871
  238.700000    -654.01468542       4.41665752    -649.59802790   551.109673 12459.171125
  238.750000    -655.07741810       5.54245260    -649.53496550   691.586166 12461.757666
  238.800000    -655.32024196       5.26105368    -650.05918828   656.473263 12464.356874
  238.850000    -655.26879275       5.72370950    -649.54508324   714.203368 12466.959613
  238.900000    -655.07658310       5.11575192    -649.96083118   638.342537 12469.548560
  238.950000    -655.35631494       4.58935623    -650.76695870   572.658986 12472.152750
  239.000000    -654.98808857       4.64712706    -650.34096151   579.867618 12474.749490
  239.050000    -654.83498020       5.13351935    -649.70146084   640.559554 12477.333693
  239.100000    -655.52247025       5.80051992    -649.72195032   723.787757 12479.931502
  239.150000    -655.29466472       5.21999214    -650.07467258   651.349613 12482.528813
  239.200000    -655.41032132       6.30969274    -649.10062858   787.322243 12485.108486
  239.250000    -654.61761725       5.54531391    -649.07230335   691.943200 12487.724802
  239.300000    -654.40525849       5.64912824    -648.75613025   704.897132 12490.357698
  239.350000    -655.02773108       5.87041448    -649.15731660   732.509186 12492.992190
  239.400000    -654.83128857       5.65392381    -649.17736476   705.495522 12495.628372
  239.450000    -654.36298179       5.51431435    -648.84866744   688.075081 12498.266017
  239.500000    -654.67447186       5.01300571    -649.66146615   625.521886 12500.883429
  239.550000    -656.00090720       5.32050865    -650.68039856   663.892043 12503.518538
  239.600000    -655.34019165       4.87872170    -650.46146995   608.765953 12506.150681
  239.650000    -655.26274876       5.06469240    -650.19805636   631.971341 12508.776910
  239.700000    -655.18156842       5.60722863    -649.57433980   699.668906 12511.409414
  239.750000    -655.88198937       5.68623324    -650.19575613   709.527087 12514.066355
  239.800000    -655.57677356       4.75518108    -650.82159247   593.350578 12516.718106
  239.850000    -654.84831948       5.42615143    -649.42216805   677.074129 12519.359397
  239.900000    -654.97978653       5.03888155    -649.94090498   628.750668 12522.011286
  239.950000    -655.29482591       5.87460308    -649.42022283   733.031840 12524.666272
  240.000000    -653.64389452       4.54761241    -649.09628211   567.450200 12527.311900
  240.050000    -655.20834051       5.66936052    -649.53897999   707.421712 12529.966653
  240.100000    -655.18955233       4.99407851    -650.19547382   623.160153 12532.602869
  240.150000    -655.93256072       5.95990306    -649.97265766   743.675554 12535.246633
  240.200000    -655.43513277       5.12072983    -650.31440295   638.963680 12537.865734
  240.250000    -655.39011506       5.42591756    -649.96419750   677.044947 12540.466679
  240.300000    -655.86352231       5.30264526    -650.56087704   661.663053 12543.066787
  240.350000    -654.96879866       4.98396643    -649.98483223   621.898370 12545.666784
  240.400000    -655.39099037       6.67541606    -648.71557432   832.957128 12548.264870
  240.450000    -655.17989212       6.02314071    -649.15675142   751.566335 12550.867069
  240.500000    -653.71678097       4.76687643    -648.94990454   594.809921 12553.449666
  240.550000    -653.65520567       6.20045958    -647.45474609   773.692151 12556.035892
  240.600000    -653.86373129       5.99288944    -647.87084185   747.791588 12558.624338
  240.650000    -654.92054459       6.85375087    -648.06679371   855.209712 12561.224851
  240.700000    -654.46899504       5.95731062    -648.51168442   743.352070 12563.811265
  240.750000    -653.69218690       5.46377050    -648.22841640   681.768229 12566.404271
  240.800000    -653.75980146       5.90450589    -647.85529557   736.763105 12569.027506
  240.850000    -654.79865193       6.15031475    -648.64833718   767.435089 12571.653997
  240.900000    -654.26958163       5.64664767    -648.62293396   704.587607 12574.274486
  240.950000    -654.96086548       5.47847066    -649.48239482   683.602512 12576.896564
  241.000000    -655.06824073       5.06892564    -649.99931510   632.499563 12579.518064
  241.050000    -654.59848506       4.99587626    -649.60260880   623.384476 12582.141778
  241.100000    -655.05486251       5.33695700    -649.71790550   665.944465 12584.765327
  241.150000    -655.57826900       6.50462952    -649.07363948   811.646417 12587.371999
  241.200000    -654.41372776       5.38119154    -649.03253622   671.464043 12589.985336
  241.250000    -654.42108624       5.62922313    -648.79186311   702.413376 12592.602722
  241.300000    -654.61220047       6.26244696    -648.34975351   781.426924 12595.225363
  241.350000    -655.19308295       6.50734732    -648.68573562   811.985544 12597.848503
  241.400000    -655.16649558       5.98174224    -649.18475334   746.400643 12600.464665
  241.450000    -655.55254964       5.61336515    -649.93918449   700.434621 12603.089706
  241.500000    -655.20350080       5.23298322    -649.97051757   652.970637 12605.705803
  241.550000    -655.08370515       4.53287995    -650.55082520   565.611886 12608.351517
  241.600000    -655.76576090       5.07286352    -650.69289738   632.990931 12610.974895
  241.650000    -655.54982952       4.56836574    -650.98146378   570.039796 12613.589263
  241.700000    -655.97295943       5.32946772    -650.64349171   665.009954 12616.186558
  241.750000    -656.06203360       4.85826317    -651.20377043   606.213141 12618.763876
  241.800000    -656.28581647       5.50432820    -650.78148827   686.829012 12621.355539
  241.850000    -656.28466751       5.13150032    -651.15316719   640.307621 12623.946287
  241.900000    -655.44270548       4.32086233    -651.12184315   539.156368 12626.539159
  241.950000    -655.78890594       4.48431465    -651.30459129   559.551917 12629.124889
  242.000000    -656.43178821       4.96471662    -651.46707159   619.496382 12631.713371
  242.050000    -656.04986584       5.12345367    -650.92641217   639.303561 12634.288816
  242.100000    -655.43705668       4.93098328    -650.50607341   615.287142 12636.876835
  242.150000    -655.70774224       4.83148193    -650.87626032   602.871383 12639.461950
  242.200000    -656.10715314       5.17383135    -650.93332179   645.589678 12642.043961
  242.250000    -655.51365184       4.77573666    -650.73791518   595.915499 12644.642252
  242.300000    -654.84704701       5.46664073    -649.38040628   682.126376 12647.228995
  242.350000    -654.08956927       5.16434910    -648.92522017   644.406484 12649.849883
  242.400000    -654.99014010       6.33206480    -648.65807530   790.113824 12652.478627
  242.450000    -654.31934108       5.25783814    -649.06150294   656.072028 12655.098028
  242.500000    -654.27911034       5.59593255    -648.68317779   698.259385 12657.725807
  242.550000    -654.07049978       4.51639819    -649.55410159   563.555294 12660.344986
  242.600000    -654.51432724       5.23038880    -649.28393845   652.646905 12662.970130
  242.650000    -655.44722504       6.15028177    -649.29694327   767.430973 12665.592912
  242.700000    -654.25224133       4.84244292    -649.40979840   604.239094 12668.218029
  242.750000    -655.67529941       5.43998490    -650.23531451   678.800267 12670.857078
  242.800000    -655.98707584       6.13884590    -649.84822994   766.004007 12673.492449
  242.850000    -655.05831265       5.03712267    -650.02118998   628.531195 12676.133662
  242.900000    -655.99670848       4.74798595    -651.24872253   592.452770 12678.764639
  242.950000    -655.52114271       5.40098290    -650.12015981   673.933604 12681.387422
  243.000000    -655.74463809       5.30826767    -650.43637042   662.364616 12684.021081
  243.050000    -655.70464788       5.42649646    -650.27815142   677.117181 12686.652848
  243.100000    -655.53622450       5.87815956    -649.65806494   733.475617 12689.268906
  243.150000    -654.36027441       4.66719726    -649.69307715   582.371974 12691.884291
  243.200000    -655.74103139       5.23912342    -650.50190797   653.736809 12694.496048
  243.250000    -655.07354840       5.74769776    -649.32585064   717.196618 12697.096872
  243.300000    -655.63956334       5.57795769    -650.06160565   696.016485 12699.695327
  243.350000    -654.46560454       5.50440445    -648.96120010   686.838525 12702.293545
  243.400000    -654.74661643       6.03250556    -648.71411087   752.734880 12704.881203
  243.450000    -654.84003288       6.12832141    -648.71171147   764.690764 12707.473272
  243.500000    -654.61267524       6.31350526    -648.29916998   787.797969 12710.069920
  243.550000    -654.75100196       5.79089990    -648.96010206   722.587373 12712.647115
  243.600000    -654.40242935       5.38657859    -649.01585076   672.136237 12715.213366
  243.650000    -653.68750525       5.48776211    -648.19974314   684.761897 12717.785832
  243.700000    -655.01061088       5.70204162    -649.30856926   711.499653 12720.360422
  243.750000    -655.56483573       6.34228142    -649.22255431   791.388652 12722.939699
  243.800000    -654.93766926       4.77585217    -650.16181709   595.929912 12725.502925
  243.850000    -655.37566964       5.60007212    -649.77559752   698.775919 12728.117037
  243.900000    -654.99099671       5.31493596    -649.67606075   663.196684 12730.744952
  243.950000    -655.07252747       6.53356721    -648.53896026   815.257256 12733.356839
  244.000000    -653.70712505       5.09524555    -648.61187950   635.783757 12735.974087
  244.050000    -654.14599654       6.72760649    -647.41839005   839.469440 12738.603394
  244.100000    -654.27675723       6.50598582    -647.77077141   811.815656 12741.213800
  244.150000    -654.10813226       5.31399767    -648.79413459   663.079605 12743.837203
  244.200000    -655.56721314       7.32336656    -648.24384657   913.808267 12746.449934
  244.250000    -653.70528711       4.60233001    -649.10295710   574.277851 12749.055561
  244.300000    -655.38438229       6.11218689    -649.27219541   762.677501 12751.664437
  244.350000    -654.81946750       6.05803968    -648.76142782   755.921023 12754.285571
  244.400000    -654.35115156       6.04466371    -648.30648785   754.251971 12757.106632
  244.450000    -655.25337241       6.46999665    -648.78337576   807.324934 12759.719595
  244.500000    -654.23003786       5.23903873    -648.99099913   653.726242 12762.341916
  244.550000    -654.87809282       6.33225519    -648.54583763   790.137581 12764.962492
  244.600000    -654.35049874       6.55275644    -647.79774231   817.651684 12767.581923
  244.650000    -653.93616787       6.09040136    -647.84576652   759.959107 12770.188530
  244.700000    -653.95961144       6.45584237    -647.50376907   805.558766 12772.794516
  244.750000    -653.85387575       6.37752281    -647.47635294   795.786066 12775.400287
  244.800000    -653.94043377       6.08716660    -647.85326718   759.555474 12777.996193
  244.850000    -653.91682886       5.69808457    -648.21874429   711.005893 12780.569943
  244.900000    -655.10961632       7.26566213    -647.84395420   906.607919 12783.164993
  244.950000    -654.32880631       6.51805198    -647.81075433   813.321268 12785.758754
  245.000000    -654.44322091       6.24949848    -648.19372243   779.811215 12788.351002
  245.050000    -654.74866774       6.48640441    -648.26226332   809.372292 12790.944028
  245.100000    -654.03019465       5.01319565    -649.01699899   625.545587 12793.519019
  245.150000    -655.31787244       5.75186236    -649.56601008   717.716276 12796.098522
  245.200000    -654.99939231       5.29410117    -649.70529114   660.596923 12798.683877
  245.250000    -655.51496354       5.68101058    -649.83395295   708.875405 12801.265477
  245.300000    -654.53439595       4.51928458    -650.01511137   563.915458 12803.848676
  245.350000    -654.25968905       4.53691381    -649.72277523   566.115230 12806.438964
  245.400000    -655.80924118       5.63782127    -650.17141991   703.486251 12809.060519
  245.450000    -655.47024977       4.71691158    -650.75333820   588.575317 12811.686630
  245.500000    -654.13096601       4.67825703    -649.45270898   583.752010 12814.305676
  245.550000    -654.17538512       5.20238770    -648.97299741   649.152934 12816.926703
  245.600000    -654.39389242       4.60557642    -649.78831600   574.682938 12819.556847
  245.650000    -654.31697014       5.83504018    -648.48192996   728.095188 12822.189839
  245.700000    -654.49126165       5.06687457    -649.42438708   632.243631 12824.815573
  245.750000    -655.02618519       5.31344380    -649.71274139   663.010493 12827.444360
  245.800000    -655.32191100       6.40248254    -648.91942846   798.900536 12830.061279
  245.850000    -654.94254095       5.14429863    -649.79824232   641.904591 12832.696075
  245.900000    -655.58966597       5.30122627    -650.28843970   661.485992 12835.332393
  245.950000    -655.63741349       4.86007558    -650.77733791   606.439294 12837.957281
  246.000000    -655.75191547       5.59435436    -650.15756111   698.062457 12840.589941
  246.050000    -655.27007031       5.38584182    -649.88422849   672.044304 12843.222461
  246.100000    -655.03872188       4.39426714    -650.64445474   548.315806 12845.855444
  246.150000    -656.32314452       5.35337485    -650.96976967   667.993081 12848.492933
  246.200000    -655.67641039       5.34152219    -650.33488821   666.514108 12851.122223
  246.250000    -655.75339896       5.54806364    -650.20533531   692.286311 12853.744254
  246.300000    -654.55114800       4.34444760    -650.20670040   542.099334 12856.345463
  246.350000    -655.22810261       5.12837961    -650.09972300   639.918218 12858.953518
  246.400000    -656.09188018       6.26920861    -649.82267157   782.270641 12861.540134
  246.450000    -655.81568785       5.88856620    -649.92712166   734.774154 12864.152490
  246.500000    -654.98630598       5.81988179    -649.16642419   726.203727 12866.769759
  246.550000    -654.92163089       5.20301451    -649.71861638   649.231147 12869.376399
  246.600000    -655.47240867       5.96384264    -649.50856603   744.167134 12871.997833
  246.650000    -655.19709686       5.07240940    -650.12468746   632.934267 12874.603935
  246.700000    -655.24626072       4.78980999    -650.45645073   597.671567 12877.209001
  246.750000    -655.28194268       5.37544701    -649.90649568   670.747241 12879.804980
  246.800000    -655.69704840       5.76889516    -649.92815324   719.841626 12882.407053
  246.850000    -655.33918993       4.61850745    -650.72068248   576.296469 12885.013472
  246.900000    -655.53561340       4.79183143    -650.74378197   597.923802 12887.669508
  246.950000    -655.66886012       4.87096110    -650.79789902   607.797586 12890.305756
  247.000000    -655.32932868       3.87940707    -651.44992162   484.071665 12892.930381
  247.050000    -655.14865964       5.18940896    -649.95925068   647.533449 12895.575407
  247.100000    -655.01378913       5.36545562    -649.64833351   669.500517 12898.214281
  247.150000    -654.55127329       5.02484549    -649.52642780   626.999251 12900.848845
  247.200000    -655.42019488       5.27886069    -650.14133419   658.695218 12903.485760
  247.250000    -654.89010217       4.37419780    -650.51590437   545.811558 12906.082880
  247.300000    -656.13983471       6.31408375    -649.82575096   787.870152 12908.706875
  247.350000    -655.47943543       5.99181443    -649.48762100   747.657449 12911.330668
  247.400000    -654.86347306       5.22223544    -649.64123762   651.629530 12913.954779
  247.450000    -655.22216155       5.76436207    -649.45779948   719.275987 12916.596124
  247.500000    -656.64117104       6.98863012    -649.65254093   872.039918 12919.237887
  247.550000    -654.66337300       4.93556117    -649.72781182   615.858371 12921.882227
  247.600000    -655.28911681       6.11916318    -649.16995362   763.548002 12924.513740
  247.650000    -654.86493928       5.63348109    -649.23145819   702.944684 12927.169676
  247.700000    -655.80527759       6.44412956    -649.36114803   804.097244 12929.793803
  247.750000    -653.70111172       5.32028654    -648.38082518   663.864328 12932.432227
  247.800000    -654.63158051       5.90800854    -648.72357197   737.200166 12935.067035
  247.850000    -655.39272687       6.02733781    -649.36538907   752.090049 12937.650275
  247.900000    -655.21276414       5.62852381    -649.58424033   702.326115 12940.268574
  247.950000    -655.67766829       5.82917654    -649.84849175   727.363524 12942.886611
  248.000000    -654.80753304       4.73297310    -650.07455994   590.579470 12945.474738
  248.050000    -656.05747947       5.76327576    -650.29420371   719.140438 12948.085842
  248.100000    -655.41999931       5.64766227    -649.77233704   704.714208 12950.685025
  248.150000    -655.52005726       5.40351589    -650.11654136   674.249671 12953.256198
  248.200000    -656.60244470       5.73480622    -650.86763848   715.588014 12955.842738
  248.250000    -656.29170979       5.55281000    -650.73889979   692.878561 12958.436155
  248.300000    -655.40162769       5.76162122    -649.64000647   718.933985 12961.015821
  248.350000    -655.10736644       5.45942723    -649.64793921   681.226276 12963.607668
  248.400000    -655.28112126       5.27368287    -650.00743840   658.049131 12966.217263
  248.450000    -655.41074048       5.49286843    -649.91787204   685.399064 12968.839451
  248.500000    -655.54280641       5.35206703    -650.19073938   667.829891 12971.469347
  248.550000    -655.28017764       5.73889947    -649.54127817   716.098769 12974.090188
  248.600000    -656.30350756       6.07726991    -650.22623765   758.320567 12976.715488
  248.650000    -655.67329903       5.34576701    -650.32753202   667.043776 12979.338669
  248.700000    -654.94202787       4.55172326    -650.39030461   567.963150 12981.967089
  248.750000    -655.92282526       5.25097599    -650.67184927   655.215772 12984.593996
  248.800000    -656.53944133       6.32277200    -650.21666933   788.954270 12987.194690
  248.850000    -655.14008490       5.03254057    -650.10754433   627.959441 12989.809865
  248.900000    -655.41994088       5.48323518    -649.93670571   684.197028 12992.435485
  248.950000    -655.81156545       5.55105897    -650.26050648   692.660067 12995.068878
  249.000000    -656.68844084       5.97324331    -650.71519753   745.340148 12997.701759
  249.050000    -655.72833768       5.41930275    -650.30903492   676.219552 13000.340552
  249.100000    -655.74960996       5.02982986    -650.71978010   627.621200 13002.967308
  249.150000    -655.82115023       6.29264045    -649.52850978   785.194462 13005.604931
  249.200000    -655.34136096       4.64743843    -650.69392253   579.906471 13008.242457
  249.250000    -656.05878648       5.45612820    -650.60265828   680.814624 13010.858265
  249.300000    -655.32801192       5.25545504    -650.07255689   655.774666 13013.484994
  249.350000    -655.23322880       5.23084268    -650.00238612   652.703540 13016.099765
  249.400000    -655.90716429       5.40225435    -650.50490995   674.092255 13018.694144
  249.450000    -655.98206097       5.30511864    -650.67694232   661.971681 13021.307873
  249.500000    -654.66293065       4.53948020    -650.12345044   566.435464 13023.918481
  249.550000    -655.19128751       5.39290564    -649.79838188   672.925725 13026.511387
  249.600000    -655.13285966       5.56484259    -649.56801708   694.379984 13029.114010
  249.650000    -655.96560919       7.28505383    -648.68055535   909.027612 13031.717114
  249.700000    -655.32359500       5.68109840    -649.64249660   708.886363 13034.293835
  249.750000    -655.97469755       5.88464508    -650.09005247   734.284878 13036.895205
  249.800000    -656.35172294       5.97407038    -650.37765256   745.443350 13039.512839
  249.850000    -655.81427417       5.11225124    -650.70202293   637.905724 13042.106386
  249.900000    -655.51552580       5.12223160    -650.39329420   639.151070 13044.716780
  249.950000    -655.41726512       5.04122355    -650.37604157   629.042902 13047.364825
  250.000000    -656.10689108       5.88232671    -650.22456438   733.995592 13050.002133
  250.050000    -655.84064359       5.61598357    -650.22466002   700.761346 13052.651535
  250.100000    -656.35325024       5.60493017    -650.74832007   699.382106 13055.301789
  250.150000    -656.98550144       5.93745315    -651.04804829   740.874258 13057.946369
  250.200000    -656.09476261       5.63096577    -650.46379684   702.630822 13060.595102
  250.250000    -655.95464513       4.56960283    -651.38504230   570.194160 13063.241207
  250.300000    -656.86634350       5.35465152    -651.51169197   668.152384 13065.855232
  250.350000    -655.98876234       4.21926684    -651.76949550   526.479302 13068.486579
  250.400000    -656.21886703       5.02375702    -651.19511001   626.863432 13071.135919
  250.450000    -656.62566227       5.56500082    -651.06066144   694.399729 13073.769963
  250.500000    -655.85443803       4.87676127    -650.97767676   608.521331 13076.409555
  250.550000    -655.99631986       5.61964133    -650.37667853   701.217762 13079.055487
  250.600000    -655.78805818       5.31745439    -650.47060379   663.510934 13081.695958
  250.650000    -656.49667838       6.68455712    -649.81212126   834.097748 13084.335608
  250.700000    -655.84405609       5.62022332    -650.22383277   701.290382 13086.976781
  250.750000    -654.96533482       5.58264856    -649.38268626   696.601810 13089.607081
  250.800000    -655.18871485       5.75239441    -649.43632044   717.782665 13092.215026
  250.850000    -654.97593399       4.89088824    -650.08504576   610.284091 13094.832396
  250.900000    -655.14069225       5.94519422    -649.19549804   741.840188 13097.456957
  250.950000    -655.91304409       6.43389903    -649.47914506   802.820680 13100.053598
  251.000000    -655.22019289       4.80127031    -650.41892257   599.101584 13102.672286
  251.050000    -655.87207166       5.13272948    -650.73934218   640.460995 13105.306821
  251.100000    -656.03574335       5.27652564    -650.75921771   658.403851 13107.902095
  251.150000    -655.57993105       5.29729630    -650.28263475   660.995610 13110.490668
  251.200000    -655.50153845       4.56666462    -650.93487383   569.827531 13113.083456
  251.250000    -656.36634434       6.16641725    -650.19992708   769.444356 13115.673039
  251.300000    -655.15245817       5.37792047    -649.77453770   671.055879 13118.258822
  251.350000    -655.91372609       6.45555285    -649.45817324   805.522639 13120.861198
  251.400000    -655.47698441       6.18827543    -649.28870897   772.171815 13123.475081
  251.450000    -655.40996698       6.12796286    -649.28200411   764.646024 13126.118461
  251.500000    -653.40496628       4.47092025    -648.93404603   557.880567 13128.756391
  251.550000    -654.39176239       6.99992489    -647.39183750   873.449277 13131.393280
  251.600000    -655.56596260       6.89554198    -648.67042062   860.424398 13134.027798
  251.650000    -655.12848113       5.94596573    -649.18251540   741.936457 13136.661997
  251.700000    -654.28806768       5.49872308    -648.78934460   686.129606 13139.303206
  251.750000    -654.93394995       6.89287598    -648.04107397   860.091735 13141.943392
  251.800000    -655.77330260       6.71128075    -649.06202184   837.432318 13144.575298
  251.850000    -654.09103199       4.97466309    -649.11636891   620.737500 13147.195402
  251.900000    -655.76514939       5.60589318    -650.15925621   699.502270 13149.830526
  251.950000    -656.27320387       5.66629966    -650.60690421   707.039779 13152.483344
  252.000000    -656.46796007       6.01421684    -650.45374323   750.452818 13155.103442
  252.050000    -656.46561352       5.82430984    -650.64130368   726.756258 13157.736932
  252.100000    -655.81218157       5.67628746    -650.13589411   708.286055 13160.395662
  252.150000    -655.01651866       5.11985817    -649.89666049   638.854914 13163.049881
  252.200000    -656.14699306       5.64475854    -650.50223452   704.351881 13165.714501
  252.250000    -654.96166703       5.61597475    -649.34569228   700.760246 13168.355405
  252.300000    -655.71963043       5.95446152    -649.76516891   742.996560 13171.009984
  252.350000    -655.68101067       5.94143530    -649.73957537   741.371151 13173.659513
  252.400000    -656.10550828       5.25424112    -650.85126716   655.623193 13176.312337
  252.450000    -656.01374485       5.59024584    -650.42349901   697.549797 13178.958498
  252.500000    -655.92817183       6.40970929    -649.51846254   799.802289 13181.575810
  252.550000    -655.36958432       6.29956307    -649.07002125   786.058265 13184.202759
  252.600000    -654.96510712       5.63775318    -649.32735395   703.477754 13186.856367
  252.650000    -655.23599955       5.49609953    -649.73990002   685.802239 13189.499323
  252.700000    -655.64864258       5.90796723    -649.74067535   737.195011 13192.135935
  252.750000    -655.69348730       5.53547395    -650.15801335   690.715371 13194.771207
  252.800000    -655.78935725       5.89745768    -649.89189957   735.883632 13197.404793
  252.850000    -655.10439067       5.01368025    -650.09071042   625.606055 13200.023858
  252.900000    -655.78301210       5.77690749    -650.00610461   720.841402 13202.668978
  252.950000    -655.91141038       5.98430092    -649.92710945   746.719915 13205.316927
  253.000000    -655.67770705       5.57418459    -650.10352246   695.545678 13207.985917
  253.050000    -655.62452366       6.07968822    -649.54483543   758.622324 13210.605868
  253.100000    -655.45971470       6.22116155    -649.23855315   776.275338 13213.228983
  253.150000    -654.02376812       5.33684401    -648.68692411   665.930367 13215.849600
  253.200000    -655.16901732       5.95957717    -649.20944016   743.634889 13218.479424
  253.250000    -655.56830737       6.30700342    -649.26130395   786.986670 13221.103489
  253.300000    -655.01441825       6.39469824    -648.61972001   797.929213 13223.711106
  253.350000    -655.34415246       6.22303755    -649.12111490   776.509425 13226.313174
  253.400000    -655.02628780       6.52390244    -648.50238536   814.051288 13228.928533
  253.450000    -654.68210895       6.02416109    -648.65794786   751.693658 13231.549753
  253.500000    -654.15515955       5.24271256    -648.91244699   654.184662 13234.179704
  253.550000    -655.43955989       6.19930733    -649.24025256   773.548372 13236.801845
  253.600000    -655.71353750       6.76474857    -648.94878894   844.104021 13239.429317
  253.650000    -655.03337273       6.17471515    -648.85865758   770.479766 13242.054503
  253.700000    -655.74720699       5.59729279    -650.14991420   698.429115 13244.675376
  253.750000    -656.32768882       5.77832184    -650.54936698   721.017884 13247.311128
  253.800000    -655.23670103       4.63519142    -650.60150961   578.378291 13249.909219
  253.850000    -656.07209884       5.70971544    -650.36238340   712.457191 13252.491852
  253.900000    -656.94871917       5.93059220    -651.01812697   740.018151 13255.081172
  253.950000    -656.17216092       5.32062205    -650.85153886   663.906193 13257.675334
  254.000000    -655.64804920       4.83655325    -650.81149595   603.504182 13260.261225
  254.050000    -655.91178143       4.45228066    -651.45950076   555.554722 13262.855116
  254.100000    -655.58312307       4.96025652    -650.62286655   618.939852 13265.433508
  254.150000    -655.45975803       5.11161043    -650.34814760   637.825764 13268.026091
  254.200000    -656.26344075       5.85475140    -650.40868935   730.554751 13270.604346
  254.250000    -655.70709338       4.89329861    -650.81379477   610.584857 13273.188241
  254.300000    -656.12795019       5.29033700    -650.83761318   660.127231 13275.800357
  254.350000    -656.64479344       5.16709041    -651.47770303   644.748545 13278.407371
  254.400000    -655.93512304       5.69467838    -650.24044466   710.580870 13281.021182
  254.450000    -656.25561924       5.91511099    -650.34050825   738.086408 13283.640241
  254.500000    -655.57801767       5.39965764    -650.17836004   673.768238 13286.244409
  254.550000    -655.03942411       4.96896398    -650.07046013   620.026367 13288.853783
  254.600000    -656.19575928       5.94465544    -650.25110384   741.772959 13291.467834
  254.650000    -655.82340192       4.95636764    -650.86703428   618.454598 13294.060362
  254.700000    -656.52580807       5.02095490    -651.50485317   626.513784 13296.654145
  254.750000    -656.47669594       5.12105714    -651.35563880   639.004523 13299.244248
  254.800000    -657.07673458       5.51756342    -651.55917116   688.480500 13301.838446
  254.850000    -657.03035343       5.28074680    -651.74960663   658.930567 13304.431178
  254.900000    -656.89055489       5.32050798    -651.57004691   663.891959 13307.021533
  254.950000    -656.48763261       5.16462324    -651.32300937   644.440692 13309.602250
  255.000000    -656.12096945       4.95647717    -651.16449228   618.468265 13312.199938
  255.050000    -656.26122563       4.75282929    -651.50839634   593.057122 13314.796844
  255.100000    -656.26954017       6.61948894    -649.65005122   825.978553 13317.377182
  255.150000    -655.15555628       5.17923018    -649.97632610   646.263343 13319.976860
  255.200000    -656.24419803       5.82891386    -650.41528417   727.330747 13322.588686
  255.250000    -656.63286689       6.71494821    -649.91791868   837.889943 13325.194230
  255.300000    -654.82359129       5.35037783    -649.47321346   667.619113 13327.804870
  255.350000    -655.96135862       6.84611519    -649.11524344   854.256932 13330.409165
  255.400000    -655.76718639       5.47905636    -650.28813003   683.675595 13333.008220
  255.450000    -655.43487185       4.51512019    -650.91975166   563.395826 13335.606681
  255.500000    -655.37927272       4.91825484    -650.46101788   613.698891 13338.203395
  255.550000    -656.26377021       5.54920949    -650.71456072   692.429290 13340.798883
  255.600000    -656.95876663       5.29351103    -651.66525560   660.523286 13343.401898
  255.650000    -656.13815293       5.34378940    -650.79436353   666.797010 13346.011203
  255.700000    -656.11691239       5.42295359    -650.69395880   676.675103 13348.623008
  255.750000    -656.20682461       5.41967555    -650.78714906   676.266070 13351.225096
  255.800000    -655.10658653       4.24909260    -650.85749393   530.200955 13353.830402
  255.850000    -656.52111699       5.75406955    -650.76704744   717.991689 13356.435858
  255.900000    -655.69504832       5.98270115    -649.71234716   746.520296 13359.038362
  255.950000    -656.10198618       6.06312005    -650.03886612   756.554950 13361.638035
  256.000000    -655.75108983       5.77448769    -649.97660214   720.539460 13364.249304
  256.050000    -655.89350367       5.74781111    -650.14569255   717.210762 13366.857074
  256.100000    -655.25940625       6.03538468    -649.22402157   753.094136 13369.451720
  256.150000    -655.69702949       5.64601426    -650.05101523   704.508571 13372.039446
  256.200000    -655.58252221       5.27775626    -650.30476595   658.557408 13374.635445
  256.250000    -655.67543742       5.51280126    -650.16263617   687.886277 13377.234437
  256.300000    -655.29204917       6.00612980    -649.28591937   749.443718 13379.828461
  256.350000    -654.93531532       5.84554337    -649.08977195   729.405774 13382.415855
  256.400000    -656.05624853       5.61937197    -650.43687655   701.184151 13385.003926
  256.450000    -655.72880390       5.03632069    -650.69248321   628.431125 13387.599625
  256.500000    -655.97592965       5.39707739    -650.57885225   673.446276 13390.188894
  256.550000    -656.06509051       4.51747420    -651.54761631   563.689559 13392.773864
  256.600000    -655.92171019       4.76509780    -651.15661240   594.587984 13395.351333
  256.650000    -656.04866551       4.76683845    -651.28182705   594.805183 13397.937487
  256.700000    -656.76001544       4.66113628    -652.09887916   581.615685 13400.533754
  256.750000    -656.46331658       4.70836228    -651.75495430   587.508537 13403.114898
  256.800000    -655.83870078       5.02719317    -650.81150761   627.292194 13405.712764
  256.850000    -656.72982961       5.17917202    -651.55065759   646.256086 13408.309268
  256.900000    -657.22347326       5.56336663    -651.66010663   694.195815 13410.924108
  256.950000    -656.57297663       5.42683042    -651.14614621   677.158853 13413.517193
  257.000000    -655.27984574       4.73621554    -650.54363020   590.984061 13416.121675
  257.050000    -656.27271235       5.16287065    -651.10984170   644.222003 13418.726902
  257.100000    -656.46041856       6.10560563    -650.35481293   761.856293 13421.346380
  257.150000    -655.24507669       5.36864665    -649.87643005   669.898693 13423.971987
  257.200000    -654.30333613       4.70348866    -649.59984748   586.900407 13426.583150
  257.250000    -655.84284160       6.14437225    -649.69846935   766.693584 13429.191571
  257.300000    -654.73288457       5.56375244    -649.16913212   694.243957 13431.796545
  257.350000    -654.36762548       5.33091325    -649.03671223   665.190327 13434.398114
  257.400000    -654.85317158       5.34644970    -649.50672188   667.128962 13437.002142
  257.450000    -655.16065352       6.17504507    -648.98560845   770.520933 13439.590265
  257.500000    -656.46740088       7.00026421    -649.46713667   873.491617 13442.193221
  257.550000    -656.02252971       5.39830071    -650.62422900   673.598922 13444.817432
  257.600000    -655.44307708       5.01333355    -650.42974353   625.562794 13447.448662
  257.650000    -656.17300373       6.23870811    -649.93429562   778.464795 13450.092276
  257.700000    -656.30978038       6.63360358    -649.67617680   827.739775 13452.736282
  257.750000    -654.71870026       5.62883556    -649.08986471   702.365015 13455.376902
  257.800000    -655.62488981       6.05709743    -649.56779238   755.803449 13458.012875
  257.850000    -655.49531761       5.41836133    -650.07695628   676.102082 13460.648777
  257.900000    -655.34423096       5.59154329    -649.75268767   697.711693 13463.292210
  257.950000    -655.60065003       5.62308971    -649.97756032   701.648049 13465.918410
  258.000000    -655.24024137       5.49329360    -649.74694776   685.452116 13468.558373
  258.050000    -655.25341666       5.15891842    -650.09449824   643.728845 13471.202590
  258.100000    -655.43140146       5.46519675    -649.96620471   681.946196 13473.829890
  258.150000    -655.37451299       5.12901941    -650.24549358   639.998053 13476.460209
  258.200000    -655.64456302       5.93090457    -649.71365845   740.057129 13479.089844
  258.250000    -655.26311327       6.30676174    -648.95635152   786.956514 13481.720761
  258.300000    -654.84101163       6.61172701    -648.22928462   825.010021 13484.337848
  258.350000    -654.18330906       5.80987042    -648.37343864   724.954511 13486.935608
  258.400000    -655.01785924       6.39829909    -648.61956015   798.378526 13489.535071
  258.450000    -654.10866520       5.57767552    -648.53098969   695.981275 13492.110568
  258.500000    -655.57407666       6.28047981    -649.29359686   783.677059 13494.714412
  258.550000    -655.31654800       6.34008121    -648.97646678   791.114111 13497.311664
  258.600000    -654.91893246       5.07277865    -649.84615381   632.980341 13499.902900
  258.650000    -655.50399770       5.62382952    -649.88016818   701.740363 13502.486336
  258.700000    -655.52929023       5.02098188    -650.50830835   626.517151 13505.083396
  258.750000    -655.94287353       5.10225325    -650.84062028   636.658176 13507.684428
  258.800000    -656.14453343       5.03611180    -651.10842163   628.405059 13510.280239
  258.850000    -656.74005942       5.73264452    -651.00741490   715.318278 13512.870946
  258.900000    -655.92954678       4.72152975    -651.20801704   589.151571 13515.443866
  258.950000    -655.33440453       4.95423110    -650.38017343   618.188001 13518.039383
  259.000000    -655.49584942       5.28667698    -650.20917244   659.670534 13520.657202
  259.050000    -656.23535653       5.53194684    -650.70340970   690.275259 13523.249348
  259.100000    -655.82229534       5.29231809    -650.52997725   660.374430 13525.855628
  259.150000    -655.33728377       5.18074295    -650.15654082   646.452106 13528.464981
  259.200000    -655.35613774       5.37723490    -649.97890284   670.970333 13531.046689
  259.250000    -655.87410667       5.21206577    -650.66204089   650.360562 13533.671899
  259.300000    -655.44118925       4.96484100    -650.47634825   619.511902 13536.284786
  259.350000    -656.25441946       5.73262070    -650.52179876   715.315305 13538.886855
  259.400000    -655.26364025       5.34065384    -649.92298641   666.405756 13541.504570
  259.450000    -656.28795742       5.73654462    -650.55141280   715.804932 13544.112458
  259.500000    -655.80033418       5.26998137    -650.53035282   657.587259 13546.722825
  259.550000    -655.41424210       5.10761495    -650.30662715   637.327209 13549.337815
  259.600000    -655.71009449       5.39196412    -650.31813037   672.808242 13551.961298
  259.650000    -655.39323671       5.61734977    -649.77588694   700.931821 13554.561386
  259.700000    -656.30564506       6.78800145    -649.51764362   847.005511 13557.181814
  259.750000    -655.30905581       5.85706648    -649.45198933   730.843626 13559.811024
  259.800000    -655.19622817       5.82336147    -649.37286670   726.637920 13562.414633
  259.850000    -654.69450592       5.77500844    -648.91949747   720.604439 13565.030802
  259.900000    -656.33354732       7.02324716    -649.31030016   876.359426 13567.640083
  259.950000    -654.62746396       5.25273555    -649.37472841   655.435329 13570.215002
  260.000000    -655.22603934       6.24891800    -648.97712134   779.738782 13572.817112
  260.050000    -654.76408293       6.01811355    -648.74596939   750.939048 13575.425422
  260.100000    -654.11700009       5.51436022    -648.60263987   688.080805 13578.019236
  260.150000    -655.07032549       6.05819694    -649.01212855   755.940645 13580.631448
  260.200000    -655.17768131       5.82539470    -649.35228661   726.891627 13583.244528
  260.250000    -655.24926548       5.76599767    -649.48326781   719.480077 13585.834090
  260.300000    -654.94372322       4.68623690    -650.25748633   584.747736 13588.435845
  260.350000    -655.18769777       5.29223025    -649.89546752   660.363470 13591.047635
  260.400000    -655.10530969       6.23657277    -648.86873693   778.198347 13593.630665
  260.450000    -654.18047109       5.36029933    -648.82017176   668.857117 13596.240033
  260.500000    -655.32258361       5.52657397    -649.79600964   689.604834 13598.852303
  260.550000    -655.69950078       6.13919697    -649.56030381   766.047814 13601.443755
  260.600000    -654.79228720       5.39767893    -649.39460827   673.521335 13604.056417
  260.650000    -654.49732469       5.04100374    -649.45632095   629.015475 13606.655915
  260.700000    -654.37265252       5.51554900    -648.85710352   688.229140 13609.238166
  260.750000    -654.60577111       6.77594451    -647.82982660   845.501049 13611.840564
  260.800000    -653.90720002       6.01290109    -647.89429893   750.288639 13614.444658
  260.850000    -655.14772060       6.06292419    -649.08479641   756.530511 13617.031802
  260.900000    -655.03942132       5.25572231    -649.78369901   655.808016 13619.635637
  260.950000    -654.87584580       4.97340568    -649.90244012   620.580601 13622.238980
  261.000000    -654.01490711       4.33530412    -649.67960299   540.958412 13624.832885
  261.050000    -656.24268486       6.16293701    -650.07974786   769.010091 13627.438499
  261.100000    -656.10427299       5.54527527    -650.55899772   691.938378 13630.044670
  261.150000    -655.33270699       4.55782789    -650.77487910   568.724885 13632.620383
  261.200000    -656.30824930       6.30182749    -650.00642181   786.340818 13635.236644
  261.250000    -655.27986297       5.53343894    -649.74642404   690.461443 13637.838219
  261.300000    -655.22152209       5.17048438    -650.05103771   645.172044 13640.425416
  261.350000    -655.33938623       5.45401716    -649.88536907   680.551210 13643.037144
  261.400000    -654.91997126       5.03505738    -649.88491388   628.273488 13645.643584
  261.450000    -655.12579747       5.11346224    -650.01233523   638.056832 13648.227631
  261.500000    -655.91610177       6.14636275    -649.76973902   766.941958 13650.829538
  261.550000    -655.70546909       5.15845459    -650.54701450   643.670968 13653.436104
  261.600000    -655.60538670       5.15811196    -650.44727474   643.628216 13656.034100
  261.650000    -655.36520178       5.26723137    -650.09797041   657.244115 13658.640452
  261.700000    -655.27012932       5.48733040    -649.78279892   684.708028 13661.253502
  261.750000    -655.05582079       6.42356740    -648.63225339   801.531501 13663.846473
  261.800000    -653.94367226       4.91698044    -649.02669182   613.539871 13666.441136
  261.850000    -654.91597685       5.81363448    -649.10234237   725.424190 13669.037222
  261.900000    -655.21732282       5.68918720    -649.52813562   709.895681 13671.618470
  261.950000    -654.75090674       5.81817725    -648.93272949   725.991034 13674.217243
  262.000000    -655.62811813       5.85999136    -649.76812676   731.208592 13676.822625
  262.050000    -655.18100791       6.18227748    -648.99873043   771.423391 13679.418501
  262.100000    -654.84473295       6.04102545    -648.80370750   753.797990 13682.048984
  262.150000    -654.74967777       5.06590224    -649.68377553   632.122304 13684.691207
  262.200000    -654.96569013       5.48970464    -649.47598549   685.004286 13687.343262
  262.250000    -654.17359308       5.82462975    -648.34896333   726.796177 13689.982663
  262.300000    -654.71482239       5.82638918    -648.88843321   727.015718 13692.631376
  262.350000    -654.27763169       5.38248677    -648.89514492   671.625661 13695.268370
  262.400000    -655.00410519       5.76700807    -649.23709712   719.606155 13697.912991
  262.450000    -655.61746731       5.62582573    -649.99164159   701.989449 13700.555223
  262.500000    -655.05416662       5.11125366    -649.94291295   637.781246 13703.185979
  262.550000    -655.66882660       5.39009112    -650.27873548   672.574531 13705.831240
  262.600000    -655.14165426       5.03105061    -650.11060364   627.773525 13708.473380
  262.650000    -655.07464830       5.46497218    -649.60967612   681.918174 13711.108155
  262.700000    -655.37760381       5.32042864    -650.05717517   663.882059 13713.752136
  262.750000    -655.63095362       6.11024006    -649.52071356   762.434576 13716.391644
  262.800000    -654.98231042       4.84627009    -650.13604032   604.716647 13719.031279
  262.850000    -654.83972965       4.87163438    -649.96809526   607.881599 13721.674769
  262.900000    -655.75970420       6.01528525    -649.74441895   750.586133 13724.301199
  262.950000    -655.26492879       5.26618169    -649.99874710   657.113135 13726.914829
  263.000000    -655.64028176       5.78969933    -649.85058242   722.437566 13729.516835
  263.050000    -656.52987403       5.68359455    -650.84627947   709.197832 13732.118104
  263.100000    -656.54892861       5.33975355    -651.20917506   666.293417 13734.722531
  263.150000    -656.60700380       5.27373416    -651.33326964   658.055532 13737.337709
  263.200000    -656.20307855       5.07640563    -651.12667292   633.432915 13739.952321
  263.250000    -655.76701316       5.23387291    -650.53314025   653.081652 13742.551691
  263.300000    -655.83432149       5.57301562    -650.26130587   695.399814 13745.170109
  263.350000    -655.84759374       5.33407779    -650.51351594   665.585198 13747.772835
  263.400000    -655.26225070       5.34977563    -649.91247506   667.543972 13750.373302
  263.450000    -655.38014507       5.69634974    -649.68379533   710.789421 13752.967990
  263.500000    -655.86170160       6.38469457    -649.47700704   796.680957 13755.578512
  263.550000    -655.47418959       6.57160889    -648.90258070   820.004090 13758.182384
  263.600000    -655.38092504       5.87433139    -649.50659364   732.997938 13760.784825
  263.650000    -654.64597793       5.39661433    -649.24936360   673.388495 13763.384737
  263.700000    -654.32826290       5.54919953    -648.77906338   692.428046 13765.980875
  263.750000    -655.17363160       6.52817145    -648.64546015   814.583974 13768.580221
  263.800000    -654.47488823       5.46793089    -649.00695734   682.287361 13771.182370
  263.850000    -654.92836166       6.19597368    -648.73238799   773.132400 13773.755628
  263.900000    -653.95014423       4.66698104    -649.28316319   582.344994 13776.357076
  263.950000    -655.40512399       5.71359962    -649.69152437   712.941858 13778.962008
  264.000000    -655.10783214       5.63119400    -649.47663814   702.659301 13781.559511
  264.050000    -654.81052456       5.06475128    -649.74577329   631.978687 13784.157094
  264.100000    -654.28594715       5.39187564    -648.89407151   672.797203 13786.743523
  264.150000    -654.87009903       5.75288747    -649.11721157   717.844188 13789.343340
  264.200000    -655.77976884       5.55229274    -650.22747611   692.814016 13791.937214
  264.250000    -654.69741190       4.89913782    -649.79827408   611.313472 13794.535548
  264.300000    -655.26085427       5.83863519    -649.42221908   728.543773 13797.130677
  264.350000    -655.02592892       6.16051869    -648.86541023   768.708333 13799.727978
  264.400000    -654.25998951       5.40024820    -648.85974131   673.841929 13802.325994
  264.450000    -655.34737334       5.86846669    -649.47890665   732.266142 13804.903896
  264.500000    -655.30438516       6.36302888    -648.94135629   793.977516 13807.525191
  264.550000    -653.90762244       5.63855691    -648.26906552   703.578044 13810.119828
  264.600000    -654.50578826       5.20037227    -649.30541599   648.901449 13812.722019
  264.650000    -654.82904276       5.72124173    -649.10780103   713.895440 13815.314656
  264.700000    -653.96148400       5.16335531    -648.79812870   644.282479 13817.913257
  264.750000    -654.78048456       5.17965402    -649.60083054   646.316229 13820.507705
  264.800000    -653.70923574       4.90863083    -648.80060490   612.498009 13823.098011
  264.850000    -655.95203624       6.65312653    -649.29890971   830.175845 13825.692973
  264.900000    -654.45105068       4.88224599    -649.56880469   609.205713 13828.294274
  264.950000    -656.21594167       7.31571300    -648.90022867   912.853257 13830.890668
  265.000000    -654.40102436       5.88212134    -648.51890302   733.969967 13833.496508
  265.050000    -653.71267412       5.44408273    -648.26859139   679.311593 13836.077247
  265.100000    -654.47414912       6.78444390    -647.68970521   846.561602 13838.681741
  265.150000    -654.92190037       6.33944520    -648.58245517   791.034749 13841.280392
  265.200000    -654.46480873       5.80891197    -648.65589677   724.834915 13843.863859
  265.250000    -655.73110927       6.76084548    -648.97026380   843.616994 13846.473680
  265.300000    -654.93107720       4.87588604    -650.05519116   608.412119 13849.080258
  265.350000    -655.38623034       5.40836813    -649.97786221   674.855132 13851.686890
  265.400000    -655.45823759       5.53894683    -649.91929076   691.148716 13854.294805
  265.450000    -656.17215399       5.85525212    -650.31690186   730.617230 13856.896192
  265.500000    -655.68427694       4.90738917    -650.77688778   612.343074 13859.489688
  265.550000    -655.94133618       5.76296597    -650.17837021   719.101782 13862.093049
  265.600000    -655.49941162       5.73191298    -649.76749864   715.226996 13864.703094
  265.650000    -655.94964949       5.45548282    -650.49416666   680.734094 13867.318198
  265.700000    -656.24813893       5.72980405    -650.51833488   714.963844 13869.933593
  265.750000    -656.21113394       5.51625280    -650.69488115   688.316960 13872.564276
  265.800000    -655.78056404       4.66207162    -651.11849242   581.732397 13875.202510
  265.850000    -655.64786654       5.69988995    -649.94797659   711.231169 13877.835992
  265.900000    -655.38014318       6.23864909    -649.14149409   778.457430 13880.444430
  265.950000    -655.05853574       5.45023464    -649.60830110   680.079227 13883.083508
  266.000000    -655.78692925       6.10252427    -649.68440497   761.471802 13885.715375
  266.050000    -655.03839557       4.50786673    -650.53052883   562.490742 13888.342753
  266.100000    -655.87648900       5.39132272    -650.48516629   672.728209 13890.988786
  266.150000    -655.48375729       5.70185258    -649.78190471   711.476065 13893.623539
  266.200000    -654.45444287       5.37631079    -649.07813207   670.855024 13896.244282
  266.250000    -655.18573658       6.01585856    -649.16987802   750.657671 13898.874369
  266.300000    -655.79156734       6.06646940    -649.72509794   756.972881 13901.486946
  266.350000    -655.07617657       5.62863897    -649.44753760   702.340485 13904.104474
  266.400000    -655.27945816       5.75767765    -649.52178051   718.441906 13906.739642
  266.450000    -655.97702245       7.08443553    -648.89258692   883.994499 13909.364926
  266.500000    -654.21718444       4.79807754    -649.41910690   598.703189 13911.989686
  266.550000    -655.00536283       5.84793036    -649.15743248   729.703622 13914.615434
  266.600000    -654.57373197       5.17790604    -649.39582593   646.098117 13917.231633
  266.650000    -654.60509662       6.35870165    -648.24639497   793.437565 13919.880820
  266.700000    -654.67742490       5.66110820    -649.01631670   706.391990 13922.527967
  266.750000    -654.44052078       7.27987897    -647.16064181   908.381894 13925.177707
  266.800000    -653.57669872       7.14836441    -646.42833431   891.971532 13927.829360
  266.850000    -653.31813736       6.31491128    -647.00322607   787.973412 13930.479827
  266.900000    -653.26455855       5.56338811    -647.70117043   694.198495 13933.106768
  266.950000    -654.48700582       5.80599278    -648.68101304   724.470659 13935.750235
  267.000000    -654.75368762       5.76852700    -648.98516062   719.795687 13938.395613
  267.050000    -655.26917919       5.60789606    -649.66128313   699.752189 13941.025163
  267.100000    -654.67691557       4.93946472    -649.73745085   616.345455 13943.681175
  267.150000    -655.73124582       5.33801911    -650.39322670   666.076995 13946.388532
  267.200000    -655.51352299       5.17796245    -650.33556053   646.105156 13949.083425
  267.250000    -655.44390031       4.93218884    -650.51171147   615.437572 13951.794276
  267.300000    -654.90606681       5.04654834    -649.85951847   629.707329 13954.489721
  267.350000    -654.93184397       5.35047928    -649.58136469   667.631773 13957.202944
  267.400000    -656.36129971       5.11780583    -651.24349388   638.598824 13959.917208
  267.450000    -656.21158401       4.88656892    -651.32501509   609.745127 13962.569853
  267.500000    -656.35134427       4.91432801    -651.43701626   613.208901 13965.226352
  267.550000    -656.00835813       4.92451795    -651.08384017   614.480400 13967.863751
  267.600000    -655.78899305       4.98262807    -650.80636498   621.731369 13970.489229
  267.650000    -655.13501422       4.60445332    -650.53056091   574.542797 13973.118104
  267.700000    -655.17431929       5.49801642    -649.67630287   686.041428 13975.724288
  267.750000    -654.93737216       5.22768295    -649.70968921   652.309270 13978.348699
  267.800000    -655.10876915       5.24464371    -649.86412544   654.425631 13980.970391
  267.850000    -655.33016573       5.06569592    -650.26446981   632.096560 13983.580770
  267.900000    -655.75457377       6.17605304    -649.57852073   770.646707 13986.190063
  267.950000    -655.30471035       5.28428537    -650.02042498   659.372109 13988.803434
  268.000000    -654.22028351       5.06162207    -649.15866145   631.588225 13991.413532
  268.050000    -654.89828953       6.18982017    -648.70846936   772.364567 13994.024432
  268.100000    -654.72602281       5.42554246    -649.30048035   676.998141 13996.636570
  268.150000    -655.27643060       6.69810206    -648.57832854   835.787883 13999.241775
  268.200000    -653.90396196       5.41952113    -648.48444083   676.246801 14001.838648
  268.250000    -654.46236196       5.90382613    -648.55853583   736.678285 14004.446881
  268.300000    -655.16737398       6.15129726    -649.01607672   767.557686 14007.058888
  268.350000    -654.18675624       5.53354882    -648.65320742   690.475154 14009.662210
  268.400000    -654.85483343       6.77991538    -648.07491804   845.996533 14012.246833
  268.450000    -654.14704351       6.41527980    -647.73176371   800.497375 14014.850424
  268.500000    -654.33554543       5.31450563    -649.02103980   663.142987 14017.464772
  268.550000    -654.94225017       6.61388989    -648.32836028   825.279905 14020.047650
  268.600000    -654.70036722       6.09832728    -648.60203994   760.948102 14022.653653
  268.650000    -655.08116867       5.79194065    -649.28922802   722.717237 14025.258882
  268.700000    -655.18476498       5.25901374    -649.92575124   656.218720 14027.862543
  268.750000    -655.25519149       5.57344119    -649.68175030   695.452916 14030.473990
  268.800000    -654.80127194       5.72525671    -649.07601524   714.396428 14033.076619
  268.850000    -654.72323542       5.20124906    -649.52198635   649.010855 14035.691450
  268.900000    -654.34993461       5.44145971    -648.90847491   678.984292 14038.303584
  268.950000    -654.40525385       5.67689650    -648.72835734   708.362051 14040.922618
  269.000000    -654.59355215       6.44533022    -648.14822193   804.247062 14043.539841
  269.050000    -655.62706407       7.61318990    -648.01387416   949.972368 14046.149612
  269.100000    -654.53869688       5.97710408    -648.56159280   745.821894 14048.760465
  269.150000    -654.85766021       6.22102638    -648.63663383   776.258472 14051.366372
  269.200000    -654.51438821       4.66025853    -649.85412968   581.506160 14053.993365
  269.250000    -655.32782798       5.53710971    -649.79071827   690.919482 14056.598996
  269.300000    -654.63994463       4.32089453    -650.31905010   539.160386 14059.222034
  269.350000    -655.08569589       5.51654468    -649.56915121   688.353381 14061.851793
  269.400000    -655.60309288       6.37101059    -649.23208229   794.973472 14064.442195
  269.450000    -655.08326701       6.02487259    -649.05839442   751.782440 14067.072734
  269.500000    -655.31230265       5.50204022    -649.81026243   686.543518 14069.692471
  269.550000    -655.05762541       5.06895939    -649.98866602   632.503775 14072.292710
  269.600000    -655.35032195       6.26459591    -649.08572604   781.695069 14074.904428
  269.650000    -655.64619447       5.71784799    -649.92834648   713.471970 14077.521702
  269.700000    -655.01661990       5.13144628    -649.88517362   640.300877 14080.119658
  269.750000    -654.80228123       4.93887754    -649.86340369   616.272187 14082.736240
  269.800000    -655.38047541       5.76915884    -649.61131657   719.874527 14085.343490
  269.850000    -655.15117400       5.25511959    -649.89605441   655.732808 14087.925779
  269.900000    -655.73276531       5.56920663    -650.16355868   694.924530 14090.531923
  269.950000    -654.62428465       5.36629098    -649.25799368   669.604753 14093.144746
  270.000000    -655.17087930       6.12031986    -649.05055944   763.692331 14095.730114
  270.050000    -655.10180704       5.78208393    -649.31972311   721.487317 14098.341224
  270.100000    -654.19257584       4.49315850    -649.69941734   560.655451 14100.945559
  270.150000    -655.58160329       6.05713113    -649.52447216   755.807655 14103.533538
  270.200000    -655.92612034       5.82012278    -650.10599756   726.233798 14106.138075
  270.250000    -654.76658483       5.30544443    -649.46114040   662.012333 14108.777482
  270.300000    -654.80809676       4.98719035    -649.82090641   622.300649 14111.357991
  270.350000    -655.85164796       4.84789296    -651.00375500   604.919149 14113.955580
  270.400000    -656.21943728       5.01844677    -651.20099051   626.200820 14116.545197
  270.450000    -656.53200601       5.18499476    -651.34701125   646.982646 14119.129619
  270.500000    -656.23458207       4.21427573    -652.02030634   525.856512 14121.726700
  270.550000    -656.33684295       5.06885187    -651.26799108   632.490359 14124.337748
  270.600000    -656.39348983       5.46590720    -650.92758264   682.034846 14126.915758
  270.650000    -654.94546034       5.27309239    -649.67236795   657.975451 14129.512420
  270.700000    -655.13792082       5.63736388    -649.50055693   703.429178 14132.107970
  270.750000    -654.93085173       4.95346677    -649.97738496   618.092628 14134.698649
  270.800000    -655.37696949       5.88687076    -649.49009873   734.562598 14137.290049
  270.850000    -655.36418598       5.05019767    -650.31398831   630.162691 14139.883400
  270.900000    -655.55981912       5.10070341    -650.45911571   636.464788 14142.462784
  270.950000    -655.09706271       4.56495440    -650.53210831   569.614129 14145.048583
  271.000000    -656.62298858       5.39057129    -651.23241729   672.634445 14147.645548
  271.050000    -655.29161082       5.50163161    -649.78997921   686.492531 14150.242934
  271.100000    -655.26360863       5.53437394    -649.72923468   690.578113 14152.827642
  271.150000    -655.02312858       5.36963602    -649.65349256   670.022147 14155.430526
  271.200000    -655.55803942       6.03133158    -649.52670784   752.588391 14158.058676
  271.250000    -654.90486454       5.60941113    -649.29545341   699.941238 14160.676182
  271.300000    -655.37561509       5.59824224    -649.77737285   698.547586 14163.311928
  271.350000    -655.11754355       6.16515320    -648.95239035   769.286627 14165.947901
  271.400000    -655.58843236       6.54890916    -649.03952320   817.171622 14168.579471
  271.450000    -655.11362037       6.06119314    -649.05242723   756.314511 14171.212014
  271.500000    -654.52963580       4.80028282    -649.72935297   598.978365 14173.854384
  271.550000    -654.94046774       5.66448796    -649.27597978   706.813715 14176.474779
  271.600000    -656.06797917       5.61498430    -650.45299487   700.636658 14179.097125
  271.650000    -655.95997450       5.02202938    -650.93794512   626.647857 14181.742478
  271.700000    -655.41803277       4.22421180    -651.19382097   527.096334 14184.383789
  271.750000    -655.64915534       4.18447982    -651.46467552   522.138585 14187.032167
  271.800000    -656.22988806       4.46698278    -651.76290528   557.389249 14189.674265
  271.850000    -656.27845722       4.65338427    -651.62507295   580.648392 14192.306497
  271.900000    -655.82921797       4.15216251    -651.67705546   518.106037 14194.937842
  271.950000    -655.76634297       3.69854681    -652.06779616   461.503957 14197.571622
  272.000000    -656.61236973       5.05463411    -651.55773562   630.716269 14200.159025
  272.050000    -655.98943988       4.85835291    -651.13108698   606.224338 14202.767879
  272.100000    -656.13616781       5.58379381    -650.55237399   696.744715 14205.365389
  272.150000    -655.53890696       4.79389778    -650.74500918   598.181641 14207.950326
  272.200000    -655.30252921       5.31020402    -649.99232519   662.606233 14210.554916
  272.250000    -654.76017775       5.59432985    -649.16584790   698.059399 14213.148738
  272.300000    -654.98488530       5.24123854    -649.74364676   654.000734 14215.730797
  272.350000    -655.27414971       5.65811369    -649.61603602   706.018335 14218.336157
  272.400000    -655.80575361       5.91602397    -649.88972964   738.200330 14220.933326
  272.450000    -655.61140129       5.17421371    -650.43718757   645.637389 14223.505845
  272.500000    -655.99301703       5.95974944    -650.03326759   743.656386 14226.098563
  272.550000    -654.63047574       4.83164201    -649.79883372   602.891359 14228.700170
  272.600000    -654.24114347       5.32500580    -648.91613767   664.453196 14231.290166
  272.650000    -654.15382007       5.56334179    -648.59047828   694.192715 14233.880799
  272.700000    -654.17779845       6.32055881    -647.85723964   788.678109 14236.472908
  272.750000    -654.59021254       6.30660145    -648.28361109   786.936513 14239.072877
  272.800000    -654.79319356       5.73531558    -649.05787798   715.651571 14241.654559
  272.850000    -655.07192706       5.67418538    -649.39774168   708.023757 14244.253003
  272.900000    -655.87649967       6.67836897    -649.19813070   833.325592 14246.845328
  272.950000    -654.79278519       5.92297686    -648.86980833   739.067911 14249.424500
  273.000000    -655.45532130       5.77527092    -649.68005038   720.637191 14252.024999
  273.050000    -655.30870665       5.46335374    -649.84535291   681.716226 14254.626465
  273.100000    -655.48804714       5.17208119    -650.31596595   645.371293 14257.211540
  273.150000    -656.46827028       6.03810444    -650.43016584   753.433507 14259.805496
  273.200000    -655.55707171       5.25415369    -650.30291803   655.612283 14262.405325
  273.250000    -656.91697176       6.67280447    -650.24416729   832.631254 14265.003075
  273.300000    -655.04511881       4.46489125    -650.58022756   557.128268 14267.596027
  273.350000    -654.95501434       4.73113435    -650.22387998   590.350032 14270.188484
  273.400000    -655.42506931       5.44893197    -649.97613733   679.916681 14272.783288
  273.450000    -656.19834083       6.85219584    -649.34614499   855.015675 14275.364097
  273.500000    -655.43081855       6.71123246    -648.71958609   837.426292 14277.957637
  273.550000    -654.88492158       6.24920768    -648.63571391   779.774928 14280.549701
  273.600000    -655.49665774       6.45050524    -649.04615250   804.892799 14283.147388
  273.650000    -654.42747642       5.14974985    -649.27772657   642.584793 14285.733699
  273.700000    -655.26602756       6.27024044    -648.99578713   782.399392 14288.329434
  273.750000    -655.22983077       6.26697225    -648.96285851   781.991589 14290.930248
  273.800000    -654.30826802       5.66597679    -648.64229123   706.999491 14293.534605
  273.850000    -655.07600805       6.81117111    -648.26483694   849.896617 14296.141025
  273.900000    -654.28856116       6.35100913    -647.93755202   792.477695 14298.744574
  273.950000    -654.57939106       7.02696709    -647.55242397   876.823599 14301.347661
  274.000000    -654.57391705       6.67583046    -647.89808658   833.008838 14303.961311
  274.050000    -654.24537696       7.29812339    -646.94725357   910.658429 14306.566868
  274.100000    -654.31178613       6.75097181    -647.56081431   842.384961 14309.169810
  274.150000    -654.61660858       5.54469896    -649.07190962   691.866466 14311.774346
  274.200000    -655.25421106       5.54201315    -649.71219791   691.531332 14314.376811
  274.250000    -654.95421659       5.42551813    -649.52869846   676.995105 14316.964475
  274.300000    -655.47637682       5.93215013    -649.54422669   740.212548 14319.573500
  274.350000    -655.09241615       5.68789185    -649.40452429   709.734048 14322.188472
  274.400000    -655.44879756       6.36334339    -649.08545417   794.016761 14324.797603
  274.450000    -655.85142302       5.89394744    -649.95747558   735.445625 14327.420650
  274.500000    -655.39508622       5.69290552    -649.70218071   710.359652 14330.015604
  274.550000    -655.38736155       5.61933827    -649.76802328   701.179945 14332.631756
  274.600000    -654.93722393       5.16530134    -649.77192258   644.525305 14335.264211
  274.650000    -655.56515282       5.05886553    -650.50628729   631.244265 14337.878535
  274.700000    -655.64633778       5.95182402    -649.69451376   742.667453 14340.512039
  274.750000    -654.42033239       4.74548935    -649.67484304   592.141245 14343.136219
  274.800000    -655.86969214       5.53707935    -650.33261279   690.915693 14345.768354
  274.850000    -655.88453963       5.45399972    -650.43053991   680.549033 14348.387999
  274.900000    -655.63770719       5.21512789    -650.42257930   650.742652 14351.014498
  274.950000    -655.49911168       6.09786989    -649.40124179   760.891029 14353.643964
  275.000000    -655.65914661       5.22740430    -650.43174231   652.274500 14356.270288
  275.050000    -656.04181844       5.50966185    -650.53215659   687.494543 14358.882592
  275.100000    -655.12510787       5.30483336    -649.82027451   661.936084 14361.495160
  275.150000    -655.51437843       5.96340927    -649.55096915   744.113059 14364.115208
  275.200000    -655.00304040       5.66251503    -649.34052538   706.567533 14366.729356
  275.250000    -654.95690214       5.42846703    -649.52843511   677.363068 14369.343560
  275.300000    -654.57366202       4.82278569    -649.75087634   601.786268 14371.940171
  275.350000    -655.66703982       6.18148397    -649.48555585   771.324377 14374.538808
  275.400000    -655.12326362       5.54221551    -649.58104811   691.556582 14377.133874
  275.450000    -655.06684922       5.24080663    -649.82604260   653.946840 14379.707065
  275.500000    -656.07692950       6.66813303    -649.40879647   832.048353 14382.302412
  275.550000    -655.57725629       6.34833610    -649.22892018   792.144155 14384.893869
  275.600000    -655.78450321       6.02585493    -649.75864828   751.905015 14387.492639
  275.650000    -656.19011770       6.41537625    -649.77474144   800.509411 14390.092939
  275.700000    -655.24557752       5.80340607    -649.44217145   724.147890 14392.701218
  275.750000    -654.74045551       5.64384181    -649.09661370   704.237493 14395.348374
  275.800000    -654.41335004       5.45024567    -648.96310437   680.080604 14397.990216
  275.850000    -656.17480196       7.67064528    -648.50415668   957.141638 14400.640106
  275.900000    -654.17732259       5.63794895    -648.53937363   703.502183 14403.276268
  275.950000    -654.71781835       5.98655041    -648.73126794   747.000605 14405.916946
  276.000000    -655.22002129       6.26947195    -648.95054934   782.303501 14408.569238
  276.050000    -655.90682451       6.68205471    -649.22476980   833.785498 14411.205008
  276.100000    -655.00546002       4.58236357    -650.42309646   571.786442 14413.828788
  276.150000    -656.08652815       6.19522463    -649.89130352   773.038934 14416.445867
  276.200000    -655.58764222       5.16166725    -650.42597497   644.071844 14419.070512
  276.250000    -655.32055590       5.81615229    -649.50440361   725.738361 14421.696029
  276.300000    -655.02178594       5.47326352    -649.54852242   682.952766 14424.319566
  276.350000    -655.28150192       6.02789013    -649.25361179   752.158968 14426.946278
  276.400000    -654.73957079       6.18142446    -648.55814633   771.316952 14429.568842
  276.450000    -654.40825085       5.13702667    -649.27122418   640.997197 14432.194993
  276.500000    -655.19831588       6.63476530    -648.56355058   827.884734 14434.817681
  276.550000    -655.11499060       5.82950037    -649.28549024   727.403931 14437.418986
  276.600000    -655.18058422       5.67423114    -649.50635308   708.029467 14440.009273
  276.650000    -655.70130193       7.08403843    -648.61726350   883.944949 14442.602226
  276.700000    -655.04317101       5.98995441    -649.05321661   747.425355 14445.196783
  276.750000    -655.84427224       6.50940405    -649.33486819   812.242182 14447.788231
  276.800000    -655.39504178       6.09844065    -649.29660113   760.962248 14450.377596
  276.850000    -655.00110201       5.07592295    -649.92517906   633.372686 14452.963994
  276.900000    -655.22672271       6.75445451    -648.47226820   842.819530 14455.555978
  276.950000    -654.09156564       6.49507213    -647.59649351   810.453848 14458.136632
  277.000000    -654.62007477       6.21420039    -648.40587438   775.406726 14460.733346
  277.050000    -655.79223816       6.58272813    -649.20951003   821.391546 14463.332815
  277.100000    -654.83158167       4.88277099    -649.94881068   609.271223 14465.913568
  277.150000    -655.83571071       5.88017975    -649.95553096   733.727695 14468.517645
  277.200000    -655.96905972       6.58406774    -649.38499198   821.558702 14471.112364
  277.250000    -655.46921140       5.27628248    -650.19292891   658.373510 14473.707202
  277.300000    -655.36632458       5.22411195    -650.14221263   651.863681 14476.305958
  277.350000    -655.29314256       5.16937861    -650.12376395   645.034066 14478.908258
  277.400000    -656.31708048       6.85260228    -649.46447819   855.066391 14481.512784
  277.450000    -655.09066791       4.93093523    -650.15973268   615.281147 14484.128661
  277.500000    -655.40536255       5.82998527    -649.57537728   727.464438 14486.741294
  277.550000    -655.68610389       6.15140926    -649.53469463   767.571661 14489.362913
  277.600000    -655.13166703       5.71494779    -649.41671924   713.110083 14491.981397
  277.650000    -655.12318752       6.03447941    -649.08870811   752.981177 14494.609786
  277.700000    -655.05705405       6.24649697    -648.81055708   779.436687 14497.225268
  277.750000    -654.67340306       5.56401326    -649.10938980   694.276501 14499.855809
  277.800000    -655.34200043       5.81760024    -649.52440018   725.919036 14502.454584
  277.850000    -654.60792988       5.97163835    -648.63629153   745.139881 14505.079444
  277.900000    -654.44032472       5.94585325    -648.49447147   741.922421 14507.695047
  277.950000    -655.04944013       5.51184322    -649.53759691   687.766734 14510.304254
  278.000000    -656.16562287       5.50376398    -650.66185889   686.758608 14512.923554
  278.050000    -655.93602971       5.05427094    -650.88175877   630.670953 14515.523936
  278.100000    -655.55965320       5.43983864    -650.11981456   678.782016 14518.136050
  278.150000    -655.42976734       5.65934702    -649.77042032   706.172229 14520.747469
  278.200000    -655.91452143       6.05224964    -649.86227179   755.198542 14523.346763
  278.250000    -654.61854392       5.30484894    -649.31369497   661.938028 14525.955932
  278.300000    -655.63962172       5.23844500    -650.40117672   653.652157 14528.558653
  278.350000    -656.05497241       6.21932360    -649.83564881   776.046000 14531.191586
  278.400000    -654.89327795       4.38115962    -650.51211833   546.680253 14533.790640
  278.450000    -655.74356298       5.86239967    -649.88116331   731.509100 14536.399424
  278.500000    -655.82846952       5.73430260    -650.09416692   715.525173 14539.001837
  278.550000    -656.30691537       5.93448955    -650.37242582   740.504462 14541.608596
  278.600000    -655.71262039       5.93505436    -649.77756603   740.574938 14544.216587
  278.650000    -654.83872280       5.18488936    -649.65383344   646.969494 14546.808460
  278.700000    -654.83254598       5.11714082    -649.71540516   638.515844 14549.420385
  278.750000    -655.52961185       5.96939256    -649.56021929   744.859652 14552.024787
  278.800000    -655.07659442       5.80336650    -649.27322792   724.142952 14554.640234
  278.850000    -655.49938936       6.29134908    -649.20804028   785.033325 14557.260372
  278.900000    -655.47770575       5.74633422    -649.73137153   717.026476 14559.882652
  278.950000    -654.79072274       5.88541545    -648.90530729   734.381005 14562.510883
  279.000000    -654.37856737       4.99905085    -649.37951652   623.780600 14565.141818
  279.050000    -655.56591487       6.17316634    -649.39274854   770.286505 14567.767298
  279.100000    -654.73355181       5.90303574    -648.83051608   736.579660 14570.397155
  279.150000    -655.73026433       5.74364470    -649.98661963   716.690878 14573.046137
  279.200000    -655.00402175       5.19160379    -649.81241796   647.807320 14575.685463
  279.250000    -655.71302523       6.30717027    -649.40585496   787.007489 14578.330207
  279.300000    -655.83714695       5.70136465    -650.13578230   711.415181 14580.970706
  279.350000    -655.01540665       5.46083900    -649.55456765   681.402437 14583.615236
  279.400000    -655.80803127       6.49613758    -649.31189369   810.586794 14586.258965
  279.450000    -655.27757587       6.19387246    -649.08370341   772.870211 14588.889372
  279.500000    -655.54187646       6.16142778    -649.38044867   768.821770 14591.522647
  279.550000    -654.72118451       4.81980439    -649.90138012   601.414262 14594.170660
  279.600000    -655.06878536       4.99171041    -650.07707494   622.864662 14596.822394
  279.650000    -656.15913801       5.94162705    -650.21751096   741.395077 14599.456052
  279.700000    -656.51134800       7.13797335    -649.37337465   890.674937 14602.123053
  279.750000    -655.26787438       6.04216085    -649.22571353   753.939665 14604.772770
  279.800000    -654.94486798       5.28777853    -649.65708945   659.807985 14607.433827
  279.850000    -654.80274421       5.52952649    -649.27321772   689.973249 14610.088125
  279.900000    -655.12849946       5.39788403    -649.73061543   673.546928 14612.737909
  279.950000    -655.59184038       4.84986810    -650.74197228   605.165606 14615.403353
  280.000000    -657.46564137       6.21243084    -651.25321053   775.185922 14618.051907
  280.050000    -655.80945361       4.24950500    -651.55994861   530.252414 14620.701540
  280.100000    -656.06625835       5.28463349    -650.78162486   659.415547 14623.351307
  280.150000    -656.06493405       4.98672370    -651.07821035   622.242421 14625.998023
  280.200000    -655.58491404       5.02479154    -650.56012250   626.992519 14628.643071
  280.250000    -656.05389129       5.04232719    -651.01156410   629.180615 14631.330958
  280.300000    -655.91852723       5.04533182    -650.87319541   629.555531 14634.023367
  280.350000    -655.98996672       5.54757761    -650.44238911   692.225664 14636.736305
  280.400000    -655.59216237       4.99361697    -650.59854540   623.102563 14639.446132
  280.450000    -655.29676862       4.90472919    -650.39203943   612.011162 14642.139623
  280.500000    -656.26721920       6.20890954    -650.05830967   774.746534 14644.859196
  280.550000    -655.79152501       6.28080221    -649.51072280   783.717288 14647.580665
  280.600000    -655.16276511       5.97549106    -649.18727404   745.620622 14650.297451
  280.650000    -654.53555494       5.83006595    -648.70548899   727.474505 14653.025197
  280.700000    -655.55059661       6.88063623    -648.66996038   858.564462 14655.740387
  280.750000    -655.03503177       6.35123021    -648.68380156   792.505280 14658.415925
  280.800000    -655.00090841       6.08917031    -648.91173810   759.805496 14661.102632
  280.850000    -655.37902443       5.49626316    -649.88276127   685.822656 14663.796020
  280.900000    -655.29473101       5.15794638    -650.13678463   643.607554 14666.458300
  280.950000    -655.51592850       5.61507688    -649.90085162   700.648210 14669.150051
  281.000000    -655.31557212       5.82469904    -649.49087308   726.804822 14671.870982
  281.050000    -655.60845273       5.79045208    -649.81800064   722.531494 14674.540439
  281.100000    -655.10536158       6.08250932    -649.02285226   758.974340 14677.194191
  281.150000    -655.62542871       7.13989117    -648.48553754   890.914243 14679.842946
  281.200000    -654.07321867       6.52579197    -647.54742670   814.287064 14682.468810
  281.250000    -654.67111528       6.31749662    -648.35361866   788.296009 14685.101921
  281.300000    -654.40172980       6.10341315    -648.29831665   761.582715 14687.739151
  281.350000    -654.56872878       6.13215761    -648.43657117   765.169443 14690.372533
  281.400000    -654.51258435       6.11068568    -648.40189867   762.490180 14693.006785
  281.450000    -653.76416161       5.44828050    -648.31588110   679.835390 14695.650322
  281.500000    -655.08614685       6.68147418    -648.40467267   833.713060 14698.294040
  281.550000    -654.38019369       5.45336673    -648.92682696   680.470049 14700.916353
  281.600000    -654.91840913       5.35346511    -649.56494402   668.004343 14703.559768
  281.650000    -655.27931786       5.43543480    -649.84388305   678.232506 14706.192636
  281.700000    -656.08643584       6.14389604    -649.94253981   766.634162 14708.836675
  281.750000    -656.66735735       6.69958125    -649.96777610   835.972457 14711.489400
  281.800000    -655.33808918       5.19424949    -650.14383968   648.137450 14714.131128
  281.850000    -655.80931408       5.65545423    -650.15385985   705.686488 14716.766044
  281.900000    -654.32785686       4.82090512    -649.50695174   601.551611 14719.413780
  281.950000    -655.11608627       6.06821353    -649.04787275   757.190513 14722.049576
  282.000000    -655.80772340       5.81778746    -649.98993594   725.942397 14724.679999
  282.050000    -654.61316215       4.32206974    -650.29109241   539.307028 14727.333270
  282.100000    -656.10263424       6.24266410    -649.85997014   778.958422 14729.982637
  282.150000    -655.42266809       5.86548167    -649.55718642   731.893672 14732.616415
  282.200000    -655.67895722       6.63103415    -649.04792308   827.419162 14735.266351
  282.250000    -655.31932530       5.49856697    -649.82075833   686.110126 14737.918300
  282.300000    -655.79617701       6.38999049    -649.40618651   797.341781 14740.549766
  282.350000    -655.38229328       6.12884953    -649.25344375   764.756662 14743.203404
  282.400000    -654.17425010       4.83947364    -649.33477646   603.868587 14745.838156
  282.450000    -655.02994328       6.10839035    -648.92155293   762.203770 14748.468650
  282.500000    -654.93319849       5.97732759    -648.95587090   745.849784 14751.127494
  282.550000    -655.64054506       6.01786084    -649.62268422   750.907515 14753.772771
  282.600000    -655.19559546       6.61215846    -648.58343700   825.063858 14756.402950
  282.650000    -654.51985155       5.17568736    -649.34416419   645.821270 14759.049895
  282.700000    -654.80457016       5.04441695    -649.76015321   629.441374 14761.684677
  282.750000    -655.83958563       5.78800819    -650.05157744   722.226545 14764.303908
  282.800000    -655.68805930       5.54515343    -650.14290588   691.923175 14766.945758
  282.850000    -655.39204245       4.53854942    -650.85349303   566.319321 14769.599671
  282.900000    -655.76245637       4.88595255    -650.87650382   609.668217 14772.224201
  282.950000    -656.24603847       5.36458619    -650.88145228   669.392030 14774.868804
  283.000000    -656.07916685       5.78639693    -650.29276992   722.025493 14777.509617
  283.050000    -655.97714617       6.13117158    -649.84597459   765.046407 14780.146184
  283.100000    -655.53021939       5.82270578    -649.70751361   726.556104 14782.809674
  283.150000    -655.23494619       5.52423452    -649.71071167   689.312918 14785.437324
  283.200000    -655.38173186       5.66137788    -649.72035397   706.425640 14788.085032
  283.250000    -655.53109743       5.60411254    -649.92698489   699.280081 14790.746461
  283.300000    -655.93785069       5.91260808    -650.02524261   737.774095 14793.410905
  283.350000    -656.11848445       5.70528215    -650.41320230   711.904006 14796.044901
  283.400000    -656.76923011       6.04238044    -650.72684967   753.967066 14798.697676
  283.450000    -655.60942716       4.82260587    -650.78682129   601.763830 14801.330937
  283.500000    -655.67947808       5.59569679    -650.08378129   698.229967 14803.955778
  283.550000    -655.53495203       4.96665981    -650.56829222   619.738853 14806.606829
  283.600000    -655.96794809       5.22379599    -650.74415210   651.824256 14809.261377
  283.650000    -655.97300049       4.97719137    -650.99580912   621.052979 14811.893040
  283.700000    -656.38222444       5.69276622    -650.68945822   710.342271 14814.549668
  283.750000    -655.14227916       4.56111235    -650.58116681   569.134719 14817.210764
  283.800000    -655.34249690       5.16780352    -650.17469339   644.837526 14819.836772
  283.850000    -655.94356979       6.33341942    -649.61015037   790.282853 14822.485138
  283.900000    -654.69192613       6.06102943    -648.63089670   756.294083 14825.119191
  283.950000    -655.35220472       6.70395688    -648.64824784   836.518446 14827.753893
  284.000000    -654.58668355       5.31882439    -649.26785916   663.681882 14830.403455
  284.050000    -656.04770409       5.85273227    -650.19497182   730.302804 14833.050575
  284.100000    -655.89106027       5.88756048    -650.00349979   734.648661 14835.692630
  284.150000    -654.57927178       4.50342103    -650.07585075   561.936008 14838.348403
  284.200000    -656.02866343       6.56861259    -649.46005083   819.630212 14841.000375
  284.250000    -655.50850000       5.75196298    -649.75653702   717.728831 14843.645401
  284.300000    -654.98473647       5.24564947    -649.73908700   654.551129 14846.294821
  284.350000    -654.45019903       4.88517492    -649.56502411   609.571184 14848.932848
  284.400000    -655.56500105       5.10906562    -650.45593543   637.508223 14851.577487
  284.450000    -655.13846329       4.19814212    -650.94032117   523.843364 14854.223418
  284.500000    -656.54133727       5.75455770    -650.78677957   718.052599 14856.855927
  284.550000    -654.87025646       5.34322299    -649.52703346   666.726335 14859.483085
  284.600000    -655.02935409       5.53765521    -649.49169888   690.987549 14862.117285
  284.650000    -655.74835224       6.61285546    -649.13549678   825.150828 14864.743336
  284.700000    -654.42046918       5.67992313    -648.74054606   708.739712 14867.391035
  284.750000    -654.83651213       6.71053327    -648.12597886   837.339047 14870.098658
  284.800000    -654.27047140       6.07566834    -648.19480306   758.120724 14872.811760
  284.850000    -653.80800741       5.98558423    -647.82242319   746.880045 14875.530004
  284.900000    -655.30632746       6.42531290    -648.88101456   801.749305 14878.226345
  284.950000    -654.10186027       5.72623183    -648.37562844   714.518104 14880.953575
  285.000000    -655.00927618       6.32920693    -648.68006925   789.757220 14883.669546
  285.050000    -655.23993162       6.08240054    -649.15753108   758.960766 14886.400306
  285.100000    -655.20870053       5.36465971    -649.84404082   669.401203 14889.159344
  285.150000    -655.48897586       5.34379541    -650.14518045   666.797760 14891.868758
  285.200000    -655.83970503       5.42030334    -650.41940169   676.344406 14894.571563
  285.250000    -656.43817295       5.45151930    -650.98665364   680.239527 14897.287658
  285.300000    -655.83438699       5.42440796    -650.40997903   676.856579 14899.974138
  285.350000    -656.00921004       5.47135858    -650.53785146   682.715068 14902.688934
  285.400000    -655.78993255       5.43959368    -650.35033887   678.751450 14905.395437
  285.450000    -655.96143889       5.32693413    -650.63450476   664.693813 14908.111094
  285.500000    -655.55278852       4.78968215    -650.76310637   597.655615 14910.837752
  285.550000    -656.35465897       6.39916905    -649.95548992   798.487080 14913.483619
  285.600000    -655.42745885       5.91738836    -649.51007048   738.370578 14916.122787
  285.650000    -655.37939305       6.28130793    -649.09808513   783.780392 14918.768201
  285.700000    -654.88695853       5.49837283    -649.38858570   686.085901 14921.418937
  285.750000    -655.69791991       6.76485336    -648.93306655   844.117097 14924.064924
  285.800000    -655.24625953       5.65573700    -649.59052253   705.721771 14926.696379
  285.850000    -655.40498711       4.98354054    -650.42144656   621.845228 14929.309701
  285.900000    -656.14978460       6.31680315    -649.83298146   788.209478 14931.939618
  285.950000    -655.47209104       5.67705135    -649.79503969   708.381373 14934.579975
  286.000000    -655.25495116       5.43958078    -649.81537038   678.749841 14937.223297
  286.050000    -655.37058887       5.60382020    -649.76676867   699.243603 14939.952823
  286.100000    -655.25769759       5.70570825    -649.55198934   711.957174 14942.592405
  286.150000    -654.91197082       5.34334993    -649.56862089   666.742174 14945.227833
  286.200000    -656.05203216       6.20302180    -649.84901036   774.011863 14947.859622
  286.250000    -656.00031170       5.23690073    -650.76341098   653.459462 14950.495544
  286.300000    -656.43694178       5.34639456    -651.09054722   667.122082 14953.128802
  286.350000    -655.90649954       5.22691984    -650.67957970   652.214049 14955.769455
  286.400000    -655.94872753       5.01178193    -650.93694560   625.369183 14958.379461
  286.450000    -656.55404965       5.48283683    -651.07121282   684.147322 14961.008997
  286.500000    -655.95779267       5.69900400    -650.25878867   711.120620 14963.646331
  286.550000    -655.95351687       5.67784484    -650.27567202   708.480384 14966.286762
  286.600000    -655.89425232       5.06285807    -650.83139425   631.742453 14968.941785
  286.650000    -656.33909171       4.80700878    -651.53208293   599.817629 14971.569538
  286.700000    -657.00238818       5.29632237    -651.70606582   660.874083 14974.203311
  286.750000    -655.52927922       4.44109277    -651.08818645   554.158699 14976.817831
  286.800000    -655.79399108       4.97437661    -650.81961447   620.701754 14979.454998
  286.850000    -655.73093284       5.89656136    -649.83437148   735.771789 14982.085960
  286.900000    -655.52732580       6.13701909    -649.39030671   765.776058 14984.725612
  286.950000    -655.47870621       6.13231967    -649.34638654   765.189665 14987.386771
  287.000000    -655.04796467       5.79427628    -649.25368838   723.008677 14990.015290
  287.050000    -654.46648623       5.24135919    -649.22512705   654.015788 14992.651139
  287.100000    -654.74841039       6.07867124    -648.66973915   758.495425 14995.290635
  287.150000    -655.80923697       6.31455234    -649.49468463   787.928622 14997.926265
  287.200000    -654.86869170       5.42095023    -649.44774146   676.425124 15000.561038
  287.250000    -654.66082549       4.56417922    -650.09664626   569.517403 15003.199970
  287.300000    -655.22514644       6.04987653    -649.17526990   754.902427 15005.851284
  287.350000    -654.03438267       5.19405697    -648.84032570   648.113427 15008.540641
  287.400000    -654.57030716       5.96421072    -648.60609644   744.213063 15011.195573
  287.450000    -655.43573842       6.85178292    -648.58395550   854.964151 15013.844553
  287.500000    -654.66646494       6.41889276    -648.24757218   800.948201 15016.523931
  287.550000    -655.32826132       6.38091163    -648.94734969   796.208922 15019.189137
  287.600000    -655.13598180       5.69969984    -649.43628196   711.207446 15021.867289
  287.650000    -655.74561167       5.64770762    -650.09790405   704.719868 15024.524667
  287.700000    -655.75529337       5.88225653    -649.87303683   733.986835 15027.181483
  287.750000    -655.10488625       5.16663310    -649.93825315   644.691482 15029.841303
  287.800000    -655.88905826       5.76519420    -650.12386407   719.379820 15032.504795
  287.850000    -655.79529773       5.31859896    -650.47669877   663.653753 15035.140006
  287.900000    -657.26829186       5.81133858    -651.45695327   725.137707 15037.805617
  287.950000    -656.42240874       4.93514638    -651.48726236   615.806614 15040.467193
  288.000000    -656.09405945       5.07438047    -651.01967898   633.180216 15043.116737
  288.050000    -655.46691445       5.20899226    -650.25792219   649.977049 15045.778618
  288.100000    -655.98290426       6.04391192    -649.93899234   754.158163 15048.435030
  288.150000    -656.00095748       5.76044625    -650.24051123   718.787371 15051.098922
  288.200000    -655.33689514       5.09244343    -650.24445171   635.434109 15053.761680
  288.250000    -656.17476868       7.34496730    -648.82980138   916.503603 15056.393623
  288.300000    -654.97044474       4.81783620    -650.15260854   601.168672 15059.029036
  288.350000    -655.68003706       5.49986048    -650.18017658   686.271530 15061.678645
  288.400000    -655.17110483       5.29726092    -649.87384391   660.991196 15064.317522
  288.450000    -656.13104001       5.92280914    -650.20823087   739.046981 15066.958381
  288.500000    -655.62480901       4.44816348    -651.17664554   555.040981 15069.603495
  288.550000    -656.89122825       5.90288242    -650.98834583   736.560530 15072.246644
  288.600000    -655.30967143       4.35450776    -650.95516367   543.354638 15074.890147
  288.650000    -656.19832482       5.68298756    -650.51533725   709.122092 15077.539169
  288.700000    -655.38138930       4.99630383    -650.38508548   623.437828 15080.163808
  288.750000    -656.13464088       5.41420667    -650.72043421   675.583664 15082.819492
  288.800000    -655.53509252       5.07529202    -650.45980050   633.293959 15085.470608
  288.850000    -655.56873714       5.02781094    -650.54092620   627.369279 15088.097441
  288.900000    -655.26021124       5.21069391    -650.04951733   650.189381 15090.754471
  288.950000    -656.32811565       5.88691604    -650.44119961   734.568248 15093.396220
  289.000000    -656.75151115       6.13398688    -650.61752427   765.397700 15096.036010
  289.050000    -655.51292298       4.88615157    -650.62677141   609.693050 15098.671710
  289.100000    -655.28783222       5.06588578    -650.22194644   632.120250 15101.306848
  289.150000    -655.22289667       5.52299749    -649.69989918   689.158562 15103.938577
  289.200000    -654.52686056       5.79224033    -648.73462023   722.754631 15106.617276
  289.250000    -654.01754206       5.74287507    -648.27466698   716.594844 15109.324031
  289.300000    -654.27986876       5.67371923    -648.60614953   707.965591 15112.043061
  289.350000    -655.36478922       6.58590462    -648.77888461   821.787908 15114.719213
  289.400000    -654.72004478       5.65470524    -649.06533955   705.593029 15117.422725
  289.450000    -655.14947263       5.80165214    -649.34782050   723.929034 15120.126096
  289.500000    -654.39956578       5.36238421    -649.03718157   669.117267 15122.824099
  289.550000    -655.31120083       6.25755152    -649.05364931   780.816071 15125.553016
  289.600000    -654.41508526       5.78124681    -648.63383846   721.382861 15128.264718
  289.650000    -654.76546481       6.02130223    -648.74416258   751.336931 15130.951804
  289.700000    -654.29905680       5.40112735    -648.89792945   673.951629 15133.652080
  289.750000    -654.77397985       5.92554854    -648.84843130   739.388804 15136.328392
  289.800000    -653.58824453       4.80227522    -648.78596931   599.226976 15139.011892
  289.850000    -654.55688073       5.72008748    -648.83679325   713.751413 15141.704570
  289.900000    -653.37441432       5.58386277    -647.79055155   696.753320 15144.405193
  289.950000    -653.28726836       6.19747924    -647.08978911   773.320264 15147.121063
  290.000000    -654.11482544       5.62730808    -648.48751737   702.174416 15149.810152
  290.050000    -654.25463319       5.69471254    -648.55992065   710.585133 15152.448628
  290.100000    -655.01088810       6.75646532    -648.25442278   843.070440 15155.091825
  290.150000    -654.83685132       5.88670678    -648.95014453   734.542137 15157.730778
  290.200000    -653.74184341       4.65391340    -649.08793001   580.714416 15160.386289
  290.250000    -654.74218181       6.48655294    -648.25562887   809.390825 15163.034886
  290.300000    -654.67817478       5.38293335    -649.29524144   671.681385 15165.699529
  290.350000    -654.22150996       4.67919219    -649.54231778   583.868698 15168.336969
  290.400000    -654.88121283       4.99570635    -649.88550647   623.363275 15170.989951
  290.450000    -655.11404457       5.88342547    -649.23061910   734.132695 15173.658941
  290.500000    -655.06348022       6.33610140    -648.72737882   790.617511 15176.289633
  290.550000    -654.17522512       4.86331115    -649.31191398   606.843027 15178.941236
  290.600000    -655.66012426       6.46882474    -649.19129952   807.178703 15181.599688
  290.650000    -655.77179853       5.85790106    -649.91389747   730.947764 15184.248560
  290.700000    -655.73692046       5.19567056    -650.54124990   648.314770 15186.899766
  290.750000    -655.51517768       4.97129277    -650.54388491   620.316952 15189.545545
  290.800000    -656.18302897       5.19384894    -650.98918003   648.087469 15192.187691
  290.850000    -655.71533403       4.58879668    -651.12653735   572.589164 15194.826967
  290.900000    -656.01421030       5.98004895    -650.03416135   746.189354 15197.470624
  290.950000    -655.71858704       5.48185315    -650.23673389   684.024579 15200.104465
  291.000000    -655.74223820       5.38990701    -650.35233119   672.551557 15202.754050
  291.050000    -655.99125919       5.38119541    -650.61006378   671.464526 15205.396326
  291.100000    -656.11575448       5.78695483    -650.32879964   722.095108 15208.043501
  291.150000    -655.48543911       4.31839226    -651.16704685   538.848154 15210.686373
  291.200000    -655.64868417       5.26209865    -650.38658551   656.603655 15213.307601
  291.250000    -655.45002161       4.52139482    -650.92862679   564.178773 15215.942829
  291.300000    -656.98272917       7.21192607    -649.77080310   899.902743 15218.562644
  291.350000    -654.67461087       4.74420129    -649.93040958   591.980522 15221.186484
  291.400000    -655.84829043       5.69282057    -650.15546986   710.349053 15223.823913
  291.450000    -656.28178864       5.81997672    -650.46181192   726.215572 15226.458936
  291.500000    -655.66467026       5.03203310    -650.63263716   627.896120 15229.083054
  291.550000    -654.90489690       5.19586336    -649.70903355   648.338828 15231.728647
  291.600000    -655.93944315       5.79764728    -650.14179587   723.429310 15234.379546
  291.650000    -655.59536684       6.02374587    -649.57162096   751.641848 15237.008449
  291.700000    -656.50993111       6.51245439    -649.99747673   812.622802 15239.653465
  291.750000    -654.63963023       5.78552721    -648.85410302   721.916970 15242.301178
  291.800000    -654.43991595       5.30068024    -649.13923571   661.417858 15244.925318
  291.850000    -654.58741976       5.38586608    -649.20155368   672.047331 15247.561879
  291.900000    -655.04949535       6.36601135    -648.68348400   794.349669 15250.213408
  291.950000    -655.04970285       5.99748251    -649.05222034   748.364710 15252.844278
  292.000000    -655.11057256       5.59801445    -649.51255810   698.519164 15255.493944
  292.050000    -655.51291538       5.72416348    -649.78875190   714.260015 15258.149734
  292.100000    -654.37091639       5.16922815    -649.20168824   645.015291 15260.757416
  292.150000    -655.40045721       6.37158954    -649.02886767   795.045714 15263.400816
  292.200000    -655.54725454       5.99231458    -649.55493996   747.719857 15266.045458
  292.250000    -654.96970006       5.47864640    -649.49105366   683.624441 15268.671425
  292.300000    -654.81077495       5.11077553    -649.69999943   637.721584 15271.312558
  292.350000    -655.33295768       6.44621113    -648.88674656   804.356981 15273.956862
  292.400000    -655.41032155       6.65402563    -648.75629591   830.288035 15276.586668
  292.450000    -654.65283175       6.04408737    -648.60874437   754.180057 15279.237437
  292.500000    -653.87215276       6.08455958    -647.78759317   759.230171 15281.882902
  292.550000    -654.88055964       6.44008921    -648.44047043   803.593089 15284.502283
  292.600000    -654.85368954       5.53067078    -649.32301876   690.116033 15287.150116
  292.650000    -655.07281567       5.98894860    -649.08386706   747.299851 15289.810769
  292.700000    -655.06655095       6.51395644    -648.55259450   812.810229 15292.439994
  292.750000    -654.35252042       5.53507975    -648.81744068   690.666183 15295.101955
  292.800000    -655.02267879       5.86995279    -649.15272600   732.451577 15297.757406
  292.850000    -654.60516964       5.89735104    -648.70781860   735.870325 15300.376688
  292.900000    -654.84827252       6.72911751    -648.11915502   839.657984 15303.039239
  292.950000    -654.03432322       5.70909835    -648.32522486   712.380191 15305.696005
  293.000000    -653.98742454       6.24952522    -647.73789932   779.814551 15308.347399
  293.050000    -653.77882970       5.96929666    -647.80953303   744.847686 15310.999511
  293.100000    -654.72370828       6.84706840    -647.87663988   854.375874 15313.658155
  293.150000    -654.14941309       5.74108597    -648.40832712   716.371600 15316.290412
  293.200000    -653.70058700       5.36352463    -648.33706237   669.259569 15318.936105
  293.250000    -653.90624200       6.46804331    -647.43819869   807.081197 15321.596454
  293.300000    -654.47005173       6.18127464    -648.28877709   771.298257 15324.218564
  293.350000    -654.56337207       6.57719550    -647.98617658   820.701185 15326.873173
  293.400000    -655.25277300       5.64435632    -649.60841667   704.301693 15329.525668
  293.450000    -655.33922973       5.55884745    -649.78038229   693.631912 15332.124746
  293.500000    -654.60282665       5.42608482    -649.17674183   677.065817 15334.762993
  293.550000    -654.71545921       4.70635001    -650.00910920   587.257447 15337.395622
  293.600000    -655.97941715       6.06654551    -649.91287164   756.982379 15339.999521
  293.650000    -655.40224653       5.34748219    -650.05476434   667.257796 15342.645408
  293.700000    -656.35445179       6.40012284    -649.95432894   798.606094 15345.335970
  293.750000    -655.40599868       5.64793326    -649.75806542   704.748023 15348.017381
  293.800000    -655.75566741       5.58614153    -650.16952588   697.037663 15350.733505
  293.850000    -656.02785773       5.43392158    -650.59393615   678.043686 15353.414285
  293.900000    -655.66701400       5.60160527    -650.06540873   698.967225 15356.105716
  293.950000    -654.51542023       5.56174101    -648.95367921   693.992971 15358.794006
  294.000000    -654.19128775       5.49325519    -648.69803256   685.447323 15361.497452
  294.050000    -655.64838264       6.44136619    -649.20701645   803.752431 15364.218480
  294.100000    -655.03495986       6.05746504    -648.97749482   755.849319 15366.915343
  294.150000    -654.37849029       5.19138030    -649.18710999   647.779433 15369.617256
  294.200000    -654.68935708       5.19833654    -649.49102054   648.647430 15372.318357
  294.250000    -654.91108570       5.29863511    -649.61245059   661.162667 15375.009869
  294.300000    -655.05796665       6.38050461    -648.67746204   796.158134 15377.720272
  294.350000    -654.88895925       6.18356826    -648.70539099   771.584455 15380.401105
  294.400000    -654.21341478       5.97596762    -648.23744716   745.680087 15383.113366
  294.450000    -654.83273845       7.14001665    -647.69272180   890.929901 15385.862146
  294.500000    -654.21000821       6.24171442    -647.96829378   778.839922 15388.503766
  294.550000    -654.00448442       6.29102557    -647.71345884   784.992958 15391.148060
  294.600000    -653.94643486       5.67414281    -648.27229205   708.018445 15393.796577
  294.650000    -655.58054000       6.81692147    -648.76361853   850.614146 15396.440130
  294.700000    -653.86482941       5.23312571    -648.63170370   652.988416 15399.093309
  294.750000    -655.12680531       7.09706085    -648.02974446   885.569884 15401.740508
  294.800000    -654.78072832       6.18375998    -648.59696834   771.608377 15404.356046
  294.850000    -654.65175450       5.73505322    -648.91670128   715.618834 15407.010484
  294.900000    -655.35106401       5.97271693    -649.37834708   745.274466 15409.663519
  294.950000    -654.63011860       4.33654363    -650.29357498   541.113077 15412.295705
  295.000000    -655.34391706       5.16995121    -650.17396585   645.105514 15414.944748
  295.050000    -654.77738201       5.10484481    -649.67253720   636.981551 15417.588307
  295.100000    -655.78425368       6.00389168    -649.78036200   749.164446 15420.231092
  295.150000    -655.42045053       5.12684474    -650.29360579   639.726698 15422.867515
  295.200000    -655.78786722       6.12166792    -649.66619929   763.860543 15425.515129
  295.250000    -654.09607555       4.49389936    -649.60217619   560.747895 15428.159433
  295.300000    -654.53391051       5.70314594    -648.83076457   711.637450 15430.809297
  295.350000    -654.59803680       5.82406521    -648.77397159   726.725734 15433.457340
  295.400000    -655.60677469       6.28525139    -649.32152329   784.272457 15436.109069
  295.450000    -654.90563162       5.44455947    -649.46107215   679.371081 15438.752265
  295.500000    -655.08376178       5.27299972    -649.81076206   657.963888 15441.376441
  295.550000    -655.25726003       5.33411181    -649.92314822   665.589443 15444.031341
  295.600000    -655.16689151       5.13988909    -650.02700242   641.354369 15446.671772
  295.650000    -654.41399003       4.63928750    -649.77470253   578.889399 15449.290780
  295.700000    -654.77316181       4.85446011    -649.91870169   605.738596 15451.927066
  295.750000    -655.55543369       5.84748794    -649.70794576   729.648417 15454.568415
  295.800000    -654.55928281       5.22176832    -649.33751449   651.571244 15457.192908
  295.850000    -654.99751928       5.62305048    -649.37446880   701.643154 15459.826184
  295.900000    -654.31907056       5.89726195    -648.42180861   735.859209 15462.481128
  295.950000    -654.22914856       5.41645402    -648.81269454   675.864087 15465.135689
  296.000000    -654.51866153       5.45063173    -649.06802979   680.128776 15467.774781
  296.050000    -654.43508026       5.03852142    -649.39655883   628.705731 15470.417456
  296.100000    -655.09591034       5.34156372    -649.75434662   666.519290 15473.039938
  296.150000    -655.13286551       6.24942770    -648.88343781   779.802383 15475.679372
  296.200000    -654.56181036       6.48534326    -648.07646710   809.239881 15478.326219
  296.250000    -654.49230429       6.96715152    -647.52515277   869.359823 15480.981399
  296.300000    -653.91803622       6.68593352    -647.23210270   834.269495 15483.637558
  296.350000    -654.06019618       6.12446786    -647.93572831   764.209919 15486.286799
  296.400000    -653.82961872       6.79687402    -647.03274470   848.112630 15488.938451
  296.450000    -653.70734016       6.01422160    -647.69311856   750.453411 15491.608565
  296.500000    -653.76221858       6.34386812    -647.41835046   791.586640 15494.258747
  296.550000    -654.12935329       6.23089326    -647.89846002   777.489660 15496.926089
  296.600000    -655.45012192       6.95988262    -648.49023929   868.452811 15499.593663
  296.650000    -654.13539527       5.37351540    -648.76187987   670.506215 15502.259434
  296.700000    -654.42729806       6.24289119    -648.18440687   778.986759 15504.886710
  296.750000    -653.69514468       5.44819747    -648.24694722   679.825029 15507.536663
  296.800000    -654.41890960       6.76992995    -647.64897965   844.750553 15510.198402
  296.850000    -654.04962070       6.52402244    -647.52559826   814.066261 15512.859906
  296.900000    -655.00789680       6.41452518    -648.59337162   800.403215 15515.521165
  296.950000    -655.14719124       5.94683910    -649.20035213   742.045436 15518.185336
  297.000000    -655.37126791       6.93486282    -648.43640509   865.330845 15520.850794
  297.050000    -655.13233364       5.93234563    -649.19998800   740.236944 15523.506506
  297.100000    -655.44427839       6.22685465    -649.21742374   776.985723 15526.163379
  297.150000    -654.75601403       4.71171703    -650.04429700   587.927143 15528.833940
  297.200000    -655.45781625       5.84460306    -649.61321319   729.288443 15531.491676
  297.250000    -655.10210241       5.56771277    -649.53438964   694.738126 15534.145964
  297.300000    -655.21881736       4.95998190    -650.25883546   618.905584 15536.781563
  297.350000    -655.33958719       5.66915665    -649.67043054   707.396274 15539.437182
  297.400000    -655.07617449       5.85170509    -649.22446940   730.174632 15542.095371
  297.450000    -655.46202280       6.36356117    -649.09846163   794.043936 15544.745531
  297.500000    -655.50184108       5.92418789    -649.57765319   739.219022 15547.402364
  297.550000    -655.42664504       5.38862443    -650.03802061   672.391517 15550.054034
  297.600000    -655.03284976       6.04430120    -648.98854856   754.206738 15552.714515
  297.650000    -655.04601199       6.22079159    -648.82522040   776.229175 15555.383841
  297.700000    -654.53196623       5.45935201    -649.07261422   681.216890 15558.042021
  297.750000    -655.41826022       7.09774913    -648.32051109   885.655767 15560.685889
  297.800000    -655.26014177       7.14691076    -648.11323101   891.790146 15563.334482
  297.850000    -654.15341961       5.36889531    -648.78452430   669.929721 15565.969392
  297.900000    -654.90048612       5.58156755    -649.31891856   696.466923 15568.554464
  297.950000    -655.20360276       5.47158428    -649.73201848   682.743231 15571.170779
  298.000000    -656.60795133       5.79418876    -650.81376256   722.997756 15573.792505
  298.050000    -655.67830929       4.87577428    -650.80253501   608.398174 15576.397051
  298.100000    -656.58894200       5.87506138    -650.71388061   733.089026 15579.029154
  298.150000    -655.84908737       4.44595259    -651.40313478   554.765107 15581.698625
  298.200000    -655.75656984       4.68677470    -651.06979514   584.814843 15584.392112
  298.250000    -656.10720234       5.15694473    -650.95025761   643.482569 15587.092413
  298.300000    -655.85859173       5.30923922    -650.54935251   662.485846 15589.767660
  298.350000    -655.81458622       5.23744755    -650.57713867   653.527695 15592.464648
  298.400000    -655.77127650       6.62176925    -649.14950725   826.263089 15595.155807
  298.450000    -655.08399252       6.38941064    -648.69458188   797.269427 15597.851172
  298.500000    -654.41195841       5.96118334    -648.45077507   743.835307 15600.578339
  298.550000    -655.17933757       6.40763341    -648.77170415   799.543261 15603.275971
  298.600000    -654.63038512       5.97030256    -648.66008255   744.973202 15605.971289
  298.650000    -654.67860009       6.05938630    -648.61921378   756.089054 15608.688205
  298.700000    -654.37752874       5.96834233    -648.40918641   744.728605 15611.359061
  298.750000    -654.81301946       6.19922448    -648.61379497   773.538035 15614.024324
  298.800000    -654.82211808       5.87107118    -648.95104690   732.591130 15616.715993
  298.850000    -653.81148972       5.10565058    -648.70583914   637.082095 15619.411571
  298.900000    -654.67784956       5.70950457    -648.96834499   712.430879 15622.134345
  298.950000    -655.47806731       6.84883478    -648.62923252   854.596283 15624.806667
  299.000000    -655.74706199       6.41465680    -649.33240520   800.419638 15627.469626
  299.050000    -654.98906060       5.80057797    -649.18848262   723.795000 15630.123084
  299.100000    -654.52440491       6.08728035    -648.43712456   759.569668 15632.786735
  299.150000    -655.25840868       6.53905336    -648.71935533   815.941816 15635.442146
  299.200000    -655.58402832       6.20951411    -649.37451420   774.821973 15638.087001
  299.250000    -654.31768986       5.05148273    -649.26620713   630.323041 15640.754640
  299.300000    -655.41908911       5.76312024    -649.65596887   719.121032 15643.411127
  299.350000    -654.79428914       5.30378251    -649.49050662   661.804959 15646.061977
  299.400000    -655.51997986       6.27567267    -649.24430719   783.077225 15648.736008
  299.450000    -655.36008141       5.50243334    -649.85764807   686.592571 15651.405169
  299.500000    -655.65741800       6.42675298    -649.23066502   801.928998 15654.071290
  299.550000    -654.91852900       5.05189137    -649.86663763   630.374030 15656.715558
  299.600000    -656.06235332       5.43703771    -650.62531561   678.432516 15659.369524
  299.650000    -655.40022750       5.23200652    -650.16822098   652.848764 15662.015948
  299.700000    -655.46505493       5.10423638    -650.36081855   636.905631 15664.675154
  299.750000    -656.00677587       5.07327104    -650.93350483   633.041782 15667.327919
  299.800000    -656.22304880       5.32663387    -650.89641494   664.656346 15669.982843
  299.850000    -655.51037993       4.93457975    -650.57580018   615.735909 15672.641010
  299.900000    -655.77787901       5.56515211    -650.21272690   694.418607 15675.298460
  299.950000    -654.89634508       4.79904763    -650.09729746   598.824237 15677.967525
  300.000000    -655.94488228       6.24541318    -649.69946910   779.301452 15680.624591
  300.050000    -655.82640186       5.64576117    -650.18064069   704.476989 15683.284866
  300.100000    -655.29091344       6.29119007    -648.99972337   785.013484 15685.947116
  300.150000    -655.91743451       6.30352528    -649.61390923   786.552669 15688.602862
  300.200000    -654.85122407       4.92721168    -649.92401239   614.816523 15691.238460
  300.250000    -655.30713857       5.64585123    -649.66128734   704.488227 15693.882290
  300.300000    -654.90328996       5.44866799    -649.45462197   679.883741 15696.544132
  300.350000    -655.94744589       6.70356478    -649.24388111   836.469520 15699.190804
  300.400000    -655.66467580       5.30503702    -650.35963878   661.961496 15701.836453
  300.450000    -655.07214447       5.15246950    -649.91967497   642.924151 15704.497500
  300.500000    -654.78282319       5.02618434    -649.75663885   627.166313 15707.147176
  300.550000    -655.35155328       5.45043565    -649.90111763   680.104309 15709.768235
  300.600000    -654.84878628       5.05125211    -649.79753417   630.294264 15712.415708
  300.650000    -655.40671282       6.03968645    -649.36702638   753.630910 15715.068525
  300.700000    -655.55486104       5.47886325    -650.07599779   683.651499 15717.716626
  300.750000    -655.53562469       4.88800625    -650.64761845   609.924476 15720.362957
  300.800000    -656.36562742       6.19738941    -650.16823801   773.309056 15722.996488
  300.850000    -655.39850667       5.26812964    -650.13037703   657.356200 15725.632125
  300.900000    -655.34367283       6.60843258    -648.73524025   824.598943 15728.274271
  300.950000    -655.76184165       6.43717608    -649.32466558   803.229589 15730.917819
  301.000000    -654.75043188       5.17383483    -649.57659706   645.590112 15733.563467
  301.050000    -654.94562731       5.56157072    -649.38405659   693.971721 15736.208280
  301.100000    -655.33217244       5.46016096    -649.87201147   681.317832 15738.853302
  301.150000    -654.41079404       5.51897847    -648.89181557   688.657069 15741.501738
  301.200000    -654.68628022       5.30643589    -649.37984434   662.136046 15744.148428
  301.250000    -655.09098652       5.80309598    -649.28789054   724.109197 15746.772273
  301.300000    -655.47596739       5.64158547    -649.83438192   703.955947 15749.418637
  301.350000    -654.85494182       5.98432325    -648.87061858   746.722700 15752.065089
  301.400000    -654.56881628       6.59277218    -647.97604410   822.644840 15754.682568
  301.450000    -654.65157745       6.66476874    -647.98680871   831.628558 15757.318755
  301.500000    -653.95189705       5.32908247    -648.62281458   664.961882 15759.947964
  301.550000    -655.67121379       6.39565211    -649.27556168   798.048236 15762.588027
  301.600000    -655.88134050       6.20939671    -649.67194379   774.807324 15765.233028
  301.650000    -655.19601349       6.05155470    -649.14445879   755.111828 15767.865363
  301.700000    -655.53523117       5.98837587    -649.54685530   747.228385 15770.512798
  301.750000    -655.25020407       5.72356212    -649.52664196   714.184977 15773.161003
  301.800000    -654.61805236       5.47332695    -649.14472541   682.960681 15775.806014
  301.850000    -654.74139813       5.13484194    -649.60655618   640.724587 15778.444296
  301.900000    -655.48131273       5.63765208    -649.84366065   703.465140 15781.091632
  301.950000    -655.05726944       5.49579290    -649.56147653   685.763978 15783.741621
  302.000000    -655.45083899       5.83165795    -649.61918104   727.673154 15786.388854
  302.050000    -654.60901229       6.09096720    -648.51804509   760.029712 15789.013680
  302.100000    -654.39828578       5.41744578    -648.98084000   675.987839 15791.667779
  302.150000    -655.40574458       6.62259692    -648.78314766   826.366366 15794.313589
  302.200000    -654.59899335       5.69276276    -648.90623059   710.341839 15796.923644
  302.250000    -654.51539656       5.92983359    -648.58556297   739.923492 15799.575615
  302.300000    -655.18662279       6.23826780    -648.94835499   778.409852 15802.222427
  302.350000    -655.21702419       5.71531698    -649.50170721   713.156150 15804.841357
  302.400000    -654.58053569       5.00536709    -649.57516861   624.568740 15807.474138
  302.450000    -655.35396758       5.66520248    -649.68876510   706.902872 15810.107453
  302.500000    -654.86432104       5.21648064    -649.64784041   650.911448 15812.712389
  302.550000    -654.70328518       5.61913871    -649.08414647   701.155044 15815.345194
  302.600000    -655.64682742       5.79964549    -649.84718193   723.678646 15817.988674
  302.650000    -655.50814719       5.24904042    -650.25910677   654.974251 15820.665853
  302.700000    -655.91324857       6.26543209    -649.64781648   781.799408 15823.370990
  302.750000    -655.35190654       5.59012707    -649.76177947   697.534977 15826.060723
  302.800000    -655.08639086       5.69518949    -649.39120136   710.644646 15828.731466
  302.850000    -655.56945872       5.80905560    -649.76040312   724.852837 15831.429778
  302.900000    -655.07628488       6.06876957    -649.00751531   757.259897 15834.139358
  302.950000    -655.10338622       6.61030752    -648.49307870   824.832897 15836.852362
  303.000000    -654.76235318       6.12522764    -648.63712554   764.304723 15839.598808
  303.050000    -655.45145244       6.23648737    -649.21496507   778.187691 15842.308351
  303.100000    -656.05060593       6.10929573    -649.94131020   762.316743 15845.001812
  303.150000    -655.74841715       6.08172655    -649.66669059   758.876666 15847.692702
  303.200000    -655.42729169       5.84481095    -649.58248074   729.314383 15850.384440
  303.250000    -655.60403600       5.33965286    -650.26438314   666.280854 15853.072184
  303.300000    -656.19468470       5.37964216    -650.81504254   671.270711 15855.779031
  303.350000    -656.33165653       5.60568200    -650.72597453   699.475919 15858.497254
  303.400000    -656.53154725       5.61373313    -650.91781412   700.480537 15861.171433
  303.450000    -656.21016972       5.53787106    -650.67229865   691.014483 15863.828267
  303.500000    -655.05802390       5.23730716    -649.82071675   653.510177 15866.487042
  303.550000    -654.94531926       5.73603557    -649.20928369   715.741412 15869.114325
  303.600000    -655.19841821       6.36957078    -648.82884743   794.793813 15871.761734
  303.650000    -654.44667053       5.85702507    -648.58964546   730.838458 15874.408430
  303.700000    -654.91162467       5.43812859    -649.47349607   678.568637 15877.031470
  303.750000    -655.33838222       5.81273539    -649.52564682   725.312001 15879.679272
  303.800000    -654.62654700       5.28522515    -649.34132185   659.489375 15882.327032
  303.850000    -655.35351010       5.94514864    -649.40836146   741.834501 15884.953331
  303.900000    -654.48337982       5.32077636    -649.16260345   663.925448 15887.603699
  303.950000    -654.80450451       6.26261537    -648.54188913   781.447938 15890.248028
  304.000000    -655.30421159       6.19379955    -649.11041203   772.861113 15892.877980
  304.050000    -655.13519493       5.98874104    -649.14645390   747.273951 15895.518641
  304.100000    -654.89245585       6.45508335    -648.43737250   805.464056 15898.161202
  304.150000    -654.83968993       6.35549904    -648.48419089   793.037944 15900.774743
  304.200000    -654.75910620       6.64786632    -648.11123988   829.519477 15903.423607
  304.250000    -654.57409381       6.61467824    -647.95941558   825.378274 15906.071730
  304.300000    -654.55985947       6.54469814    -648.01516133   816.646171 15908.735260
  304.350000    -653.76502537       5.27593608    -648.48908929   658.330287 15911.373334
  304.400000    -654.69057955       6.41617857    -648.27440098   800.609524 15914.012323
  304.450000    -654.79883946       5.22754322    -649.57129624   652.291835 15916.652221
  304.500000    -654.29620079       4.87774924    -649.41845155   608.644609 15919.314772
  304.550000    -654.90054308       5.96227757    -648.93826551   743.971845 15921.957993
  304.600000    -655.56465088       6.37652595    -649.18812493   795.661678 15924.578697
  304.650000    -655.68754216       5.83284389    -649.85469827   727.821135 15927.213906
  304.700000    -656.23410694       6.36855784    -649.86554910   794.667418 15929.842209
  304.750000    -654.90526913       5.66470757    -649.24056155   706.841118 15932.469947
  304.800000    -654.95959294       6.52488375    -648.43470919   814.173736 15935.101710
  304.850000    -654.92783455       5.94822149    -648.97961306   742.217930 15937.750185
  304.900000    -655.22866879       6.20829333    -649.02037546   774.669644 15940.369579
  304.950000    -655.00450479       5.68399650    -649.32050829   709.247987 15943.016521
  305.000000    -654.47068947       4.78915833    -649.68153114   597.590252 15945.660247
  305.050000    -655.84334029       5.88879001    -649.95455028   734.802081 15948.278774
  305.100000    -655.03131016       5.55166764    -649.47964252   692.736017 15950.913027
  305.150000    -654.91035477       5.33474336    -649.57561141   665.668247 15953.552371
  305.200000    -655.44769119       6.05911298    -649.38857821   756.054949 15956.169307
  305.250000    -655.04833487       6.50303691    -648.54529796   811.447691 15958.803844
  305.300000    -654.90570102       6.19305372    -648.71264731   772.768048 15961.448786
  305.350000    -653.96697283       5.77977422    -648.18719861   721.199113 15964.080400
  305.400000    -654.12483663       5.65386001    -648.47097662   705.487562 15966.716023
  305.450000    -653.99550269       5.59592653    -648.39957616   698.258633 15969.356362
  305.500000    -654.59559117       6.76506983    -647.83052133   844.144109 15972.000206
  305.550000    -653.69875531       5.69829621    -648.00045910   711.032302 15974.644212
  305.600000    -654.90911284       6.34115304    -648.56795980   791.247854 15977.303108
  305.650000    -656.00366433       6.35484543    -649.64881890   792.956387 15979.922842
  305.700000    -654.49238542       4.72838039    -649.76400504   590.006393 15982.561429
  305.750000    -655.27416694       4.98910693    -650.28506000   622.539801 15985.203157
  305.800000    -655.84162033       5.38466197    -650.45695836   671.897082 15987.839195
  305.850000    -655.35685515       5.94058702    -649.41626812   741.265303 15990.481340
  305.900000    -654.82536578       5.21357556    -649.61179022   650.548953 15993.118372
  305.950000    -654.30677948       5.66422845    -648.64255103   706.781333 15995.758696
  306.000000    -655.29448205       5.93886676    -649.35561529   741.050648 15998.388680
  306.050000    -655.49093215       5.84488828    -649.64604387   729.324032 16001.027668
  306.100000    -655.78195104       6.44832200    -649.33362904   804.620375 16003.670590
  306.150000    -654.73323937       5.00401869    -649.72922068   624.400487 16006.314322
  306.200000    -654.72974607       5.49839959    -649.23134648   686.089240 16008.968390
  306.250000    -655.14754298       5.61078379    -649.53675919   700.112519 16011.621847
  306.300000    -654.98083722       5.66051404    -649.32032318   706.317850 16014.269673
  306.350000    -655.55378179       5.91771572    -649.63606607   738.411426 16016.903944
  306.400000    -655.00147374       6.08042982    -648.92104392   758.714860 16019.569394
  306.450000    -654.36692018       6.25392502    -648.11299516   780.363557 16022.228027
  306.500000    -653.90766020       6.15502330    -647.75263690   768.022620 16024.896639
  306.550000    -654.23012429       5.66486535    -648.56525894   706.860806 16027.558699
  306.600000    -655.04875330       5.87286548    -649.17588782   732.815022 16030.213037
  306.650000    -655.65316143       5.88994186    -649.76321957   734.945809 16032.868611
  306.700000    -655.37953797       5.12786977    -650.25166820   639.854600 16035.516645
  306.750000    -655.80596725       5.13974329    -650.66622396   641.336177 16038.167360
  306.800000    -656.58096138       5.40712842    -651.17383297   674.700441 16040.825895
  306.850000    -654.97865414       5.01899865    -649.95965549   626.269684 16043.474036
  306.900000    -655.20708559       5.78347764    -649.42360795   721.661224 16046.104175
  306.950000    -655.40135784       5.83503636    -649.56632148   728.094712 16048.708819
  307.000000    -655.50323832       5.43509230    -650.06814602   678.189768 16051.335624
  307.050000    -655.26556048       4.86833159    -650.39722889   607.469477 16053.970171
  307.100000    -654.92094182       5.07113385    -649.84980797   632.775103 16056.662352
  307.150000    -654.75982573       5.08288222    -649.67694350   634.241063 16059.368433
  307.200000    -656.03307573       5.73569576    -650.29737997   715.699010 16062.089851
  307.250000    -655.50087179       4.54358850    -650.95728329   566.948097 16064.772305
  307.300000    -656.29905412       5.46993302    -650.82912111   682.537187 16067.482220
  307.350000    -655.71245342       4.80470575    -650.90774767   599.530256 16070.188843
  307.400000    -655.83691189       5.41024324    -650.42666865   675.089108 16072.900812
  307.450000    -655.63125795       4.69928782    -650.93197013   586.376228 16075.658021
  307.500000    -655.60011289       5.54330183    -650.05681106   691.692133 16078.362471
  307.550000    -655.83305005       6.18520012    -649.64784994   771.788077 16081.080170
  307.600000    -654.36546205       5.22290849    -649.14255356   651.713514 16083.723365
  307.650000    -656.07614000       6.44807512    -649.62806488   804.589569 16086.378319
  307.700000    -655.83068715       5.83083526    -649.99985189   727.570498 16089.043587
  307.750000    -654.88049662       5.15505182    -649.72544480   643.246372 16091.748749
  307.800000    -655.29368441       6.04904309    -649.24464132   754.798430 16094.476657
  307.850000    -655.24196534       5.63905754    -649.60290780   703.640512 16097.172209
  307.900000    -655.12622303       5.88669642    -649.23952661   734.540844 16099.866769
  307.950000    -655.06043820       6.31468773    -648.74575047   787.945517 16102.571069
  308.000000    -654.75601213       6.12539496    -648.63061717   764.325602 16105.280369
  308.050000    -655.43105283       6.30138361    -649.12966922   786.285432 16108.016794
  308.100000    -655.30853152       6.01731553    -649.29121600   750.839471 16110.767725
  308.150000    -654.56292632       5.12529333    -649.43763299   639.533113 16113.498944
  308.200000    -655.32982619       6.47619846    -648.85362773   808.098795 16116.249694
  308.250000    -655.09079953       5.64381322    -649.44698630   704.233925 16119.014285
  308.300000    -655.89911098       6.19137011    -649.70774087   772.557968 16121.720567
  308.350000    -655.45754791       5.62310904    -649.83443887   701.650461 16124.394249
  308.400000    -655.17029677       5.65284741    -649.51744935   705.361210 16127.063468
  308.450000    -655.75620583       6.23130475    -649.52490108   777.541005 16129.735860
  308.500000    -654.32242103       4.79165867    -649.53076236   597.902245 16132.419444
  308.550000    -655.26343988       5.10036892    -650.16307096   636.423050 16135.138961
  308.600000    -655.27734909       4.59133368    -650.68601541   572.905731 16137.849126
  308.650000    -655.47927837       5.68389652    -649.79538185   709.235512 16140.564829
  308.700000    -654.74527626       5.10644135    -649.63883491   637.180767 16143.251676
  308.750000    -654.96670476       5.66486067    -649.30184409   706.860222 16145.937433
  308.800000    -654.75351278       5.62663756    -649.12687522   702.090749 16148.628160
  308.850000    -654.14318045       5.38803081    -648.75514964   672.317445 16151.324527
  308.900000    -653.83878663       5.75272108    -648.08606555   717.823426 16154.005166
  308.950000    -653.61301252       6.09069215    -647.52232037   759.995391 16156.711195
  309.000000    -655.08066955       6.48871054    -648.59195901   809.660049 16159.410805
  309.050000    -654.46340975       5.58915050    -648.87425925   697.413121 16162.106633
  309.100000    -655.22046586       5.97626408    -649.24420178   745.717079 16164.833197
  309.150000    -654.85538452       5.63739446    -649.21799006   703.432993 16167.562221
  309.200000    -654.94138760       6.53415987    -648.40722773   815.331208 16170.273745
  309.250000    -654.92985904       5.79897339    -649.13088565   723.594781 16172.957434
  309.300000    -654.92555016       5.37659759    -649.54895257   670.890811 16175.656108
  309.350000    -654.48630664       5.70525336    -648.78105328   711.900414 16178.355940
  309.400000    -654.26312166       5.33198600    -648.93113566   665.324185 16181.075422
  309.450000    -654.93333000       6.35910866    -648.57422133   793.488352 16183.807463
  309.500000    -654.03204138       5.01840180    -649.01363958   626.195208 16186.502530
  309.550000    -655.16440781       5.39089129    -649.77351652   672.674376 16189.169085
  309.600000    -655.07809282       5.14690929    -649.93118353   642.230348 16191.796913
  309.650000    -655.95718471       6.16562761    -649.79155711   769.345824 16194.467730
  309.700000    -655.42186148       6.15735325    -649.26450823   768.313351 16197.138869
  309.750000    -655.25615493       5.98777891    -649.26837602   747.153898 16199.776567
  309.800000    -655.03349660       5.82905703    -649.20443957   727.348612 16202.438984
  309.850000    -655.12722784       6.35408647    -648.77314137   792.861684 16205.096242
  309.900000    -654.68000274       5.42957569    -649.25042705   677.501407 16207.758302
  309.950000    -654.53949575       4.38972093    -650.14977483   547.748531 16210.416116
  310.000000    -655.13411501       5.24321570    -649.89089931   654.247443 16213.083194
  310.050000    -655.50976286       5.09624518    -650.41351769   635.908490 16215.727173
  310.100000    -656.00116031       5.45717365    -650.54398666   680.945075 16218.380593
  310.150000    -655.89550475       5.08698949    -650.80851526   634.753567 16221.030126
  310.200000    -656.15822547       5.44833566    -650.70988981   679.842273 16223.673369
  310.250000    -655.36989825       4.55218951    -650.81770875   568.021328 16226.317580
  310.300000    -656.45304056       5.20997743    -651.24306313   650.099979 16228.962895
  310.350000    -656.18590862       5.43369649    -650.75221214   678.015599 16231.610822
  310.400000    -655.74555072       5.10080471    -650.64474601   636.477428 16234.253148
  310.450000    -656.10169211       5.68038033    -650.42131178   708.796761 16236.877216
  310.500000    -654.89052097       4.82311104    -650.06740993   601.826866 16239.524279
  310.550000    -656.19444724       6.01704994    -650.17739729   750.806331 16242.168525
  310.600000    -655.10619565       5.00363401    -650.10256164   624.352486 16244.776785
  310.650000    -655.23801141       4.85800651    -650.38000491   606.181115 16247.409960
  310.700000    -655.42897998       5.05717235    -650.37180763   631.032991 16250.050971
  310.750000    -656.22250152       4.98111032    -651.24139120   621.541985 16252.693790
  310.800000    -655.50719965       4.53765296    -650.96954669   566.207462 16255.335670
  310.850000    -655.52441315       5.41913174    -650.10528141   676.198213 16257.969800
  310.900000    -655.44888411       5.68459687    -649.76428723   709.322901 16260.618802
  310.950000    -655.16762845       5.60365744    -649.56397101   699.223294 16263.258801
  311.000000    -654.92346982       5.38013091    -649.54333890   671.331698 16265.898661
  311.050000    -654.80000948       5.87871064    -648.92129884   733.544380 16268.539963
  311.100000    -655.20546969       5.57412054    -649.63134914   695.537686 16271.179714
  311.150000    -654.62558821       4.91912315    -649.70646505   613.807238 16273.821251
  311.200000    -655.81298760       7.61072091    -648.20226669   949.664286 16276.464849
  311.250000    -653.92979191       5.62039462    -648.30939729   701.311756 16279.092870
  311.300000    -654.80486880       5.77931127    -649.02555753   721.141346 16281.729160
  311.350000    -653.97490381       5.24233799    -648.73256582   654.137923 16284.364860
  311.400000    -654.76218090       6.71084583    -648.05133508   837.378048 16286.975876
  311.450000    -654.20307510       5.59395573    -648.60911937   698.012717 16289.621879
  311.500000    -654.52317385       6.14597917    -648.37719468   766.894096 16292.258813
  311.550000    -653.29542401       5.37567717    -647.91974684   670.775961 16294.893082
  311.600000    -654.80928412       6.46699518    -648.34228895   806.950411 16297.539285
  311.650000    -655.08350745       6.25907272    -648.82443473   781.005886 16300.183360
  311.700000    -654.63548078       5.18880728    -649.44667350   647.458372 16302.822773
  311.750000    -655.80231285       5.98784336    -649.81446948   747.161939 16305.461824
  311.800000    -655.40700630       5.29363818    -650.11336812   660.539151 16308.107198
  311.850000    -654.36356804       4.78850851    -649.57505952   597.509169 16310.765024
  311.900000    -654.75470516       5.79467104    -648.96003412   723.057935 16313.403710
  311.950000    -655.08744214       5.66711177    -649.42033037   707.141113 16316.062614
  312.000000    -654.99916015       5.63759766    -649.36156249   703.458348 16318.736688
  312.050000    -654.68339891       5.20607874    -649.47732017   649.613501 16321.425215
  312.100000    -655.84180443       5.52902155    -650.31278288   689.910242 16324.072746
  312.150000    -655.55745194       4.61813300    -650.93931894   576.249745 16326.750267
  312.200000    -656.09899978       5.28600648    -650.81299330   659.586868 16329.429155
  312.250000    -655.72698853       4.89962761    -650.82736092   611.374588 16332.076728
  312.300000    -655.73532247       5.36984464    -650.36547783   670.048179 16334.748721
  312.350000    -655.20362998       5.08103931    -650.12259067   634.011105 16337.421218
  312.400000    -655.11762396       6.05849086    -649.05913311   755.977320 16340.086716
  312.450000    -654.15232504       4.80936455    -649.34296049   600.111581 16342.767577
  312.500000    -655.14175722       5.30306474    -649.83869247   661.715396 16345.448555
  312.550000    -655.14027190       5.00045011    -650.13982179   623.955200 16348.120063
  312.600000    -655.96836365       5.46723059    -650.50113306   682.199978 16350.805663
  312.650000    -655.74668868       5.07731405    -650.66937463   633.546267 16353.488069
  312.700000    -656.25120443       5.16551798    -651.08568645   644.552337 16356.163471
  312.750000    -656.00424083       5.72617888    -650.27806195   714.511496 16358.839247
  312.800000    -655.93588176       5.35566105    -650.58022071   668.278353 16361.527924
  312.850000    -656.04616283       6.09475257    -649.95141026   760.502050 16364.203111
  312.900000    -654.84874731       4.26424679    -650.58450052   532.091892 16366.867110
  312.950000    -655.56325800       4.83919766    -650.72406034   603.834151 16369.538266
  313.000000    -656.23557901       5.25001653    -650.98556249   655.096049 16372.202991
  313.050000    -654.82596718       3.98343258    -650.84253460   497.051949 16374.847612
  313.100000    -656.20293757       5.62267320    -650.58026437   701.596077 16377.521125
  313.150000    -655.58984819       5.73430276    -649.85554543   715.525192 16380.176721
  313.200000    -655.46945006       4.97601950    -650.49343057   620.906753 16382.810590
  313.250000    -656.46860832       6.75454489    -649.71406343   842.830809 16385.470251
  313.300000    -655.01816260       5.58638659    -649.43177601   697.068241 16388.138282
  313.350000    -655.31190281       6.15468761    -649.15721519   767.980733 16390.779107
  313.400000    -654.70067970       5.33556191    -649.36511779   665.770385 16393.437888
  313.450000    -655.29618327       6.02692225    -649.26926103   752.038195 16396.090713
  313.500000    -655.14090096       5.44676577    -649.69413519   679.646382 16398.715214
  313.550000    -655.73614062       5.96253288    -649.77360774   744.003703 16401.361961
  313.600000    -655.07176115       5.28844430    -649.78331686   659.891059 16404.010735
  313.650000    -654.76715805       5.60983193    -649.15732612   699.993747 16406.629213
  313.700000    -654.78898024       6.62933508    -648.15964516   827.207153 16409.266455
  313.750000    -654.56613709       6.94507630    -647.62106079   866.605281 16411.894618
  313.800000    -654.86225182       6.34181588    -648.52043594   791.330562 16414.482769
  313.850000    -654.56109007       5.09732899    -649.46376107   636.043728 16417.093574
  313.900000    -654.90730043       6.02452201    -648.88277842   751.738694 16419.711706
  313.950000    -654.38518290       5.45379447    -648.93138843   680.523421 16422.315938
  314.000000    -654.52961144       5.81071040    -648.71890104   725.059323 16424.929312
  314.050000    -655.17016737       5.76409685    -649.40607052   719.242893 16427.628790
  314.100000    -654.95307641       5.13146726    -649.82160915   640.303494 16430.331778
  314.150000    -654.78578768       4.87806912    -649.90771856   608.684524 16433.025864
  314.200000    -655.59950640       5.30134253    -650.29816387   661.500498 16435.713675
  314.250000    -653.77037011       4.10711864    -649.66325146   512.485472 16438.402992
  314.300000    -655.80104455       7.19522188    -648.60582267   897.818398 16441.096622
  314.350000    -654.86808325       5.22245353    -649.64562971   651.656745 16443.821490
  314.400000    -655.09722798       5.34235009    -649.75487788   666.617414 16446.560658
  314.450000    -656.14420671       4.73658115    -651.40762556   591.029682 16449.300602
  314.500000    -656.32890936       4.96902562    -651.35988374   620.034058 16452.052945
  314.550000    -655.73099184       4.76932129    -650.96167055   595.114991 16454.787066
  314.600000    -655.70988636       5.24837634    -650.46151002   654.891387 16457.487787
  314.650000    -655.63940708       5.62620257    -650.01320451   702.036472 16460.194369
  314.700000    -656.36327971       6.15285929    -650.21042042   767.752596 16462.899879
  314.750000    -655.84274276       5.70353507    -650.13920770   711.686006 16465.569970
  314.800000    -655.86703357       6.63305798    -649.23397559   827.671695 16468.252604
  314.850000    -655.38767952       5.14423866    -650.24344086   641.897108 16470.947262
  314.900000    -654.10853040       4.64045441    -649.46807599   579.035006 16473.623844
  314.950000    -654.72571721       5.77798042    -648.94773679   720.975283 16476.336321
  315.000000    -655.06667125       5.15882201    -649.90784924   643.716815 16478.996882
  315.050000    -655.21060724       5.34957122    -649.86103602   667.518465 16481.633576
  315.100000    -654.37961069       5.11578327    -649.26382742   638.346449 16484.285726
  315.150000    -655.36229470       6.29234670    -649.06994800   785.157808 16486.919715
  315.200000    -654.82073334       5.79198310    -649.02875024   722.722534 16489.541822
  315.250000    -654.40250588       5.17505404    -649.22745184   645.742245 16492.182034
  315.300000    -654.43129651       4.83933324    -649.59196327   603.851068 16494.797212
  315.350000    -654.86180038       5.56679013    -649.29501025   694.622998 16497.427574
  315.400000    -654.39533210       6.01913743    -648.37619467   751.066808 16500.070167
  315.450000    -653.83773217       5.87033637    -647.96739580   732.499440 16502.722639
  315.500000    -654.91558667       6.59243172    -648.32315495   822.602358 16505.363780
  315.550000    -654.15640414       5.59254693    -648.56385721   697.836927 16508.031265
  315.600000    -655.79998498       7.06330335    -648.73668163   881.357630 16510.687405
  315.650000    -655.20876803       5.75541233    -649.45335570   718.159240 16513.324725
  315.700000    -654.83666990       4.73130388    -650.10536602   590.371186 16515.970594
  315.750000    -655.80819588       5.65429608    -650.15389979   705.541974 16518.605946
  315.800000    -656.05578273       6.09231303    -649.96346970   760.197644 16521.255367
  315.850000    -655.53981203       5.37499226    -650.16481977   670.690498 16523.915485
  315.900000    -655.18248156       5.08891774    -650.09356382   634.994174 16526.550725
  315.950000    -655.19024481       5.68651294    -649.50373187   709.561987 16529.212622
  316.000000    -654.41007323       5.80676603    -648.60330720   724.567145 16531.868854
  316.050000    -654.90752305       5.89923850    -649.00828455   736.105842 16534.483872
  316.100000    -654.96009300       5.93229883    -649.02779416   740.231104 16537.145097
  316.150000    -655.06661499       6.59380467    -648.47281032   822.773674 16539.822610
  316.200000    -654.48776282       6.62489421    -647.86286861   826.653022 16542.462906
  316.250000    -655.29620984       6.87516442    -648.42104543   857.881690 16545.123918
  316.300000    -655.42188973       5.92043464    -649.50145509   738.750692 16547.797954
  316.350000    -653.95117567       4.68890784    -649.26226783   585.081016 16550.443674
  316.400000    -655.77816041       6.78319411    -648.99496630   846.405652 16553.107012
  316.450000    -654.61767498       5.63819177    -648.97948321   703.532481 16555.784610
  316.500000    -654.55577307       5.58328277    -648.97249030   696.680947 16558.424228
  316.550000    -655.19255870       6.58619065    -648.60636806   821.823598 16561.087154
  316.600000    -655.40372069       5.69453404    -649.70918664   710.562859 16563.751268
  316.650000    -655.25986263       5.56544130    -649.69442132   694.454692 16566.388043
  316.700000    -655.21717324       5.56702491    -649.65014833   694.652294 16569.050094
  316.750000    -654.88589767       4.96709171    -649.91880596   619.792745 16571.705498
  316.800000    -655.90413083       5.76189483    -650.14223599   718.968126 16574.342603
  316.850000    -655.42161724       5.13878109    -650.28283615   641.216113 16576.982366
  316.900000    -654.56472116       5.21142171    -649.35329945   650.280196 16579.614499
  316.950000    -654.84523095       5.16394623    -649.68128472   644.356214 16582.256456
  317.000000    -654.63518860       4.63227857    -650.00291004   578.014826 16584.906463
  317.050000    -655.45457828       5.73586493    -649.71871335   715.720120 16587.553303
  317.100000    -654.27418071       5.99370992    -648.28047080   747.893967 16590.196541
  317.150000    -655.07470458       5.83954070    -649.23516387   728.656763 16592.851882
  317.200000    -655.88161638       5.72899279    -650.15262359   714.862615 16595.481693
  317.250000    -655.55580448       5.48971452    -650.06608996   685.005519 16598.132782
  317.300000    -655.05623058       5.94370016    -649.11253041   741.653760 16600.785597
  317.350000    -655.30326123       5.49376789    -649.80949334   685.511297 16603.445581
  317.400000    -655.48167356       5.46807816    -650.01359540   682.305739 16606.102186
  317.450000    -655.56565260       5.43849180    -650.12716080   678.613957 16608.745184
  317.500000    -655.48462274       5.07196819    -650.41265454   632.879213 16611.396157
  317.550000    -655.04363398       5.85524820    -649.18838578   730.616741 16614.049272
  317.600000    -655.27494180       5.37578725    -649.89915455   670.789696 16616.684159
  317.650000    -655.00304339       5.19194232    -649.81110107   647.849561 16619.329130
  317.700000    -654.74593099       5.05047955    -649.69545144   630.197864 16621.978925
  317.750000    -654.94499985       5.78796079    -649.15703906   722.220631 16624.626903
  317.800000    -655.70558010       6.47183107    -649.23374903   807.553833 16627.240134
  317.850000    -654.42310651       4.86672799    -649.55637851   607.269380 16629.904009
  317.900000    -655.85112830       6.34296506    -649.50816323   791.473957 16632.582328
  317.950000    -655.75628100       5.70542203    -650.05085897   711.921460 16635.242131
  318.000000    -655.59254544       5.72800757    -649.86453787   714.739680 16637.904864
  318.050000    -655.89414053       6.30181436    -649.59232617   786.339180 16640.563138
  318.100000    -655.75356146       6.51398787    -649.23957358   812.814150 16643.234032
  318.150000    -655.22499629       5.97707427    -649.24792202   745.818175 16645.900461
  318.200000    -654.60319114       5.30175370    -649.30143744   661.551804 16648.554769
  318.250000    -654.10456931       5.95947750    -648.14509181   743.622453 16651.229958
  318.300000    -655.36808701       7.19740327    -648.17068373   898.090592 16653.890818
  318.350000    -655.41224791       6.64142730    -648.77082061   828.716017 16656.547503
  318.400000    -654.88535677       5.85780223    -649.02755453   730.935433 16659.184017
  318.450000    -655.52823629       5.86566368    -649.66257261   731.916383 16661.837166
  318.500000    -654.39678745       5.21935035    -649.17743710   651.269530 16664.493949
  318.550000    -654.26639878       5.31532945    -648.95106933   663.245783 16667.167496
  318.600000    -655.29618076       5.80692747    -649.48925330   724.587289 16669.829053
  318.650000    -655.53054807       6.33643806    -649.19411000   790.659519 16672.476850
  318.700000    -654.35286384       5.50381222    -648.84905162   686.764628 16675.118952
  318.750000    -655.44325076       4.99089603    -650.45235473   622.763044 16677.770236
  318.800000    -656.00299129       5.70442734    -650.29856394   711.797344 16680.408980
  318.850000    -655.07829840       5.10204341    -649.97625499   636.631993 16683.044461
  318.900000    -654.73953938       5.16395937    -649.57558001   644.357854 16685.678113
  318.950000    -655.50473803       5.59419760    -649.91054042   698.042898 16688.305979
  319.000000    -654.66534217       4.36956547    -650.29577670   545.233537 16690.904579
  319.050000    -656.08918940       5.58092146    -650.50826795   696.386303 16693.523086
  319.100000    -655.04770502       5.18370077    -649.86400424   646.821183 16696.144962
  319.150000    -654.59657787       4.92914636    -649.66743151   615.057933 16698.766914
  319.200000    -654.74159002       5.38417509    -649.35741492   671.836330 16701.391357
  319.250000    -654.99288791       5.74463667    -649.24825124   716.814655 16704.009747
  319.300000    -655.22345580       5.59772322    -649.62573258   698.482824 16706.623716
  319.350000    -655.71458327       6.01286250    -649.70172077   750.283823 16709.227788
  319.400000    -654.10995027       5.02141067    -649.08853960   626.570655 16711.833633
  319.450000    -655.85086421       6.05354770    -649.79731651   755.360515 16714.434785
  319.500000    -654.77933559       5.72901279    -649.05032280   714.865111 16717.046771
  319.550000    -655.28022171       5.18537212    -650.09484959   647.029733 16719.680451
  319.600000    -654.71175001       5.21067650    -649.50107351   650.187209 16722.318223
  319.650000    -656.16565055       5.99134174    -650.17430881   747.598467 16724.982906
  319.700000    -656.17190449       5.45480432    -650.71710017   680.649430 16727.636143
  319.750000    -655.73913870       5.61563736    -650.12350135   700.718146 16730.290180
  319.800000    -656.13128195       5.29176255    -650.83951939   660.305111 16732.945209
  319.850000    -654.73254062       5.20456953    -649.52797108   649.425183 16735.609069
  319.900000    -654.76901816       5.34100238    -649.42801578   666.449247 16738.292139
  319.950000    -655.15658943       5.49300659    -649.66358284   685.416302 16740.973025
  320.000000    -656.00896585       6.26566126    -649.74330459   781.828004 16743.654537
  320.050000    -655.99178701       5.46983890    -650.52194811   682.525443 16746.334586
  320.100000    -655.74774734       5.03358876    -650.71415859   628.090234 16749.011389
  320.150000    -656.69896904       5.50225185    -651.19671720   686.569924 16751.664269
  320.200000    -657.08783721       4.31993431    -652.76790290   539.040570 16754.326702
  320.250000    -657.12776708       5.17802179    -651.94974529   646.112561 16756.992096
  320.300000    -656.04185745       4.55861341    -651.48324404   568.822902 16759.640042
  320.350000    -656.28028458       5.31414712    -650.96613746   663.098252 16762.301800
  320.400000    -655.26042952       4.21064956    -651.04977996   525.404040 16764.960363
  320.450000    -655.68489220       5.37654135    -650.30835084   670.883793 16767.627462
  320.500000    -655.48171664       5.30381978    -650.17789686   661.809610 16770.293072
  320.550000    -656.22662545       5.58155608    -650.64506937   696.465491 16772.937380
  320.600000    -654.41207647       5.19723913    -649.21483735   648.510496 16775.558058
  320.650000    -655.97450053       7.23244882    -648.74205171   902.463569 16778.160038
  320.700000    -654.95225610       5.39729939    -649.55495671   673.473977 16780.769607
  320.750000    -656.10738416       5.64546014    -650.46192403   704.439427 16783.381142
  320.800000    -655.63462733       6.10135909    -649.53326823   761.326411 16785.997669
  320.850000    -655.34122759       6.06863302    -649.27259456   757.242858 16788.617216
  320.900000    -654.88584352       5.99747816    -648.88836537   748.364167 16791.234929
  320.950000    -654.64208054       5.85213849    -648.78994205   730.228712 16793.852990
  321.000000    -655.24989082       5.95294587    -649.29694496   742.807437 16796.470847
  321.050000    -655.25786024       5.76362935    -649.49423090   719.184558 16799.081768
  321.100000    -654.78268903       4.72178820    -650.06090084   589.183820 16801.691623
  321.150000    -654.90709329       5.73735835    -649.16973494   715.906469 16804.305811
  321.200000    -655.47459418       6.78102582    -648.69356836   846.135094 16806.964607
  321.250000    -654.37455362       5.17781780    -649.19673582   646.087106 16809.575931
  321.300000    -656.04732263       5.89348622    -650.15383641   735.388073 16812.174778
  321.350000    -655.10019280       4.88528338    -650.21490942   609.584718 16814.790029
  321.400000    -655.03622758       4.55962943    -650.47659815   568.949680 16817.393852
  321.450000    -655.98670402       4.76018750    -651.22651652   593.975278 16819.997437
  321.500000    -655.35261529       4.42336885    -650.92924644   551.947112 16822.593980
  321.550000    -656.22240350       5.14098183    -651.08142167   641.490721 16825.203898
  321.600000    -655.54836178       4.54146152    -651.00690026   566.682692 16827.815212
  321.650000    -655.65665384       4.51450768    -651.14214616   563.319397 16830.433975
  321.700000    -655.55742180       5.26943907    -650.28798273   657.519590 16833.050051
  321.750000    -655.52030481       6.45387349    -649.06643131   805.313089 16835.655060
  321.800000    -654.72284371       6.22311760    -648.49972610   776.519414 16838.267940
  321.850000    -654.51566060       5.90625805    -648.60940255   736.981741 16840.874605
  321.900000    -655.15673648       5.33298995    -649.82374653   665.449457 16843.565709
  321.950000    -655.29253276       5.82429810    -649.46823467   726.754793 16846.169999
  322.000000    -654.81155090       5.95312816    -648.85842275   742.830183 16848.788072
  322.050000    -654.80927817       5.97240650    -648.83687168   745.235730 16851.410839
  322.100000    -654.84670562       5.70627228    -649.14043335   712.027554 16854.033928
  322.150000    -654.38686627       5.53029678    -648.85656949   690.069366 16856.631014
  322.200000    -654.38613039       4.92014839    -649.46598201   613.935167 16859.249391
  322.250000    -655.44750670       6.33386630    -649.11364040   790.338615 16861.874692
  322.300000    -655.29979002       5.46878296    -649.83100706   682.393683 16864.468579
  322.350000    -655.29439942       6.09028421    -649.20411520   759.944489 16867.083914
  322.400000    -654.45600139       5.82049259    -648.63550880   726.279943 16869.722353
  322.450000    -654.83406488       5.50931436    -649.32475053   687.451183 16872.332138
  322.500000    -655.05856530       5.86923265    -649.18933265   732.361717 16874.962260
  322.550000    -654.04344660       5.44798980    -648.59545680   679.799116 16877.575961
  322.600000    -654.39630559       6.22969850    -648.16660709   777.340577 16880.177954
  322.650000    -654.35587456       6.09428538    -648.26158918   760.443755 16882.800055
  322.700000    -654.20347611       5.71349832    -648.48997779   712.929218 16885.423468
  322.750000    -654.62500069       5.52739284    -649.09760785   689.707012 16888.033783
  322.800000    -653.97039870       5.20847074    -648.76192795   649.911975 16890.644170
  322.850000    -654.58290930       5.94387318    -648.63903612   741.675349 16893.255739
  322.900000    -654.65909252       6.46977787    -648.18931465   807.297634 16895.872883
  322.950000    -654.87500744       6.05970003    -648.81530741   756.128201 16898.492235
  323.000000    -655.02606946       5.87871432    -649.14735513   733.544839 16901.095546
  323.050000    -655.15949049       6.41718685    -648.74230365   800.735337 16903.710545
  323.100000    -655.01986046       6.12751863    -648.89234183   764.590593 16906.338933
  323.150000    -655.65079411       6.68933607    -648.96145805   834.694064 16908.940671
  323.200000    -654.20528417       5.78657685    -648.41870732   722.047943 16911.549255
  323.250000    -654.62297795       6.94996529    -647.67301266   867.215328 16914.157696
  323.300000    -654.13950108       6.11113798    -648.02836310   762.546618 16916.763585
  323.350000    -653.53489359       6.04746348    -647.48743010   754.601327 16919.376524
  323.400000    -654.81632368       6.99197960    -647.82434408   872.457866 16921.977948
  323.450000    -653.94694964       5.84531900    -648.10163064   729.377778 16924.585139
  323.500000    -654.50441059       5.61182415    -648.89258645   700.242335 16927.191798
  323.550000    -654.65979125       5.59282919    -649.06696206   697.872148 16929.789095
  323.600000    -655.88368331       6.16317092    -649.72051239   769.039278 16932.389464
  323.650000    -654.35278241       6.09361366    -648.25916875   760.359937 16934.995806
  323.700000    -654.10684718       5.89134134    -648.21550584   735.120436 16937.594206
  323.750000    -654.32011081       5.89855337    -648.42155744   736.020351 16940.193809
  323.800000    -654.42162977       6.12734402    -648.29428576   764.568805 16942.800726
  323.850000    -656.27130219       6.36359517    -649.90770702   794.048178 16945.388542
  323.900000    -655.62869543       5.13964119    -650.48905424   641.323437 16947.985909
  323.950000    -655.33452954       5.42994957    -649.90457998   677.548059 16950.578458
  324.000000    -654.98904035       4.83886013    -650.15018022   603.792033 16953.160006
  324.050000    -654.59690586       5.36500671    -649.23189916   669.444502 16955.768568
  324.100000    -655.23600028       5.48579658    -649.75020370   684.516640 16958.377313
  324.150000    -655.53329201       5.71903259    -649.81425941   713.619784 16960.955872
  324.200000    -655.37266623       4.94948563    -650.42318060   617.595862 16963.554066
  324.250000    -655.24281496       5.01800245    -650.22481251   626.145378 16966.154971
  324.300000    -656.37596625       5.90866189    -650.46730437   737.281690 16968.734051
  324.350000    -654.91173941       4.82437143    -650.08736798   601.984137 16971.331977
  324.400000    -655.43596813       5.47332391    -649.96264422   682.960302 16973.931702
  324.450000    -655.85915169       5.40431106    -650.45484063   674.348891 16976.511016
  324.500000    -655.35646795       4.32013943    -651.03632852   539.066165 16979.106466
  324.550000    -655.45910693       5.06711409    -650.39199283   632.273519 16981.709214
  324.600000    -654.36577328       4.99666362    -649.36910966   623.482722 16984.297972
  324.650000    -654.42641051       5.43586129    -648.99054922   678.285723 16986.898500
  324.700000    -654.81647280       6.24082770    -648.57564510   778.729276 16989.497442
  324.750000    -654.70862241       6.16983039    -648.53879202   769.870246 16992.072115
  324.800000    -654.63133981       6.18734783    -648.44399198   772.056068 16994.675744
  324.850000    -654.21097050       4.95500082    -649.25596968   618.284046 16997.273692
  324.900000    -655.00109692       5.62291027    -649.37818665   701.625658 16999.849332
  324.950000    -655.42146549       5.34289103    -650.07857447   666.684911 17002.446621
  325.000000    -655.60268396       5.37755472    -650.22512923   671.010241 17005.051216
  325.050000    -655.01227810       5.72682131    -649.28545680   714.591658 17007.634492
  325.100000    -654.92985492       6.29483794    -648.63501698   785.468663 17010.237177
  325.150000    -654.96381025       5.31735112    -649.64645913   663.498047 17012.852596
  325.200000    -654.44326772       4.25631249    -650.18695523   531.101851 17015.489383
  325.250000    -655.71418809       5.34209570    -650.37209239   666.585671 17018.135355
  325.300000    -655.88523547       6.25983819    -649.62539728   781.101401 17020.761716
  325.350000    -655.71926611       6.35580570    -649.36346041   793.076210 17023.383208
  325.400000    -655.80532575       6.77793806    -649.02738769   845.749803 17026.011944
  325.450000    -655.01528842       6.42623511    -648.58905332   801.864377 17028.644692
  325.500000    -655.31922277       5.99359878    -649.32562400   747.880099 17031.277001
  325.550000    -654.77417788       5.47189969    -649.30227819   682.782588 17033.930031
  325.600000    -655.69174622       6.18891994    -649.50282628   772.252236 17036.576707
  325.650000    -655.52408662       5.38168836    -650.14239825   671.526036 17039.218420
  325.700000    -655.60986358       6.25498305    -649.35488053   780.495578 17041.850269
  325.750000    -655.35451182       5.65340255    -649.70110927   705.430480 17044.477926
  325.800000    -654.72275320       5.03196965    -649.69078355   627.888202 17047.122724
  325.850000    -655.42591070       5.82438219    -649.60152851   726.765286 17049.758856
  325.900000    -655.98361653       5.79427176    -650.18934477   723.008112 17052.398972
  325.950000    -655.77417361       5.68234576    -650.09182785   709.042008 17055.034495
  326.000000    -655.28570428       4.91727898    -650.36842531   613.577122 17057.670844
  326.050000    -655.42606157       6.13970588    -649.28635569   766.111315 17060.315133
  326.100000    -655.55577601       4.91671161    -650.63906441   613.506326 17062.965914
  326.150000    -655.68835284       5.39603714    -650.29231570   673.316474 17065.588248
  326.200000    -654.88504967       4.76934485    -650.11570482   595.117931 17068.192255
  326.250000    -655.83936900       5.90587222    -649.93349678   736.933597 17070.795625
  326.300000    -655.48913423       5.04928857    -650.43984566   630.049254 17073.390884
  326.350000    -655.88620663       4.58924064    -651.29696599   572.644562 17076.006704
  326.400000    -655.81682356       4.91047514    -650.90634843   612.728140 17078.622823
  326.450000    -655.69221535       4.76149997    -650.93071537   594.139048 17081.223464
  326.500000    -656.07137212       5.28779083    -650.78358128   659.809520 17083.844827
  326.550000    -655.42490036       5.05151733    -650.37338303   630.327358 17086.455369
  326.600000    -655.60196805       5.43343042    -650.16853764   677.982399 17089.055617
  326.650000    -655.46215883       5.01401023    -650.44814860   625.647230 17091.665084
  326.700000    -655.73776049       5.39423715    -650.34352334   673.091871 17094.272184
  326.750000    -655.65369684       6.03428526    -649.61941158   752.956951 17096.857594
  326.800000    -654.73507863       4.78808863    -649.94699000   597.456776 17099.471637
  326.850000    -655.24235210       5.07500156    -650.16735054   633.257715 17102.088367
  326.900000    -655.74831214       5.96174761    -649.78656452   743.905717 17104.689234
  326.950000    -654.88830225       5.11843181    -649.76987044   638.676934 17107.321703
  327.000000    -655.67779255       5.34742860    -650.33036395   667.251109 17109.940046
  327.050000    -654.74099566       4.66364997    -650.07734569   581.929343 17112.540488
  327.100000    -655.24336017       5.36990056    -649.87345961   670.055156 17115.159584
  327.150000    -655.08802785       4.55236594    -650.53566191   568.043344 17117.779345
  327.200000    -656.75840992       5.86287315    -650.89553677   731.568180 17120.378959
  327.250000    -655.30669553       4.31410705    -650.99258848   538.313445 17122.992998
  327.300000    -655.51599299       4.37038946    -651.14560354   545.336353 17125.606409
  327.350000    -655.56063890       4.96745341    -650.59318550   619.837878 17128.201429
  327.400000    -655.96990164       5.09867103    -650.87123062   636.211187 17130.810267
  327.450000    -655.94354449       4.78291716    -651.16062733   596.811481 17133.421313
  327.500000    -655.13533187       4.81982496    -650.31550691   601.416829 17136.017851
  327.550000    -655.57870752       4.72615953    -650.85254799   589.729275 17138.628286
  327.600000    -656.31243010       4.95109613    -651.36133397   617.796819 17141.243468
  327.650000    -655.85450361       5.87013500    -649.98436861   732.474313 17143.848578
  327.700000    -656.25036875       6.28061093    -649.96975783   783.693420 17146.474941
  327.750000    -654.64665102       4.83968515    -649.80696587   603.894980 17149.097077
  327.800000    -655.35878188       5.07005390    -650.28872797   632.640348 17151.714491
  327.850000    -654.38245358       5.28507472    -649.09737886   659.470604 17154.326728
  327.900000    -655.21850255       6.43067813    -648.78782442   802.418777 17156.934866
  327.950000    -654.20649241       5.96410350    -648.24238891   744.199685 17159.545085
  328.000000    -654.21999371       6.20790130    -648.01209240   774.620727 17162.154097
  328.050000    -654.10195571       7.44714173    -646.65481397   929.252909 17164.764678
  328.100000    -652.89915440       5.75933331    -647.13982108   718.648500 17167.378386
  328.150000    -654.08909447       7.17566890    -646.91342558   895.378581 17169.986876
  328.200000    -654.03954496       6.12368705    -647.91585790   764.112489 17172.584277
  328.250000    -653.77056521       6.18554473    -647.58502048   771.831079 17175.202870
  328.300000    -654.32760337       6.68828507    -647.63931829   834.562921 17177.825379
  328.350000    -654.13475824       5.61405506    -648.52070319   700.520707 17180.441894
  328.400000    -654.92931463       5.30847157    -649.62084305   662.390059 17183.046957
  328.450000    -656.23838942       6.03655411    -650.20183531   753.240057 17185.653436
  328.500000    -655.92678294       5.84742876    -650.07935418   729.641033 17188.261057
  328.550000    -656.09645461       5.97539648    -650.12105813   745.608820 17190.870496
  328.600000    -655.12856004       5.11724052    -650.01131952   638.528285 17193.486727
  328.650000    -655.22318185       5.51801473    -649.70516713   688.536813 17196.095803
  328.700000    -654.53242581       5.38279855    -649.14962726   671.664565 17198.694594
  328.750000    -654.43762245       6.11998400    -648.31763845   763.650423 17201.292839
  328.800000    -654.98800490       5.61144592    -649.37655899   700.195139 17203.884473
  328.850000    -654.19028563       6.29191389    -647.89837174   785.103802 17206.488904
  328.900000    -653.34042474       5.62315140    -647.71727334   701.655747 17209.088919
  328.950000    -654.07566369       5.99185951    -648.08380418   747.663074 17211.704099
  329.000000    -654.29926886       6.33542316    -647.96384570   790.532879 17214.504744
  329.050000    -654.04941588       5.29945352    -648.74996237   661.264787 17217.107270
  329.100000    -655.57949512       5.40088057    -650.17861455   673.920836 17219.709939
  329.150000    -655.72833661       5.04016180    -650.68817482   628.910417 17222.304099
  329.200000    -654.92390558       5.45151781    -649.47238777   680.239340 17224.901343
  329.250000    -655.60048305       6.23014872    -649.37033433   777.396755 17227.498655
  329.300000    -655.02584720       5.52739169    -649.49845550   689.706869 17230.093345
  329.350000    -655.11809008       5.15657189    -649.96151819   643.436046 17232.685755
  329.400000    -655.55145363       5.62448701    -649.92696662   701.822405 17235.257100
  329.450000    -655.81439098       6.13038689    -649.68400410   764.948493 17237.849996
  329.500000    -655.01468268       5.41831195    -649.59637072   676.095920 17240.450400
  329.550000    -655.75276003       5.05484175    -650.69791828   630.742179 17243.042020
  329.600000    -655.97510132       5.92773398    -650.04736734   739.661503 17245.635107
  329.650000    -654.93540331       5.08157198    -649.85383133   634.077572 17248.233374
  329.700000    -656.63461684       6.59080597    -650.04381087   822.399497 17250.829437
  329.750000    -655.72328306       5.45496739    -650.26831566   680.669779 17253.426816
  329.800000    -655.43492104       5.18992524    -650.24499580   647.597870 17256.027343
  329.850000    -654.33367465       4.98295684    -649.35071781   621.772394 17258.622686
  329.900000    -654.75123872       5.11791627    -649.63332245   638.612605 17261.222509
  329.950000    -653.73274125       5.19814552    -648.53459574   648.623595 17263.821994
  330.000000    -654.82629533       5.99344421    -648.83285111   747.860813 17266.398765
  330.050000    -654.99313973       5.97243144    -649.02070829   745.238843 17268.995393
  330.100000    -655.36117008       6.35176295    -649.00940714   792.571755 17271.601361
  330.150000    -654.69177321       5.81147054    -648.88030267   725.154172 17274.212055
  330.200000    -655.42864293       6.74685294    -648.68178999   841.871009 17276.816869
  330.250000    -653.94436092       5.74248053    -648.20188039   716.545613 17279.419133
  330.300000    -654.86565096       6.55533477    -648.31031619   817.973409 17282.018116
  330.350000    -655.04337757       7.21662560    -647.82675198   900.489150 17284.629069
  330.400000    -654.14939457       6.21222753    -647.93716703   775.160553 17287.233196
  330.450000    -654.99769035       5.44957717    -649.54811318   679.997188 17289.837386
  330.500000    -654.75989046       5.35533034    -649.40456013   668.237087 17292.438878
  330.550000    -655.54799811       5.17555313    -650.37244499   645.804521 17295.040700
  330.600000    -655.14075199       4.98109868    -650.15965330   621.540533 17297.610409
  330.650000    -654.76001642       5.05517011    -649.70484631   630.783151 17300.212951
  330.700000    -654.96014762       5.67068244    -649.28946517   707.586662 17302.814725
  330.750000    -654.89883835       5.67651176    -649.22232659   708.314042 17305.387367
  330.800000    -654.22400508       5.36111241    -648.86289267   668.958572 17308.030599
  330.850000    -654.59709963       5.67651157    -648.92058805   708.314019 17310.669364
  330.900000    -654.58317932       5.97664589    -648.60653343   745.764721 17313.306581
  330.950000    -654.36388031       5.51794132    -648.84593899   688.527654 17315.944047
  331.000000    -654.89335336       6.44269502    -648.45065834   803.918242 17318.589471
  331.050000    -654.72348297       6.23052368    -648.49295930   777.443542 17321.231371
  331.100000    -654.27501102       5.64412339    -648.63088762   704.272628 17323.879822
  331.150000    -654.84009941       6.45799050    -648.38210891   805.826809 17326.533780
  331.200000    -654.43015172       5.97382820    -648.45632352   745.413131 17329.176489
  331.250000    -654.49866990       6.27291839    -648.22575151   782.733547 17331.818036
  331.300000    -653.79083956       5.39641072    -648.39442884   673.363089 17334.475539
  331.350000    -655.14862915       6.75411832    -648.39451082   842.777581 17337.117857
  331.400000    -654.50533730       7.19100988    -647.31432742   897.292825 17339.759252
  331.450000    -653.24549825       6.39419556    -646.85130268   797.866489 17342.398999
  331.500000    -653.83808942       6.83240114    -647.00568828   852.545696 17345.044732
  331.550000    -654.47689156       6.57253587    -647.90435568   820.119759 17347.684432
  331.600000    -654.84593604       6.22681581    -648.61912023   776.980876 17350.324885
  331.650000    -654.02332886       5.37007082    -648.65325804   670.076401 17352.966030
  331.700000    -654.25782306       5.25523991    -649.00258315   655.747822 17355.611216
  331.750000    -653.93511425       4.92692345    -649.00819080   614.780558 17358.239069
  331.800000    -654.92979798       5.90124914    -649.02854884   736.356730 17360.847996
  331.850000    -655.10106616       6.32205586    -648.77901030   788.864911 17363.459874
  331.900000    -654.77685916       5.53736326    -649.23949590   690.951119 17366.064416
  331.950000    -654.99774055       5.26198779    -649.73575276   656.589822 17368.672267
  332.000000    -654.90221831       5.36199529    -649.54022303   669.068737 17371.275958
  332.050000    -653.34155431       5.04704344    -648.29451087   629.769107 17373.881924
  332.100000    -654.22713837       6.09437521    -648.13276317   760.454963 17376.484344
  332.150000    -654.69538153       5.71419504    -648.98118648   713.016155 17379.093849
  332.200000    -654.87157287       5.39304981    -649.47852305   672.943715 17381.696884
  332.250000    -654.96273636       5.18924497    -649.77349139   647.512986 17384.302141
  332.300000    -656.22918102       5.71944186    -650.50973916   713.670852 17386.890315
  332.350000    -655.65477679       5.30888471    -650.34589209   662.441609 17389.498263
  332.400000    -654.38994787       4.54637435    -649.84357352   567.295714 17392.115067
  332.450000    -655.10561506       5.67700691    -649.42860815   708.375827 17394.715675
  332.500000    -655.09413384       6.81718726    -648.27694658   850.647311 17397.332979
  332.550000    -654.31171627       5.19563771    -649.11607856   648.310671 17399.943937
  332.600000    -654.54151770       5.45455923    -649.08695847   680.618848 17402.557149
  332.650000    -655.69929706       6.68498802    -649.01430904   834.151516 17405.172200
  332.700000    -654.84587565       5.71911288    -649.12676277   713.629802 17407.804556
  332.750000    -654.62828539       6.06484766    -648.56343773   756.770521 17410.424173
  332.800000    -655.13573035       6.33781274    -648.79791761   790.831051 17413.031538
  332.850000    -654.91576805       5.96678496    -648.94898309   744.534276 17415.634819
  332.900000    -654.87998074       5.71839346    -649.16158728   713.540032 17418.235103
  332.950000    -655.05065170       4.74473415    -650.30591755   592.047012 17420.840980
  333.000000    -654.00391666       4.41407299    -649.58984367   550.787176 17423.449282
  333.050000    -655.26364659       5.43660099    -649.82704560   678.378023 17426.073667
  333.100000    -654.48550761       5.85043863    -648.63506898   730.016604 17428.696823
  333.150000    -655.41705038       6.11806690    -649.29898348   763.411207 17431.286596
  333.200000    -655.50237424       6.30170715    -649.20066710   786.325802 17433.903715
  333.250000    -654.40869261       5.44945787    -648.95923474   679.982302 17436.509582
  333.300000    -654.77917078       6.17081743    -648.60835335   769.993409 17439.124566
  333.350000    -654.71854098       6.56243634    -648.15610465   818.859540 17441.756739
  333.400000    -653.31494280       5.34311433    -647.97182847   666.712775 17444.386218
  333.450000    -653.78357802       5.71657292    -648.06700510   713.312866 17447.012376
  333.500000    -653.76594863       7.00849324    -646.75745539   874.518434 17449.642327
  333.550000    -653.21322056       5.55095336    -647.66226720   692.646889 17452.271775
  333.600000    -654.16667347       6.86336604    -647.30330743   856.409491 17454.895275
  333.650000    -653.19335772       5.58593237    -647.60742535   697.011563 17457.526567
  333.700000    -653.82275160       5.99331142    -647.82944018   747.844243 17460.143054
  333.750000    -654.58723959       7.08981783    -647.49742176   884.666102 17462.766696
  333.800000    -653.52948160       5.88765993    -647.64182167   734.661071 17465.383072
  333.850000    -654.02177887       7.05114304    -646.97063584   879.840268 17468.000557
  333.900000    -654.22010509       6.22532524    -647.99477985   776.794882 17470.623753
  333.950000    -654.10790064       5.76334525    -648.34455539   719.149108 17473.229573
  334.000000    -654.90972128       6.43313020    -648.47659108   802.724745 17475.844557
  334.050000    -654.31937289       5.77323895    -648.54613395   720.383642 17478.462141
  334.100000    -654.24181288       5.77810589    -648.46370698   720.990939 17481.068456
  334.150000    -654.08001545       5.23650051    -648.84351494   653.409524 17483.680329
  334.200000    -654.70574966       4.83568936    -649.87006029   603.396386 17486.291754
  334.250000    -655.78517261       5.59218474    -650.19298787   697.791733 17488.897009
  334.300000    -655.68812472       5.20046879    -650.48765593   648.913493 17491.507691
  334.350000    -655.73448544       4.97910217    -650.75538327   621.291408 17494.116293
  334.400000    -655.29238810       4.51076319    -650.78162491   562.852160 17496.724029
  334.450000    -655.92247390       5.59172230    -650.33075159   697.734031 17499.342648
  334.500000    -655.93588872       5.46508264    -650.47080608   681.931957 17501.962163
  334.550000    -655.56105579       5.20842034    -650.35263546   649.905685 17504.577413
  334.600000    -655.17156015       5.94113736    -649.23042279   741.333974 17507.188173
  334.650000    -655.25008135       5.43747562    -649.81260572   678.487159 17509.804257
  334.700000    -655.62544278       5.94544936    -649.67999342   741.872024 17512.416455
  334.750000    -654.35909129       5.64119668    -648.71789461   703.907433 17515.025212
  334.800000    -654.12379207       5.00429541    -649.11949666   624.435016 17517.617125
  334.850000    -654.68352228       5.18329206    -649.50023022   646.770184 17520.220239
  334.900000    -654.95591697       6.11764625    -648.83827072   763.358719 17522.827470
  334.950000    -654.20837716       5.38951159    -648.81886558   672.502216 17525.407673
  335.000000    -654.88466330       5.33655017    -649.54811313   665.893700 17528.016664
  335.050000    -655.41846707       6.23361839    -649.18484868   777.829700 17530.624669
  335.100000    -653.79775536       5.40720935    -648.39054601   674.710540 17533.218155
  335.150000    -654.78002671       6.71555601    -648.06447070   837.965783 17535.827013
  335.200000    -653.90278863       6.43116601    -647.47162262   802.479654 17538.467074
  335.250000    -653.15503843       5.58251106    -647.57252737   696.584653 17541.080786
  335.300000    -654.42705073       6.54409516    -647.88295557   816.570932 17543.708642
  335.350000    -653.86620888       5.84042737    -648.02578151   728.767401 17546.328480
  335.400000    -654.27027422       5.64255089    -648.62772333   704.076411 17548.932233
  335.450000    -654.87265879       5.66630849    -649.20635030   707.040880 17551.568265
  335.500000    -655.03302086       7.27460867    -647.75841218   907.724267 17554.195857
  335.550000    -654.10899176       4.90477816    -649.20421360   612.017273 17556.803191
  335.600000    -655.04458504       5.48291509    -649.56166995   684.157087 17559.447231
  335.650000    -655.44927128       5.72905913    -649.72021215   714.870893 17562.084352
  335.700000    -655.77848282       5.98583301    -649.79264981   746.911088 17564.687512
  335.750000    -655.22474977       5.10842893    -650.11632085   637.428776 17567.322723
  335.800000    -655.46669132       5.45149260    -650.01519872   680.236195 17569.938962
  335.850000    -655.12597947       4.69201115    -650.43396832   585.468246 17572.559734
  335.900000    -654.93279851       5.18181683    -649.75098168   646.586105 17575.187407
  335.950000    -655.18347526       5.68451504    -649.49896023   709.312690 17577.805084
  336.000000    -655.32970607       6.19905959    -649.13064649   773.517459 17580.397569
  336.050000    -654.54370949       5.00685499    -649.53685450   624.754400 17583.014717
  336.100000    -655.11452918       5.40077780    -649.71375138   673.908012 17585.626576
  336.150000    -655.70252749       5.07018007    -650.63234741   632.656092 17588.215723
  336.200000    -655.01474702       4.98432106    -650.03042596   621.942621 17590.833178
  336.250000    -655.35598967       4.85977659    -650.49621308   606.401986 17593.448087
  336.300000    -655.62531241       5.16152142    -650.46379099   644.053647 17596.041570
  336.350000    -655.14097120       5.49752063    -649.64345058   685.979563 17598.646627
  336.400000    -655.63072480       5.29532205    -650.33540276   660.749264 17601.281961
  336.450000    -655.58606104       5.74010342    -649.84595761   716.248998 17603.916108
  336.500000    -654.52778845       4.94195161    -649.58583684   616.655769 17606.557923
  336.550000    -655.32261990       6.05388421    -649.26873569   755.402504 17609.199708
  336.600000    -655.46758683       5.63954854    -649.82803828   703.701779 17611.831456
  336.650000    -655.01572374       5.64935650    -649.36636724   704.925615 17614.477332
  336.700000    -655.34510155       5.49862033    -649.84648122   686.116783 17617.119519
  336.750000    -654.91555038       6.25438507    -648.66116531   780.420963 17619.765739
  336.800000    -654.50111378       5.80821687    -648.69289691   724.748181 17622.396699
  336.850000    -654.38435071       5.38761070    -648.99674001   672.265024 17625.048138
  336.900000    -654.95620437       5.48714302    -649.46906135   684.684648 17627.694149
  336.950000    -654.95048461       5.86900652    -649.08147809   732.333502 17630.318778
  337.000000    -653.43249323       4.97131309    -648.46118014   620.319489 17632.963172
  337.050000    -653.98697950       5.30392444    -648.68305507   661.822668 17635.609895
  337.100000    -654.86122772       6.43127397    -648.42995375   802.493125 17638.241524
  337.150000    -654.94578566       5.81877651    -649.12700915   726.065811 17640.881382
  337.200000    -654.50724132       5.56315396    -648.94408737   694.169277 17643.516873
  337.250000    -654.23273558       5.63663939    -648.59609619   703.338775 17646.153202
  337.300000    -654.35438651       6.52644936    -647.82793715   814.369092 17648.799852
  337.350000    -654.75070115       6.77327347    -647.97742769   845.167756 17651.430716
  337.400000    -653.94371075       6.33312810    -647.61058265   790.246503 17654.024927
  337.450000    -653.93673724       6.02135003    -647.91538720   751.342895 17656.635428
  337.500000    -654.15293247       5.74684701    -648.40608546   717.090462 17659.241276
  337.550000    -653.81791319       5.14203042    -648.67588276   641.621564 17661.834971
  337.600000    -654.99493544       6.25044290    -648.74449254   779.929059 17664.441107
  337.650000    -654.35621664       5.58746930    -648.76874734   697.203341 17667.045734
  337.700000    -654.72438690       6.10756754    -648.61681935   762.101100 17669.631501
  337.750000    -654.75829891       6.59606608    -648.16223283   823.055853 17672.230404
  337.800000    -654.60197649       5.69608316    -648.90589334   710.756157 17674.833242
  337.850000    -654.72760076       5.22688780    -649.50071296   652.210051 17677.423153
  337.900000    -655.31970444       5.09032998    -650.22937446   635.170393 17680.025885
  337.950000    -655.38714740       5.06459251    -650.32255489   631.958877 17682.628030
  338.000000    -655.54960977       4.98933798    -650.56027178   622.568631 17685.212940
  338.050000    -656.49595888       5.32299714    -651.17296174   664.202556 17687.825764
  338.100000    -656.28800338       5.08169745    -651.20630593   634.093228 17690.435428
  338.150000    -655.85894702       5.09531223    -650.76363478   635.792078 17693.029227
  338.200000    -655.85260444       5.34709945    -650.50550499   667.210038 17695.639472
  338.250000    -655.40795102       6.02150848    -649.38644253   751.362667 17698.266016
  338.300000    -655.68722196       6.48801589    -649.19920607   809.573372 17700.865895
  338.350000    -655.81634175       5.28571309    -650.53062867   659.550259 17703.481786
  338.400000    -655.03424200       4.42673100    -650.60751100   552.366640 17706.107790
  338.450000    -656.27753707       5.47275434    -650.80478273   682.889230 17708.720479
  338.500000    -656.10829580       6.03374816    -650.07454763   752.889932 17711.322193
  338.550000    -654.73110257       4.62742063    -650.10368194   577.408653 17713.927592
  338.600000    -655.89915924       5.86480874    -650.03435050   731.809703 17716.513493
  338.650000    -654.90635516       5.20982918    -649.69652598   650.081480 17719.121990
  338.700000    -654.39100061       4.64294294    -649.74805767   579.345524 17721.723728
  338.750000    -655.35224917       4.87214228    -650.48010688   607.944974 17724.326703
  338.800000    -654.62165593       5.07365311    -649.54800282   633.089456 17726.920993
  338.850000    -655.99566324       5.61406298    -650.38160026   700.521695 17729.521718
  338.900000    -655.34916081       5.29356227    -650.05559854   660.529679 17732.128194
  338.950000    -655.16302892       5.34809207    -649.81493685   667.333897 17734.729042
  339.000000    -655.49280022       5.49299627    -649.99980395   685.415015 17737.326335
  339.050000    -655.25368459       5.77913365    -649.47455094   721.119182 17739.934033
  339.100000    -655.56713872       5.62043739    -649.94670133   701.317094 17742.529577
  339.150000    -656.22288772       6.02293798    -650.19994975   751.541039 17745.123289
  339.200000    -655.05405522       5.13088525    -649.92316997   640.230871 17747.727438
  339.250000    -654.83178650       4.84335476    -649.98843174   604.352873 17750.330577
  339.300000    -654.91335643       5.12655661    -649.78679982   639.690745 17752.932681
  339.350000    -655.01451237       4.93494472    -650.07956764   615.781451 17755.523622
  339.400000    -656.25188959       6.23144324    -650.02044635   777.558286 17758.129519
  339.450000    -655.81467634       5.63100278    -650.18367356   702.635440 17760.737647
  339.500000    -655.09990638       5.61532556    -649.48458082   700.679240 17763.344550
  339.550000    -654.70305681       6.37231362    -648.33074319   795.136064 17765.939052
  339.600000    -654.74762644       5.90032827    -648.84729817   736.241824 17768.539053
  339.650000    -654.96093708       5.44015828    -649.52077879   678.821901 17771.147164
  339.700000    -655.69160392       4.99984242    -650.69176150   623.879372 17773.761040
  339.750000    -655.04306675       5.46218390    -649.58088284   681.570254 17776.351317
  339.800000    -655.22597485       6.13055217    -649.09542267   764.969117 17778.952290
  339.850000    -655.02390043       6.55120004    -648.47270039   817.457477 17781.560690
  339.900000    -655.22465336       6.04595333    -649.17870003   754.412890 17784.164535
  339.950000    -654.34307738       4.64738892    -649.69568846   579.900292 17786.764977
  340.000000    -654.97926177       5.50427985    -649.47498193   686.822977 17789.370300
  340.050000    -655.32629991       6.03423827    -649.29206164   752.951087 17791.980579
  340.100000    -655.20091007       5.99382521    -649.20708486   747.908353 17794.590166
  340.150000    -655.42743954       6.23297249    -649.19446704   777.749105 17797.204668
  340.200000    -654.03787709       4.91670633    -649.12117076   613.505667 17799.814219
  340.250000    -655.08582344       5.71378523    -649.37203821   712.965019 17802.422443
  340.300000    -655.21266830       5.48514233    -649.72752597   684.435002 17805.039011
  340.350000    -655.27845129       5.71126782    -649.56718347   712.650896 17807.627200
  340.400000    -655.75366752       6.43308475    -649.32058277   802.719075 17810.243697
  340.450000    -655.13864820       5.85864230    -649.28000590   731.040256 17812.846824
  340.500000    -655.13310086       5.13376084    -649.99934002   640.589688 17815.452572
  340.550000    -655.08655497       4.46886617    -650.61768879   557.624259 17818.058905
  340.600000    -655.23401617       5.17046803    -650.06354814   645.170003 17820.664145
  340.650000    -655.29963855       4.77948397    -650.52015458   596.383088 17823.275665
  340.700000    -655.98305632       5.88399916    -650.09905716   734.204280 17825.886486
  340.750000    -654.49075539       5.40220754    -649.08854785   674.086415 17828.493842
  340.800000    -654.76470206       6.02286054    -648.74184153   751.531376 17831.092718
  340.850000    -654.11985754       5.63575419    -648.48410335   703.228321 17833.683072
  340.900000    -654.92541695       6.91678623    -648.00863073   863.075251 17836.284759
  340.950000    -654.29280679       5.58912177    -648.70368502   697.409537 17838.873312
  341.000000    -655.29632818       6.12741051    -649.16891766   764.577102 17841.477469
  341.050000    -655.64019671       5.66702937    -649.97316735   707.130831 17844.083087
  341.100000    -654.46822422       5.70335373    -648.76487049   711.663378 17846.690415
  341.150000    -655.20019486       6.78436414    -648.41583072   846.551649 17849.293033
  341.200000    -654.87781281       5.22436900    -649.65344381   651.895756 17851.903014
  341.250000    -655.52082097       5.83923457    -649.68158640   728.618563 17854.506206
  341.300000    -654.56218470       5.73508810    -648.82709660   715.623187 17857.109753
  341.350000    -654.39737639       5.35184244    -649.04553396   667.801867 17859.709556
  341.400000    -655.78329390       5.65243625    -650.13085764   705.309905 17862.308301
  341.450000    -654.87311688       5.49098146    -649.38213543   685.163607 17864.914439
  341.500000    -655.11741728       5.63990881    -649.47750847   703.746734 17867.511102
  341.550000    -654.30983755       5.79753420    -648.51230335   723.415199 17870.091181
  341.600000    -653.54585444       6.54163793    -647.00421651   816.264319 17872.676079
  341.650000    -653.27971151       5.92180934    -647.35790217   738.922227 17875.269332
  341.700000    -653.94625941       6.27746269    -647.66879672   783.300584 17877.847810
  341.750000    -654.30498785       6.59731600    -647.70767185   823.211818 17880.424675
  341.800000    -654.01303242       6.07529226    -647.93774016   758.073796 17883.016688
  341.850000    -653.79434609       5.60883316    -648.18551294   699.869119 17885.612807
  341.900000    -655.29055901       6.75637540    -648.53418361   843.059219 17888.217693
  341.950000    -655.43331895       6.35955902    -649.07375993   793.544548 17890.819455
  342.000000    -655.63632846       5.27750913    -650.35881933   658.526571 17893.452986
  342.050000    -655.36107791       4.29280654    -651.06827137   535.655572 17896.088801
  342.100000    -656.17229223       4.91728439    -651.25500785   613.577797 17898.728394
  342.150000    -655.95387128       4.53070932    -651.42316195   565.341035 17901.359086
  342.200000    -656.59784294       5.48268529    -651.11515765   684.128413 17904.001569
  342.250000    -656.80698363       5.32708205    -651.47990157   664.712271 17906.631134
  342.300000    -655.80415890       4.87379278    -650.93036612   608.150923 17909.272917
  342.350000    -656.21137234       5.32774433    -650.88362800   664.794910 17911.920574
  342.400000    -655.30402350       5.55778813    -649.74623537   693.499731 17914.550865
  342.450000    -655.11684533       5.83268795    -649.28415737   727.801678 17917.179565
  342.500000    -655.26501986       5.60144669    -649.66357317   698.947438 17919.823868
  342.550000    -654.76066349       5.01762623    -649.74303727   626.098433 17922.463279
  342.600000    -655.43217802       5.95740648    -649.47477154   743.364031 17925.073842
  342.650000    -656.13169628       6.40729020    -649.72440608   799.500435 17927.714247
  342.700000    -655.08999711       5.62295510    -649.46704201   701.631252 17930.360904
  342.750000    -655.22007974       6.45841829    -648.76166145   805.880188 17932.992795
  342.800000    -654.55521697       5.13109285    -649.42412412   640.256776 17935.645956
  342.850000    -654.17286690       4.58606501    -649.58680189   572.248307 17938.282671
  342.900000    -655.68902832       5.19081354    -650.49821479   647.708712 17940.942923
  342.950000    -656.43266745       5.95517099    -650.47749646   743.085087 17943.611969
  343.000000    -655.12478984       4.71153080    -650.41325905   587.903904 17946.232765
  343.050000    -655.35855231       5.68786282    -649.67068949   709.730425 17948.856249
  343.100000    -655.43720934       6.00271519    -649.43449415   749.017643 17951.475571
  343.150000    -654.39611749       5.18910922    -649.20700826   647.496048 17954.084479
  343.200000    -655.51394634       6.49785982    -649.01608651   810.801696 17956.689363
  343.250000    -654.43778443       5.32267836    -649.11510607   664.162779 17959.288206
  343.300000    -654.67624206       5.36894072    -649.30730134   669.935387 17961.894486
  343.350000    -654.96646132       5.67950230    -649.28695902   708.687201 17964.505638
  343.400000    -655.31113119       6.06222451    -649.24890668   756.443204 17967.105782
  343.450000    -655.71350892       5.61882559    -650.09468334   701.115973 17969.714132
  343.500000    -655.48024647       5.44583559    -650.03441088   679.530314 17972.328774
  343.550000    -656.45988689       5.83933554    -650.62055135   728.631162 17974.933391
  343.600000    -655.91593711       4.84620997    -651.06972714   604.709145 17977.551232
  343.650000    -656.04480437       4.95900557    -651.08579880   618.783758 17980.162072
  343.700000    -656.22528759       5.19087720    -651.03441039   647.716656 17982.762381
  343.750000    -655.49342748       4.23291488    -651.26051260   528.182302 17985.362652
  343.800000    -656.16443753       4.44097640    -651.72346112   554.144179 17987.977445
  343.850000    -656.11766216       5.37220250    -650.74545966   670.342392 17990.583797
  343.900000    -656.33603400       4.93456398    -651.40147002   615.733942 17993.179249
  343.950000    -656.25650842       5.14401721    -651.11249121   641.869475 17995.781713
  344.000000    -656.63847808       5.91539287    -650.72308521   738.121581 17998.378835
  344.050000    -656.04651787       4.46506118    -651.58145669   557.149473 18000.979921
  344.100000    -656.88942398       4.69648836    -652.19293562   586.026912 18003.555291
  344.150000    -656.90641053       4.90136099    -652.00504955   611.590878 18006.156641
  344.200000    -656.48619028       5.74295269    -650.74323758   716.604529 18008.769618
  344.250000    -655.78241576       4.90866761    -650.87374815   612.502598 18011.350236
  344.300000    -655.83854001       5.25155388    -650.58698613   655.287880 18013.957843
  344.350000    -655.98980513       5.80010246    -650.18970267   723.735666 18016.554941
  344.400000    -655.16661298       4.43841198    -650.72820101   553.824190 18019.148072
  344.450000    -655.65201164       4.93588332    -650.71612832   615.898568 18021.746289
  344.500000    -656.02804765       5.45725721    -650.57079044   680.955502 18024.340293
  344.550000    -655.80808637       5.26886352    -650.53922285   657.447774 18026.930124
  344.600000    -655.64500946       4.75345728    -650.89155219   593.135482 18029.525513
  344.650000    -656.63340586       6.07032328    -650.56308257   757.453768 18032.119570
  344.700000    -656.04575586       5.71676919    -650.32898668   713.337356 18034.716694
  344.750000    -655.79858628       5.28449867    -650.51408761   659.398725 18037.310107
  344.800000    -656.30087993       5.01336759    -651.28751234   625.567041 18039.902806
  344.850000    -656.42407323       5.03412293    -651.38995030   628.156889 18042.491181
  344.900000    -656.35241860       4.92621638    -651.42620223   614.692329 18045.096229
  344.950000    -656.60787677       4.32315726    -652.28471951   539.442729 18047.676473
  345.000000    -656.86982800       4.92257371    -651.94725429   614.237798 18050.277607
  345.050000    -656.92915655       4.93183153    -651.99732502   615.392987 18052.878443
  345.100000    -656.81884855       5.26553029    -651.55331827   657.031853 18055.463757
  345.150000    -656.69099279       5.89969482    -650.79129797   736.162782 18058.060088
  345.200000    -655.95392829       5.21088085    -650.74304744   650.212707 18060.663586
  345.250000    -655.97384374       5.20411804    -650.76972571   649.368845 18063.292581
  345.300000    -655.98051993       4.44001940    -651.54050054   554.024764 18065.911187
  345.350000    -656.72728818       4.83067236    -651.89661582   602.770365 18068.528597
  345.400000    -656.53554991       5.18066290    -651.35488701   646.442117 18071.138107
  345.450000    -656.25262886       5.12215084    -651.13047802   639.140994 18073.751508
  345.500000    -655.63614956       5.63599557    -650.00015400   703.258439 18076.365726
  345.550000    -655.91811236       6.08544501    -649.83266735   759.340654 18078.980978
  345.600000    -654.97852381       5.19930018    -649.77922362   648.767674 18081.590470
  345.650000    -655.08828013       5.95360094    -649.13467918   742.889177 18084.217699
  345.700000    -653.97766668       6.15666209    -647.82100459   768.227108 18086.825706
  345.750000    -654.53541956       6.69436969    -647.84104988   835.322158 18089.433385
  345.800000    -654.90989253       7.26559899    -647.64429354   906.600040 18092.012248
  345.850000    -654.88198552       6.29178207    -648.59020344   785.087354 18094.619984
  345.900000    -655.49367770       5.93241424    -649.56126347   740.245504 18097.211700
  345.950000    -655.28705790       5.78980331    -649.49725459   722.450540 18099.802001
  346.000000    -655.31991994       5.44697711    -649.87294283   679.672753 18102.419003
  346.050000    -656.45669217       5.87832994    -650.57836223   733.496876 18105.037519
  346.100000    -655.69685031       5.12467071    -650.57217959   639.455423 18107.628909
  346.150000    -656.40848217       6.41208356    -649.99639861   800.098549 18110.221086
  346.200000    -655.61286231       5.41718657    -650.19567574   675.955495 18112.824888
  346.250000    -655.24770358       5.24430567    -650.00339791   654.383450 18115.410791
  346.300000    -654.97666617       4.90628530    -650.07038087   612.205334 18118.008950
  346.350000    -655.61638599       6.23758998    -649.37879601   778.325274 18120.597207
  346.400000    -655.35033001       5.94772759    -649.40260241   742.156302 18123.178353
  346.450000    -654.04094945       5.73440710    -648.30654235   715.538211 18125.776653
  346.500000    -654.68424654       5.52119289    -649.16305364   688.933384 18128.375012
  346.550000    -654.50352910       6.17664169    -648.32688742   770.720158 18130.951645
  346.600000    -655.44748164       5.98350812    -649.46397352   746.620988 18133.547259
  346.650000    -655.48836236       5.29166078    -650.19670158   660.292412 18136.141109
  346.700000    -655.77517483       5.78199117    -649.99318366   721.475742 18138.719534
  346.750000    -655.32371172       5.25753566    -650.06617606   656.034285 18141.316591
  346.800000    -654.80962671       5.41559402    -649.39403269   675.756777 18143.905371
  346.850000    -655.29981831       5.38815478    -649.91166352   672.332914 18146.484447
  346.900000    -655.62169767       4.92886178    -650.69283590   615.022422 18149.076436
  346.950000    -655.37058453       4.62374544    -650.74683909   576.950065 18151.670386
  347.000000    -656.28546315       5.41815261    -650.86731053   676.076038 18154.254700
  347.050000    -656.56930164       6.03789499    -650.53140665   753.407372 18156.842664
  347.100000    -656.55369385       6.15975476    -650.39393908   768.613011 18159.436172
  347.150000    -655.44914982       5.68853305    -649.76061677   709.814056 18162.020753
  347.200000    -655.64944058       5.27139382    -650.37804676   657.763505 18164.616818
  347.250000    -656.11189941       5.85473677    -650.25716264   730.552925 18167.217724
  347.300000    -655.92831864       5.99687705    -649.93144159   748.289161 18169.799730
  347.350000    -655.12418668       5.00564681    -650.11853988   624.603643 18172.420212
  347.400000    -656.07907957       6.08675553    -649.99232404   759.504181 18175.026353
  347.450000    -655.89565186       5.32045477    -650.57519709   663.885320 18177.601335
  347.500000    -655.50169888       4.77223669    -650.72946220   595.478773 18180.202476
  347.550000    -655.47500892       4.54075803    -650.93425089   566.594911 18182.804186
  347.600000    -655.38628106       5.24289711    -650.14338394   654.207690 18185.402553
  347.650000    -655.43582914       5.43482671    -650.00100243   678.156628 18188.033164
  347.700000    -655.41740528       4.96205588    -650.45534940   619.164376 18190.679561
  347.750000    -656.42931018       5.92608730    -650.50322288   739.456030 18193.302125
  347.800000    -656.64411070       5.52938028    -651.11473042   689.955005 18195.947189
  347.850000    -655.44053799       4.55176481    -650.88877318   567.968336 18198.583206
  347.900000    -655.87687249       6.23139140    -649.64548108   777.551817 18201.212426
  347.950000    -655.46301767       4.92016682    -650.54285086   613.937466 18203.868359
  348.000000    -655.72987297       5.41827332    -650.31159965   676.091099 18206.516263
  348.050000    -656.00141124       5.28739096    -650.71402029   659.759623 18209.143207
  348.100000    -655.66638242       5.69271738    -649.97366504   710.336176 18211.788034
  348.150000    -654.89684468       5.57031279    -649.32653189   695.062556 18214.421725
  348.200000    -654.55900011       5.17466047    -649.38433964   645.693135 18217.021995
  348.250000    -655.16855281       4.84493133    -650.32362148   604.549597 18219.662450
  348.300000    -656.15576004       5.78494022    -650.37081982   721.843725 18222.299055
  348.350000    -656.31327504       5.74242848    -650.57084656   716.539118 18224.923072
  348.400000    -656.38234266       5.09990483    -651.28243783   636.365140 18227.563404
  348.450000    -655.94497655       5.33971178    -650.60526477   666.288205 18230.211213
  348.500000    -656.42149492       5.65617522    -650.76531971   705.776452 18232.847322
  348.550000    -655.42954880       5.05320294    -650.37634586   630.537688 18235.489920
  348.600000    -655.26812876       4.57737177    -650.69075699   571.163567 18238.102334
  348.650000    -654.74607219       4.90166703    -649.84440516   611.629066 18240.692499
  348.700000    -655.41909537       6.11007838    -649.30901699   762.414402 18243.287825
  348.750000    -654.94588067       5.70907301    -649.23680766   712.377029 18245.895834
  348.800000    -654.78069082       5.68721222    -649.09347860   709.649243 18248.500772
  348.850000    -655.51180049       6.61463982    -648.89716068   825.373480 18251.094031
  348.900000    -655.15863399       6.13221561    -649.02641839   765.176680 18253.702415
  348.950000    -654.40023420       6.43728951    -647.96294469   803.243743 18256.301811
  349.000000    -654.39845302       6.19563546    -648.20281757   773.090197 18258.893486
  349.050000    -654.17002733       5.41962984    -648.75039749   676.260366 18261.499732
  349.100000    -655.06273629       6.87702786    -648.18570843   858.114209 18264.108694
  349.150000    -654.69499634       6.41031941    -648.28467692   799.878420 18266.701017
  349.200000    -655.22492453       6.00495196    -649.21997256   749.296748 18269.310957
  349.250000    -655.64262003       5.86472865    -649.77789138   731.799709 18271.925349
  349.300000    -654.60299239       4.49948047    -650.10351191   561.444305 18274.518540
  349.350000    -655.21931446       5.01034744    -650.20896702   625.190187 18277.131773
  349.400000    -656.09061954       5.83901061    -650.25160892   728.590618 18279.734682
  349.450000    -655.21040897       5.09278581    -650.11762316   635.476831 18282.332935
  349.500000    -655.18028334       5.01406063    -650.16622271   625.653518 18284.944071
  349.550000    -656.44764261       5.00229108    -651.44535153   624.184916 18287.549935
  349.600000    -656.23101507       4.64115586    -651.58985921   579.122534 18290.145416
  349.650000    -655.82477493       5.97235245    -649.85242247   745.228987 18292.747638
  349.700000    -655.15502525       5.56714253    -649.58788271   694.666971 18295.345940
  349.750000    -654.86736133       5.61416647    -649.25319487   700.534609 18297.946468
  349.800000    -654.65915145       5.45635457    -649.20279688   680.842870 18300.552745
  349.850000    -654.73680869       5.80757129    -648.92923740   724.667626 18303.165700
  349.900000    -655.35551383       6.04861969    -649.30689414   754.745598 18305.768325
  349.950000    -654.29342611       5.48319786    -648.81022826   684.192371 18308.389432
  350.000000    -655.06729891       6.85093959    -648.21635931   854.858921 18311.010511
  350.050000    -655.04012684       6.00554227    -649.03458457   749.370406 18313.631932
  350.100000    -655.11047680       6.94049665    -648.16998016   866.033833 18316.245018
  350.150000    -653.93695867       5.38561846    -648.55134021   672.016433 18318.873977
  350.200000    -654.44372972       5.93609953    -648.50763019   740.705354 18321.497127
  350.250000    -654.85173013       6.41908316    -648.43264697   800.971959 18324.134602
  350.300000    -655.02029955       5.43506158    -649.58523797   678.185936 18326.757299
  350.350000    -656.12957855       5.65634519    -650.47323336   705.797662 18329.369511
  350.400000    -655.52146812       5.04668628    -650.47478184   629.724541 18331.983014
  350.450000    -656.14344836       5.71611501    -650.42733335   713.255729 18334.619743
  350.500000    -655.91557480       5.77890502    -650.13666978   721.090654 18337.242560
  350.550000    -655.66411911       4.82473457    -650.83938454   602.029449 18339.871234
  350.600000    -655.54168105       4.17606603    -651.36561501   521.088714 18342.497559
  350.650000    -655.02288843       4.40174345    -650.62114498   549.248698 18345.113736
  350.700000    -655.45905448       5.25797477    -650.20107971   656.089078 18347.706140
  350.750000    -655.96827532       5.88554503    -650.08273029   734.397174 18350.314060
  350.800000    -656.22569650       5.91225910    -650.31343740   737.730550 18352.930039
  350.850000    -655.62763148       5.11279705    -650.51483443   637.973829 18355.547008
  350.900000    -656.82670094       5.89998715    -650.92671379   736.199259 18358.162153
  350.950000    -656.26452839       5.09610920    -651.16841919   635.891523 18360.773765
  351.000000    -656.49829473       5.22280293    -651.27549180   651.700342 18363.383891
  351.050000    -656.54830326       5.54036951    -651.00793375   691.326239 18365.988713
  351.100000    -655.50585582       4.93544175    -650.57041406   615.843470 18368.593244
  351.150000    -655.49099328       4.75069871    -650.74029457   592.791268 18371.194635
  351.200000    -655.74145584       5.38502717    -650.35642867   671.942652 18373.795595
  351.250000    -655.43847963       5.40415937    -650.03432025   674.329964 18376.395039
  351.300000    -655.50683674       5.92805308    -649.57878366   739.701320 18378.978878
  351.350000    -655.61803632       5.38939693    -650.22863939   672.487909 18381.556790
  351.400000    -655.86135593       5.40346787    -650.45788806   674.243678 18384.148997
  351.450000    -656.67133403       6.33743007    -650.33390396   790.783301 18386.748148
  351.500000    -655.39151640       5.00634544    -650.38517096   624.690819 18389.346810
  351.550000    -655.32959963       5.60743959    -649.72216004   699.695230 18391.942754
  351.600000    -655.35192994       6.16611008    -649.18581986   769.406027 18394.545348
  351.650000    -655.07172852       5.54307477    -649.52865375   691.663800 18397.141203
  351.700000    -655.74402612       6.31495427    -649.42907185   787.978776 18399.753744
  351.750000    -655.43855719       5.66174042    -649.77681677   706.470878 18402.358949
  351.800000    -655.99858400       6.61628301    -649.38230099   825.578518 18404.965047
  351.850000    -654.52605429       5.31493319    -649.21112109   663.196338 18407.572146
  351.900000    -655.29544573       5.22316277    -650.07228296   651.745243 18410.148618
  351.950000    -654.75767234       5.74411120    -649.01356114   716.749087 18412.739679
  352.000000    -654.54462358       5.83724328    -648.70738030   728.370091 18415.335609
  352.050000    -654.39911862       4.60962675    -649.78949186   575.188337 18417.944540
  352.100000    -655.13368938       5.47801311    -649.65567627   683.545419 18420.553705
  352.150000    -654.73130880       5.08973259    -649.64157621   635.095851 18423.147518
  352.200000    -655.82483282       5.89955732    -649.92527550   736.145625 18425.752163
  352.250000    -654.93762165       6.31776796    -648.61985369   788.329867 18428.357411
  352.300000    -653.49297214       5.66207880    -647.83089335   706.513100 18430.967015
  352.350000    -653.96152660       6.38432324    -647.57720336   796.634622 18433.580277
  352.400000    -654.62062575       6.45922828    -648.16139747   805.981259 18436.187916
  352.450000    -654.29522583       5.64473549    -648.65049033   704.349006 18438.792416
  352.500000    -654.58549057       5.54521259    -649.04027798   691.930558 18441.396586
  352.550000    -654.82071831       5.45024924    -649.37046907   680.081049 18443.980910
  352.600000    -654.66414411       5.52787830    -649.13626581   689.767588 18446.579991
  352.650000    -656.33692006       6.76055948    -649.57636058   843.581308 18449.185574
  352.700000    -655.22775645       5.62912267    -649.59863378   702.400841 18451.762631
  352.750000    -655.49019993       5.57904682    -649.91115311   696.152386 18454.366091
  352.800000    -656.06429118       5.71885961    -650.34543157   713.598199 18456.967693
  352.850000    -655.78715449       5.74789947    -650.03925503   717.221787 18459.574166
  352.900000    -655.36714934       5.03841145    -650.32873789   628.692009 18462.180696
  352.950000    -655.54316161       5.39631955    -650.14684206   673.351713 18464.778840
  353.000000    -655.32179632       5.22584019    -650.09595613   652.079331 18467.383494
  353.050000    -656.01502837       5.44430428    -650.57072409   679.339238 18469.990519
  353.100000    -655.64728818       4.62832100    -651.01896718   577.521002 18472.596946
  353.150000    -655.34335672       5.37244075    -649.97091597   670.372121 18475.201183
  353.200000    -656.00078731       5.47890009    -650.52188722   683.656096 18477.819196
  353.250000    -656.34597398       6.21400837    -650.13196561   775.382765 18480.458671
  353.300000    -655.06575556       4.95317484    -650.11258072   618.056201 18483.101923
  353.350000    -655.39790226       5.06419396    -650.33370830   631.909146 18485.738095
  353.400000    -655.60213066       5.35160616    -650.25052449   667.772385 18488.367224
  353.450000    -655.07892277       6.13902032    -648.93990245   766.025771 18491.008291
  353.500000    -655.84916002       6.02145430    -649.82770572   751.355906 18493.654054
  353.550000    -654.82541733       5.49183392    -649.33358341   685.269978 18496.297991
  353.600000    -655.64560416       6.08191922    -649.56368494   758.900707 18498.939994
  353.650000    -654.74544812       6.22898498    -648.51646314   777.251544 18501.575697
  353.700000    -655.57961598       6.42432158    -649.15529440   801.625608 18504.216838
  353.750000    -654.69271867       4.61437152    -650.07834715   575.780388 18506.866920
  353.800000    -654.83616916       5.68800297    -649.14816619   709.747913 18509.498882
  353.850000    -655.27838778       5.83780339    -649.44058439   728.439981 18512.138380
  353.900000    -655.70502307       5.87728394    -649.82773913   733.366357 18514.781527
  353.950000    -654.94229718       5.21783965    -649.72445753   651.081025 18517.426975
  354.000000    -656.02928490       5.34274002    -650.68654488   666.666069 18520.074775
  354.050000    -655.70931320       4.20381290    -651.50550031   524.550962 18522.720394
  354.100000    -656.75386833       5.59628822    -651.15758011   698.303765 18525.360797
  354.150000    -656.50006531       5.21773020    -651.28233511   651.067368 18528.007367
  354.200000    -655.95015500       4.97490138    -650.97525362   620.767235 18530.637425
  354.250000    -656.30857249       5.69867218    -650.60990031   711.079215 18533.225097
  354.300000    -656.91129133       5.21143505    -651.69985628   650.281861 18535.832682
  354.350000    -656.63230621       5.20331581    -651.42899041   649.268743 18538.444434
  354.400000    -656.59562554       4.92573871    -651.66988683   614.632726 18541.031903
  354.450000    -656.19784665       5.26888243    -650.92896422   657.450133 18543.639424
  354.500000    -656.14361722       4.46767844    -651.67593878   557.476054 18546.238422
  354.550000    -656.76869688       5.93101899    -650.83767789   740.071405 18548.839934
  354.600000    -656.49610713       5.10008275    -651.39602438   636.387342 18551.445017
  354.650000    -656.22816680       5.35365142    -650.87451538   668.027591 18554.050318
  354.700000    -655.93098357       5.39695663    -650.53402693   673.431208 18556.653314
  354.750000    -655.50062014       4.82250749    -650.67811265   601.751554 18559.262645
  354.800000    -655.57891374       5.02116847    -650.55774527   626.540433 18561.868379
  354.850000    -655.83385154       4.98926300    -650.84458854   622.559275 18564.466732
  354.900000    -655.83010109       5.27629745    -650.55380364   658.375378 18567.064580
  354.950000    -655.28440104       5.41726087    -649.86714017   675.964767 18569.673721
  355.000000    -656.11101783       6.21751233    -649.89350550   775.819989 18572.273546
  355.050000    -655.96016738       5.35960930    -650.60055808   668.771014 18574.878907
  355.100000    -655.38786531       5.41327146    -649.97459385   675.466969 18577.468396
  355.150000    -656.49735980       6.85042285    -649.64693694   854.794442 18580.075218
  355.200000    -655.83776993       6.22504264    -649.61272729   776.759620 18582.673636
  355.250000    -655.25468400       5.51360800    -649.74107599   687.986943 18585.256263
  355.300000    -654.77265239       5.56886336    -649.20378903   694.881695 18587.866188
  355.350000    -655.58567549       5.30922742    -650.27644807   662.484373 18590.463342
  355.400000    -655.46588991       6.38837481    -649.07751510   797.140177 18593.080567
  355.450000    -655.07633832       7.07709976    -647.99923856   883.079143 18595.698998
  355.500000    -654.57260997       5.62780580    -648.94480418   702.236522 18598.313212
  355.550000    -655.34044014       5.98672385    -649.35371629   747.022248 18600.918652
  355.600000    -655.17977508       7.01346552    -648.16630955   875.138875 18603.523562
  355.650000    -653.78745641       5.85067049    -647.93678592   730.045536 18606.129957
  355.700000    -655.14848080       6.15745714    -648.99102366   768.326314 18608.768319
  355.750000    -655.04018079       5.94505941    -649.09512138   741.823367 18611.364520
  355.800000    -655.31074518       6.12884912    -649.18189606   764.756611 18613.968392
  355.850000    -654.65435301       5.49566246    -649.15869055   685.747702 18616.670441
  355.900000    -654.96052361       5.11836215    -649.84216146   638.668242 18619.289984
  355.950000    -655.21543089       5.80798918    -649.40744171   724.719769 18621.891041
  356.000000    -655.32397487       5.47566553    -649.84830934   683.252489 18624.514337
  356.050000    -655.56729421       6.31099680    -649.25629741   787.484963 18627.132770
  356.100000    -655.40043929       5.69001150    -649.71042778   709.998538 18629.738264
  356.150000    -656.12414922       6.10276260    -650.02138662   761.501541 18632.348284
  356.200000    -656.03072048       5.73728458    -650.29343590   715.897264 18634.959245
  356.250000    -655.73941346       5.35225265    -650.38716081   667.853053 18637.571068
  356.300000    -655.11886909       5.23469254    -649.88417655   653.183925 18640.184268
  356.350000    -654.87695770       5.14300891    -649.73394880   641.743659 18642.790822
  356.400000    -654.99050579       5.21607523    -649.77443055   650.860862 18645.406968
  356.450000    -656.11211853       6.16970751    -649.94241102   769.854913 18648.017098
  356.500000    -657.29458065       6.06130754    -651.23327311   756.328786 18650.649503
  356.550000    -655.71903244       5.12070584    -650.59832660   638.960687 18653.277349
  356.600000    -655.84974033       4.79819881    -651.05154152   598.718322 18655.902964
  356.650000    -657.00418653       6.00169611    -651.00249042   748.890483 18658.527864
  356.700000    -655.94134558       5.28043965    -650.66090593   658.892241 18661.152188
  356.750000    -655.95662079       5.58945758    -650.36716321   697.451439 18663.761403
  356.800000    -655.17396451       5.05631624    -650.11764827   630.926165 18666.381049
  356.850000    -655.99522656       5.75915218    -650.23607438   718.625898 18669.000262
  356.900000    -656.86118350       5.84134992    -651.01983358   728.882516 18671.605898
  356.950000    -654.54361573       4.74802758    -649.79558814   592.457966 18674.221426
  357.000000    -655.07225278       5.49739737    -649.57485541   685.964183 18676.826170
  357.050000    -655.61419356       5.33113436    -650.28305921   665.217917 18679.428888
  357.100000    -655.96034705       5.93188975    -650.02845730   740.180059 18682.038529
  357.150000    -655.27831650       5.60688677    -649.67142973   699.626249 18684.649833
  357.200000    -654.55513311       5.04558857    -649.50954455   629.587568 18687.250623
  357.250000    -655.61628522       6.17826737    -649.43801784   770.923011 18689.855856
  357.300000    -655.66168653       5.51304412    -650.14864242   687.916581 18692.464465
  357.350000    -656.29424306       5.54500526    -650.74923780   691.904687 18695.054533
  357.400000    -655.54322064       5.00676660    -650.53645404   624.743371 18697.655374
  357.450000    -656.20802054       6.89163038    -649.31639016   859.936310 18700.255195
  357.500000    -654.72676538       4.73758517    -649.98918020   591.154964 18702.844559
  357.550000    -655.24364301       6.25932145    -648.98432156   781.036923 18705.433674
  357.600000    -655.14892563       5.94417663    -649.20474900   741.713214 18708.031467
  357.650000    -655.33313083       6.67394931    -648.65918152   832.774107 18710.617434
  357.700000    -654.40846874       5.73446184    -648.67400689   715.545043 18713.203321
  357.750000    -653.82746969       5.63749110    -648.18997859   703.445052 18715.813129
  357.800000    -654.62874995       6.35205727    -648.27669268   792.608481 18718.423484
  357.850000    -653.95974974       5.89060613    -648.06914362   735.028696 18721.017020
  357.900000    -653.97622283       6.35411847    -647.62210435   792.865677 18723.626911
  357.950000    -653.40629416       5.34820879    -648.05808537   667.348461 18726.230957
  358.000000    -654.31081829       5.72355073    -648.58726755   714.183556 18728.815992
  358.050000    -655.65900286       6.01442817    -649.64457469   750.479187 18731.420340
  358.100000    -654.43301427       4.95304630    -649.47996797   618.040162 18734.019972
  358.150000    -655.70746869       6.71797880    -648.98948989   838.268099 18736.615965
  358.200000    -655.54187060       5.98953487    -649.55233573   747.373005 18739.214684
  358.250000    -654.43847027       5.26631881    -649.17215146   657.130245 18741.812310
  358.300000    -655.74848103       5.72062133    -650.02785970   713.818026 18744.391207
  358.350000    -655.32135617       5.15231438    -650.16904179   642.904794 18746.985000
  358.400000    -654.83903282       4.47453911    -650.36449371   558.332127 18749.571649
  358.450000    -655.67888807       5.63810317    -650.04078490   703.521426 18752.153822
  358.500000    -655.86244332       6.14793936    -649.71450396   767.138688 18754.748840
  358.550000    -655.28062874       6.82449209    -648.45613665   851.558807 18757.350764
  358.600000    -654.39835410       5.76053324    -648.63782086   718.798226 18759.947322
  358.650000    -654.29244978       6.89046909    -647.40198070   859.791404 18762.546383
  358.700000    -653.86507474       6.58141120    -647.28366354   821.227220 18765.162037
  358.750000    -653.48000334       5.96345419    -647.51654915   744.118664 18767.753891
  358.800000    -653.67231070       5.95220412    -647.72010658   742.714882 18770.363421
  358.850000    -653.85089339       5.73266816    -648.11822523   715.321228 18773.016967
  358.900000    -654.18203447       4.98748099    -649.19455347   622.336916 18775.664948
  358.950000    -656.39532709       6.45154659    -649.94378050   805.022739 18778.321340
  359.000000    -653.77901911       4.30422178    -649.47479733   537.079963 18780.982770
  359.050000    -655.32785197       6.22467705    -649.10317493   776.714001 18783.644209
  359.100000    -655.75012207       6.00917796    -649.74094411   749.824066 18786.297725
  359.150000    -654.98526370       5.01560851    -649.96965518   625.846663 18788.945620
  359.200000    -655.10249296       5.80919110    -649.29330186   724.869745 18791.590659
  359.250000    -655.15855458       5.85430381    -649.30425078   730.498900 18794.244165
  359.300000    -655.21273639       5.55181091    -649.66092548   692.753894 18796.901080
  359.350000    -654.32492832       4.94078053    -649.38414779   616.509641 18799.547981
  359.400000    -655.68342721       5.40189986    -650.28152735   674.048023 18802.200552
  359.450000    -655.78563583       5.35026553    -650.43537030   667.605101 18804.842306
  359.500000    -655.54738543       5.03316250    -650.51422293   628.037046 18807.479324
  359.550000    -656.48212808       5.28646024    -651.19566784   659.643488 18810.131705
  359.600000    -654.81937342       4.10213978    -650.71723364   511.864211 18812.792190
  359.650000    -656.27778360       5.67658318    -650.60120041   708.322954 18815.448023
  359.700000    -655.37488755       4.71055521    -650.66433233   587.782171 18818.095902
  359.750000    -654.93364477       5.08557030    -649.84807447   634.576481 18820.765359
  359.800000    -656.01122653       6.71312585    -649.29810068   837.662549 18823.392493
  359.850000    -655.47137250       5.22041764    -650.25095485   651.402707 18826.007339
  359.900000    -655.16376350       5.19479187    -649.96897163   648.205127 18828.624495
  359.950000    -656.22308621       5.78537840    -650.43770781   721.898401 18831.209712
  360.000000    -654.47873815       4.84632777    -649.63241038   604.723845 18833.822011
  360.050000    -655.41905843       5.33723652    -650.08182191   665.979343 18836.435303
  360.100000    -655.19544898       5.01305637    -650.18239261   625.528207 18839.033552
  360.150000    -655.88073580       5.83096209    -650.04977372   727.586325 18841.640721
  360.200000    -655.11226483       4.83667776    -650.27558707   603.519718 18844.245461
  360.250000    -656.10500268       6.00075427    -650.10424840   748.772961 18846.843592
  360.300000    -654.99494053       4.93785897    -650.05708156   616.145090 18849.456631
  360.350000    -655.62858937       5.50145901    -650.12713036   686.470994 18852.065733
  360.400000    -654.81780432       5.43674741    -649.38105691   678.396293 18854.642333
  360.450000    -654.81683644       5.36150634    -649.45533010   669.007726 18857.252895
  360.500000    -654.83608329       5.98997821    -648.84610508   747.428326 18859.865572
  360.550000    -655.31325165       5.81320386    -649.50004779   725.370456 18862.470460
  360.600000    -655.48702581       5.42473488    -650.06229094   676.897372 18865.088139
  360.650000    -655.46915617       5.65966098    -649.80949518   706.211406 18867.705681
  360.700000    -657.05322835       6.50021924    -650.55300911   811.096103 18870.329613
  360.750000    -655.31686937       5.33592604    -649.98094333   665.815822 18872.948733
  360.800000    -655.67614828       5.25472805    -650.42142023   655.683952 18875.587145
  360.850000    -655.59635663       5.58908265    -650.00727398   697.404655 18878.207608
  360.900000    -655.95673361       6.20743270    -649.74930091   774.562255 18880.827212
  360.950000    -654.34755609       4.76048818    -649.58706791   594.012796 18883.443594
  361.000000    -654.98104397       6.28995518    -648.69108879   784.859394 18886.054526
  361.050000    -654.79495104       5.23601244    -649.55893859   653.348623 18888.664791
  361.100000    -655.71321400       5.80870732    -649.90450669   724.809378 18891.253188
  361.150000    -655.45675609       6.08287613    -649.37387996   759.020110 18893.855883
  361.200000    -655.74958920       6.60673011    -649.14285909   824.386509 18896.463763
  361.250000    -655.05288785       5.44186874    -649.61101911   679.035332 18899.079899
  361.300000    -655.37574185       6.25203788    -649.12370397   780.128081 18901.696873
  361.350000    -655.14716451       4.72831848    -650.41884604   589.998667 18904.314126
  361.400000    -655.51448820       4.87592729    -650.63856091   608.417267 18906.921417
  361.450000    -655.26271858       5.03506138    -650.22765720   628.273987 18909.559041
  361.500000    -654.93400726       5.13810327    -649.79590399   641.131535 18912.168251
  361.550000    -655.59193269       4.79648831    -650.79544438   598.504886 18914.772820
  361.600000    -654.97794895       5.17463472    -649.80331423   645.689923 18917.384835
  361.650000    -655.82414782       6.64699804    -649.17714977   829.411134 18919.994614
  361.700000    -655.57293883       6.49071407    -649.08222476   809.910050 18922.587174
  361.750000    -655.72135346       6.99171687    -648.72963659   872.425083 18925.194653
  361.800000    -653.89928293       4.83287517    -649.06640776   603.045232 18927.800824
  361.850000    -654.62390009       5.79633362    -648.82756647   723.265391 18930.414629
  361.900000    -653.83423564       5.61487842    -648.21935721   700.623447 18933.023361
  361.950000    -654.30939314       6.86833052    -647.44106262   857.028958 18935.643133
  362.000000    -653.81603694       5.57990796    -648.23612898   696.259839 18938.257806
  362.050000    -653.97077194       6.43015056    -647.54062139   802.352946 18940.870986
  362.100000    -653.97231078       6.22368673    -647.74862404   776.590430 18943.479936
  362.150000    -653.93946532       5.82904640    -648.11041892   727.347286 18946.093885
  362.200000    -654.09930173       6.01575702    -648.08354471   750.645001 18948.699655
  362.250000    -655.02559984       6.95700837    -648.06859147   868.094162 18951.312891
  362.300000    -655.54784187       6.46737003    -649.08047184   806.997185 18953.907243
  362.350000    -655.86458359       6.62353012    -649.24105347   826.482810 18956.519438
  362.400000    -654.70140896       4.69752295    -650.00388601   586.156007 18959.125541
  362.450000    -654.26074694       4.85383772    -649.40690922   605.660935 18961.741091
  362.500000    -654.30645445       5.10408533    -649.20236913   636.886782 18964.350211
  362.550000    -655.08859386       6.20430796    -648.88428589   774.172351 18966.959365
  362.600000    -655.48529643       5.42046133    -650.06483511   676.364119 18969.574733
  362.650000    -655.64970171       4.98561286    -650.66408885   622.103811 18972.187670
  362.700000    -654.91275084       4.96021341    -649.95253742   618.934473 18974.801006
  362.750000    -654.88475193       5.46013633    -649.42461560   681.314758 18977.438537
  362.800000    -655.44466013       5.82136112    -649.62329900   726.388318 18980.061776
  362.850000    -655.01605383       5.33743378    -649.67862005   666.003957 18982.686482
  362.900000    -655.04668362       4.73707682    -650.30960680   591.091532 18985.296000
  362.950000    -655.72777872       5.69709141    -650.03068731   710.881967 18987.922358
  363.000000    -655.09869629       4.96186942    -650.13682687   619.141109 18990.556229
  363.050000    -655.53438591       5.35621482    -650.17817109   668.347452 18993.200701
  363.100000    -655.15253402       5.33365047    -649.81888355   665.531877 18995.831372
  363.150000    -654.39714676       5.04594857    -649.35119818   629.632490 18998.462686
  363.200000    -655.41993024       5.23487467    -650.18505557   653.206651 19001.099586
  363.250000    -655.11855343       6.28621421    -648.83233922   784.392596 19003.726345
  363.300000    -653.78479772       5.90884013    -647.87595760   737.303931 19006.355544
  363.350000    -653.68521967       5.46360596    -648.22161371   681.747698 19008.981897
  363.400000    -654.90231072       6.34324259    -648.55906812   791.508587 19011.595597
  363.450000    -653.95962584       5.83785388    -648.12177197   728.446281 19014.235962
  363.500000    -654.85123638       6.16528569    -648.68595069   769.303160 19016.837011
  363.550000    -655.44129121       5.87438497    -649.56690624   733.004624 19019.466422
  363.600000    -655.10572336       5.29231148    -649.81341188   660.373605 19022.101153
  363.650000    -654.32304721       4.48570233    -649.83734488   559.725072 19024.698128
  363.700000    -655.32107645       5.31529483    -650.00578162   663.241463 19027.317047
  363.750000    -655.09407619       4.82132648    -650.27274972   601.604188 19029.943404
  363.800000    -655.28014805       5.55074238    -649.72940568   692.620563 19032.571707
  363.850000    -655.42341752       5.42292372    -650.00049380   676.671376 19035.198750
  363.900000    -655.24756491       5.94611888    -649.30144603   741.955566 19037.831712
  363.950000    -654.95249160       6.27877396    -648.67371764   783.464203 19040.467604
  364.000000    -654.12085252       5.58231295    -648.53853957   696.559933 19043.099204
  364.050000    -654.77263996       6.68113826    -648.09150170   833.671144 19045.726348
  364.100000    -654.43047286       6.33681143    -648.09366142   790.706108 19048.356705
  364.150000    -654.39895917       5.61796686    -648.78099231   701.008821 19050.967348
  364.200000    -654.09168514       5.64619643    -648.44548872   704.531301 19053.590625
  364.250000    -654.23248439       5.78979101    -648.44269338   722.449005 19056.211940
  364.300000    -654.20464513       5.63907645    -648.56556868   703.642872 19058.824725
  364.350000    -655.35807122       6.32040642    -649.03766479   788.659094 19061.412800
  364.400000    -654.44177934       5.67038448    -648.77139487   707.549481 19064.019072
  364.450000    -654.95024338       6.15031018    -648.79993320   767.434518 19066.663432
  364.500000    -654.91127531       6.45672332    -648.45455200   805.668690 19069.296398
  364.550000    -654.29207185       4.78306600    -649.50900584   596.830053 19071.938382
  364.600000    -654.12607527       5.98359472    -648.14248055   746.631795 19074.579526
  364.650000    -654.13252268       4.73604912    -649.39647356   590.963296 19077.227482
  364.700000    -654.99625487       5.73110799    -649.26514688   715.126550 19079.873920
  364.750000    -655.96064384       6.85647391    -649.10416993   855.549492 19082.527831
  364.800000    -655.17423466       4.72357154    -650.45066312   589.406346 19085.171212
  364.850000    -655.60196689       5.52220323    -650.07976366   689.059454 19087.821550
  364.900000    -655.31937562       4.96717046    -650.35220516   619.802572 19090.468315
  364.950000    -655.57852550       4.82061619    -650.75790931   601.515558 19093.115290
  365.000000    -656.08226006       4.97506200    -651.10719806   620.787277 19095.750500
  365.050000    -654.83114778       4.62389655    -650.20725123   576.968920 19098.389866
  365.100000    -655.56753883       5.68124271    -649.88629612   708.904370 19101.037306
  365.150000    -655.22935858       4.90472899    -650.32462959   612.011137 19103.684828
  365.200000    -655.74593576       5.13374295    -650.61219281   640.587455 19106.318142
  365.250000    -654.86663022       5.06155068    -649.80507954   631.579317 19108.975407
  365.300000    -655.18110623       5.50836894    -649.67273729   687.333214 19111.622897
  365.350000    -653.94206060       4.57645616    -649.36560444   571.049317 19114.265969
  365.400000    -655.77225753       6.31892629    -649.45333123   788.474404 19116.905958
  365.450000    -655.38104500       4.88637830    -650.49466669   609.721342 19119.539000
  365.500000    -654.89556732       5.70053281    -649.19503451   711.311384 19122.161462
  365.550000    -655.17092743       5.62657895    -649.54434848   702.083436 19124.801780
  365.600000    -654.36636323       4.94008135    -649.42628188   616.422398 19127.445079
  365.650000    -654.26563951       5.61174431    -648.65389521   700.232372 19130.077367
  365.700000    -654.73035032       4.74421194    -649.98613838   591.981850 19132.716047
  365.750000    -654.74828572       5.82826602    -648.92001969   727.249910 19135.370780
  365.800000    -654.42145281       6.78647303    -647.63497978   846.814795 19137.999356
  365.850000    -654.27090295       6.18113577    -648.08976718   771.280929 19140.628489
  365.900000    -654.73397808       5.78681721    -648.94716087   722.077935 19143.268506
  365.950000    -654.44574409       5.74381039    -648.70193370   716.711553 19145.889784
  366.000000    -655.08082158       5.70461393    -649.37620765   711.820626 19148.530621
  366.050000    -654.53052623       5.46160403    -649.06892220   681.497897 19151.146849
  366.100000    -653.98455570       5.44558387    -648.53897183   679.498905 19153.872342
  366.150000    -653.76154292       5.41001719    -648.35152572   675.060902 19156.505729
  366.200000    -654.52386165       6.09721427    -648.42664738   760.809220 19159.131239
  366.250000    -653.96701222       5.65793667    -648.30907555   705.996246 19161.751716
  366.300000    -654.85559903       6.59861572    -648.25698331   823.373997 19164.376455
  366.350000    -653.07549933       6.23954640    -646.83595293   778.569396 19167.010879
  366.400000    -654.50651627       6.55076277    -647.95575350   817.402915 19169.642452
  366.450000    -654.67952296       7.00092162    -647.67860133   873.573650 19172.273199
  366.500000    -653.61042462       5.58292954    -648.02749507   696.636872 19174.904056
  366.550000    -654.32577093       5.82154106    -648.50422987   726.410770 19177.532444
  366.600000    -654.00003777       5.21036341    -648.78967436   650.148141 19180.148365
  366.650000    -655.00217356       6.00730335    -648.99487021   749.590153 19182.754135
  366.700000    -654.60929479       5.07267180    -649.53662300   632.967008 19185.364056
  366.750000    -654.57554787       5.39013299    -649.18541488   672.579755 19187.964006
  366.800000    -654.88533926       5.02232089    -649.86301837   626.684231 19190.569742
  366.850000    -654.72797829       5.39246089    -649.33551740   672.870230 19193.176997
  366.900000    -654.11915056       5.29877559    -648.82037497   661.180196 19195.775247
  366.950000    -654.94510726       5.96243188    -648.98267538   743.991099 19198.381647
  367.000000    -654.93493270       5.96289499    -648.97203771   744.048886 19200.983812
  367.050000    -653.92876322       5.01292591    -648.91583731   625.511928 19203.568018
  367.100000    -654.02794346       5.30328438    -648.72465909   661.742801 19206.166931
  367.150000    -653.15991479       4.44354741    -648.71636738   554.464989 19208.793280
  367.200000    -654.66183830       5.41303090    -649.24880740   675.436952 19211.401878
  367.250000    -655.13816022       6.29325675    -648.84490347   785.271363 19214.020982
  367.300000    -654.75328822       6.45155081    -648.30173742   805.023265 19216.631260
  367.350000    -653.71471484       5.43821332    -648.27650152   678.579210 19219.236287
  367.400000    -653.56295675       5.60905020    -647.95390656   699.896201 19221.843671
  367.450000    -653.46524293       6.31286471    -647.15237821   787.718041 19224.443922
  367.500000    -653.38382015       6.16903898    -647.21478117   769.771493 19227.040928
  367.550000    -653.09400585       6.56854674    -646.52545911   819.621995 19229.641886
  367.600000    -652.91597383       7.09145166    -645.82452217   884.869971 19232.245060
  367.650000    -652.99167165       7.12514999    -645.86652166   889.074841 19234.852676
  367.700000    -654.07443033       7.15040323    -646.92402710   892.225935 19237.447255
  367.750000    -653.98186424       5.96095531    -648.02090893   743.806854 19240.063579
  367.800000    -653.22477963       5.73310924    -647.49167039   715.376265 19242.665653
  367.850000    -653.91324503       6.74760590    -647.16563913   841.964963 19245.280431
  367.900000    -653.10931952       6.23198653    -646.87733299   777.626078 19247.895705
  367.950000    -654.01215552       6.38086093    -647.63129459   796.202597 19250.525381
  368.000000    -654.60193162       6.62913078    -647.97280084   827.181660 19253.148645
  368.050000    -654.49907638       5.69699766    -648.80207871   710.870269 19255.769161
  368.100000    -653.51511759       5.55026461    -647.96485298   692.560947 19258.405803
  368.150000    -654.57386677       6.28652878    -648.28733799   784.431849 19261.037273
  368.200000    -653.26232586       4.99253298    -648.26979289   622.967302 19263.659307
  368.250000    -654.40831162       6.45809353    -647.95021808   805.839665 19266.284298
  368.300000    -653.56775455       6.65375430    -646.91400025   830.254178 19268.900967
  368.350000    -652.55215384       7.14171900    -645.41043485   891.142319 19271.542068
  368.400000    -654.11053185       7.94491363    -646.16561822   991.364790 19274.166992
  368.450000    -653.08614353       6.84100764    -646.24513589   853.619614 19276.781323
  368.500000    -654.33286918       7.47872400    -646.85414518   933.193738 19279.412970
  368.550000    -653.47175942       6.41654975    -647.05520967   800.655840 19282.036821
  368.600000    -653.67446947       5.81523242    -647.85923705   725.623579 19284.639804
  368.650000    -654.00283136       6.30435721    -647.69847415   786.656476 19287.279433
  368.700000    -653.56102711       5.91804013    -647.64298698   738.451906 19289.903808
  368.750000    -653.74597138       5.77304751    -647.97292387   720.359755 19292.508640
  368.800000    -653.31106637       5.80795121    -647.50311517   724.715031 19295.135283
  368.850000    -653.55968271       6.58396599    -646.97571672   821.546006 19297.752605
  368.900000    -653.52746074       5.90548111    -647.62197963   736.884794 19300.362407
  368.950000    -654.98805414       5.79494240    -649.19311175   723.091794 19302.978937
  369.000000    -654.98109238       5.89230941    -649.08878297   735.241232 19305.591799
  369.050000    -654.52489946       5.39682172    -649.12807774   673.414374 19308.199169
  369.100000    -654.29254622       5.70380396    -648.58874226   711.719558 19310.818207
  369.150000    -655.05448951       5.50505787    -649.54943164   686.920059 19313.424668
  369.200000    -655.86276773       5.36595514    -650.49681259   669.562847 19316.027152
  369.250000    -655.04428123       4.77308833    -650.27119290   595.585041 19318.615710
  369.300000    -654.94724696       4.63871656    -650.30853040   578.818158 19321.214570
  369.350000    -655.01572113       5.26258676    -649.75313437   656.664560 19323.808945
  369.400000    -655.18603052       5.73139719    -649.45463333   715.162636 19326.404457
  369.450000    -654.79081884       5.25389512    -649.53692373   655.580019 19329.023562
  369.500000    -655.31231343       5.28702866    -650.02528477   659.714417 19331.643039
  369.550000    -656.05712637       6.46363231    -649.59349406   806.530793 19334.243848
  369.600000    -654.49432831       5.19080374    -649.30352457   647.707489 19336.850954
  369.650000    -655.57749900       5.84277912    -649.73471988   729.060851 19339.459184
  369.700000    -654.16522992       5.41051335    -648.75471657   675.122812 19342.050698
  369.750000    -654.49222020       6.37105333    -648.12116687   794.978805 19344.649996
  369.800000    -654.48851776       6.56658272    -647.92193504   819.376925 19347.235077
  369.850000    -653.61956523       6.07060598    -647.54895926   757.489043 19349.816240
  369.900000    -653.76379882       6.59664782    -647.16715100   823.128442 19352.399970
  369.950000    -654.61842745       7.03593109    -647.58249636   877.942124 19354.993752
  370.000000    -653.25254683       6.02295603    -647.22959080   751.543291 19357.579635
  370.050000    -653.73400248       6.44181880    -647.29218369   803.808907 19360.213981
  370.100000    -653.72742795       5.99924505    -647.72818290   748.584640 19362.841044
  370.150000    -654.25639671       6.71027891    -647.54611780   837.307308 19365.467680
  370.200000    -654.32590011       5.69359342    -648.63230669   710.445489 19368.102360
  370.250000    -654.93746522       6.73522090    -648.20224432   840.419564 19370.743570
  370.300000    -654.57241085       5.79839998    -648.77401087   723.523231 19373.371271
  370.350000    -653.67646140       5.98623162    -647.69022978   746.960827 19376.008082
  370.400000    -653.47805617       5.93902550    -647.53903066   741.070457 19378.638670
  370.450000    -653.06652953       5.76494267    -647.30158687   719.348434 19381.264611
  370.500000    -654.57593844       6.60359551    -647.97234293   823.995374 19383.902030
  370.550000    -654.89193752       5.81060269    -649.08133484   725.045882 19386.549068
  370.600000    -654.35961684       6.29700275    -648.06261409   785.738788 19389.188763
  370.650000    -654.37043091       6.05483189    -648.31559903   755.520755 19391.829600
  370.700000    -654.48897011       5.52371405    -648.96525606   689.247974 19394.494500
  370.750000    -654.51295997       4.94642253    -649.56653745   617.213649 19397.105108
  370.800000    -654.77248222       5.21450484    -649.55797738   650.664908 19399.734703
  370.850000    -654.56777770       5.54715334    -649.02062435   692.172724 19402.392834
  370.900000    -654.10705225       5.58320720    -648.52384505   696.671517 19405.045133
  370.950000    -654.53281076       5.78389310    -648.74891766   721.713065 19407.689394
  371.000000    -654.69629980       5.39893748    -649.29736231   673.678378 19410.354662
  371.050000    -654.57753318       4.94286441    -649.63466878   616.769667 19413.009798
  371.100000    -655.41119620       5.30680094    -650.10439527   662.181598 19415.645149
  371.150000    -655.21334200       4.71577866    -650.49756333   588.433952 19418.308913
  371.200000    -655.06048413       5.82258253    -649.23790160   726.540725 19420.949404
  371.250000    -655.09278479       5.88842504    -649.20435975   734.756541 19423.593297
  371.300000    -654.32771727       5.09987400    -649.22784327   636.361294 19426.228085
  371.350000    -654.49311728       5.25204715    -649.24107013   655.349430 19428.825223
  371.400000    -655.34433115       5.35175259    -649.99257856   667.790656 19431.445509
  371.450000    -655.26995499       5.02259499    -650.24736000   626.718434 19434.066717
  371.500000    -655.16652905       5.18097900    -649.98555005   646.481560 19436.676578
  371.550000    -655.16568501       4.55101062    -650.61467438   567.874228 19439.287179
  371.600000    -656.01072958       5.51877412    -650.49195546   688.631570 19441.915948
  371.650000    -655.74114712       4.97811103    -650.76303609   621.167735 19444.552544
  371.700000    -655.26830101       4.11465475    -651.15364626   513.425826 19447.194295
  371.750000    -655.19499559       4.01422420    -651.18077139   500.894121 19449.825751
  371.800000    -655.53136556       5.21530928    -650.31605627   650.765287 19452.459742
  371.850000    -655.63121210       4.73140399    -650.89980811   590.383678 19455.092214
  371.900000    -655.71107310       4.68699613    -651.02407697   584.842473 19457.725537
  371.950000    -654.97117314       4.44924266    -650.52193048   555.175640 19460.366416
  372.000000    -655.60216683       5.80055865    -649.80160818   723.792590 19462.991280
  372.050000    -653.91398109       4.82796617    -649.08601492   602.432688 19465.607107
  372.100000    -654.15041416       6.36469122    -647.78572294   794.184942 19468.215864
  372.150000    -654.05450033       6.20301033    -647.85149000   774.010433 19470.851995
  372.200000    -654.58632506       6.25716836    -648.32915670   780.768261 19473.486584
  372.250000    -653.95639778       5.48470524    -648.47169254   684.380462 19476.120465
  372.300000    -653.91290741       4.72842225    -649.18448515   590.011617 19478.756262
  372.350000    -654.86082210       5.79521727    -649.06560483   723.126093 19481.394556
  372.400000    -654.59500644       6.07195613    -648.52305031   757.657515 19484.037078
  372.450000    -654.06905597       5.30795704    -648.76109894   662.325855 19486.680301
  372.500000    -655.54157603       5.68609772    -649.85547831   709.510176 19489.307539
  372.550000    -655.19874310       4.76074009    -650.43800301   594.044230 19491.914230
  372.600000    -655.78143038       5.10669795    -650.67473243   637.212785 19494.518704
  372.650000    -655.65766031       4.98002564    -650.67763466   621.406639 19497.123356
  372.700000    -655.19792296       5.00544580    -650.19247716   624.578561 19499.714409
  372.750000    -654.61661576       5.26175061    -649.35486515   656.560226 19502.325639
  372.800000    -654.65694703       5.42154666    -649.23540037   676.499546 19504.923168
  372.850000    -654.38311149       5.03077549    -649.35233601   627.739195 19507.579268
  372.900000    -655.46475239       5.40913756    -650.05561482   674.951142 19510.200572
  372.950000    -655.19158555       5.31490302    -649.87668253   663.192573 19512.806936
  373.000000    -655.33959762       5.46518881    -649.87440880   681.945206 19515.427373
  373.050000    -654.51978818       5.49688331    -649.02290487   685.900039 19518.043831
  373.100000    -654.79844148       5.61865432    -649.17978716   701.094603 19520.656668
  373.150000    -654.68928882       5.39969480    -649.28959403   673.772875 19523.261581
  373.200000    -654.90654122       5.34414915    -649.56239207   666.841899 19525.873660
  373.250000    -655.27875270       5.80611218    -649.47264053   724.485557 19528.481933
  373.300000    -655.03878640       4.83634434    -650.20244207   603.478113 19531.052295
  373.350000    -654.36906225       5.40050729    -648.96855496   673.874258 19533.648834
  373.400000    -654.47377149       5.37433323    -649.09943826   670.608264 19536.255800
  373.450000    -655.33898257       5.20991594    -650.12906663   650.092306 19538.861743
  373.500000    -655.46811917       5.54312676    -649.92499241   691.670288 19541.461192
  373.550000    -655.31528498       5.65244246    -649.66284252   705.310680 19544.060235
  373.600000    -653.98431655       5.32970910    -648.65460745   665.040073 19546.661852
  373.650000    -654.64864371       6.11257140    -648.53607231   762.725481 19549.282762
  373.700000    -654.70466782       6.56500376    -648.13966406   819.179903 19551.892270
  373.750000    -653.68799602       5.20741643    -648.48057959   649.780418 19554.494330
  373.800000    -654.16615693       6.29917557    -647.86698135   786.009913 19557.095820
  373.850000    -654.51332537       6.20766176    -648.30566361   774.590837 19559.706573
  373.900000    -655.10062081       6.98921149    -648.11140932   872.112462 19562.293860
  373.950000    -653.93591927       5.62384490    -648.31207437   701.742282 19564.890347
  374.000000    -653.36136308       5.53838106    -647.82298203   691.078120 19567.477663
  374.050000    -653.78750950       6.17504588    -647.61246362   770.521034 19570.069452
  374.100000    -654.47260917       6.34005302    -648.13255616   791.110592 19572.660280
  374.150000    -654.11598307       6.00621663    -648.10976644   749.454552 19575.251436
  374.200000    -653.46044123       5.77232920    -647.68811203   720.270124 19577.851795
  374.250000    -653.82147227       5.68798042    -648.13349184   709.745100 19580.456428
  374.300000    -653.30909089       5.20990901    -648.09918188   650.091441 19583.059649
  374.350000    -654.63004538       6.36306323    -648.26698215   793.981803 19585.654058
  374.400000    -653.58787131       5.70627917    -647.88159214   712.028414 19588.245137
  374.450000    -654.31443437       7.10837425    -647.20606012   886.981567 19590.847735
  374.500000    -653.46331720       5.98510764    -647.47820955   746.820577 19593.427835
  374.550000    -654.01141114       6.29793232    -647.71347882   785.854780 19596.031677
  374.600000    -652.98342629       5.32992179    -647.65350450   665.066613 19598.632216
  374.650000    -653.91779629       5.47296258    -648.44483372   682.915214 19601.211792
  374.700000    -654.31272639       5.88552543    -648.42720096   734.394728 19603.809648
  374.750000    -654.60269028       6.45970026    -648.14299002   806.040152 19606.398814
  374.800000    -653.95795286       5.83351858    -648.12443428   727.905323 19608.985765
  374.850000    -654.38485545       5.84636100    -648.53849445   729.507798 19611.575016
  374.900000    -654.42709532       6.84314606    -647.58394927   853.886445 19614.164631
  374.950000    -653.57384004       4.72775168    -648.84608836   589.927943 19616.752737
  375.000000    -653.22510541       5.59450364    -647.63060177   698.081085 19619.347263
  375.050000    -653.52007071       5.49443477    -648.02563593   685.594511 19621.942392
  375.100000    -655.23553813       6.57039282    -648.66514531   819.852349 19624.544516
  375.150000    -654.18089573       5.51927593    -648.66161980   688.694186 19627.148186
  375.200000    -655.19807833       5.60136881    -649.59670953   698.937719 19629.735862
  375.250000    -654.72387855       4.58821585    -650.13566269   572.516689 19632.325108
  375.300000    -655.48584741       5.57274126    -649.91310615   695.365579 19634.926808
  375.350000    -654.62447914       5.10884628    -649.51563286   637.480853 19637.501595
  375.400000    -655.15387336       5.39548458    -649.75838878   673.247526 19640.107447
  375.450000    -655.62193580       5.95988419    -649.66205161   743.673200 19642.707241
  375.500000    -655.05677026       5.08199789    -649.97477237   634.130717 19645.289460
  375.550000    -655.23610053       5.34391086    -649.89218968   666.812166 19647.885409
  375.600000    -654.89146620       4.37324965    -650.51821655   545.693248 19650.487072
  375.650000    -655.31723867       5.66346122    -649.65377745   706.685599 19653.090178
  375.700000    -655.56280950       5.39788341    -650.16492609   673.546851 19655.694098
  375.750000    -654.91596420       5.12236868    -649.79359552   639.168175 19658.291748
  375.800000    -655.29648873       6.25223983    -649.04424890   780.153279 19660.895554
  375.850000    -654.40745662       4.81706362    -649.59039300   601.072269 19663.489358
  375.900000    -655.05433742       5.63691222    -649.41742520   703.372819 19666.084409
  375.950000    -655.15354728       5.34341122    -649.81013606   666.749821 19668.681992
  376.000000    -655.14736233       4.89996846    -650.24739387   611.417119 19671.282067
  376.050000    -656.23392707       5.94079419    -650.29313287   741.291153 19673.873324
  376.100000    -654.91562928       5.01691719    -649.89871209   626.009959 19676.476412
  376.150000    -655.11468565       5.07562501    -650.03906065   633.335509 19679.095060
  376.200000    -655.97754346       5.65029019    -650.32725328   705.042120 19681.681417
  376.250000    -655.07888801       4.85117330    -650.22771470   605.328469 19684.282391
  376.300000    -655.23789987       5.30863900    -649.92926086   662.410951 19686.867547
  376.350000    -654.74394170       5.73638185    -649.00755984   715.784621 19689.444866
  376.400000    -654.58600716       6.14855930    -648.43744786   767.216044 19692.026301
  376.450000    -654.15407038       5.83657060    -648.31749977   728.286154 19694.618721
  376.500000    -655.39728795       6.44342486    -648.95386309   804.009311 19697.219625
  376.550000    -655.34663524       6.43766605    -648.90896918   803.290728 19699.816498
  376.600000    -654.67420679       5.46157081    -649.21263598   681.493752 19702.412322
  376.650000    -655.59070595       6.05280388    -649.53790208   755.267700 19705.002412
  376.700000    -655.69861400       6.28328574    -649.41532826   784.027183 19707.596959
  376.750000    -655.29865404       5.85340739    -649.44524665   730.387045 19710.197891
  376.800000    -655.16164358       5.09040801    -650.07123556   635.180130 19712.790695
  376.850000    -655.81201978       5.57388051    -650.23813927   695.507735 19715.377622
  376.900000    -655.81854997       5.45641183    -650.36213814   680.850016 19717.964715
  376.950000    -655.79944881       5.38135873    -650.41809008   671.484904 19720.548521
  377.000000    -654.72901135       5.13721215    -649.59179920   641.020341 19723.127253
  377.050000    -655.87043278       6.31804758    -649.55238519   788.364759 19725.706485
  377.100000    -654.48386707       5.50195255    -648.98191452   686.532578 19728.287142
  377.150000    -654.58944369       5.88446970    -648.70497399   734.262994 19730.879015
  377.200000    -654.80404620       5.89169991    -648.91234629   735.165178 19733.468621
  377.250000    -654.38467244       4.95817977    -649.42649267   618.680715 19736.062908
  377.300000    -655.29549094       6.40531627    -648.89017467   799.254128 19738.652136
  377.350000    -654.17241553       5.99672215    -648.17569338   748.269833 19741.240894
  377.400000    -654.09047008       6.18711026    -647.90335983   772.026425 19743.827569
  377.450000    -655.00686907       6.00164352    -649.00522554   748.883921 19746.419362
  377.500000    -654.37665101       5.13205224    -649.24459877   640.376488 19749.032250
  377.550000    -654.75787327       5.22115511    -649.53671817   651.494727 19751.623400
  377.600000    -655.16900208       5.10879244    -650.06020963   637.474135 19754.215710
  377.650000    -655.25999793       6.08103491    -649.17896302   758.790363 19756.805863
  377.700000    -654.57505866       5.17635038    -649.39870827   645.904003 19759.409751
  377.750000    -654.82428039       5.41224771    -649.41203268   675.339226 19762.010411
  377.800000    -654.64278804       6.09312790    -648.54966013   760.299325 19764.610635
  377.850000    -654.89435185       6.00850952    -648.88584234   749.740658 19767.204695
  377.900000    -654.45329268       6.52183238    -647.93146031   813.792986 19769.807362
  377.950000    -654.25032249       6.01440256    -648.23591993   750.475991 19772.411504
  378.000000    -654.85561731       6.53661916    -648.31899815   815.638078 19775.004874
  378.050000    -654.73906249       5.83647156    -648.90259093   728.273796 19777.603362
  378.100000    -654.61273218       5.65034512    -648.96238706   705.048974 19780.204667
  378.150000    -655.24401145       5.71459821    -649.52941325   713.066462 19782.797096
  378.200000    -655.40158071       5.11425658    -650.28732414   638.155949 19785.413239
  378.250000    -655.22093718       5.08954175    -650.13139544   635.072037 19788.018847
  378.300000    -655.05302414       5.54040004    -649.51262410   691.330049 19790.613047
  378.350000    -655.45564007       6.02820500    -649.42743507   752.198257 19793.207044
  378.400000    -654.39587770       4.91441298    -649.48146472   613.219504 19795.804509
  378.450000    -654.72830026       5.93568342    -648.79261685   740.653432 19798.403831
  378.500000    -654.56016253       5.73943624    -648.82072629   716.165747 19801.004828
  378.550000    -654.36803319       5.99273427    -648.37529892   747.772226 19803.613796
  378.600000    -653.87353603       5.92749817    -647.94603787   739.632078 19806.223659
  378.650000    -655.36580913       6.38901364    -648.97679549   797.219890 19808.842953
  378.700000    -655.39723460       6.26547413    -649.13176047   781.804653 19811.431216
  378.750000    -654.46985449       5.14534009    -649.32451440   642.034544 19814.032851
  378.800000    -654.88264871       5.21757938    -649.66506933   651.048549 19816.637152
  378.850000    -655.09735959       5.12321099    -649.97414860   639.273279 19819.215983
  378.900000    -655.23691626       5.65147068    -649.58544558   705.189421 19821.803728
  378.950000    -655.02221558       5.11346569    -649.90874988   638.057263 19824.392216
  379.000000    -655.32396106       5.32553360    -649.99842746   664.519055 19826.982259
  379.050000    -655.33424862       5.56851372    -649.76573490   694.838068 19829.579286
  379.100000    -654.08942682       4.22242821    -649.86699861   526.873777 19832.176069
  379.150000    -654.59081685       4.79729862    -649.79351822   598.605997 19834.764041
  379.200000    -655.33637644       5.43914479    -649.89723165   678.695438 19837.356363
  379.250000    -655.16895468       5.53227940    -649.63667529   690.316756 19839.960747
  379.300000    -655.22301208       5.03071312    -650.19229896   627.731413 19842.545626
  379.350000    -656.06753602       5.85606782    -650.21146820   730.719013 19845.139689
  379.400000    -654.80940092       4.87334573    -649.93605519   608.095140 19847.730937
  379.450000    -655.50865715       5.94302634    -649.56563081   741.569680 19850.322345
  379.500000    -654.85665702       5.65165915    -649.20499787   705.212939 19852.914049
  379.550000    -655.57871140       5.70003939    -649.87867201   711.249815 19855.505169
  379.600000    -655.24280488       5.68445048    -649.55835440   709.304634 19858.089812
  379.650000    -655.49268157       5.37377963    -650.11890193   670.539186 19860.678278
  379.700000    -655.92413641       5.33994431    -650.58419210   666.317221 19863.273896
  379.750000    -655.02919985       5.76296522    -649.26623463   719.101689 19865.870804
  379.800000    -654.53411800       5.22814477    -649.30597323   652.366896 19868.470722
  379.850000    -654.72926148       5.93109741    -648.79816407   740.081191 19871.071509
  379.900000    -655.78623213       6.74059760    -649.04563453   841.090468 19873.673144
  379.950000    -653.90459181       5.40086500    -648.50372681   673.918893 19876.261097
  380.000000    -654.36602924       5.30924379    -649.05678545   662.486416 19878.857579
  380.050000    -654.38089192       5.91804000    -648.46285192   738.451890 19881.446519
  380.100000    -653.45130947       5.79935099    -647.65195847   723.641898 19884.037571
  380.150000    -653.70278045       5.85890991    -647.84387054   731.073648 19886.635618
  380.200000    -653.99895286       6.58145053    -647.41750233   821.232128 19889.232167
  380.250000    -654.12304916       5.81002934    -648.31301982   724.974340 19891.821506
  380.300000    -653.95098362       6.21438769    -647.73659593   775.430098 19894.442574
  380.350000    -655.04484102       6.42684576    -648.61799526   801.940575 19897.044710
  380.400000    -653.35692028       5.31463495    -648.04228533   663.159124 19899.637922
  380.450000    -654.47779464       5.97313941    -648.50465524   745.327183 19902.263282
  380.500000    -653.83600751       4.97986342    -648.85614410   621.386397 19904.880976
  380.550000    -655.14724771       6.02644524    -649.12080247   751.978675 19907.469275
  380.600000    -655.23220147       5.23819552    -649.99400594   653.621027 19910.071333
  380.650000    -655.11166758       5.35658942    -649.75507816   668.394195 19912.677640
  380.700000    -655.75536193       5.75930259    -649.99605934   718.644666 19915.260445
  380.750000    -655.01884075       4.82389965    -650.19494110   601.925268 19917.859349
  380.800000    -655.90615958       5.71676649    -650.18939309   713.337019 19920.464582
  380.850000    -654.89661667       4.29419222    -650.60242445   535.828477 19923.069836
  380.900000    -654.64942162       4.88602239    -649.76339924   609.676931 19925.679503
  380.950000    -654.76100676       5.67434194    -649.08666482   708.043293 19928.299494
  381.000000    -655.19095269       5.41573401    -649.77521868   675.774245 19930.911972
  381.050000    -654.87110771       5.18598849    -649.68511922   647.106644 19933.533264
  381.100000    -655.07514074       5.14511582    -649.93002492   642.006560 19936.141635
  381.150000    -654.46587172       5.07021808    -649.39565365   632.660834 19938.740694
  381.200000    -655.32345922       5.92400141    -649.39945780   739.195754 19941.360804
  381.250000    -654.15347490       5.28876276    -648.86471214   659.930797 19943.982818
  381.300000    -653.65116943       5.14560747    -648.50556197   642.067907 19946.573733
  381.350000    -654.97692052       6.34590175    -648.63101877   791.840396 19949.179917
  381.400000    -654.65883859       5.89940574    -648.75943286   736.126710 19951.783988
  381.450000    -654.47230091       6.11313575    -648.35916517   762.795899 19954.367980
  381.500000    -654.25557828       6.06247123    -648.19310705   756.473991 19956.968544
  381.550000    -655.06243645       6.48537875    -648.57705770   809.244309 19959.576359
  381.600000    -654.55535928       5.68745025    -648.86790903   709.678945 19962.162768
  381.650000    -654.67026081       5.12315556    -649.54710525   639.266363 19964.770024
  381.700000    -654.55015089       4.90819326    -649.64195763   612.443409 19967.381042
  381.750000    -654.27918651       5.49651211    -648.78267440   685.853721 19969.962543
  381.800000    -654.38617382       5.19647974    -649.18969408   648.415739 19972.569657
  381.850000    -654.04017779       5.86661699    -648.17356079   732.035337 19975.171580
  381.900000    -654.32739028       5.79195219    -648.53543809   722.718677 19977.748672
  381.950000    -653.97467805       5.63127861    -648.34339944   702.669859 19980.353321
  382.000000    -654.24580645       5.78494116    -648.46086529   721.843843 19982.962090
  382.050000    -654.59371300       5.81860048    -648.77511252   726.043846 19985.558216
  382.100000    -655.19514063       5.75806766    -649.43707298   718.490572 19988.159733
  382.150000    -653.86147013       5.03435223    -648.82711790   628.185501 19990.763901
  382.200000    -655.35068781       6.54073066    -648.80995716   816.151110 19993.370026
  382.250000    -655.20278230       5.98464900    -649.21813330   746.763348 19995.962541
  382.300000    -655.34741190       6.05285491    -649.29455699   755.274068 19998.569277
  382.350000    -654.99671743       5.01251256    -649.98420487   625.460350 20001.168575
  382.400000    -654.83487459       5.19274712    -649.64212747   647.949984 20003.757922
  382.450000    -654.79277255       5.12466174    -649.66811081   639.454303 20006.361968
  382.500000    -655.10523847       5.85858886    -649.24664961   731.033588 20008.968524
  382.550000    -654.79372600       5.19906446    -649.59466155   648.738260 20011.537378
  382.600000    -655.38335181       5.92740946    -649.45594236   739.621009 20014.099254
  382.650000    -654.81826614       5.93379621    -648.88446993   740.417947 20016.639875
  382.700000    -654.88058995       6.04631036    -648.83427959   754.457440 20019.176178
  382.750000    -655.14944183       5.76986494    -649.37957688   719.962635 20021.713266
  382.800000    -654.29606314       5.44034144    -648.85572169   678.844756 20024.253242
  382.850000    -654.97356058       5.80678143    -649.16677914   724.569067 20026.792788
  382.900000    -654.97141033       5.18321749    -649.78819285   646.760878 20029.329484
  382.950000    -654.10741719       5.11970321    -648.98771398   638.835579 20031.876935
  383.000000    -654.45863142       6.04102765    -648.41760377   753.798265 20034.470927
  383.050000    -654.11970520       5.58256946    -648.53713575   696.591940 20037.079414
  383.100000    -653.74207406       5.49972215    -648.24235191   686.254269 20039.677446
  383.150000    -655.03676121       6.48402447    -648.55273674   809.075322 20042.284200
  383.200000    -654.84687345       5.27194982    -649.57492363   657.832882 20044.892995
  383.250000    -654.70182551       5.33969862    -649.36212689   666.286563 20047.499133
  383.300000    -654.95432018       5.54333704    -649.41098314   691.696526 20050.112004
  383.350000    -655.02900283       5.90217584    -649.12682699   736.472363 20052.697298
  383.400000    -654.87650361       6.10103135    -648.77547227   761.285515 20055.307983
  383.450000    -654.37357492       5.23505949    -649.13851543   653.229714 20057.911058
  383.500000    -655.13441277       5.14474959    -649.98966318   641.960862 20060.480356
  383.550000    -655.05261262       5.33744506    -649.71516756   666.005365 20063.084010
  383.600000    -655.34325772       5.66769644    -649.67556128   707.214069 20065.724128
  383.650000    -655.68010419       5.36699795    -650.31310624   669.692968 20068.315725
  383.700000    -655.13041955       4.66591188    -650.46450767   582.211585 20070.928286
  383.750000    -654.94164824       4.83879983    -650.10284841   603.784509 20073.532453
  383.800000    -655.34140739       6.21497392    -649.12643347   775.503247 20076.144478
  383.850000    -654.10062153       5.04382210    -649.05679942   629.367149 20078.744815
  383.900000    -655.73692124       5.90042993    -649.83649131   736.254509 20081.288005
  383.950000    -655.18417919       5.57210001    -649.61207918   695.285564 20083.832966
  384.000000    -654.20171371       5.65473191    -648.54698180   705.596356 20086.394093
  384.050000    -654.37867481       5.33823343    -649.04044138   666.103738 20088.932087
  384.100000    -655.11707992       5.97696763    -649.14011229   745.804868 20091.459890
  384.150000    -654.87199800       6.38438878    -648.48760922   796.642800 20093.989699
  384.200000    -654.53766476       5.53054268    -649.00712208   690.100049 20096.516045
  384.250000    -654.84226992       5.22205505    -649.62021487   651.607022 20099.042655
  384.300000    -654.79528828       4.82748654    -649.96780174   602.372839 20101.569080
  384.350000    -655.25048914       4.95491064    -650.29557850   618.272794 20104.097335
  384.400000    -655.72410926       5.58334832    -650.14076094   696.689126 20106.635151
  384.450000    -654.42595382       5.20643544    -649.21951837   649.658010 20109.165764
  384.500000    -654.16197163       5.49229637    -648.66967527   685.327681 20111.695971
  384.550000    -655.27477368       6.31048336    -648.96429033   787.420896 20114.227784
  384.600000    -653.94333901       5.18263862    -648.76070039   646.688647 20116.758777
  384.650000    -654.06130347       5.82327878    -648.23802469   726.627603 20119.307939
  384.700000    -654.54883959       5.21595158    -649.33288801   650.845433 20121.836771
  384.750000    -654.55715598       5.58126073    -648.97589524   696.428638 20124.364037
  384.800000    -654.48631136       6.08827829    -648.39803307   759.694190 20126.894784
  384.850000    -654.12284333       5.65814055    -648.46470278   706.021687 20129.424041
  384.900000    -655.40220641       5.84891095    -649.55329546   729.825980 20131.953827
  384.950000    -654.90901048       4.71658777    -650.19242271   588.534912 20134.478611
  385.000000    -655.04186958       5.06423563    -649.97763395   631.914345 20137.004046
  385.050000    -655.89412491       5.45197189    -650.44215302   680.296000 20139.532832
  385.100000    -655.80166769       5.06887643    -650.73279127   632.493423 20142.068150
  385.150000    -655.51415233       5.54045686    -649.97369547   691.337138 20144.601079
  385.200000    -655.26215137       4.78769421    -650.47445716   597.407559 20147.134169
  385.250000    -654.97782242       5.00078018    -649.97704224   623.996386 20149.683075
  385.300000    -655.63403093       5.93584562    -649.69818531   740.673671 20152.223410
  385.350000    -655.37165199       5.34722700    -650.02442499   667.225954 20154.755666
  385.400000    -655.11864040       5.33037099    -649.78826942   665.122663 20157.288692
  385.450000    -655.76098096       5.65711532    -650.10386564   705.893758 20159.821676
  385.500000    -656.07111573       5.03261890    -651.03849683   627.969215 20162.354483
  385.550000    -656.56810950       4.88938282    -651.67872667   610.096245 20164.886949
  385.600000    -656.20267498       4.53837500    -651.66429998   566.297557 20167.419491
  385.650000    -655.62840333       4.40829906    -651.22010426   550.066707 20169.954038
  385.700000    -655.68006384       4.95423350    -650.72583034   618.188301 20172.485397
  385.750000    -655.73246186       5.13161278    -650.60084908   640.321653 20175.019647
  385.800000    -656.20891351       5.17721661    -651.03169690   646.012090 20177.548758
  385.850000    -656.06556811       5.93323147    -650.13233664   740.347478 20180.088382
  385.900000    -655.80229172       5.07268157    -650.72961015   632.968228 20182.645830
  385.950000    -655.27624089       4.58165358    -650.69458731   571.697850 20185.185656
  386.000000    -654.88201068       4.81015064    -650.07186004   600.209669 20187.740882
  386.050000    -654.95710344       5.73515794    -649.22194550   715.631902 20190.277622
  386.100000    -654.89135035       5.63531328    -649.25603707   703.173304 20192.819383
  386.150000    -655.89505731       6.83998677    -649.05507055   853.492229 20195.371644
  386.200000    -654.45760447       6.10868020    -648.34892427   762.239937 20197.916939
  386.250000    -653.96357059       5.21876814    -648.74480245   651.196882 20200.471607
  386.300000    -654.37314483       5.88512711    -648.48801773   734.345025 20203.010649
  386.350000    -654.97003832       5.92115162    -649.04888670   738.840157 20205.563202
  386.400000    -654.04708736       6.40075829    -647.64632906   798.685385 20208.118603
  386.450000    -652.87836564       5.47390707    -647.40445857   683.033068 20210.653477
  386.500000    -653.70522471       6.39605449    -647.30917022   798.098445 20213.208308
  386.550000    -654.46891132       6.83693835    -647.63197297   853.111848 20215.765683
  386.600000    -653.23914104       5.95281715    -647.28632389   742.791376 20218.302510
  386.650000    -654.22462836       5.90326376    -648.32136460   736.608114 20220.854558
  386.700000    -654.46946302       5.30139865    -649.16806436   661.507501 20223.404521
  386.750000    -655.18980918       5.81328415    -649.37652503   725.380475 20225.959593
  386.800000    -655.51051038       5.72378565    -649.78672472   714.212870 20228.515817
  386.850000    -654.91709807       5.43639281    -649.48070526   678.352047 20231.068684
  386.900000    -654.54283145       5.38554469    -649.15728676   672.007228 20233.621507
  386.950000    -654.91512967       5.75163654    -649.16349313   717.688098 20236.168813
  387.000000    -654.45791437       5.02276991    -649.43514446   626.740261 20238.710155
  387.050000    -654.46086182       4.93769501    -649.52316681   616.124631 20241.250137
  387.100000    -654.79514760       5.60201003    -649.19313758   699.017731 20243.792072
  387.150000    -654.27541336       5.26377450    -649.01163887   656.812766 20246.355534
  387.200000    -654.76298791       5.92718958    -648.83579833   739.593572 20248.912366
  387.250000    -654.73262284       6.79120941    -647.94141343   847.405801 20251.460020
  387.300000    -654.36622963       5.62447284    -648.74175679   701.820635 20254.017293
  387.350000    -654.85873298       5.84715069    -649.01158228   729.606336 20256.560951
  387.400000    -654.82297639       6.65170610    -648.17127029   829.998604 20259.113730
  387.450000    -654.31540199       6.37862015    -647.93678184   795.922991 20261.669030
  387.500000    -653.62624011       5.64429473    -647.98194538   704.294008 20264.259624
  387.550000    -654.13649971       5.31881839    -648.81768132   663.681132 20266.838588
  387.600000    -654.74490202       6.62193196    -648.12297007   826.283392 20269.382351
  387.650000    -653.78416805       5.54871520    -648.23545284   692.367613 20271.923710
  387.700000    -653.50429543       6.79579606    -646.70849937   847.978121 20274.465036
  387.750000    -653.67487382       7.20255960    -646.47231423   898.733997 20277.006349
  387.800000    -654.24952287       6.86849324    -647.38102963   857.049262 20279.566621
  387.850000    -653.80345118       6.09806150    -647.70538968   760.914937 20282.121719
  387.900000    -653.30815297       5.92644786    -647.38170511   739.501021 20284.667961
  387.950000    -654.16297341       6.56002062    -647.60295279   818.558107 20287.207062
  388.000000    -654.09112771       5.30837331    -648.78275440   662.377798 20289.745029
  388.050000    -654.54640880       5.00019424    -649.54621457   623.923272 20292.282241
  388.100000    -654.96246827       5.00446102    -649.95800725   624.455681 20294.822534
  388.150000    -655.06107974       5.21809597    -649.84298377   651.113009 20297.362162
  388.200000    -654.87497391       5.58279233    -649.29218158   696.619750 20299.906631
  388.250000    -654.44963431       5.18998428    -649.25965003   647.605238 20302.452430
  388.300000    -653.98974678       5.38896904    -648.60077774   672.434517 20304.995795
  388.350000    -654.56397889       5.66826962    -648.89570927   707.285589 20307.537132
  388.400000    -654.21864134       4.52355807    -649.69508328   564.448703 20310.085392
  388.450000    -655.35697644       4.27024103    -651.08673542   532.839852 20312.635671
  388.500000    -655.50501805       4.79356200    -650.71145605   598.139742 20315.181328
  388.550000    -654.87352644       4.36223784    -650.51128860   544.319196 20317.709342
  388.600000    -655.63317519       5.63316544    -650.00000975   702.905297 20320.235958
  388.650000    -655.01664369       4.38583341    -650.63081028   547.263447 20322.765008
  388.700000    -655.77359433       5.20072770    -650.57286663   648.945799 20325.295975
  388.750000    -655.39745686       4.78994604    -650.60751082   597.688543 20327.821961
  388.800000    -654.96582691       5.23334370    -649.73248321   653.015617 20330.350194
  388.850000    -655.33641841       5.69476571    -649.64165270   710.591766 20332.878728
  388.900000    -653.74660162       3.89359266    -649.85300896   485.841741 20335.406635
  388.950000    -655.45772461       5.58281723    -649.87490738   696.622857 20337.935713
  389.000000    -655.32278710       5.11866453    -650.20412257   638.705973 20340.469758
  389.050000    -654.56878477       5.04443244    -649.52435233   629.443307 20343.006508
  389.100000    -655.22345951       5.17583352    -650.04762599   645.839508 20345.557825
  389.150000    -654.46124538       4.63349071    -649.82775467   578.166077 20348.085538
  389.200000    -655.40134219       4.98872484    -650.41261735   622.492123 20350.615349
  389.250000    -655.00956895       5.20324524    -649.80632371   649.259938 20353.145645
  389.300000    -653.77039476       4.53805501    -649.23233976   566.257628 20355.674952
  389.350000    -654.94836126       5.41669254    -649.53166873   675.893850 20358.200758
  389.400000    -655.47967830       6.25434640    -649.22533191   780.416137 20360.726984
  389.450000    -655.00860578       6.05097315    -648.95763262   755.039263 20363.256499
  389.500000    -654.14684376       4.65351715    -649.49332661   580.664972 20365.785946
  389.550000    -654.80625254       5.81623099    -648.99002154   725.748182 20368.316123
  389.600000    -654.65149481       5.44511089    -649.20638392   679.439886 20370.846808
  389.650000    -654.72714050       5.69424825    -649.03289225   710.527199 20373.379856
  389.700000    -654.29588826       5.01346432    -649.28242394   625.579111 20375.933601
  389.750000    -655.16234318       5.38691827    -649.77542491   672.178623 20378.490681
  389.800000    -654.99302998       5.90159246    -649.09143752   736.399568 20381.046542
  389.850000    -655.30727238       5.53565051    -649.77162187   690.737403 20383.592471
  389.900000    -655.41343581       5.97398354    -649.43945226   745.432514 20386.143676
  389.950000    -654.99280705       4.72951367    -650.26329338   590.147803 20388.684726
  390.000000    -654.76945616       4.70318932    -650.06626684   586.863056 20391.229669
  390.050000    -655.04208325       5.17532394    -649.86675930   645.775923 20393.770491
  390.100000    -655.20360814       5.68958991    -649.51401823   709.945931 20396.312985
  390.150000    -655.35845108       5.92494948    -649.43350160   739.314053 20398.857686
  390.200000    -654.60363070       5.63401388    -648.96961682   703.011165 20401.398758
  390.250000    -654.55810847       6.16480408    -648.39330439   769.243064 20403.942191
  390.300000    -653.15990605       5.44206755    -647.71783850   679.060139 20406.522666
  390.350000    -653.29593091       5.55297135    -647.74295956   692.898694 20409.085385
  390.400000    -654.80115675       5.62301559    -649.17814116   701.638801 20411.631997
  390.450000    -655.11843134       4.96985333    -650.14857801   620.137340 20414.192994
  390.500000    -655.03116249       5.77613426    -649.25502823   720.744919 20416.737800
  390.550000    -654.17295822       4.89897288    -649.27398534   611.292891 20419.292339
  390.600000    -655.02193487       6.02492918    -648.99700570   751.789500 20421.853432
  390.650000    -654.49241271       5.61187385    -648.88053887   700.248536 20424.416562
  390.700000    -654.36574712       5.51786384    -648.84788329   688.517985 20426.967851
  390.750000    -655.10503925       6.03620107    -649.06883819   753.196005 20429.535909
  390.800000    -654.76137548       5.51612633    -649.24524916   688.301179 20432.091326
  390.850000    -655.53157889       5.54200309    -649.98957580   691.530077 20434.650028
  390.900000    -654.41870781       5.46745779    -648.95125001   682.228329 20437.209939
  390.950000    -654.13390428       5.44311673    -648.69078755   679.191055 20439.769909
  391.000000    -654.89409141       6.02465708    -648.86943434   751.755548 20442.326628
  391.050000    -653.86084369       4.82986081    -649.03098288   602.669101 20444.873164
  391.100000    -654.47889824       5.68377252    -648.79512573   709.220038 20447.417726
  391.150000    -654.50464557       5.33862263    -649.16602294   666.152302 20449.958647
  391.200000    -655.18316777       5.33240157    -649.85076620   665.376039 20452.506765
  391.250000    -654.81471994       4.22114762    -650.59357232   526.713986 20455.050918
  391.300000    -655.49471016       5.26272037    -650.23198978   656.681233 20457.591755
  391.350000    -655.69397443       5.15187470    -650.54209973   642.849931 20460.159458
  391.400000    -654.68569532       5.26459819    -649.42109712   656.915547 20462.706425
  391.450000    -654.78075545       5.21442082    -649.56633463   650.654425 20465.262621
  391.500000    -655.42314438       5.51241255    -649.91073183   687.837774 20467.816703
  391.550000    -654.97650829       5.86998750    -649.10652079   732.455908 20470.360747
  391.600000    -654.04599287       5.84108049    -648.20491239   728.848896 20472.927505
  391.650000    -653.41457894       5.87341019    -647.54116875   732.882991 20475.483241
  391.700000    -653.20572011       5.63085226    -647.57486785   702.616659 20478.029620
  391.750000    -653.95237843       6.24073239    -647.71164604   778.717384 20480.573845
  391.800000    -653.91892196       5.76540102    -648.15352094   719.405627 20483.118462
  391.850000    -654.74811263       6.37196505    -648.37614757   795.092570 20485.663745
  391.900000    -654.45875068       5.85299354    -648.60575713   730.335405 20488.210436
  391.950000    -653.59197634       4.77878324    -648.81319310   596.295650 20490.761445
  392.000000    -655.09857280       5.90663374    -649.19193906   737.028619 20493.323956
  392.050000    -654.70342928       6.66012454    -648.04330474   831.049055 20495.872353
  392.100000    -654.19019628       5.72795959    -648.46223669   714.733692 20498.419357
  392.150000    -654.21338987       6.06375390    -648.14963597   756.634042 20500.965890
  392.200000    -655.37284219       7.14550522    -648.22733696   891.614763 20503.507706
  392.250000    -653.34766459       5.71733970    -647.63032489   713.408545 20506.072547
  392.300000    -653.90490567       5.96869721    -647.93620846   744.772886 20508.625377
  392.350000    -654.90339829       6.61595802    -648.28744028   825.537965 20511.174204
  392.400000    -653.81312535       5.42448790    -648.38863744   676.866554 20513.719440
  392.450000    -653.95524376       6.46334679    -647.49189697   806.495166 20516.270100
  392.500000    -653.66861997       5.59171422    -648.07690575   697.733021 20518.818931
  392.550000    -654.46223645       5.26503558    -649.19720088   656.970123 20521.383798
  392.600000    -654.64196945       6.54322698    -648.09874247   816.462600 20523.944542
  392.650000    -653.52325501       5.51520303    -648.00805198   688.185970 20526.495196
  392.700000    -654.58434980       6.32747620    -648.25687360   789.541260 20529.064293
  392.750000    -653.78065925       5.66229363    -648.11836562   706.539907 20531.632424
  392.800000    -654.36829462       6.07535907    -648.29293555   758.082133 20534.201655
  392.850000    -653.96113379       6.06299702    -647.89813678   756.539598 20536.807416
  392.900000    -654.65593321       6.34636199    -648.30957122   791.897825 20539.374574
  392.950000    -654.35114922       5.26455871    -649.08659051   656.910621 20541.935098
  393.000000    -654.79412394       5.60354648    -649.19057746   699.209449 20544.488373
  393.050000    -655.06393147       6.09922867    -648.96470280   761.060577 20547.037216
  393.100000    -654.79686679       5.44658478    -649.35028200   679.623798 20549.594733
  393.150000    -654.67205564       4.72466321    -649.94739242   589.542564 20552.155430
  393.200000    -655.38893306       5.35787309    -650.03105997   668.554371 20554.714173
  393.250000    -655.18747138       5.14784541    -650.03962597   642.347157 20557.284425
  393.300000    -654.56543251       5.71262843    -648.85280408   712.820674 20559.842790
  393.350000    -655.38339521       5.93782893    -649.44556628   740.921148 20562.399817
  393.400000    -654.55478633       5.33958609    -649.21520024   666.272522 20564.948612
  393.450000    -655.16773246       5.87762908    -649.29010338   733.409423 20567.497653
  393.500000    -654.76576942       5.44069965    -649.32506977   678.889453 20570.065718
  393.550000    -655.18947526       5.62120289    -649.56827237   701.412612 20572.615827
  393.600000    -654.83081858       5.47008105    -649.36073753   682.555658 20575.167313
  393.650000    -655.21492306       5.99853203    -649.21639103   748.495670 20577.715675
  393.700000    -654.59672783       5.65218567    -648.94454216   705.278637 20580.260396
  393.750000    -654.78219418       6.05243347    -648.72976071   755.221481 20582.805132
  393.800000    -654.07882497       5.74936830    -648.32945668   717.405067 20585.349555
  393.850000    -654.58765194       5.24809761    -649.33955433   654.856607 20587.892926
  393.900000    -654.88512525       4.89067156    -649.99445369   610.257053 20590.432898
  393.950000    -655.87693647       5.55511627    -650.32182020   693.166337 20592.975154
  394.000000    -656.06085411       4.75333938    -651.30751472   593.120771 20595.518330
  394.050000    -655.92170618       4.90096318    -651.02074300   611.541241 20598.060516
  394.100000    -655.20262100       5.53188914    -649.67073186   690.268059 20600.615674
  394.150000    -654.78547230       5.59627716    -649.18919514   698.302384 20603.171901
  394.200000    -654.90341257       5.31489713    -649.58851544   663.191839 20605.715866
  394.250000    -654.70559302       5.49664189    -649.20895113   685.869915 20608.257358
  394.300000    -653.71297430       5.14141166    -648.57156265   641.544355 20610.797090
  394.350000    -653.87845190       5.58275231    -648.29569959   696.614757 20613.335819
  394.400000    -653.84863175       5.18416788    -648.66446387   646.879468 20615.874748
  394.450000    -654.67102662       6.28170364    -648.38932298   783.829768 20618.414176
  394.500000    -654.36982384       5.74372029    -648.62610355   716.700310 20620.953269
  394.550000    -654.85187749       6.63976424    -648.21211325   828.508500 20623.525084
  394.600000    -654.68898411       6.62028512    -648.06869899   826.077900 20626.125247
  394.650000    -654.18722149       5.45668274    -648.73053875   680.883820 20628.744690
  394.700000    -654.29012071       5.98853884    -648.30158187   747.248721 20631.339342
  394.750000    -655.04899530       7.07320869    -647.97578661   882.593615 20633.964867
  394.800000    -654.85384436       6.05310708    -648.80073729   755.305533 20636.573289
  394.850000    -653.95359766       5.66111727    -648.29248040   706.393121 20639.195206
  394.900000    -653.78541660       6.04277243    -647.74264417   754.015979 20641.786726
  394.950000    -653.97373368       5.68169230    -648.29204138   708.960469 20644.373004
  395.000000    -655.11404262       6.35520397    -648.75883866   793.001125 20646.960582
  395.050000    -654.58372295       5.48013494    -649.10358801   683.810180 20649.532182
  395.100000    -654.46121629       5.10583251    -649.35538378   637.104795 20652.150871
  395.150000    -654.79441812       5.31891110    -649.47550702   663.692701 20654.754885
  395.200000    -655.90614923       7.16869342    -648.73745581   894.508183 20657.342293
  395.250000    -653.47500052       5.51993411    -647.95506641   688.776313 20659.939955
  395.300000    -654.52321384       5.63843516    -648.88477868   703.562851 20662.538228
  395.350000    -653.43497162       5.12063071    -648.31434090   638.951312 20665.136980
  395.400000    -653.84750936       4.87654643    -648.97096293   608.494522 20667.732504
  395.450000    -654.31873951       5.93085008    -648.38788943   740.050329 20670.273142
  395.500000    -654.22393447       5.16968180    -649.05425267   645.071898 20672.802617
  395.550000    -654.31014355       5.65923954    -648.65090401   706.158818 20675.329559
  395.600000    -654.16886569       5.59980208    -648.56906360   698.742224 20677.857072
  395.650000    -654.43712328       5.51965565    -648.91746762   688.741568 20680.381190
  395.700000    -653.67638186       4.96126934    -648.71511253   619.066231 20682.907711
  395.750000    -654.26399952       5.56212156    -648.70187796   694.040455 20685.433554
  395.800000    -652.90995106       5.08025857    -647.82969249   633.913685 20687.955696
  395.850000    -653.17767093       5.05322701    -648.12444392   630.540691 20690.480581
  395.900000    -653.96541301       6.44936637    -647.51604665   804.750691 20693.005595
  395.950000    -653.01815218       5.78275612    -647.23539607   721.571193 20695.532052
  396.000000    -654.79935274       5.96597493    -648.83337781   744.433201 20698.077589
  396.050000    -653.71522135       5.24084844    -648.47437291   653.952057 20700.608684
  396.100000    -654.60716690       6.13735208    -648.46981482   765.817609 20703.137243
  396.150000    -654.28560229       5.09239041    -649.19321187   635.427494 20705.660934
  396.200000    -654.25306124       5.08580440    -649.16725684   634.605692 20708.198391
  396.250000    -655.15414122       5.66697185    -649.48716936   707.123655 20710.722516
  396.300000    -655.18864289       5.51735229    -649.67129060   688.454154 20713.249097
  396.350000    -654.99150973       5.37537432    -649.61613541   670.738170 20715.777273
  396.400000    -654.54130040       4.77433453    -649.76696587   595.740541 20718.305370
  396.450000    -655.40354981       5.60426439    -649.79928542   699.299030 20720.831971
  396.500000    -654.95089785       5.10925476    -649.84164309   637.531824 20723.362054
  396.550000    -654.85780370       6.17788626    -648.67991744   770.875456 20725.890920
  396.600000    -654.45702738       5.76286041    -648.69416697   719.088610 20728.428951
  396.650000    -653.26860062       5.20404103    -648.06455960   649.359235 20730.964530
  396.700000    -655.12188865       6.36730372    -648.75458493   794.510930 20733.488481
  396.750000    -654.68371681       5.80053510    -648.88318171   723.789651 20736.014317
  396.800000    -654.31923591       5.03962395    -649.27961196   628.843305 20738.541096
  396.850000    -654.68781117       6.52654369    -648.16126748   814.380862 20741.070126
  396.900000    -654.25656760       5.94648647    -648.31008113   742.001435 20743.596922
  396.950000    -655.02743030       4.98440634    -650.04302396   621.953262 20746.123897
  397.000000    -655.12665927       5.63654272    -649.49011655   703.326714 20748.656270
  397.050000    -655.02739996       5.40209591    -649.62530404   674.072486 20751.183504
  397.100000    -655.63668252       6.34067345    -649.29600907   791.188011 20753.711976
  397.150000    -655.18553264       5.47305281    -649.71247983   682.926474 20756.241169
  397.200000    -654.80066976       5.62003051    -649.18063925   701.266323 20758.767547
  397.250000    -654.42757261       5.27049521    -649.15707741   657.651375 20761.310102
  397.300000    -654.83149719       4.80419872    -650.02729847   599.466989 20763.844604
  397.350000    -655.19623340       5.62150458    -649.57472882   701.450257 20766.368396
  397.400000    -654.43430318       4.90378789    -649.53051529   611.893707 20768.896761
  397.450000    -654.99092077       5.92093771    -649.06998307   738.813465 20771.435457
  397.500000    -654.63270769       6.10110063    -648.53160707   761.294159 20773.976378
  397.550000    -654.12460443       5.22575316    -648.89885127   652.068471 20776.522542
  397.600000    -654.57670846       5.74331717    -648.83339129   716.650009 20779.063557
  397.650000    -654.73569987       6.27149990    -648.46419998   782.556547 20781.602000
  397.700000    -654.35507711       5.43162414    -648.92345297   677.757013 20784.139976
  397.750000    -654.40161139       5.94914134    -648.45247005   742.332709 20786.678989
  397.800000    -654.33660809       5.68582880    -648.65077929   709.476621 20789.220974
  397.850000    -654.91313457       6.24647793    -648.66665664   779.434311 20791.764833
  397.900000    -654.16867346       5.75451678    -648.41415668   718.047494 20794.327189
  397.950000    -654.33853277       5.26662626    -649.07190651   657.168609 20796.877577
  398.000000    -654.36517324       5.10282192    -649.26235132   636.729135 20799.418601
  398.050000    -654.83448190       5.78603210    -649.04844980   721.979969 20801.961504
  398.100000    -654.76700017       4.68883550    -650.07816467   585.071990 20804.502084
  398.150000    -654.81303994       5.62189046    -649.19114949   701.498407 20807.045045
  398.200000    -653.88764075       4.32408494    -649.56355581   539.558485 20809.591631
  398.250000    -654.11852464       5.14022794    -648.97829670   641.396651 20812.135011
  398.300000    -653.91007821       5.41819570    -648.49188252   676.081414 20814.674914
  398.350000    -653.91797728       4.83166349    -649.08631379   602.894039 20817.213341
  398.400000    -653.65538574       4.77121290    -648.88417284   595.351025 20819.759920
  398.450000    -653.56617340       4.94066551    -648.62550789   616.495289 20822.300477
  398.500000    -654.35895095       4.64173874    -649.71721221   579.195264 20824.855481
  398.550000    -655.23637459       5.01936118    -650.21701340   626.314920 20827.405034
  398.600000    -654.59571655       4.63723976    -649.95847679   578.633883 20829.945191
  398.650000    -655.02701558       5.01158027    -650.01543531   625.344019 20832.488326
  398.700000    -654.79033560       5.32822677    -649.46210884   664.855108 20835.040469
  398.750000    -655.56090896       5.52719590    -650.03371305   689.682438 20837.590736
  398.800000    -654.95508945       4.72705189    -650.22803755   589.840624 20840.131540
  398.850000    -655.03612706       5.38243848    -649.65368858   671.619635 20842.672962
  398.900000    -654.69377133       5.18731982    -649.50645151   647.272767 20845.217101
  398.950000    -654.53925324       5.53387716    -649.00537608   690.516124 20847.763515
  399.000000    -654.74074958       5.38649015    -649.35425943   672.125202 20850.309728
  399.050000    -655.21835826       5.07346004    -650.14489822   633.065365 20852.855547
  399.100000    -655.45885454       5.82796216    -649.63089237   727.211995 20855.402619
  399.150000    -654.99839958       5.41434321    -649.58405637   675.600701 20857.962618
  399.200000    -654.56789023       5.16231273    -649.40557750   644.152387 20860.515285
  399.250000    -655.00660410       5.57040304    -649.43620106   695.073816 20863.056744
  399.300000    -654.84811246       4.95485744    -649.89325502   618.266155 20865.611623
  399.350000    -654.35777479       4.74983766    -649.60793713   592.683827 20868.151350
  399.400000    -654.77271493       5.55592256    -649.21679237   693.266945 20870.690254
  399.450000    -653.50610736       4.47171768    -649.03438968   557.980070 20873.231511
  399.500000    -655.22093999       6.53137059    -648.68956940   814.983162 20875.774776
  399.550000    -653.07228733       4.70252151    -648.36976582   586.779727 20878.380384
  399.600000    -654.81581946       6.41689077    -648.39892869   800.698393 20880.903282
  399.650000    -654.40466091       5.82970206    -648.57495885   727.429099 20883.427985
  399.700000    -653.56671240       5.23629257    -648.33041982   653.383577 20885.954185
  399.750000    -654.53739955       6.00176217    -648.53563738   748.898726 20888.489768
  399.800000    -654.88562008       4.86607246    -650.01954762   607.187583 20891.023664
  399.850000    -654.94728998       5.28019230    -649.66709768   658.861377 20893.570407
  399.900000    -654.35727201       4.72491549    -649.63235652   589.574043 20896.099797
  399.950000    -654.02673568       5.28109047    -648.74564521   658.973451 20898.646186
  400.000000    -653.32004829       4.83214325    -648.48790504   602.953903 20901.183565
  400.050000    -653.88445963       5.48858848    -648.39587115   684.865012 20903.724963
  400.100000    -654.04278360       5.74718967    -648.29559393   717.133218 20906.266310
  400.150000    -654.79148411       5.93344695    -648.85803716   740.374366 20908.805936
  400.200000    -654.40961515       5.58028155    -648.82933360   696.306456 20911.342904
  400.250000    -653.27637038       4.47450309    -648.80186729   558.327632 20913.888507
  400.300000    -653.55400422       5.69460405    -647.85940017   710.571594 20916.435467
  400.350000    -654.24153603       6.21584390    -648.02569213   775.611802 20918.971795
  400.400000    -653.35456730       5.91340756    -647.44115973   737.873855 20921.525465
  400.450000    -653.66206966       5.51082714    -648.15124252   687.639947 20924.063604
  400.500000    -653.90193044       6.50477221    -647.39715823   811.664221 20926.609958
  400.550000    -653.25043493       5.92336942    -647.32706550   739.116894 20929.154411
  400.600000    -653.88082112       6.87079982    -647.01002130   857.337076 20931.695024
  400.650000    -653.83004364       6.10395267    -647.72609097   761.650036 20934.234893
  400.700000    -653.57202688       5.34633189    -648.22569499   667.114263 20936.779496
  400.750000    -653.78000076       5.52542373    -648.25457703   689.461307 20939.315929
  400.800000    -653.68759449       5.73217197    -647.95542253   715.259312 20941.841328
  400.850000    -653.92125264       5.17041175    -648.75084088   645.162981 20944.364131
  400.900000    -653.69408595       5.44683377    -648.24725218   679.654867 20946.888686
  400.950000    -653.09632311       5.51544993    -647.58087318   688.216778 20949.409477
  401.000000    -652.77212890       5.92637274    -646.84575616   739.491648 20951.957350
  401.050000    -653.32831554       6.78280502    -646.54551052   846.357102 20954.496329
  401.100000    -653.91883748       6.43951544    -647.47932204   803.521494 20957.025611
  401.150000    -653.44815676       6.19842787    -647.24972890   773.438634 20959.553115
  401.200000    -653.84987460       5.97612932    -647.87374528   745.700264 20962.079390
  401.250000    -653.92998462       5.90101082    -648.02897380   736.326992 20964.603150
  401.300000    -653.91036293       5.27413933    -648.63622360   658.106088 20967.127397
  401.350000    -654.52570544       5.83708755    -648.68861788   728.350659 20969.654731
  401.400000    -654.91397449       5.61096881    -649.30300568   700.135606 20972.186356
  401.450000    -654.42955773       5.13018834    -649.29936939   640.143912 20974.712577
  401.500000    -654.46160406       5.00925453    -649.45234953   625.053814 20977.239455
  401.550000    -654.31395891       5.28458032    -649.02937859   659.408913 20979.766761
  401.600000    -654.18141996       5.39509296    -648.78632700   673.198659 20982.296937
  401.650000    -654.52214481       6.32024373    -648.20190108   788.638793 20984.871452
  401.700000    -654.45269722       5.99772372    -648.45497349   748.394809 20987.411632
  401.750000    -654.59511753       5.93655718    -648.65856035   740.762459 20989.940078
  401.800000    -654.26395325       5.64119287    -648.62276038   703.906958 20992.475239
  401.850000    -654.43951715       5.75393626    -648.68558089   717.975056 20995.009962
  401.900000    -653.45391103       5.07804364    -648.37586739   633.637306 20997.546249
  401.950000    -654.13840805       6.43783646    -647.70057159   803.311992 21000.072279
  402.000000    -653.95704399       6.51484974    -647.44219425   812.921694 21002.600994
  402.050000    -652.58393741       5.69087070    -646.89306671   710.105748 21005.135347
  402.100000    -653.56951994       7.13011592    -646.43940402   889.694490 21007.676850
  402.150000    -654.03576218       7.24670068    -646.78906149   904.241913 21010.209109
  402.200000    -654.03086009       6.83218209    -647.19867800   852.518363 21012.736312
  402.250000    -653.11586573       6.36310108    -646.75276465   793.986526 21015.307486
  402.300000    -654.22464406       6.45759341    -647.76705065   805.777260 21017.865984
  402.350000    -653.21255073       4.99749115    -648.21505959   623.585981 21020.419070
  402.400000    -654.74193169       5.52590942    -649.21602227   689.521911 21022.959598
  402.450000    -654.74719618       6.06068982    -648.68650636   756.251707 21025.494547
  402.500000    -655.79745047       5.95329840    -649.84415207   742.851427 21028.024594
  402.550000    -654.52161827       4.85187114    -649.66974713   605.415545 21030.554168
  402.600000    -654.65516809       4.49545639    -650.15971170   560.942181 21033.082558
  402.650000    -655.16472999       5.46073623    -649.70399376   681.389613 21035.611032
  402.700000    -654.71522776       5.15200856    -649.56321920   642.866634 21038.149587
  402.750000    -654.59702941       6.13713631    -648.45989310   765.790685 21040.677262
  402.800000    -654.08599813       5.94854155    -648.13745658   742.257868 21043.206413
  402.850000    -654.20792020       6.25877774    -647.94914246   780.969079 21045.744230
  402.900000    -654.01567924       5.32205567    -648.69362357   664.085080 21048.369399
  402.950000    -654.78256077       6.26304267    -648.51951810   781.501256 21050.985972
  403.000000    -653.94129846       5.69070744    -648.25059102   710.085377 21053.550816
  403.050000    -654.20467460       5.32028394    -648.88439066   663.864004 21056.136340
  403.100000    -654.70010904       6.58715500    -648.11295404   821.943930 21058.697876
  403.150000    -653.96811961       5.90725793    -648.06086168   737.106505 21061.259282
  403.200000    -654.23384473       6.00208542    -648.23175931   748.939060 21063.825226
  403.250000    -653.95461604       5.91573042    -648.03888562   738.163700 21066.383624
  403.300000    -653.02054318       4.71977316    -648.30077002   588.932384 21068.961998
  403.350000    -653.87386718       5.23114741    -648.64271977   652.741565 21071.539852
  403.400000    -654.72020322       6.35884134    -648.36136189   793.454995 21074.113149
  403.450000    -654.29079049       5.34292589    -648.94786460   666.689262 21076.710909
  403.500000    -654.40187752       5.85660392    -648.54527360   730.785907 21079.292929
  403.550000    -654.72006138       5.62160854    -649.09845283   701.463230 21081.885722
  403.600000    -654.58688202       5.81542992    -648.77145210   725.648224 21084.464720
  403.650000    -653.87812481       4.70707293    -649.17105187   587.347652 21087.050441
  403.700000    -654.61419127       4.63683762    -649.97735365   578.583704 21089.612424
  403.750000    -654.78131650       4.42226573    -650.35905077   551.809465 21092.195702
  403.800000    -655.70513421       5.30590851    -650.39922570   662.070240 21094.765348
  403.850000    -655.04419930       4.89266532    -650.15153398   610.505835 21097.334642
  403.900000    -655.29838075       5.33833669    -649.96004405   666.116623 21099.923437
  403.950000    -655.12580916       5.56369896    -649.56211021   694.237283 21102.489822
  404.000000    -654.70305392       5.17567513    -649.52737880   645.819744 21105.065573
  404.050000    -654.43140633       5.58303625    -648.84837008   696.650186 21107.638756
  404.100000    -654.82594423       5.69643821    -649.12950602   710.800461 21110.202311
  404.150000    -654.84467333       4.85377267    -649.99090066   605.652818 21112.771876
  404.200000    -654.80708068       5.20011267    -649.60696801   648.869056 21115.344482
  404.250000    -654.84482776       5.98002844    -648.86479933   746.186795 21117.916408
  404.300000    -654.03237568       5.45933105    -648.57304463   681.214275 21120.485473
  404.350000    -652.72543082       5.65764471    -647.06778611   705.959815 21123.048127
  404.400000    -653.07974011       5.43373007    -647.64601003   678.019790 21125.610862
  404.450000    -653.21201143       6.09272241    -647.11928902   760.248728 21128.153103
  404.500000    -654.38460669       6.37411836    -648.01048833   795.361260 21130.695127
  404.550000    -654.54312102       6.66433867    -647.87878235   831.574894 21133.251431
  404.600000    -654.24757950       6.79293221    -647.45464728   847.620771 21135.806853
  404.650000    -653.34002203       5.64548863    -647.69453340   704.442983 21138.359019
  404.700000    -654.18489556       6.65061098    -647.53428458   829.861955 21140.917544
  404.750000    -654.95156761       6.13085569    -648.82071192   765.006990 21143.468961
  404.800000    -653.68641847       4.64821952    -649.03819895   580.003935 21146.029488
  404.850000    -655.25911095       6.23292182    -649.02618913   777.742783 21148.572701
  404.900000    -654.96738596       5.61591017    -649.35147579   700.752187 21151.118587
  404.950000    -655.37524164       5.51102020    -649.86422145   687.664037 21153.669616
  405.000000    -655.18247811       5.29740263    -649.88507548   661.008878 21156.226627
  405.050000    -654.73400561       5.29103828    -649.44296734   660.214736 21158.808581
  405.100000    -655.35469031       5.31409531    -650.04059500   663.091788 21161.369148
  405.150000    -655.20942541       6.25164134    -648.95778406   780.078601 21163.952134
  405.200000    -654.25614195       5.36164747    -648.89449448   669.025337 21166.517429
  405.250000    -654.94938551       6.36554289    -648.58384263   794.291214 21169.093257
  405.300000    -654.44342831       6.61639110    -647.82703721   825.592005 21171.651651
  405.350000    -653.44970425       5.21088649    -648.23881776   650.213411 21174.202976
  405.400000    -654.34207772       5.46408806    -648.87798966   681.807854 21176.759837
  405.450000    -655.64582028       6.79938802    -648.84643225   848.426326 21179.340378
  405.500000    -656.03921233       6.25691300    -649.78229933   780.736398 21181.906157
  405.550000    -655.32236698       5.56075997    -649.76160702   693.870556 21184.465704
  405.600000    -655.11390590       5.41655539    -649.69735051   675.876737 21187.020552
  405.650000    -655.18427356       5.87628587    -649.30798769   733.241818 21189.572366
  405.700000    -654.95779675       5.00847430    -649.94932245   624.956457 21192.135048
  405.750000    -655.98962899       6.20737833    -649.78225066   774.555470 21194.697999
  405.800000    -655.36041184       5.55005188    -649.81035995   692.534403 21197.268599
  405.850000    -656.05953052       5.70037822    -650.35915231   711.292094 21199.845808
  405.900000    -655.35853639       5.40750162    -649.95103477   674.747009 21202.408307
  405.950000    -654.53346799       4.32759419    -650.20587381   539.996368 21204.967129
  406.000000    -655.58420324       5.67228219    -649.91192105   707.786278 21207.528938
  406.050000    -655.50157108       5.66693872    -649.83463236   707.119520 21210.092776
  406.100000    -654.54375259       5.11931528    -649.42443731   638.787173 21212.695753
  406.150000    -655.46554906       5.82635270    -649.63919637   727.011166 21215.329882
  406.200000    -654.37279954       5.27651925    -649.09628029   658.403055 21217.977623
  406.250000    -655.80721244       6.17349382    -649.63371862   770.327368 21220.613106
  406.300000    -655.70583447       5.56025968    -650.14557479   693.808130 21223.296878
  406.350000    -656.11248663       5.14655735    -650.96592928   642.186433 21225.931937
  406.400000    -655.85087472       5.25342922    -650.59744550   655.521884 21228.558471
  406.450000    -655.79547089       5.85600079    -649.93947010   730.710649 21231.182420
  406.500000    -655.33640430       4.74018132    -650.59622298   591.478910 21233.788251
  406.550000    -655.02825447       4.62065103    -650.40760344   576.563945 21236.392780
  406.600000    -655.80929962       6.28358996    -649.52570967   784.065143 21239.003783
  406.650000    -655.26737598       5.56432841    -649.70304757   694.315825 21241.588650
  406.700000    -655.24294585       4.79858922    -650.44435663   598.767037 21244.213319
  406.750000    -656.34656638       5.58314010    -650.76342628   696.663145 21246.866462
  406.800000    -655.80581162       4.57280562    -651.23300600   570.593803 21249.474904
  406.850000    -656.16655976       4.13191474    -652.03464502   515.579525 21252.108422
  406.900000    -655.97218105       5.18952718    -650.78265388   647.548200 21254.739523
  406.950000    -655.96146282       5.52565376    -650.43580906   689.490011 21257.365850
  407.000000    -655.78425282       5.71736373    -650.06688909   713.411543 21259.958521
  407.050000    -655.14628588       5.80627672    -649.34000916   724.506089 21262.503588
  407.100000    -654.93154337       4.55833206    -650.37321131   568.787795 21265.047629
  407.150000    -656.08221620       5.82103600    -650.26118020   726.347749 21267.590137
  407.200000    -655.74103350       5.20926119    -650.53177231   650.010606 21270.139839
  407.250000    -656.27022304       4.99769132    -651.27253172   623.610959 21272.678604
  407.300000    -655.49654494       4.38783010    -651.10871484   547.512594 21275.220666
  407.350000    -655.61332348       4.88701262    -650.72631086   609.800492 21277.762425
  407.400000    -656.10699256       5.58344159    -650.52355097   696.700764 21280.308895
  407.450000    -655.18283283       6.11431151    -649.06852131   762.942611 21282.850565
  407.500000    -654.32723495       5.20582192    -649.12141303   649.581455 21285.394427
  407.550000    -654.90987906       6.21140169    -648.69847737   775.057505 21287.935760
  407.600000    -654.78592579       5.09858823    -649.68733756   636.200856 21290.485224
  407.650000    -655.51300512       6.17627052    -649.33673460   770.673844 21293.032862
  407.700000    -653.83528969       5.17353881    -648.66175087   645.553175 21295.580836
  407.750000    -654.85481347       5.51485437    -649.33995910   688.142465 21298.137536
  407.800000    -655.10638769       5.64857270    -649.45781499   704.827812 21300.690573
  407.850000    -655.93863045       6.95031683    -648.98831362   867.259194 21303.244730
  407.900000    -654.84755669       5.61648175    -649.23107495   700.823509 21305.816737
  407.950000    -654.76499940       6.22112834    -648.54387106   776.271194 21308.406130
  408.000000    -655.04857105       6.05328393    -648.99528713   755.327600 21310.967775
  408.050000    -655.25983662       6.19882662    -649.06101000   773.488390 21313.530164
  408.100000    -655.40077536       5.72010918    -649.68066618   713.754120 21316.090083
  408.150000    -655.56045927       5.47323350    -650.08722577   682.949021 21318.636247
  408.200000    -655.17468756       4.96874491    -650.20594265   619.999032 21321.210433
  408.250000    -656.63569823       5.76913624    -650.86656199   719.871707 21323.772376
  408.300000    -655.83791594       5.39472740    -650.44318854   673.153044 21326.341251
  408.350000    -656.16859530       5.29172774    -650.87686756   660.300767 21328.898101
  408.400000    -655.22946852       5.04443125    -650.18503728   629.443158 21331.460478
  408.450000    -655.82587117       5.48698570    -650.33888547   684.665018 21334.009784
  408.500000    -655.49148179       5.90199176    -649.58949003   736.449394 21336.560239
  408.550000    -655.12224870       5.62431657    -649.49793213   701.801137 21339.106381
  408.600000    -655.24607720       5.42764753    -649.81842967   677.260811 21341.651037
  408.650000    -654.73667495       4.71423062    -650.02244432   588.240788 21344.294976
  408.700000    -655.20860085       5.53024639    -649.67835446   690.063078 21346.915634
  408.750000    -654.98142683       4.62692920    -650.35449763   577.347333 21349.542296
  408.800000    -656.71112458       6.01963619    -650.69148838   751.129043 21352.129205
  408.850000    -656.11350412       4.86047511    -651.25302901   606.489146 21354.695716
  408.900000    -656.66868493       6.01535952    -650.65332541   750.595400 21357.257977
  408.950000    -655.75696407       5.53531713    -650.22164693   690.695804 21359.821942
  409.000000    -655.54437489       5.66498033    -649.87939456   706.875153 21362.384291
  409.050000    -655.34472942       4.82629630    -650.51843312   602.224321 21364.971813
  409.100000    -655.25111790       5.23843344    -650.01268446   653.650714 21367.526391
  409.150000    -655.67699848       5.83735660    -649.83964189   728.384230 21370.083534
  409.200000    -655.75743863       5.73258073    -650.02485790   715.310318 21372.639677
  409.250000    -655.57257776       5.33131900    -650.24125877   665.240956 21375.211124
  409.300000    -656.24897998       5.77162114    -650.47735884   720.181773 21377.787859
  409.350000    -654.89177938       4.11755700    -650.77422238   513.787968 21380.359378
  409.400000    -655.82880576       5.28953886    -650.53926690   660.027638 21382.923166
  409.450000    -655.89889551       5.77507787    -650.12381763   720.613103 21385.490572
  409.500000    -655.29459090       5.42831108    -649.86627982   677.343610 21388.058888
  409.550000    -655.84264683       5.33058421    -650.51206262   665.149270 21390.650505
  409.600000    -655.64931397       6.00143662    -649.64787735   748.858104 21393.212919
  409.650000    -655.29353210       5.60963672    -649.68389538   699.969387 21395.771932
  409.700000    -655.33226622       5.26791003    -650.06435619   657.328797 21398.349227
  409.750000    -655.07393893       5.21028644    -649.86365249   650.138537 21400.914170
  409.800000    -654.78188037       5.06909965    -649.71278072   632.521277 21403.484898
  409.850000    -654.90389043       5.46286808    -649.44102235   681.655625 21406.059839
  409.900000    -655.93960248       5.82493749    -650.11466499   726.834577 21408.632930
  409.950000    -655.38026638       5.05455886    -650.32570752   630.706880 21411.187312
  410.000000    -655.58099052       5.06264884    -650.51834167   631.716346 21413.745586
  410.050000    -655.02347191       5.14033649    -649.88313542   641.410195 21416.302077
  410.100000    -654.96605741       5.78288847    -649.18316894   721.587708 21418.857636
  410.150000    -654.37103659       6.16841955    -648.20261704   769.694201 21421.419466
  410.200000    -654.66763161       6.18938099    -648.47825062   772.309766 21423.973609
  410.250000    -655.32477865       6.74099907    -648.58377958   841.140564 21426.544296
  410.300000    -653.99734149       5.01154963    -648.98579185   625.340196 21429.101100
  410.350000    -654.41388913       5.71251913    -648.70137000   712.807036 21431.659372
  410.400000    -654.63726130       6.34604069    -648.29122062   791.857733 21434.221665
  410.450000    -654.93722294       6.38766370    -648.54955924   797.051445 21436.777146
  410.500000    -654.32139544       6.32672647    -647.99466897   789.447708 21439.331514
  410.550000    -654.50074260       5.90386812    -648.59687449   736.683525 21441.888583
  410.600000    -654.46948411       5.91603469    -648.55344942   738.201667 21444.456588
  410.650000    -653.86256682       5.86355364    -647.99901318   731.653092 21447.008249
  410.700000    -654.53822857       6.74574655    -647.79248202   841.732954 21449.565639
  410.750000    -653.98987511       5.37608675    -648.61378836   670.827068 21452.130684
  410.800000    -654.98988794       6.09914618    -648.89074176   761.050283 21454.680539
  410.850000    -654.86063825       5.57049856    -649.29013969   695.085736 21457.234729
  410.900000    -654.98024402       5.30672452    -649.67351950   662.172062 21459.793787
  410.950000    -655.26848162       5.56170207    -649.70677955   693.988111 21462.348612
  411.000000    -654.40995102       5.47142783    -648.93852320   682.723709 21464.905288
  411.050000    -655.04816790       5.51272010    -649.53544780   687.876151 21467.458984
  411.100000    -655.34860342       5.12534628    -650.22325715   639.539720 21470.027875
  411.150000    -655.09827544       4.73380937    -650.36446607   590.683820 21472.580112
  411.200000    -655.50550880       5.28602381    -650.21948499   659.589031 21475.132116
  411.250000    -655.49632783       5.65830941    -649.83801842   706.042757 21477.685976
  411.300000    -653.90595076       4.61938030    -649.28657046   576.405382 21480.255854
  411.350000    -654.58262404       5.62474390    -648.95788014   701.854459 21482.812183
  411.400000    -655.56779271       6.34973407    -649.21805865   792.318592 21485.395979
  411.450000    -654.39565145       5.21458058    -649.18107088   650.674358 21487.955869
  411.500000    -655.53469571       6.60462306    -648.93007265   824.123592 21490.520350
  411.550000    -655.49699061       5.27440243    -650.22258818   658.138918 21493.081150
  411.600000    -654.67309648       5.16688732    -649.50620916   644.723203 21495.644574
  411.650000    -654.37719488       5.58628597    -648.79090892   697.055686 21498.202917
  411.700000    -654.49304963       6.61711690    -647.87593273   825.682570 21500.758211
  411.750000    -654.54989345       5.77678932    -648.77310413   720.826657 21503.337818
  411.800000    -654.67421395       5.64107245    -649.03314150   703.891932 21505.903852
  411.850000    -654.93512547       5.43929617    -649.49582930   678.714327 21508.491479
  411.900000    -653.71309701       5.27308287    -648.44001414   657.974264 21511.058981
  411.950000    -655.39824426       5.92896460    -649.46927967   739.815059 21513.627691
  412.000000    -654.60205924       4.55430043    -650.04775881   568.284729 21516.186962
  412.050000    -655.11879658       5.64145283    -649.47734375   703.939395 21518.747088
  412.100000    -655.92838686       5.22726348    -650.70112339   652.256928 21521.322656
  412.150000    -655.17901738       5.29933565    -649.87968173   661.250080 21523.902596
  412.200000    -655.27743915       5.47034503    -649.80709412   682.588598 21526.494132
  412.250000    -655.11052045       5.07134082    -650.03917963   632.800930 21529.075141
  412.300000    -655.37002696       6.02445932    -649.34556764   751.730872 21531.641168
  412.350000    -654.89952744       4.92492661    -649.97460083   614.531392 21534.223079
  412.400000    -655.76503961       6.58004605    -649.18499356   821.056877 21536.824510
  412.450000    -655.24554108       6.33696388    -648.90857720   790.725131 21539.415696
  412.500000    -653.95952810       5.44670322    -648.51282488   679.638577 21541.989992
  412.550000    -653.77543813       6.13936965    -647.63606849   766.069360 21544.573420
  412.600000    -654.01008106       6.36459179    -647.64548927   794.172535 21547.146460
  412.650000    -653.48227385       5.92114391    -647.56112994   738.839195 21549.724380
  412.700000    -654.04643451       6.33452433    -647.71191018   790.420724 21552.284650
  412.750000    -654.49209074       6.99842594    -647.49366479   873.262239 21554.861722
  412.800000    -654.65228846       6.68937405    -647.96291441   834.698803 21557.428867
  412.850000    -653.50198175       6.42810980    -647.07387196   802.098300 21559.996113
  412.900000    -653.45055671       6.63638496    -646.81417175   828.086835 21562.556618
  412.950000    -653.86347167       6.74301068    -647.12046099   841.391572 21565.117124
  413.000000    -653.76491276       6.23252651    -647.53238625   777.693456 21567.705986
  413.050000    -654.48388521       6.80447866    -647.67940656   849.061534 21570.289598
  413.100000    -653.22765865       5.73930778    -647.48835087   716.149717 21572.875617
  413.150000    -654.27418151       6.72800455    -647.54617696   839.519109 21575.439376
  413.200000    -653.43718552       5.14997693    -648.28720858   642.613128 21578.000654
  413.250000    -654.79717512       6.02833126    -648.76884386   752.214011 21580.561581
  413.300000    -654.66062880       5.25995172    -649.40067708   656.335762 21583.122041
  413.350000    -654.33016925       4.31751542    -650.01265383   538.738742 21585.686308
  413.400000    -655.65087662       5.73168259    -649.91919403   715.198248 21588.245169
  413.450000    -655.81558720       5.36419078    -650.45139642   669.342691 21590.805904
  413.500000    -655.12882096       4.60911903    -650.51970192   575.124984 21593.394472
  413.550000    -655.34024419       5.46458571    -649.87565849   681.869950 21595.983201
  413.600000    -654.38903973       5.24561193    -649.14342780   654.546444 21598.543050
  413.650000    -654.25441402       5.69563520    -648.55877883   710.700261 21601.109956
  413.700000    -655.27839683       6.74755889    -648.53083794   841.959096 21603.675806
  413.750000    -654.31254385       5.80506616    -648.50747769   724.355036 21606.248734
  413.800000    -654.30898903       5.03190273    -649.27708630   627.879852 21608.817833
  413.850000    -654.85863877       4.94610633    -649.91253243   617.174194 21611.373925
  413.900000    -655.40362404       5.48485339    -649.91877065   684.398948 21613.933252
  413.950000    -654.63321417       4.99328488    -649.63992930   623.061124 21616.488639
  414.000000    -655.04382057       4.86310627    -650.18071429   606.817463 21619.041623
  414.050000    -655.27003702       5.23587854    -650.03415848   653.331915 21621.608265
  414.100000    -653.75913381       3.95426712    -649.80486669   493.412688 21624.218512
  414.150000    -655.87098176       5.87917665    -649.99180511   733.602528 21626.838778
  414.200000    -654.13453657       5.25071637    -648.88382020   655.183376 21629.444516
  414.250000    -654.45069587       5.66998657    -648.78070929   707.499831 21632.045927
  414.300000    -654.54276768       5.97890135    -648.56386633   746.046157 21634.645584
  414.350000    -654.13199109       5.98115108    -648.15084001   746.326878 21637.240027
  414.400000    -654.23673887       6.15885474    -648.07788413   768.500707 21639.824750
  414.450000    -654.11505665       5.78288109    -648.33217556   721.586787 21642.390828
  414.500000    -654.28755342       5.66895834    -648.61859508   707.371528 21644.973825
  414.550000    -654.33716717       5.77441914    -648.56274803   720.530906 21647.555859
  414.600000    -653.04113635       5.38845796    -647.65267839   672.370745 21650.134652
  414.650000    -652.91592111       5.99045674    -646.92546437   747.488036 21652.715836
  414.700000    -653.57349497       5.73014973    -647.84334524   715.006978 21655.299030
  414.750000    -655.05490613       6.53647627    -648.51842985   815.620248 21657.866520
  414.800000    -655.27088707       6.89356262    -648.37732445   860.177414 21660.447771
  414.850000    -654.22433887       4.99988875    -649.22445012   623.885154 21663.017682
  414.900000    -654.38032170       5.80171876    -648.57860294   723.937348 21665.576719
  414.950000    -654.27968168       5.22369901    -649.05598267   651.812155 21668.126882
  415.000000    -654.74622144       5.20119742    -649.54502402   649.004411 21670.689953
  415.050000    -655.19655862       5.37738553    -649.81917309   670.989129 21673.239710
  415.100000    -654.29637937       4.65360970    -649.64276967   580.676521 21675.791959
  415.150000    -654.42508427       5.13349026    -649.29159400   640.555925 21678.346348
  415.200000    -654.36008776       5.29597740    -649.06411035   660.831039 21680.889452
  415.250000    -654.00631794       5.90720662    -648.09911132   737.100103 21683.446589
  415.300000    -653.82820113       5.90739133    -647.92080980   737.123151 21685.999611
  415.350000    -653.64475182       6.43894778    -647.20580404   803.450662 21688.550843
  415.400000    -653.49480835       6.62607735    -646.86873100   826.800654 21691.105646
  415.450000    -653.98327529       6.12008687    -647.86318842   763.663259 21693.663157
  415.500000    -653.55684318       5.73198570    -647.82485749   715.236069 21696.213601
  415.550000    -653.27697376       4.94491936    -648.33205441   617.026083 21698.760330
  415.600000    -653.96967350       6.03097681    -647.93869669   752.544123 21701.319740
  415.650000    -653.55434753       5.90669616    -647.64765137   737.036408 21703.914776
  415.700000    -653.59513200       5.62342747    -647.97170453   701.690195 21706.482923
  415.750000    -653.86390041       5.52425405    -648.33964636   689.315355 21709.048036
  415.800000    -654.78856441       6.38952421    -648.39904020   797.283598 21711.607038
  415.850000    -654.86870298       6.22924606    -648.63945693   777.284122 21714.174832
  415.900000    -653.69901060       5.85858266    -647.84042794   731.032814 21716.741356
  415.950000    -654.21363279       6.11986618    -648.09376661   763.635721 21719.316258
  416.000000    -653.74823989       5.83384297    -647.91439693   727.945800 21721.901767
  416.050000    -654.33397769       6.45202103    -647.88195666   805.081940 21724.477062
  416.100000    -653.58687645       5.71757454    -647.86930191   713.437848 21727.064018
  416.150000    -654.50699791       6.72038494    -647.78661298   838.568336 21729.636491
  416.200000    -654.07326009       5.88428982    -648.18897028   734.240548 21732.213588
  416.250000    -653.95135242       5.58026448    -648.37108794   696.304325 21734.778243
  416.300000    -653.96836324       5.73126483    -648.23709842   715.146119 21737.368767
  416.350000    -653.73024215       6.02712682    -647.70311533   752.063722 21739.954592
  416.400000    -653.65766361       6.09174778    -647.56591583   760.127113 21742.534644
  416.450000    -654.05070518       6.03909881    -648.01160637   753.557585 21745.110021
  416.500000    -654.47210500       5.76984703    -648.70225797   719.960399 21747.682092
  416.550000    -654.23223771       5.27159569    -648.96064202   657.788693 21750.270073
  416.600000    -654.15932708       4.99363130    -649.16569578   623.104350 21752.863819
  416.650000    -654.78416936       6.09667461    -648.68749475   760.741882 21755.456636
  416.700000    -654.35453442       5.41193346    -648.94260095   675.300014 21758.052418
  416.750000    -654.89631181       6.33584668    -648.56046513   790.585727 21760.656638
  416.800000    -653.89544119       5.79146394    -648.10397725   722.657753 21763.250334
  416.850000    -653.43146349       6.23063089    -647.20083260   777.456921 21765.828245
  416.900000    -653.94627770       6.39477737    -647.55150033   797.939087 21768.410394
  416.950000    -654.57655653       6.04238187    -648.53417466   753.967244 21770.986920
  417.000000    -654.57825211       5.48829098    -649.08996114   684.827889 21773.555065
  417.050000    -654.15883591       4.65510268    -649.50373323   580.862815 21776.117481
  417.100000    -654.57633199       4.80751549    -649.76881650   599.880856 21778.683282
  417.150000    -655.67129387       5.74592372    -649.92537015   716.975254 21781.262990
  417.200000    -654.90981017       4.69297515    -650.21683502   585.588534 21783.835402
  417.250000    -655.14610017       5.28123814    -649.86486203   658.991877 21786.392346
  417.300000    -654.29422900       5.01736824    -649.27686076   626.066241 21788.938356
  417.350000    -654.87343823       5.29577613    -649.57766210   660.805924 21791.482977
  417.400000    -655.31273987       6.02661042    -649.28612945   751.999285 21794.019817
  417.450000    -654.69325050       5.60838303    -649.08486747   699.812953 21796.564827
  417.500000    -654.99938196       5.77675375    -649.22262820   720.822219 21799.118365
  417.550000    -654.53463614       5.57107037    -648.96356577   695.157086 21801.662420
  417.600000    -653.93865970       5.11654766    -648.82211204   638.441830 21804.265769
  417.650000    -655.15767408       6.36742267    -648.79025141   794.525772 21806.889400
  417.700000    -654.43714042       6.05801623    -648.37912419   755.918097 21809.523466
  417.750000    -653.38395622       4.40551277    -648.97844346   549.719033 21812.150999
  417.800000    -654.75158909       7.51623820    -647.23535089   937.874752 21814.796813
  417.850000    -654.28104786       6.45871173    -647.82233613   805.916803 21817.425723
  417.900000    -653.72600943       5.75637927    -647.96963016   718.279895 21820.067308
  417.950000    -654.51841787       6.07612996    -648.44228791   758.178324 21822.679952
  418.000000    -654.38863977       5.62414566    -648.76449411   701.779810 21825.306462
  418.050000    -654.67737636       6.33604154    -648.34133482   790.610041 21827.935218
  418.100000    -654.66824223       5.34193586    -649.32630638   666.565726 21830.549116
  418.150000    -655.11360903       5.42763635    -649.68597269   677.259416 21833.173730
  418.200000    -654.93990445       5.49492215    -649.44498230   685.655326 21835.799929
  418.250000    -654.36810565       5.09858863    -649.26951703   636.200905 21838.412675
  418.300000    -655.37313325       5.66897393    -649.70415932   707.373473 21841.044411
  418.350000    -654.72098696       5.62795978    -649.09302718   702.255736 21843.676501
  418.400000    -654.55505069       6.52911173    -648.02593896   814.701302 21846.306406
  418.450000    -654.38822448       6.01832516    -648.36989933   750.965452 21848.924087
  418.500000    -654.29202021       6.24916034    -648.04285987   779.769021 21851.492953
  418.550000    -654.63176113       5.82460253    -648.80715860   726.792781 21854.068355
  418.600000    -654.17301450       5.88435037    -648.28866413   734.248103 21856.629518
  418.650000    -654.55981544       4.77671711    -649.78309833   596.037840 21859.196163
  418.700000    -654.75412136       5.24529551    -649.50882585   654.506962 21861.762907
  418.750000    -655.57676380       5.76116168    -649.81560211   718.876644 21864.320289
  418.800000    -654.59609052       5.58239004    -649.01370048   696.569552 21866.875922
  418.850000    -655.73532325       6.59110539    -649.14421786   822.436859 21869.435643
  418.900000    -654.24792526       5.24247965    -649.00544562   654.155599 21871.997296
  418.950000    -654.25004996       5.22905498    -649.02099498   652.480472 21874.556418
  419.000000    -654.07150876       5.11041102    -648.96109774   637.676101 21877.127414
  419.050000    -654.80673693       5.97677089    -648.82996605   745.780318 21879.705470
  419.100000    -653.82161986       5.38164107    -648.43997879   671.520134 21882.264849
  419.150000    -655.00645361       5.68681456    -649.31963904   709.599624 21884.820046
  419.200000    -654.94174110       5.12269511    -649.81904599   639.208908 21887.414662
  419.250000    -655.70458837       6.49836632    -649.20622206   810.864895 21890.021723
  419.300000    -654.08635007       4.53762833    -649.54872174   566.204388 21892.623083
  419.350000    -654.88011269       4.79844935    -650.08166334   598.749585 21895.211426
  419.400000    -655.46389308       4.91625779    -650.54763528   613.449699 21897.826212
  419.450000    -655.13950228       4.46582490    -650.67367738   557.244770 21900.406972
  419.500000    -654.99840843       5.35005039    -649.64835804   667.578255 21902.990890
  419.550000    -655.05890339       5.57279818    -649.48610521   695.372681 21905.579826
  419.600000    -654.03554528       5.48070504    -648.55484024   683.881317 21908.197697
  419.650000    -654.52328163       6.06464151    -648.45864011   756.744798 21910.796355
  419.700000    -654.40294645       5.89730052    -648.50564594   735.864021 21913.412609
  419.750000    -654.21188999       5.55882727    -648.65306272   693.629394 21916.009033
  419.800000    -654.66473571       5.68733427    -648.97740145   709.664473 21918.607062
  419.850000    -653.39645254       5.18523617    -648.21121637   647.012769 21921.209205
  419.900000    -653.64216059       6.38947616    -647.25268443   797.277603 21923.794561
  419.950000    -652.88601735       5.88620587    -646.99981148   734.479633 21926.382441
  420.000000    -653.70726245       5.99838473    -647.70887772   748.477289 21928.960216
  420.050000    -654.20777872       7.12656660    -647.08121213   889.251605 21931.534131
  420.100000    -652.54226429       5.45897589    -647.08328840   681.169958 21934.113039
  420.150000    -653.33723262       6.02490653    -647.31232609   751.786675 21936.695992
  420.200000    -654.15646518       5.96108741    -648.19537777   743.823337 21939.243761
  420.250000    -655.05122059       6.63215328    -648.41906731   827.558807 21941.798311
  420.300000    -654.69249896       5.22429146    -649.46820750   651.886081 21944.359649
  420.350000    -654.74497677       6.04458657    -648.70039020   754.242347 21946.926486
  420.400000    -654.29991233       5.54026087    -648.75965146   691.312683 21949.497786
  420.450000    -654.98784500       6.31491941    -648.67292559   787.974426 21952.053148
  420.500000    -655.30726210       5.61443406    -649.69282804   700.567999 21954.602483
  420.550000    -654.75254720       4.63744974    -650.11509746   578.660084 21957.163497
  420.600000    -655.63843296       5.34043203    -650.29800093   666.378078 21959.712379
  420.650000    -654.83509730       4.80618352    -650.02891378   599.714653 21962.275984
  420.700000    -654.64659596       4.94000234    -649.70659362   616.412539 21964.828814
  420.750000    -655.78334304       5.18841313    -650.59492991   647.409190 21967.382095
  420.800000    -656.18145091       5.32045485    -650.86099605   663.885330 21969.942332
  420.850000    -654.80450814       5.09204674    -649.71246140   635.384610 21972.522437
  420.900000    -654.62608530       5.72357842    -648.90250688   714.187011 21975.125309
  420.950000    -655.23675802       6.09740753    -649.13935049   760.833335 21977.698268
  421.000000    -655.91392140       5.91937234    -649.99454906   738.618138 21980.274556
  421.050000    -654.97821354       4.81411130    -650.16410224   600.703879 21982.844956
  421.100000    -655.60170624       4.63419700    -650.96750924   578.254207 21985.417261
  421.150000    -655.61178366       4.56647703    -651.04530663   569.804123 21987.993952
  421.200000    -655.59289407       4.88522943    -650.70766465   609.577986 21990.572657
  421.250000    -654.94431972       4.91837187    -650.02594785   613.713493 21993.147979
  421.300000    -654.97213258       5.22366855    -649.74846403   651.808354 21995.722789
  421.350000    -654.61304468       4.59552041    -650.01752428   573.428150 21998.301935
  421.400000    -654.76554042       5.11240655    -649.65313386   637.925104 22000.868350
  421.450000    -655.22096430       5.92320626    -649.29775804   739.096534 22003.438459
  421.500000    -655.16156261       5.83542207    -649.32614054   728.142840 22006.012248
  421.550000    -655.10737066       5.78851520    -649.31885546   722.289810 22008.580974
  421.600000    -654.58123374       5.77067352    -648.81056022   720.063529 22011.152191
  421.650000    -654.82930582       5.33406688    -649.49523894   665.583837 22013.726612
  421.700000    -654.01618676       6.12832006    -647.88786670   764.690595 22016.294829
  421.750000    -653.94338488       5.64784255    -648.29554233   704.736704 22018.865046
  421.800000    -654.64182354       6.43048330    -648.21134025   802.394465 22021.435035
  421.850000    -654.65599614       6.01377198    -648.64222417   750.397307 22024.006323
  421.900000    -653.57829478       5.16410374    -648.41419104   644.375868 22026.586599
  421.950000    -654.61403835       6.84368956    -647.77034879   853.954263 22029.192698
  422.000000    -655.33862187       6.70409014    -648.63453173   836.535074 22031.760531
  422.050000    -654.96433491       5.96227866    -649.00205625   743.971982 22034.316124
  422.100000    -654.60367564       5.40010864    -649.20356701   673.824514 22036.882777
  422.150000    -655.73492743       6.28246956    -649.45245786   783.925340 22039.444376
  422.200000    -654.53164485       5.36811796    -649.16352690   669.832723 22042.009078
  422.250000    -655.54574150       6.55780184    -648.98793966   818.281249 22044.571565
  422.300000    -655.46259218       5.74305639    -649.71953578   716.617469 22047.141216
  422.350000    -655.00313144       5.00290156    -650.00022989   624.261091 22049.715000
  422.400000    -654.99362014       5.08809003    -649.90553011   634.890892 22052.282988
  422.450000    -655.44693756       5.26714866    -650.17978891   657.233793 22054.848043
  422.500000    -655.93839225       5.98932799    -649.94906426   747.347191 22057.412420
  422.550000    -654.88607903       5.37390767    -649.51217136   670.555162 22059.972595
  422.600000    -655.93533073       5.36910047    -650.56623025   669.955321 22062.537209
  422.650000    -655.03584622       5.17883613    -649.85701009   646.214173 22065.145788
  422.700000    -655.67869992       5.63353783    -650.04516209   702.951764 22067.688249
  422.750000    -654.46589418       4.97622574    -649.48966844   620.932488 22070.229710
  422.800000    -654.78736879       5.44724918    -649.34011961   679.706701 22072.770764
  422.850000    -655.55514565       6.91456347    -648.64058218   862.797896 22075.356988
  422.900000    -655.50753601       6.22611789    -649.28141812   776.893790 22077.950321
  422.950000    -655.30919150       5.77415936    -649.53503214   720.498491 22080.587612
  423.000000    -654.25140601       5.60947969    -648.64192632   699.949794 22083.301949
  423.050000    -654.55101489       5.98224753    -648.56876736   746.463693 22086.002057
  423.100000    -654.66360230       6.47542951    -648.18817279   808.002846 22088.696352
  423.150000    -654.71492925       5.87356867    -648.84136058   732.902766 22091.395065
  423.200000    -654.57795829       5.41819776    -649.15976053   676.081672 22094.001653
  423.250000    -654.35063871       5.30507204    -649.04556667   661.965866 22096.608600
  423.300000    -654.06136451       5.26698587    -648.79437864   657.213481 22099.201697
  423.350000    -653.68948846       5.20322086    -648.48626760   649.256895 22101.801773
  423.400000    -654.60536515       5.54399769    -649.06136747   691.778962 22104.392962
  423.450000    -654.75259199       5.57886783    -649.17372416   696.130052 22106.993392
  423.500000    -654.66827244       5.92638486    -648.74188758   739.493160 22109.611571
  423.550000    -654.60828849       5.49075651    -649.11753198   685.135538 22112.221265
  423.600000    -654.31219875       4.99362655    -649.31857220   623.103757 22114.810217
  423.650000    -655.95929123       6.23151677    -649.72777446   777.567461 22117.406624
  423.700000    -654.68467698       5.95271424    -648.73196274   742.778535 22120.003725
  423.750000    -654.04992512       4.93706317    -649.11286195   616.045789 22122.629399
  423.800000    -654.80129356       5.55257092    -649.24872264   692.848728 22125.250260
  423.850000    -655.08123479       5.72970645    -649.35152833   714.951666 22127.862397
  423.900000    -654.60098743       5.90224901    -648.69873842   736.481493 22130.474005
  423.950000    -655.92499589       6.17980541    -649.74519048   771.114927 22133.086404
  424.000000    -655.21296519       5.74992205    -649.46304314   717.474165 22135.702895
  424.050000    -654.76140429       5.05037766    -649.71102664   630.185150 22138.310967
  424.100000    -655.38362622       5.51071285    -649.87291337   687.625687 22140.917885
  424.150000    -655.02489283       4.69886240    -650.32603043   586.323144 22143.529309
  424.200000    -655.79238882       5.88729813    -649.90509069   734.615925 22146.127095
  424.250000    -655.44108402       5.36732625    -650.07375778   669.733934 22148.718778
  424.300000    -655.52677047       6.02945825    -649.49731222   752.354638 22151.301790
  424.350000    -654.83224063       5.80501867    -649.02722196   724.349109 22153.899368
  424.400000    -654.90835868       5.81481165    -649.09354702   725.571076 22156.486041
  424.450000    -654.26358401       5.27322609    -648.99035792   657.992134 22159.070268
  424.500000    -654.27017484       5.36642905    -648.90374579   669.621982 22161.654830
  424.550000    -655.54481951       6.50487023    -649.03994928   811.676452 22164.327260
  424.600000    -654.87604525       5.64971706    -649.22632820   704.970604 22166.996628
  424.650000    -655.47867195       5.59154554    -649.88712641   697.711974 22169.591838
  424.700000    -655.26871665       6.00808523    -649.26063142   749.687716 22172.172735
  424.750000    -654.21625641       5.98985759    -648.22639883   747.413275 22174.764776
  424.800000    -654.38551674       6.45670555    -647.92881119   805.666473 22177.343141
  424.850000    -654.90757101       6.29581941    -648.61175161   785.591131 22179.916621
  424.900000    -654.84251383       6.50702942    -648.33548441   811.945875 22182.490468
  424.950000    -654.55038121       6.35776616    -648.19261505   793.320835 22185.066526
  425.000000    -655.17863229       6.21013971    -648.96849257   774.900036 22187.646561
  425.050000    -655.46758230       6.61936867    -648.84821362   825.963546 22190.220526
  425.100000    -655.40397175       6.40704376    -648.99692799   799.469685 22192.792945
  425.150000    -654.18753739       5.26045702    -648.92708037   656.398813 22195.367337
  425.200000    -655.09644411       6.59009404    -648.50635007   822.310663 22197.941382
  425.250000    -654.81438853       5.93837570    -648.87601284   740.989374 22200.514884
  425.300000    -654.70577530       5.70507645    -649.00069885   711.878338 22203.089907
  425.350000    -655.01067043       6.30314583    -648.70752461   786.505320 22205.685439
  425.400000    -656.06234611       6.78515566    -649.27719044   846.650415 22208.302865
  425.450000    -655.11584747       6.03432405    -649.08152343   752.961791 22210.886401
  425.500000    -654.08594608       5.60070741    -648.48523866   698.855191 22213.461869
  425.550000    -653.76974527       5.66743568    -648.10230959   707.181531 22216.092668
  425.600000    -654.97098185       6.51987075    -648.45111110   813.548214 22218.723807
  425.650000    -654.99779589       6.31007371    -648.68772218   787.369781 22221.312095
  425.700000    -654.87820362       5.20838155    -649.66982208   649.900845 22223.893013
  425.750000    -655.18349862       5.98583146    -649.19766715   746.910895 22226.465395
  425.800000    -655.27553152       5.48175934    -649.79377218   684.012873 22229.031384
  425.850000    -654.75119002       5.43290294    -649.31828708   677.916581 22231.590378
  425.900000    -655.24084472       5.88249112    -649.35835359   734.016107 22234.175303
  425.950000    -654.93287427       5.69301315    -649.23986111   710.373083 22236.741444
  426.000000    -654.65730251       4.80700736    -649.85029514   599.817451 22239.312575
  426.050000    -655.86799687       6.13322311    -649.73477376   765.302396 22241.894300
  426.100000    -655.64751207       5.61080007    -650.03671200   700.114550 22244.473927
  426.150000    -655.84054538       5.69489632    -650.14564906   710.608064 22247.032966
  426.200000    -655.14013856       5.04868548    -650.09145308   629.974000 22249.591281
  426.250000    -655.56616469       5.34440696    -650.22175773   666.874070 22252.142992
  426.300000    -655.94673758       5.87361398    -650.07312360   732.908419 22254.708758
  426.350000    -656.29531272       5.10255047    -651.19276225   636.695264 22257.270451
  426.400000    -656.13448462       4.79797780    -651.33650682   598.690744 22259.821261
  426.450000    -656.58424124       4.59035931    -651.99388193   572.784150 22262.399273
  426.500000    -655.16898361       4.15125045    -651.01773315   517.992231 22264.954234
  426.550000    -656.34931778       6.13385543    -650.21546235   765.381297 22267.521250
  426.600000    -654.27747170       4.96306394    -649.31440775   619.290161 22270.110128
  426.650000    -654.66867072       6.25551315    -648.41315757   780.561725 22272.677804
  426.700000    -654.65218153       5.94539648    -648.70678506   741.865425 22275.247485
  426.750000    -655.66077336       7.37524655    -648.28552681   920.281842 22277.831968
  426.800000    -654.85979825       6.37871041    -648.48108785   795.934254 22280.397171
  426.850000    -654.30865484       5.62399300    -648.68466184   701.760762 22282.955983
  426.900000    -654.46466534       5.75610699    -648.70855835   718.245920 22285.540960
  426.950000    -655.13268365       7.06024933    -648.07243432   880.976549 22288.102686
  427.000000    -654.65432249       5.73962906    -648.91469343   716.189807 22290.694037
  427.050000    -654.98263278       6.39553000    -648.58710278   798.033000 22293.282038
  427.100000    -654.11166505       5.44000921    -648.67165584   678.803300 22295.856075
  427.150000    -654.52297057       5.18598838    -649.33698219   647.106629 22298.512806
  427.200000    -655.39665540       5.96050958    -649.43614583   743.751235 22301.200283
  427.250000    -655.86744599       5.79420540    -650.07324059   722.999832 22303.876678
  427.300000    -655.09309390       5.86808045    -649.22501346   732.217946 22306.480136
  427.350000    -654.55093715       4.72175905    -649.82917810   589.180183 22309.075386
  427.400000    -655.12503637       4.60008611    -650.52495026   573.997858 22311.688842
  427.450000    -655.06704971       5.40731582    -649.65973389   674.723825 22314.291492
  427.500000    -655.06870072       4.98924265    -650.07945806   622.556736 22316.895441
  427.550000    -655.32916187       5.99990033    -649.32926154   748.666406 22319.516829
  427.600000    -655.11488000       5.61258697    -649.50229303   700.337519 22322.128381
  427.650000    -654.01494712       5.31621182    -648.69873529   663.355886 22324.730781
  427.700000    -654.87683040       5.21833714    -649.65849325   651.143102 22327.336448
  427.750000    -654.07188072       5.17794278    -648.89393794   646.102701 22329.939317
  427.800000    -654.82738252       7.28038083    -647.54700170   908.444516 22332.531364
  427.850000    -653.35817388       5.19310644    -648.16506743   647.994820 22335.107679
  427.900000    -654.78687785       6.67824307    -648.10863478   833.309882 22337.690924
  427.950000    -654.33312212       5.91225656    -648.42086556   737.730233 22340.269850
  428.000000    -655.14514800       5.44348930    -649.70165870   679.237545 22342.853762
  428.050000    -655.09352150       5.35652782    -649.73699367   668.386508 22345.437818
  428.100000    -654.84185493       4.84822437    -649.99363056   604.960502 22348.013878
  428.150000    -655.68861260       5.19700837    -650.49160423   648.481702 22350.607806
  428.200000    -655.12755915       5.01781554    -650.10974361   626.122055 22353.240186
  428.250000    -655.15290921       5.54050113    -649.61240807   691.342663 22355.812399
  428.300000    -655.46055522       5.60116825    -649.85938697   698.912694 22358.366450
  428.350000    -655.68771669       6.30512402    -649.38259267   786.752159 22360.922302
  428.400000    -654.80082693       4.95827669    -649.84255024   618.692808 22363.475677
  428.450000    -655.80611846       6.62475072    -649.18136774   826.635117 22366.035160
  428.500000    -654.44713130       5.19904794    -649.24808336   648.736199 22368.597512
  428.550000    -655.09083033       6.43752085    -648.65330948   803.272610 22371.171391
  428.600000    -654.35856035       5.01935753    -649.33920282   626.314464 22373.748449
  428.650000    -655.90189393       6.60563886    -649.29625506   824.250343 22376.338800
  428.700000    -654.66827311       5.12624093    -649.54203218   639.651355 22378.908458
  428.750000    -655.52284209       4.98591154    -650.53693055   622.141080 22381.463412
  428.800000    -656.38714254       5.66636864    -650.72077390   707.048386 22384.047210
  428.850000    -655.30782404       4.32743291    -650.98039113   539.976244 22386.613574
  428.900000    -655.65506424       4.67802954    -650.97703470   583.723624 22389.169733
  428.950000    -655.57196172       5.33840253    -650.23355919   666.124838 22391.742476
  429.000000    -655.73709875       5.25328083    -650.48381791   655.503369 22394.342268
  429.050000    -655.15549693       4.88366923    -650.27182770   609.383304 22396.964920
  429.100000    -655.20101579       4.70566252    -650.49535326   587.171662 22399.590224
  429.150000    -655.08995575       6.21160693    -648.87834882   775.083115 22402.206273
  429.200000    -654.32938105       5.44369222    -648.88568883   679.262865 22404.844531
  429.250000    -654.89276842       5.15813200    -649.73463642   643.630716 22407.464337
  429.300000    -655.01549248       5.67796461    -649.33752788   708.495328 22410.085282
  429.350000    -654.83311862       6.49516638    -648.33795224   810.465608 22412.732168
  429.400000    -655.22213449       5.95530660    -649.26682788   743.102009 22415.337613
  429.450000    -654.63703389       4.78510015    -649.85193374   597.083873 22417.936475
  429.500000    -655.16747051       5.68061642    -649.48685409   708.826222 22420.543719
  429.550000    -655.72410854       5.96835510    -649.75575344   744.730199 22423.125284
  429.600000    -655.29783017       4.87082614    -650.42700404   607.780746 22425.740735
  429.650000    -655.62821195       4.83557131    -650.79264065   603.381655 22428.331377
  429.700000    -656.35294818       4.94204993    -651.41089825   616.668037 22430.899378
  429.750000    -656.01017560       5.52294269    -650.48723290   689.151724 22433.476390
  429.800000    -655.61248065       4.82876366    -650.78371700   602.532198 22436.075588
  429.850000    -654.75326720       4.60274604    -650.15052116   574.329763 22438.685595
  429.900000    -654.53746805       4.41299440    -650.12447365   550.652590 22441.306168
  429.950000    -654.83760071       5.22592980    -649.61167092   652.090512 22443.941129
  430.000000    -654.68379228       5.37695720    -649.30683508   670.935682 22446.599245
  430.050000    -655.37653170       5.79662250    -649.57990920   723.301437 22449.239784
  430.100000    -654.85495289       5.22988855    -649.62506433   652.584485 22451.960359
  430.150000    -655.10187619       5.65075563    -649.45112057   705.100197 22454.619903
  430.200000    -654.51192793       5.10712156    -649.40480637   637.265644 22457.265381
  430.250000    -655.47847124       5.86751678    -649.61095446   732.147612 22459.889252
  430.300000    -655.40563500       5.61445896    -649.79117604   700.571106 22462.488424
  430.350000    -655.58775442       5.56641479    -650.02133964   694.576164 22465.089319
  430.400000    -655.06740504       4.99209789    -650.07530716   622.913011 22467.720867
  430.450000    -655.64739164       5.71058338    -649.93680826   712.565493 22470.319428
  430.500000    -654.31355938       5.18192158    -649.13163781   646.599175 22472.934123
  430.550000    -654.66241076       5.78250481    -648.87990595   721.539834 22475.532051
  430.600000    -655.30639969       5.94164136    -649.36475832   741.396863 22478.265201
  430.650000    -654.87829637       5.71245892    -649.16583744   712.799523 22480.910177
  430.700000    -655.27833726       5.17735424    -650.10098302   646.029264 22483.559259
  430.750000    -655.43950294       4.77539836    -650.66410458   595.873286 22486.202268
  430.800000    -655.45874033       4.91551702    -650.54322331   613.357265 22488.860142
  430.850000    -655.53674001       5.45545925    -650.08128076   680.731153 22491.518329
  430.900000    -654.51220590       4.76095851    -649.75124739   594.071484 22494.164938
  430.950000    -654.84857512       4.83228524    -650.01628988   602.971620 22496.809885
  431.000000    -654.29230018       4.93432352    -649.35797666   615.703937 22499.427424
  431.050000    -655.00764078       6.11898496    -648.88865582   763.525763 22502.013506
  431.100000    -654.82297403       6.30688465    -648.51608939   786.971850 22504.590925
  431.150000    -655.86788288       7.40046853    -648.46741435   923.429036 22507.195941
  431.200000    -654.78900300       6.05753680    -648.73146621   755.858273 22509.847908
  431.250000    -655.00324128       5.75961737    -649.24362391   718.683945 22512.488499
  431.300000    -655.12504698       5.23752769    -649.88751929   653.537695 22515.121227
  431.350000    -654.99365109       5.28755032    -649.70610078   659.779509 22517.761297
  431.400000    -654.39258049       5.65885113    -648.73372935   706.110353 22520.423864
  431.450000    -654.71092094       5.54880195    -649.16211898   692.378437 22523.058198
  431.500000    -655.25054455       6.07481104    -649.17573352   758.013749 22525.693250
  431.550000    -655.02511977       7.04657971    -647.97854006   879.270857 22528.337217
  431.600000    -654.21723349       6.09221844    -648.12501505   760.185842 22530.949335
  431.650000    -654.24441712       5.98731899    -648.25709813   747.096508 22533.558794
  431.700000    -654.02999641       5.60304727    -648.42694914   699.147158 22536.155000
  431.750000    -654.34811444       6.28455111    -648.06356333   784.185075 22538.756420
  431.800000    -654.55376750       5.92371859    -648.63004891   739.160463 22541.359418
  431.850000    -654.44783617       5.22901759    -649.21881859   652.475806 22543.950258
  431.900000    -654.64093254       5.04891796    -649.59201458   630.003009 22546.585542
  431.950000    -655.79382860       5.35861213    -650.43521647   668.646588 22549.200191
  432.000000    -654.66704225       4.42653327    -650.24050899   552.341967 22551.818425
  432.050000    -655.20625329       5.23137025    -649.97488305   652.769370 22554.429861
  432.100000    -655.19599140       4.76427389    -650.43171752   594.485177 22557.040677
  432.150000    -654.80843302       5.67036923    -649.13806379   707.547578 22559.661510
  432.200000    -655.08588623       6.78898893    -648.29689730   847.128729 22562.342964
  432.250000    -653.96482512       5.21189993    -648.75292518   650.339868 22564.970357
  432.300000    -654.94296667       5.50592599    -649.43704068   687.028383 22567.577741
  432.350000    -654.63291154       5.73159081    -648.90132073   715.186796 22570.191185
  432.400000    -655.35928903       6.20460594    -649.15468309   774.209532 22572.801273
  432.450000    -655.23187165       5.09231803    -650.13955361   635.418462 22575.423142
  432.500000    -654.19878282       5.16177304    -649.03700979   644.085044 22578.030833
  432.550000    -655.14345725       5.75800010    -649.38545715   718.482142 22580.631537
  432.600000    -654.43900749       5.15803253    -649.28097495   643.618305 22583.231135
  432.650000    -655.29133656       5.52666605    -649.76467052   689.616323 22585.824669
  432.700000    -654.54410455       5.68735000    -648.85675455   709.666435 22588.421317
  432.750000    -653.60638737       5.24014514    -648.36624223   653.864300 22591.017485
  432.800000    -654.16039238       5.02891648    -649.13147590   627.507229 22593.607661
  432.850000    -655.87234167       6.57736719    -649.29497448   820.722609 22596.193863
  432.900000    -653.48223190       4.51206251    -648.97016940   563.014289 22598.779310
  432.950000    -654.34400608       5.35378333    -648.99022275   668.044051 22601.361998
  433.000000    -654.81685181       5.28528480    -649.53156701   659.496818 22603.969240
  433.050000    -655.20130267       5.99139147    -649.20991120   747.604672 22606.572635
  433.100000    -654.75746124       4.99520179    -649.76225945   623.300316 22609.171181
  433.150000    -655.08684065       5.68642311    -649.40041754   709.550778 22611.796421
  433.200000    -654.01355152       4.59932241    -649.41422911   573.902563 22614.397226
  433.250000    -655.79595954       5.29898261    -650.49697694   661.206027 22617.008761
  433.300000    -655.37308250       4.50643200    -650.86665050   562.311715 22619.618970
  433.350000    -655.84114608       5.55120312    -650.28994296   692.678055 22622.214531
  433.400000    -655.21006201       4.75505455    -650.45500746   593.334789 22624.805493
  433.450000    -655.42897617       4.53193523    -650.89704094   565.494003 22627.456409
  433.500000    -655.26559153       4.42947121    -650.83612033   552.708563 22630.062171
  433.550000    -655.55884391       4.52212715    -651.03671676   564.270153 22632.650532
  433.600000    -654.91363575       4.47135431    -650.44228144   557.934728 22635.271870
  433.650000    -654.87900286       4.94115401    -649.93784885   616.556244 22637.865895
  433.700000    -655.44940529       5.09206052    -650.35734477   635.386330 22640.455807
  433.750000    -655.19182806       5.44977112    -649.74205693   680.021390 22643.057165
  433.800000    -654.32352988       5.88400033    -648.43952955   734.204427 22645.677670
  433.850000    -654.55172343       5.99976700    -648.55195643   748.649768 22648.272801
  433.900000    -654.31581970       4.95129232    -649.36452738   617.821301 22650.872968
  433.950000    -655.33080804       5.72938158    -649.60142645   714.911129 22653.488203
  434.000000    -655.39435864       6.30946916    -649.08488948   787.294344 22656.064892
  434.050000    -655.55480786       5.13335919    -650.42144867   640.539570 22658.644805
  434.100000    -655.91278091       5.90294343    -650.00983749   736.568142 22661.222858
  434.150000    -655.52169029       5.09579890    -650.42589139   635.852804 22663.806974
  434.200000    -656.08504666       5.12829776    -650.95674890   639.908005 22666.465852
  434.250000    -655.78171455       5.00987444    -650.77184011   625.131166 22669.154769
  434.300000    -655.52010471       4.83294100    -650.68716370   603.053446 22671.852620
  434.350000    -655.71629552       5.58666068    -650.12963483   697.102443 22674.550967
  434.400000    -655.37961092       5.36901002    -650.01060091   669.944034 22677.331755
  434.450000    -654.82449627       5.77559304    -649.04890323   720.677386 22679.928475
  434.500000    -654.52872229       5.33828157    -649.19044072   666.109745 22682.513247
  434.550000    -655.48667222       6.24561211    -649.24106011   779.326274 22685.112326
  434.600000    -654.57922390       6.06385392    -648.51536997   756.646523 22687.819679
  434.650000    -654.10650857       5.80972667    -648.29678190   724.936574 22690.404994
  434.700000    -654.21699503       5.98175688    -648.23523815   746.402469 22693.003241
  434.750000    -655.20481421       6.52165584    -648.68315838   813.770957 22695.717202
  434.800000    -654.87473265       5.64632465    -649.22840800   704.547301 22698.316324
  434.850000    -655.53270274       6.05906322    -649.47363952   756.048740 22700.977812
  434.900000    -654.99031058       5.68366472    -649.30664586   709.206587 22703.797590
  434.950000    -655.20683391       6.03201882    -649.17481509   752.674145 22706.469568
  435.000000    -653.56558685       4.59611634    -648.96947050   573.502511 22709.130970
  435.050000    -654.50770680       5.60332104    -648.90438576   699.181319 22711.794247
  435.100000    -654.44463082       5.86092238    -648.58370844   731.324764 22714.446365
  435.150000    -654.99773798       6.05086138    -648.94687660   755.025315 22717.090437
  435.200000    -654.77236827       5.53529826    -649.23707001   690.693449 22719.702550
  435.250000    -655.36967881       5.87590199    -649.49377682   733.193917 22722.312384
  435.300000    -654.82962134       5.19701258    -649.63260876   648.482228 22724.920655
  435.350000    -655.76879575       6.08752381    -649.68127194   759.600047 22727.534281
  435.400000    -655.32630413       4.99076849    -650.33553564   622.747129 22730.212778
  435.450000    -655.67372189       4.73804874    -650.93567315   591.212808 22732.897712
  435.500000    -655.58886812       4.44128512    -651.14758300   554.182701 22735.568833
  435.550000    -655.14258104       4.31052816    -650.83205288   537.866873 22738.243597
  435.600000    -656.53039842       5.62231444    -650.90808397   701.551312 22740.911561
  435.650000    -655.11880259       4.82129014    -650.29751245   601.599653 22743.579672
  435.700000    -655.66997364       5.90739210    -649.76258155   737.123246 22746.227144
  435.750000    -655.00984978       5.45450769    -649.55534209   680.612418 22748.895852
  435.800000    -654.89755973       5.27305850    -649.62450123   657.971222 22751.565586
  435.850000    -654.28264269       5.29177120    -648.99087148   660.306190 22754.180936
  435.900000    -653.94463062       6.11830223    -647.82632839   763.440572 22756.757143
  435.950000    -654.36830959       6.36446812    -648.00384147   794.157105 22759.328949
  436.000000    -655.00211708       6.69406338    -648.30805370   835.283937 22761.926857
  436.050000    -654.04392145       6.23710571    -647.80681574   778.264847 22764.508520
  436.100000    -653.77905936       5.72862814    -648.05043122   714.817115 22767.094148
  436.150000    -654.74712297       6.48591755    -648.26120542   809.311540 22769.688864
  436.200000    -654.63456016       6.18244925    -648.45211092   771.444824 22772.280830
  436.250000    -654.15046501       5.63100188    -648.51946312   702.635329 22774.873389
  436.300000    -654.17344316       6.06576543    -648.10767773   756.885040 22777.452806
  436.350000    -654.46371910       5.85618854    -648.60753056   730.734076 22780.028446
  436.400000    -655.10608591       6.61087506    -648.49521085   824.903714 22782.606018
  436.450000    -654.61529878       5.56404649    -649.05125230   694.280647 22785.187798
  436.500000    -655.66645036       5.95714429    -649.70930607   743.331315 22787.777433
  436.550000    -654.64504296       5.31080436    -649.33423860   662.681143 22790.388294
  436.600000    -655.02508623       4.81131548    -650.21377075   600.355018 22792.974661
  436.650000    -655.06587035       6.18123955    -648.88463080   771.293879 22795.570828
  436.700000    -653.67500012       5.45150328    -648.22349684   680.237527 22798.172344
  436.750000    -654.27772035       5.84211782    -648.43560253   728.978335 22800.868459
  436.800000    -654.23009340       6.26762601    -647.96246739   782.073164 22803.576156
  436.850000    -654.20187697       6.21407753    -647.98779944   775.391395 22806.292184
  436.900000    -654.65269244       6.99450437    -647.65818807   872.772906 22809.005030
  436.950000    -654.51584676       6.29770480    -648.21814197   785.826390 22811.607328
  437.000000    -653.78030994       5.40233979    -648.37797015   674.102917 22814.197627
  437.050000    -655.14419837       6.57736497    -648.56683340   820.722332 22816.796156
  437.100000    -654.35218699       5.70678112    -648.64540587   712.091047 22819.387176
  437.150000    -653.51987981       5.72012031    -647.79975951   713.755509 22821.989916
  437.200000    -653.68452522       6.54450884    -647.14001638   816.622550 22824.585339
  437.250000    -654.79214736       6.89890951    -647.89323786   860.844597 22827.181679
  437.300000    -653.98826625       6.59999823    -647.38826802   823.546506 22829.779671
  437.350000    -654.48363246       6.00750019    -648.47613226   749.614715 22832.373834
  437.400000    -654.66894904       6.77215124    -647.89679780   845.027725 22834.981799
  437.450000    -653.44132027       5.89036927    -647.55095100   734.999141 22837.575773
  437.500000    -654.06987547       7.37216108    -646.69771439   919.896837 22840.193578
  437.550000    -653.78343549       6.34398186    -647.43945363   791.600832 22842.795703
  437.600000    -654.72089054       6.08271370    -648.63817684   758.999842 22845.395208
  437.650000    -653.84735047       4.80629298    -649.04105749   599.728311 22847.976461
  437.700000    -655.43974549       6.55534113    -648.88440436   817.974202 22850.556204
  437.750000    -654.93635471       6.29523586    -648.64111885   785.518316 22853.132996
  437.800000    -654.81810493       6.39900390    -648.41910103   798.466472 22855.714739
  437.850000    -654.92335522       6.50774849    -648.41560673   812.035601 22858.300420
  437.900000    -654.01999057       5.20678026    -648.81321032   649.701036 22860.874729
  437.950000    -655.33611069       6.54728484    -648.78882585   816.968940 22863.445138
  438.000000    -654.64729054       6.18300925    -648.46428128   771.514702 22866.016398
  438.050000    -654.93876882       5.10229211    -649.83647671   636.663025 22868.593519
  438.100000    -655.95438230       5.82759723    -650.12678507   727.166459 22871.174057
  438.150000    -655.02374855       5.16517532    -649.85857322   644.509581 22873.748201
  438.200000    -655.14555316       5.48490523    -649.66064793   684.405417 22876.326236
  438.250000    -654.48395791       5.34371638    -649.14024153   666.787899 22878.969609
  438.300000    -655.64330787       6.58673843    -649.05656944   821.891951 22881.646619
  438.350000    -654.49415171       6.31623629    -648.17791542   788.138746 22884.295923
  438.400000    -655.02068293       5.92873990    -649.09194303   739.787021 22886.866409
  438.450000    -654.45158182       5.63573576    -648.81584607   703.226021 22889.438928
  438.500000    -654.39930954       5.22634315    -649.17296639   652.142091 22892.010303
  438.550000    -654.91640317       5.74119689    -649.17520628   716.385441 22894.587153
  438.600000    -655.86305530       6.15763055    -649.70542475   768.347952 22897.165911
  438.650000    -654.85428090       5.18979484    -649.66448606   647.581599 22899.739392
  438.700000    -655.43986542       6.64343949    -648.79642593   828.967098 22902.314614
  438.750000    -654.48292614       6.35753691    -648.12538923   793.292229 22904.916873
  438.800000    -654.09020282       5.88615811    -648.20404471   734.473673 22907.495145
  438.850000    -654.16257606       5.91063922    -648.25193684   737.528422 22910.069974
  438.900000    -654.06829807       5.66257760    -648.40572047   706.575340 22912.634512
  438.950000    -655.23637649       7.79280603    -647.44357046   972.384833 22915.197205
  439.000000    -654.36685044       6.37258406    -647.99426639   795.169809 22917.779944
  439.050000    -654.22674271       6.11679015    -648.10995256   763.251895 22920.436817
  439.100000    -655.39001288       6.70575318    -648.68425970   836.742589 22923.084324
  439.150000    -655.14667648       5.40467118    -649.74200530   674.393827 22925.725794
  439.200000    -655.82825438       5.02187272    -650.80638166   626.628309 22928.367229
  439.250000    -656.43860230       5.03891783    -651.39968447   628.755195 22931.015140
  439.300000    -656.45379584       5.37493111    -651.07886473   670.682867 22933.748642
  439.350000    -656.22174486       5.20504107    -651.01670379   649.484020 22936.365354
  439.400000    -656.10307258       5.06404729    -651.03902529   631.890844 22938.965183
  439.450000    -655.87120093       5.01864389    -650.85255704   626.225416 22941.566592
  439.500000    -656.12197701       5.81889391    -650.30308311   726.080459 22944.148023
  439.550000    -655.06091271       5.47242370    -649.58848901   682.847973 22946.733880
  439.600000    -655.49037003       6.40645404    -649.08391599   799.396100 22949.339882
  439.650000    -654.64594421       5.81527870    -648.83066551   725.629355 22951.985586
  439.700000    -655.52365956       5.55088649    -649.97277307   692.638545 22954.594458
  439.750000    -654.29869837       4.97201758    -649.32668079   620.407394 22957.238111
  439.800000    -654.50971841       5.46098420    -649.04873421   681.420555 22959.874197
  439.850000    -654.93290813       6.04112147    -648.89178665   753.809972 22962.514567
  439.900000    -655.19738743       6.07189994    -649.12548749   757.650503 22965.124668
  439.950000    -654.49110210       5.74731663    -648.74378546   717.149061 22967.685082
  440.000000    -654.86235423       6.83112691    -648.03122733   852.386698 22970.235917
  440.050000    -654.64674425       6.22184172    -648.42490253   776.360209 22972.785721
  440.100000    -654.65091857       5.33166243    -649.31925614   665.283809 22975.330538
  440.150000    -655.19489584       5.39210173    -649.80279410   672.825414 22977.878309
  440.200000    -654.51816643       5.62046894    -648.89769750   701.321030 22980.450195
  440.250000    -654.74313560       4.82204112    -649.92109448   601.693361 22983.010726
  440.300000    -655.63177584       5.97711374    -649.65466210   745.823099 22985.559995
  440.350000    -655.45250160       5.79249700    -649.66000460   722.786658 22988.145853
  440.400000    -656.01038022       5.09090620    -650.91947402   635.242293 22990.722342
  440.450000    -655.84610612       5.64101391    -650.20509221   703.884628 22993.300545
  440.500000    -655.99687362       5.87047327    -650.12640035   732.516522 22995.865966
  440.550000    -655.50207381       5.41893143    -650.08314238   676.173218 22998.446610
  440.600000    -655.52844481       6.37953884    -649.14890597   796.037626 23001.024306
  440.650000    -654.94435039       6.21664915    -648.72770124   775.712282 23003.594236
  440.700000    -654.42049588       6.02900088    -648.39149500   752.297567 23006.160207
  440.750000    -653.90976196       5.72909516    -648.18066680   714.875389 23008.718191
  440.800000    -654.75443415       6.09099074    -648.66344341   760.032650 23011.288250
  440.850000    -654.39591306       5.78276157    -648.61315149   721.571874 23013.911172
  440.900000    -655.53923038       5.97817209    -649.56105828   745.955161 23016.503601
  440.950000    -654.87297030       5.38527061    -649.48769969   671.973028 23019.061751
  441.000000    -654.52459898       5.58181745    -648.94278153   696.498105 23021.621474
  441.050000    -655.04137224       5.60774091    -649.43363133   699.732829 23024.184175
  441.100000    -653.90327157       5.26249882    -648.64077275   656.653588 23026.735981
  441.150000    -655.12534394       6.46380294    -648.66154100   806.552084 23029.284669
  441.200000    -655.73030590       5.64124787    -650.08905804   703.913821 23031.837046
  441.250000    -655.17451222       5.64877127    -649.52574096   704.852589 23034.391216
  441.300000    -655.23612866       5.42325119    -649.81287747   676.712237 23036.939088
  441.350000    -654.63935506       5.51880879    -649.12054627   688.635896 23039.490618
  441.400000    -655.03454687       6.61859893    -648.41594795   825.867497 23042.043300
  441.450000    -654.28811380       5.97589729    -648.31221651   745.671311 23044.631594
  441.500000    -653.90664275       6.34008580    -647.56655694   791.114684 23047.229308
  441.550000    -654.95732575       6.66712280    -648.29020295   831.922297 23049.823426
  441.600000    -654.14574277       5.75934869    -648.38639408   718.650419 23052.404688
  441.650000    -655.01052047       6.58042995    -648.43009052   821.104780 23055.004904
  441.700000    -655.24980688       6.11358186    -649.13622502   762.851565 23057.591937
  441.750000    -654.67090812       4.93153041    -649.73937771   615.355413 23060.183936
  441.800000    -654.63580942       5.08859228    -649.54721714   634.953563 23062.796145
  441.850000    -655.71380553       5.94758191    -649.76622362   742.138123 23065.439954
  441.900000    -655.20471277       5.65205002    -649.55266275   705.261711 23068.090132
  441.950000    -654.26088980       5.47703582    -648.78385399   683.423473 23070.701739
  442.000000    -654.61770228       5.57013487    -649.04756742   695.040354 23073.324656
  442.050000    -654.64639935       6.24431510    -648.40208425   779.164434 23075.938057
  442.100000    -654.36122842       6.25069427    -648.11053414   779.960426 23078.529793
  442.150000    -655.15026835       6.75031482    -648.39995352   842.302981 23081.124428
  442.200000    -654.52634956       5.25047466    -649.27587489   655.153216 23083.735806
  442.250000    -655.69761249       6.21018453    -649.48742796   774.905628 23086.325193
  442.300000    -654.62086620       5.04753199    -649.57333421   629.830067 23088.920909
  442.350000    -655.98339769       5.63840350    -650.34499418   703.558901 23091.512557
  442.400000    -654.66132938       5.38613824    -649.27519114   672.081290 23094.087611
  442.450000    -654.42278240       6.18060482    -648.24217758   771.214678 23096.665224
  442.500000    -654.45280853       5.27017669    -649.18263183   657.611631 23099.244724
  442.550000    -654.56084704       5.11907680    -649.44177024   638.757416 23101.863737
  442.600000    -655.08644707       5.74018448    -649.34626259   716.259112 23104.465904
  442.650000    -655.56204830       5.43211365    -650.12993465   677.818093 23107.067556
  442.700000    -655.27034796       5.82683015    -649.44351781   727.070742 23109.682549
  442.750000    -654.32235484       5.00587168    -649.31648316   624.631702 23112.254950
  442.800000    -654.43599061       5.57368811    -648.86230251   695.483727 23114.830208
  442.850000    -654.61965101       5.50369938    -649.11595164   686.750547 23117.407742
  442.900000    -654.64281167       5.57461919    -649.06819248   695.599907 23119.983802
  442.950000    -654.78598248       5.18992711    -649.59605536   647.598104 23122.558640
  443.000000    -655.38069197       5.33227570    -650.04841627   665.360333 23125.131001
  443.050000    -656.06261121       5.57202505    -650.49058615   695.276211 23127.693792
  443.100000    -655.65695079       5.03896624    -650.61798455   628.761236 23130.234260
  443.150000    -655.87968957       5.06261053    -650.81707904   631.711565 23132.773492
  443.200000    -654.80720323       5.72532613    -649.08187710   714.405090 23135.311141
  443.250000    -654.52061732       6.00388766    -648.51672965   749.163944 23137.901345
  443.300000    -653.71182808       5.03305444    -648.67877364   628.023562 23140.529619
  443.350000    -655.06133448       6.15924107    -648.90209342   768.548912 23143.162758
  443.400000    -654.63898138       5.54039885    -649.09858254   691.329900 23145.783157
  443.450000    -654.54677701       5.20099706    -649.34577994   648.979410 23148.455259
  443.500000    -654.66930374       5.67817119    -648.99113255   708.521105 23151.102887
  443.550000    -654.98357349       5.27186142    -649.71171207   657.821851 23153.720379
  443.600000    -654.82702213       5.88800858    -648.93901356   734.704574 23156.311937
  443.650000    -654.64904771       5.97187519    -648.67717251   745.169435 23158.892153
  443.700000    -655.04037789       6.06834396    -648.97203393   757.206789 23161.498291
  443.750000    -655.42069970       7.03720835    -648.38349135   878.101501 23164.100081
  443.800000    -654.13351829       6.16059312    -647.97292516   768.717622 23166.720379
  443.850000    -653.76975546       5.76930499    -648.00045047   719.892763 23169.349493
  443.900000    -654.64892294       5.86807530    -648.78084764   732.217304 23171.983469
  443.950000    -654.39598607       5.77835745    -648.61762862   721.022328 23174.611009
  444.000000    -654.41266827       5.94339595    -648.46927232   741.615800 23177.260545
  444.050000    -653.87474308       5.40265745    -648.47208563   674.142554 23179.892478
  444.100000    -654.47405553       5.64969235    -648.82436318   704.967521 23182.542477
  444.150000    -654.02606526       5.65075762    -648.37530764   705.100446 23185.135163
  444.200000    -654.70095035       5.76341691    -648.93753344   719.158050 23187.706607
  444.250000    -654.54896329       5.11382313    -649.43514016   638.101864 23190.259207
  444.300000    -654.43926909       5.71474283    -648.72452626   713.084508 23192.807984
  444.350000    -653.48302616       5.10943644    -648.37358972   637.554493 23195.350842
  444.400000    -654.26660621       5.67746365    -648.58914256   708.432819 23197.887954
  444.450000    -654.83153728       6.00145603    -648.83008125   748.860525 23200.457053
  444.500000    -655.23573800       5.91344069    -649.32229731   737.877988 23203.056772
  444.550000    -655.75989920       5.50685833    -650.25304088   687.144720 23205.621251
  444.600000    -654.66132784       4.82158984    -649.83973800   601.637050 23208.167382
  444.650000    -654.91391724       5.64476592    -649.26915132   704.352803 23210.705900
  444.700000    -654.97017434       5.61338267    -649.35679168   700.436806 23213.251653
  444.750000    -653.90061811       4.63452705    -649.26609106   578.295392 23215.784637
  444.800000    -654.64372436       5.30496750    -649.33875686   661.952821 23218.323377
  444.850000    -654.71230870       5.50566384    -649.20664486   686.995672 23220.868903
  444.900000    -655.29902356       6.15311998    -649.14590358   767.785124 23223.411926
  444.950000    -655.23028028       6.34650657    -648.88377371   791.915865 23225.957657
  445.000000    -653.76436031       4.61430236    -649.15005795   575.771758 23228.501211
  445.050000    -654.36002419       5.93572901    -648.42429518   740.659121 23231.045310
  445.100000    -654.38835579       5.41046339    -648.97789240   675.116578 23233.585311
  445.150000    -654.26667075       5.02312931    -649.24354145   626.785106 23236.128634
  445.200000    -654.99258499       5.82340384    -649.16918115   726.643208 23238.668103
  445.250000    -654.28209265       4.70405621    -649.57803643   586.971227 23241.218562
  445.300000    -654.60764004       5.99936128    -648.60827877   748.599143 23243.796571
  445.350000    -654.52788962       5.59694138    -648.93094824   698.385265 23246.446274
  445.400000    -653.92373587       4.46044989    -649.46328598   556.574077 23249.000909
  445.450000    -654.55061440       4.50836960    -650.04224480   562.553489 23251.567032
  445.500000    -654.24622263       4.41326766    -649.83295498   550.686687 23254.126708
  445.550000    -654.63695461       5.28008320    -649.35687142   658.847763 23256.685312
  445.600000    -654.70075639       4.76345063    -649.93730576   594.382451 23259.249147
  445.650000    -655.48716411       5.73861911    -649.74854500   716.063786 23261.845246
  445.700000    -654.05315227       5.14786051    -648.90529176   642.349042 23264.428879
  445.750000    -653.66317456       5.66448088    -647.99869368   706.812831 23267.008871
  445.800000    -653.65378796       5.94632671    -647.70746125   741.981500 23269.570275
  445.850000    -652.64038477       5.71233083    -646.92805394   712.783540 23272.132854
  445.900000    -653.85960136       5.93039739    -647.92920396   739.993843 23274.703425
  445.950000    -654.47286974       6.29104911    -648.18182063   784.995895 23277.291214
  446.000000    -654.66871720       5.79979386    -648.86892334   723.697159 23279.857550
  446.050000    -655.07840343       5.36360753    -649.71479590   669.269913 23282.417656
  446.100000    -655.19968735       5.59400121    -649.60568614   698.018392 23284.992790
  446.150000    -655.55584330       5.69537835    -649.86046494   710.668212 23287.575089
  446.200000    -654.27406234       5.15743358    -649.11662876   643.543567 23290.156012
  446.250000    -654.77879835       5.56712648    -649.21167187   694.664968 23292.717936
  446.300000    -654.73838090       4.96054071    -649.77784019   618.975312 23295.285382
  446.350000    -654.85443994       5.16761794    -649.68682200   644.814369 23297.840030
  446.400000    -654.67375108       4.79727247    -649.87647861   598.602734 23300.407111
  446.450000    -654.65720199       4.88447654    -649.77272545   609.484040 23302.997563
  446.500000    -655.06283586       4.90440208    -650.15843378   611.970345 23305.577894
  446.550000    -654.94993520       4.61401733    -650.33591788   575.736192 23308.176208
  446.600000    -655.07628599       5.43922020    -649.63706579   678.704847 23310.738310
  446.650000    -654.87651273       5.32958430    -649.54692842   665.024501 23313.309723
  446.700000    -655.43426779       6.38292141    -649.05134637   796.459703 23315.888222
  446.750000    -654.52219498       4.84918525    -649.67300972   605.080400 23318.452397
  446.800000    -654.30477739       4.41118079    -649.89359659   550.426288 23321.036060
  446.850000    -654.35111437       5.16154463    -649.18956974   644.056543 23323.608257
  446.900000    -654.34927821       5.50547866    -648.84379955   686.972565 23326.184935
  446.950000    -654.86202399       5.36266066    -649.49936333   669.151762 23328.739236
  447.000000    -655.35525099       5.99361495    -649.36163604   747.882118 23331.310591
  447.050000    -654.20508100       5.86778222    -648.33729878   732.180734 23333.868469
  447.100000    -654.13961253       5.36695889    -648.77265363   669.688096 23336.446102
  447.150000    -653.73831239       5.56502109    -648.17329130   694.402258 23339.033855
  447.200000    -653.66511100       5.61111435    -648.05399665   700.153766 23341.599689
  447.250000    -654.03172767       5.82225922    -648.20946845   726.500383 23344.166680
  447.300000    -653.20577642       4.93862621    -648.26715021   616.240826 23346.724174
  447.350000    -654.72155335       6.38462181    -648.33693154   796.671878 23349.282049
  447.400000    -654.42851757       5.85063364    -648.57788393   730.040938 23351.847183
  447.450000    -654.87392585       6.05814845    -648.81577740   755.934595 23354.414148
  447.500000    -654.26220939       5.41628103    -648.84592836   675.842502 23357.015226
  447.550000    -653.74978908       5.85555789    -647.89423119   730.655384 23359.655803
  447.600000    -653.30957981       4.99799561    -648.31158420   623.648928 23362.300150
  447.650000    -654.63520981       6.31452644    -648.32068337   787.925391 23364.960664
  447.700000    -653.23959220       5.60292390    -647.63666830   699.131763 23367.619963
  447.750000    -653.74633875       5.38813543    -648.35820332   672.330500 23370.263067
  447.800000    -654.53931923       6.95228570    -647.58703353   867.504869 23372.910323
  447.850000    -654.36034983       6.80494702    -647.55540281   849.119976 23375.534734
  447.900000    -651.94383323       6.47151033    -645.47232289   807.513811 23378.138038
  447.950000    -652.52253198       6.70204479    -645.82048720   836.279856 23380.762492
  448.000000    -653.60501986       7.96547904    -645.63954083   993.930938 23383.363403
  448.050000    -651.96825817       6.87352805    -645.09473011   857.677504 23385.993371
  448.100000    -653.63508220       7.65381634    -645.98126586   955.041727 23388.638542
  448.150000    -652.65991109       6.63388943    -646.02602166   827.775444 23391.266940
  448.200000    -653.64551694       6.50888802    -647.13662892   812.177792 23393.901777
  448.250000    -654.61300298       6.56675002    -648.04625296   819.397800 23396.545706
  448.300000    -654.06398136       6.42429251    -647.63968886   801.621980 23399.183430
  448.350000    -654.31488090       5.82686745    -648.48801345   727.075396 23401.808479
  448.400000    -652.43173635       5.74050163    -646.69123472   716.298686 23404.462882
  448.450000    -652.86421314       5.92762992    -646.93658323   739.648518 23407.088043
  448.500000    -653.04323235       5.93093184    -647.11230051   740.060531 23409.694084
  448.550000    -653.42323647       5.72219500    -647.70104147   714.014388 23412.264154
  448.600000    -653.26213070       5.66839060    -647.59374010   707.300685 23414.857219
  448.650000    -654.44930211       6.42874359    -648.02055852   802.177386 23417.458501
  448.700000    -653.71558372       5.65677716    -648.05880656   705.851563 23420.044032
  448.750000    -654.74420948       5.60488182    -649.13932765   699.376073 23422.635936
  448.800000    -654.53994691       5.20791355    -649.33203336   649.842448 23425.224266
  448.850000    -654.68956555       4.98575687    -649.70380868   622.121781 23427.798634
  448.900000    -654.91186415       5.28101718    -649.63084697   658.964305 23430.364549
  448.950000    -655.12939149       6.02119678    -649.10819471   751.323772 23432.922268
  449.000000    -655.03498810       4.99398661    -650.04100149   623.148685 23435.513681
  449.050000    -654.60790691       5.21973267    -649.38817423   651.317236 23438.074141
  449.100000    -654.90667417       6.26537759    -648.64129658   781.792607 23440.631006
  449.150000    -654.13546226       6.01148165    -648.12398061   750.111521 23443.219247
  449.200000    -655.18409631       6.32565447    -648.85844185   789.313944 23445.781501
  449.250000    -653.30665093       4.95293682    -648.35371411   618.026502 23448.415164
  449.300000    -654.62593295       5.95918605    -648.66674690   743.586086 23451.011310
  449.350000    -654.27443844       5.97187078    -648.30256767   745.168884 23453.568638
  449.400000    -653.39033821       6.26161907    -647.12871914   781.323619 23456.127537
  449.450000    -654.15372946       6.54253530    -647.61119416   816.376293 23458.682405
  449.500000    -654.41485768       7.05119730    -647.36366038   879.847039 23461.239406
  449.550000    -654.54598789       6.84736744    -647.69862045   854.413188 23463.791739
  449.600000    -654.53776846       6.07460151    -648.46316695   757.987605 23466.352636
  449.650000    -654.52085004       5.96514076    -648.55570928   744.329113 23468.906934
  449.700000    -654.69775970       5.74662110    -648.95113860   717.062272 23471.467945
  449.750000    -654.35010631       5.77351201    -648.57659429   720.417716 23474.022221
  449.800000    -654.46676413       5.83485360    -648.63191052   728.071907 23476.585637
  449.850000    -654.83500213       5.83527501    -648.99972712   728.124490 23479.157243
  449.900000    -655.30883865       5.47641070    -649.83242796   683.345470 23481.725193
  449.950000    -655.43191963       5.12979077    -650.30212886   640.094302 23484.294129
  450.000000    -655.25470982       5.51080642    -649.74390340   687.637362 23486.860774
  450.050000    -655.58767231       5.72969903    -649.85797328   714.950740 23489.428454
  450.100000    -655.93114307       5.13460099    -650.79654208   640.694521 23491.997827
  450.150000    -655.28812268       4.36918430    -650.91893838   545.185974 23494.613116
  450.200000    -655.43025630       4.89317787    -650.53707843   610.569791 23497.186633
  450.250000    -655.19966575       5.32118375    -649.87848199   663.976282 23499.757833
  450.300000    -654.75342943       5.35808346    -649.39534597   668.580620 23502.326232
  450.350000    -655.11507396       5.36527659    -649.74979737   669.478178 23504.898329
  450.400000    -654.41200322       4.48656515    -649.92543807   559.832734 23507.468433
  450.450000    -654.56633001       5.13184916    -649.43448085   640.351149 23510.034515
  450.500000    -655.18751042       5.99131328    -649.19619714   747.594915 23512.608717
  450.550000    -654.80376596       6.10842744    -648.69533852   762.208398 23515.214412
  450.600000    -654.52189830       6.89387375    -647.62802456   860.216237 23517.798786
  450.650000    -653.16152155       5.92350194    -647.23801962   739.133429 23520.386697
  450.700000    -653.54079554       6.53838455    -647.00241100   815.858363 23523.020688
  450.750000    -654.69246608       6.85848212    -647.83398396   855.800076 23525.615463
  450.800000    -653.65227701       6.15984412    -647.49243289   768.624161 23528.190665
  450.850000    -653.01077495       5.74204936    -647.26872559   716.491812 23530.792865
  450.900000    -653.58050897       6.15801402    -647.42249495   768.395802 23533.377695
  450.950000    -654.25779766       6.77311912    -647.48467854   845.148498 23535.977635
  451.000000    -654.01432900       6.88992861    -647.12440039   859.723963 23538.570281
  451.050000    -653.31344594       5.82618524    -647.48726071   726.990270 23541.148823
  451.100000    -654.77618979       6.28793744    -648.48825234   784.607621 23543.928709
  451.150000    -654.39290577       6.38879097    -648.00411480   797.192105 23546.504442
  451.200000    -653.33257236       5.02297688    -648.30959549   626.766086 23549.079343
  451.250000    -654.08014313       6.73685263    -647.34329050   840.623172 23551.647106
  451.300000    -653.73937436       6.42917621    -647.31019815   802.231368 23554.213219
  451.350000    -654.68533163       6.58602509    -648.09930654   821.802941 23556.783483
  451.400000    -654.22142225       6.03871978    -648.18270247   753.510289 23559.354977
  451.450000    -654.52821930       5.67791304    -648.85030625   708.488894 23561.914722
  451.500000    -654.91637380       6.30217189    -648.61420191   786.383793 23564.473150
  451.550000    -654.21232493       5.94500251    -648.26732242   741.816267 23567.032109
  451.600000    -655.36537757       6.26690418    -649.09847339   781.983095 23569.594969
  451.650000    -654.37403862       5.08747544    -649.28656318   634.814204 23572.131002
  451.700000    -655.12960489       5.78177207    -649.34783282   721.448404 23574.686988
  451.750000    -655.01448139       7.03597786    -647.97850352   877.947961 23577.307657
  451.800000    -653.71546990       5.16088880    -648.55458109   643.974709 23579.925722
  451.850000    -654.78359023       5.48576153    -649.29782869   684.512266 23582.530996
  451.900000    -654.58588108       4.97233347    -649.61354761   620.446811 23585.135006
  451.950000    -655.09519763       5.24214665    -649.85305098   654.114047 23587.740428
  452.000000    -655.27754615       4.99188275    -650.28566340   622.886167 23590.340942
  452.050000    -655.08863268       4.81945739    -650.26917529   601.370964 23592.973963
  452.100000    -655.67359194       5.07091976    -650.60267218   632.748390 23595.555352
  452.150000    -655.50145889       4.82528645    -650.67617244   602.098312 23598.224658
  452.200000    -655.04193225       5.15852571    -649.88340655   643.679842 23600.913000
  452.250000    -655.10878214       5.11915927    -649.98962287   638.767706 23603.632855
  452.300000    -655.24064935       4.94476556    -650.29588379   617.006893 23606.314684
  452.350000    -655.50366566       5.54223931    -649.96142635   691.559552 23608.968042
  452.400000    -656.53018234       5.62941827    -650.90076408   702.437725 23611.637788
  452.450000    -655.74183748       5.06352087    -650.67831661   631.825158 23614.304144
  452.500000    -655.58367804       5.31901581    -650.26466223   663.705767 23616.975295
  452.550000    -655.31490803       5.33293109    -649.98197694   665.442113 23619.623235
  452.600000    -655.52226652       6.15268204    -649.36958449   767.730478 23622.250994
  452.650000    -654.98549105       5.33568618    -649.64980487   665.785893 23624.846750
  452.700000    -654.07100226       5.88754919    -648.18345307   734.647252 23627.434093
  452.750000    -654.02492324       6.18372645    -647.84119679   771.604194 23630.021060
  452.800000    -654.27442318       6.39086854    -647.88355464   797.451344 23632.599412
  452.850000    -653.88254884       5.70618947    -648.17635936   712.017222 23635.177830
  452.900000    -654.49447358       5.72674590    -648.76772767   714.582249 23637.750726
  452.950000    -654.63858190       5.59184476    -649.04673714   697.749311 23640.317277
  453.000000    -654.43783442       5.93624686    -648.50158756   740.723738 23642.890162
  453.050000    -655.02224006       6.53395941    -648.48828065   815.306194 23645.458613
  453.100000    -654.65853260       5.17077253    -649.48776007   645.207999 23648.035311
  453.150000    -656.13461969       6.95515768    -649.17946201   867.863233 23650.602040
  453.200000    -654.04793727       5.40632470    -648.64161256   674.600154 23653.168568
  453.250000    -654.82838466       5.44888161    -649.37950305   679.910397 23655.739821
  453.300000    -655.35464350       5.87261852    -649.48202498   732.784206 23658.322816
  453.350000    -654.39116087       4.74749040    -649.64367046   592.390937 23660.945255
  453.400000    -655.05356540       4.56761454    -650.48595087   569.946061 23663.529025
  453.450000    -655.93801587       5.59226872    -650.34574715   697.802212 23666.088822
  453.500000    -655.61603567       5.00740385    -650.60863182   624.822886 23668.648287
  453.550000    -655.77808374       5.63085767    -650.14722608   702.617333 23671.206919
  453.600000    -655.53055688       5.28891802    -650.24163886   659.950170 23673.782875
  453.650000    -654.80298542       5.39138188    -649.41160354   672.735592 23676.346857
  453.700000    -654.25296686       5.17796268    -649.07500418   646.105184 23678.929086
  453.750000    -654.79293370       5.93921930    -648.85371439   741.094639 23681.525028
  453.800000    -654.75684907       5.94347353    -648.81337554   741.625481 23684.092285
  453.850000    -655.12858276       6.07685227    -649.05173049   758.268454 23686.661365
  453.900000    -654.56652013       5.17602634    -649.39049379   645.863569 23689.224542
  453.950000    -655.91780446       5.74055916    -650.17724531   716.305864 23691.782097
  454.000000    -655.35917479       5.35683778    -650.00233701   668.425185 23694.342912
  454.050000    -655.04683439       6.01315706    -649.03367733   750.320578 23696.904590
  454.100000    -654.73994967       5.48169845    -649.25825123   684.005275 23699.474882
  454.150000    -654.52812697       6.08490073    -648.44322624   759.272739 23702.056618
  454.200000    -653.97627842       5.56839957    -648.40787885   694.823824 23704.618602
  454.250000    -654.97606430       5.47576389    -649.50030041   683.264762 23707.158795
  454.300000    -654.44029730       4.71362650    -649.72667079   588.165406 23709.739698
  454.350000    -654.83237364       5.28119514    -649.55117850   658.986511 23712.276575
  454.400000    -655.39177980       6.19199182    -649.19978798   772.635545 23714.818974
  454.450000    -655.15617827       5.89171255    -649.26446573   735.166755 23717.363587
  454.500000    -654.61970045       4.65264227    -649.96705817   580.555805 23719.912152
  454.550000    -655.69283974       6.32845192    -649.36438782   789.663009 23722.457461
  454.600000    -654.31188306       4.95660087    -649.35528219   618.483701 23724.998077
  454.650000    -655.13141069       5.09607809    -650.03533260   635.887642 23727.538725
  454.700000    -655.21320256       5.27289590    -649.94030666   657.950933 23730.080172
  454.750000    -656.09114936       7.08756175    -649.00358761   884.384588 23732.621048
  454.800000    -655.73176357       5.59731097    -650.13445260   698.431383 23735.163136
  454.850000    -655.51967159       5.16023034    -650.35944125   643.892546 23737.702291
  454.900000    -655.16829868       4.88308280    -650.28521588   609.310129 23740.248364
  454.950000    -655.74338386       4.84376209    -650.89962177   604.403699 23742.802367
  455.000000    -655.56677028       5.18897379    -650.37779649   647.479149 23745.347452
  455.050000    -655.41976964       5.20257230    -650.21719733   649.175969 23747.894346
  455.100000    -656.00259519       5.47373728    -650.52885790   683.011882 23750.439098
  455.150000    -655.84541026       5.96635218    -649.87905809   744.480274 23752.989096
  455.200000    -655.22472788       5.82684597    -649.39788191   727.072716 23755.544337
  455.250000    -655.01982975       4.82206544    -650.19776431   601.696396 23758.129010
  455.300000    -656.05744274       5.28876413    -650.76867861   659.930968 23760.699686
  455.350000    -655.59023275       5.30445235    -650.28578041   661.888540 23763.260078
  455.400000    -656.05716473       5.69980025    -650.35736448   711.219976 23765.814153
  455.450000    -654.38436207       5.05137961    -649.33298246   630.310173 23768.366545
  455.500000    -655.14469183       6.26452761    -648.88016422   781.686547 23770.918246
  455.550000    -654.50897723       4.88992473    -649.61905250   610.163865 23773.469484
  455.600000    -654.81822693       5.61829743    -649.19992951   701.050069 23776.024162
  455.650000    -655.03757197       5.98272217    -649.05484980   746.522919 23778.577658
  455.700000    -654.68064348       5.15079903    -649.52984445   642.715709 23781.126793
  455.750000    -655.48383775       5.61241728    -649.87142047   700.316345 23783.675378
  455.800000    -654.78897723       4.75008542    -650.03889181   592.714742 23786.221017
  455.850000    -655.23142560       5.03676542    -650.19466019   628.486617 23788.765031
  455.900000    -655.67379080       5.52418156    -650.14960923   689.306310 23791.310421
  455.950000    -654.81364993       4.63745372    -650.17619621   578.660581 23793.895268
  456.000000    -654.97762723       5.06847707    -649.90915017   632.443591 23796.615090
  456.050000    -655.61515659       4.65650016    -650.95865643   581.037191 23799.347699
  456.100000    -656.14817659       5.39681684    -650.75135975   673.413764 23802.071102
  456.150000    -655.11042584       4.88540353    -650.22502231   609.599710 23804.721478
  456.200000    -656.22210933       6.63258101    -649.58952832   827.612179 23807.373217
  456.250000    -654.96138148       5.08998328    -649.87139821   635.127131 23810.024197
  456.300000    -654.65552999       5.05038893    -649.60514107   630.186556 23812.634633
  456.350000    -654.95295380       4.88381064    -650.06914316   609.400950 23815.247939
  456.400000    -655.40315547       5.74219149    -649.66096398   716.509547 23817.859985
  456.450000    -654.75329244       5.92323809    -648.83005435   739.100506 23820.469705
  456.500000    -654.95631545       5.94800339    -649.00831206   742.190715 23823.129470
  456.550000    -654.71438039       5.19863529    -649.51574510   648.684709 23825.773366
  456.600000    -655.30090031       5.62355745    -649.67734286   701.706414 23828.412241
  456.650000    -655.36375280       5.48556381    -649.87818899   684.487594 23831.065602
  456.700000    -655.26473605       5.63992589    -649.62481016   703.748865 23833.714652
  456.750000    -655.25399750       5.77476381    -649.47923369   720.573915 23836.343084
  456.800000    -655.71426352       7.04197749    -648.67228603   878.696593 23838.974817
  456.850000    -654.96795253       5.63048842    -649.33746411   702.571259 23841.563213
  456.900000    -654.75254630       6.33070815    -648.42183815   789.944542 23844.138933
  456.950000    -653.53514188       5.85185728    -647.68328461   730.193622 23846.728525
  457.000000    -654.15426974       6.50775363    -647.64651611   812.036243 23849.361144
  457.050000    -654.27833947       6.48519802    -647.79314145   809.221758 23851.966514
  457.100000    -653.54491895       5.95615223    -647.58876673   743.207526 23854.595870
  457.150000    -654.48519806       6.12737720    -648.35782087   764.572945 23857.297212
  457.200000    -654.95384482       6.44036665    -648.51347818   803.627708 23859.923694
  457.250000    -656.18227070       6.59815267    -649.58411803   823.316217 23862.489571
  457.300000    -654.86042463       5.83557462    -649.02485001   728.161876 23865.054978
  457.350000    -654.76758889       6.12615090    -648.64143800   764.419927 23867.619995
  457.400000    -654.96446584       6.51316584    -648.45130000   812.711578 23870.195078
  457.450000    -655.33763292       6.89250615    -648.44512677   860.045588 23872.768630
  457.500000    -653.75944538       5.27981873    -648.47962664   658.814763 23875.343348
  457.550000    -653.99316843       5.91812255    -648.07504588   738.462190 23877.945323
  457.600000    -655.51044622       7.11732029    -648.39312593   888.097853 23880.520885
  457.650000    -654.87751459       6.60794874    -648.26956585   824.538569 23883.118847
  457.700000    -655.04015105       6.58744364    -648.45270740   821.979947 23885.719197
  457.750000    -653.94851768       5.43340179    -648.51511589   677.978828 23888.326150
  457.800000    -654.40526681       6.23677168    -648.16849514   778.223167 23890.900560
  457.850000    -654.45708692       6.67085332    -647.78623360   832.387790 23893.482706
  457.900000    -655.33326667       6.75833034    -648.57493633   843.303156 23896.084168
  457.950000    -654.74761398       5.82093398    -648.92668000   726.335020 23898.671908
  458.000000    -654.17975388       5.15441955    -649.02533433   643.167477 23901.242626
  458.050000    -656.13103941       6.74912412    -649.38191530   842.154405 23903.833958
  458.100000    -655.72604949       5.85550328    -649.87054621   730.648570 23906.418890
  458.150000    -654.28251550       4.74460399    -649.53791151   592.030771 23909.027224
  458.200000    -654.98247599       5.20567077    -649.77680523   649.562594 23911.612105
  458.250000    -655.82127439       5.33166123    -650.48961316   665.283660 23914.190654
  458.300000    -656.40834718       5.37709958    -651.03124759   670.953449 23916.779256
  458.350000    -655.77213999       4.50785374    -651.26428625   562.489120 23919.365947
  458.400000    -655.32614692       4.67172798    -650.65441894   582.937316 23921.942330
  458.450000    -655.44201998       6.12127211    -649.32074787   763.811153 23924.526163
  458.500000    -655.14916420       6.40004717    -648.74911703   798.596651 23927.105189
  458.550000    -655.10631796       6.31273534    -648.79358262   787.701898 23929.672087
  458.600000    -655.41426754       6.47440177    -648.93986577   807.874604 23932.241368
  458.650000    -655.64776327       6.55873628    -649.08902699   818.397848 23934.809668
  458.700000    -655.14075437       6.68408966    -648.45666471   834.039418 23937.374085
  458.750000    -654.74764912       5.95035273    -648.79729639   742.483866 23939.928524
  458.800000    -654.73833831       6.02028340    -648.71805491   751.209801 23942.523002
  458.850000    -655.11669965       6.83023288    -648.28646676   852.275142 23945.124033
  458.900000    -653.86096174       5.29523916    -648.56572258   660.738921 23947.685359
  458.950000    -654.73823863       6.82566111    -647.91257753   851.704676 23950.242513
  459.000000    -655.23106958       6.46870076    -648.76236882   807.163234 23952.804073
  459.050000    -654.70358446       5.04238468    -649.66119978   629.187788 23955.418893
  459.100000    -655.74192721       6.52299823    -649.21892898   813.938461 23957.991177
  459.150000    -655.40588183       6.19129500    -649.21458683   772.548596 23960.549346
  459.200000    -655.33744505       5.11895408    -650.21849098   638.742102 23963.108359
  459.250000    -655.49640709       4.98154741    -650.51485969   621.596525 23965.665466
  459.300000    -656.17507220       5.65857449    -650.51649771   706.075834 23968.222598
  459.350000    -656.26021024       5.09196290    -651.16824734   635.374148 23970.772665
  459.400000    -656.44585850       5.45059244    -650.99526606   680.123873 23973.320987
  459.450000    -655.76245975       5.25593664    -650.50652311   655.834760 23975.869892
  459.500000    -656.22282574       6.01782320    -650.20500254   750.902817 23978.424702
  459.550000    -655.04618671       4.84810810    -650.19807860   604.945994 23980.972467
  459.600000    -656.04584836       6.83857806    -649.20727030   853.316451 23983.525629
  459.650000    -654.97040148       6.24653128    -648.72387021   779.440968 23986.080740
  459.700000    -655.41638842       6.02149040    -649.39489801   751.360411 23988.631744
  459.750000    -655.29105522       5.80468994    -649.48636527   724.308091 23991.204112
  459.800000    -655.28804475       6.39082422    -648.89722053   797.445813 23993.834210
  459.850000    -654.30258381       6.22706633    -648.07551748   777.012135 23996.463879
  459.900000    -654.83195173       5.51215327    -649.31979846   687.805422 23999.050246
  459.950000    -654.79089461       5.88745918    -648.90343543   734.636021 24001.618911
  460.000000    -655.76604450       6.22212242    -649.54392208   776.395235 24004.190174
  460.050000    -655.14617900       4.98839527    -650.15778373   622.451000 24006.783814
  460.100000    -656.43690779       5.76194067    -650.67496713   718.973845 24009.346340
  460.150000    -656.27899977       5.94934437    -650.32965540   742.358043 24011.930360
  460.200000    -656.52515792       5.66150786    -650.86365006   706.441859 24014.545331
  460.250000    -655.90738010       4.76921018    -651.13816993   595.101126 24017.175101
  460.300000    -656.39888961       5.08476661    -651.31412299   634.476197 24019.785037
  460.350000    -656.54611678       5.53964286    -651.00647392   691.235567 24022.401147
  460.400000    -656.18942595       5.43281846    -650.75660748   677.906040 24025.022970
  460.450000    -656.70708739       5.28723817    -651.41984922   659.740559 24027.646427
  460.500000    -656.45154881       5.41532855    -651.03622025   675.723652 24030.275082
  460.550000    -655.74635011       5.24963150    -650.49671861   655.048006 24032.863416
  460.600000    -655.72354770       5.40222509    -650.32132262   674.088604 24035.441932
  460.650000    -656.46798013       6.71724752    -649.75073260   838.176850 24038.024295
  460.700000    -655.41052615       5.35624722    -650.05427893   668.351495 24040.619761
  460.750000    -655.17396408       5.34578812    -649.82817596   667.046411 24043.243932
  460.800000    -656.02344156       6.63023330    -649.39320825   827.319233 24045.875998
  460.850000    -654.70311718       5.43354036    -649.26957682   677.996118 24048.497586
  460.900000    -654.64904651       5.80046362    -648.84858289   723.780732 24051.123170
  460.950000    -654.16712197       5.42004723    -648.74707474   676.312448 24053.741238
  461.000000    -655.75549401       6.50286858    -649.25262543   811.426687 24056.358349
  461.050000    -655.67484453       5.78984562    -649.88499891   722.455819 24058.949199
  461.100000    -655.45402115       5.51416442    -649.93985673   688.056373 24061.509649
  461.150000    -656.30717872       6.41800464    -649.88917408   800.837381 24064.064139
  461.200000    -654.79121114       5.37301158    -649.41819956   670.443349 24066.620747
  461.250000    -655.69764440       6.53223339    -649.16541100   815.090823 24069.173375
  461.300000    -655.12381158       5.37581513    -649.74799645   670.793175 24071.726884
  461.350000    -654.87499441       5.66952478    -649.20546963   707.442209 24074.286474
  461.400000    -655.14207175       6.07541419    -649.06665756   758.089011 24076.845951
  461.450000    -654.78175334       5.65836658    -649.12338676   706.049890 24079.425563
  461.500000    -655.53687355       6.88515735    -648.65171620   859.128606 24082.038326
  461.550000    -654.18960589       5.21208426    -648.97752163   650.362868 24084.605607
  461.600000    -654.55246509       5.38732856    -649.16513653   672.229818 24087.166429
  461.650000    -655.81471587       7.32149908    -648.49321680   913.575243 24089.751714
  461.700000    -655.00402152       6.90323557    -648.10078595   861.384402 24092.323829
  461.750000    -654.50138892       6.05257775    -648.44881116   755.239484 24094.921467
  461.800000    -655.87588836       6.89820504    -648.97768332   860.756694 24097.505033
  461.850000    -654.79578737       5.96981569    -648.82597168   744.912450 24100.090008
  461.900000    -655.49385531       5.81857724    -649.67527807   726.040946 24102.734228
  461.950000    -655.15974538       5.00572243    -650.15402295   624.613079 24105.373274
  462.000000    -655.61856357       4.95329959    -650.66526398   618.071768 24107.984293
  462.050000    -655.45779553       5.85333983    -649.60445570   730.378615 24110.599380
  462.100000    -654.70647313       5.25940522    -649.44706792   656.267569 24113.191601
  462.150000    -655.42507555       5.65612730    -649.76894825   705.770473 24115.815200
  462.200000    -656.08114810       6.77435502    -649.30679308   845.302712 24118.445850
  462.250000    -654.05807461       6.38879937    -647.66927524   797.193154 24121.032599
  462.300000    -654.01569001       6.45807852    -647.55761149   805.837792 24123.608570
  462.350000    -654.80386490       6.97997221    -647.82389269   870.959586 24126.182974
  462.400000    -653.94550947       5.49868347    -648.44682600   686.124663 24128.775638
  462.450000    -654.41179200       5.72950285    -648.68228915   714.926260 24131.343841
  462.500000    -654.62382251       6.67765071    -647.94617180   833.235968 24133.930335
  462.550000    -654.70780077       6.01147639    -648.69632438   750.110864 24136.506754
  462.600000    -655.81136746       6.75417954    -649.05718792   842.785220 24139.095430
  462.650000    -654.86200009       4.78880364    -650.07319645   597.545995 24141.661003
  462.700000    -655.18833606       6.13300977    -649.05532629   765.275776 24144.231288
  462.750000    -654.36847513       5.03786989    -649.33060524   628.624434 24146.799282
  462.800000    -655.18517945       7.61163047    -647.57354898   949.777782 24149.383032
  462.850000    -654.04765850       6.27135499    -647.77630351   782.538466 24151.963984
  462.900000    -654.21226527       7.14202797    -647.07023730   891.180872 24154.526296
  462.950000    -653.09749445       6.80323920    -646.29425525   848.906875 24157.112302
  463.000000    -653.20529687       5.86488946    -647.34040741   731.819775 24159.669545
  463.050000    -654.14283422       6.06434002    -648.07849420   756.707178 24162.253035
  463.100000    -654.70111793       6.03427249    -648.66684544   752.955357 24164.842022
  463.150000    -654.43846662       5.90570841    -648.53275821   736.913157 24167.412165
  463.200000    -655.03070250       6.00738046    -649.02332204   749.599775 24169.990085
  463.250000    -655.65117846       6.48328495    -649.16789351   808.983046 24172.575384
  463.300000    -655.67775457       5.80401625    -649.87373832   724.224028 24175.236843
  463.350000    -655.05985254       5.51402634    -649.54582619   688.039143 24177.836938
  463.400000    -655.25379263       5.55175048    -649.70204215   692.746354 24180.430269
  463.450000    -655.05293055       5.18482042    -649.86811013   646.960891 24183.018398
  463.500000    -656.09554365       5.58581142    -650.50973223   696.996471 24185.587626
  463.550000    -655.79184157       5.37611626    -650.41572530   670.830750 24188.144586
  463.600000    -655.44304550       5.37170517    -650.07134033   670.280335 24190.698895
  463.650000    -655.96658282       5.73743137    -650.22915145   715.915580 24193.254044
  463.700000    -654.66460946       4.19427420    -650.47033525   523.360726 24195.844612
  463.750000    -656.54607130       6.08539898    -650.46067232   759.334911 24198.428453
  463.800000    -655.62749751       5.05314666    -650.57435085   630.530665 24200.986707
  463.850000    -655.98836931       5.45808025    -650.53028906   681.058200 24203.541593
  463.900000    -656.32277998       6.13083851    -650.19194147   765.004847 24206.093463
  463.950000    -656.62066761       6.02908705    -650.59158056   752.308320 24208.644306
  464.000000    -656.08245350       5.67883776    -650.40361574   708.604281 24211.188218
  464.050000    -656.27224195       6.17873349    -650.09350846   770.981173 24213.736249
  464.100000    -654.37966590       4.75082347    -649.62884244   592.806836 24216.285348
  464.150000    -656.55394077       6.90235548    -649.65158529   861.274585 24218.836167
  464.200000    -655.45805087       5.98579943    -649.47225144   746.906899 24221.384768
  464.250000    -654.97488465       5.33116517    -649.64371948   665.221761 24223.930767
  464.300000    -655.09839188       5.61932284    -649.47906904   701.178020 24226.482727
  464.350000    -655.62601375       6.08385059    -649.54216316   759.141703 24229.028293
  464.400000    -654.67822787       5.82515580    -648.85307207   726.861817 24231.625961
  464.450000    -655.05942528       6.09437496    -648.96505032   760.454932 24234.241973
  464.500000    -655.37027065       7.08260544    -648.28766521   883.766141 24236.869925
  464.550000    -654.47010010       5.50874555    -648.96135455   687.380207 24239.488210
  464.600000    -653.86006789       5.70895628    -648.15111161   712.362463 24242.119194
  464.650000    -655.11738097       6.92268865    -648.19469232   863.811754 24244.759469
  464.700000    -653.46003352       5.91090044    -647.54913307   737.561017 24247.388841
  464.750000    -655.17844086       7.31416419    -647.86427668   912.659997 24249.980029
  464.800000    -654.37067238       6.09222824    -648.27844415   760.187064 24252.568294
  464.850000    -655.42838619       6.54948928    -648.87889692   817.244009 24255.160577
  464.900000    -655.23103027       5.32716735    -649.90386292   664.722914 24257.757666
  464.950000    -654.65144591       4.28314893    -650.36829697   534.450497 24260.382940
  465.000000    -656.47621537       6.25252419    -650.22369118   780.188762 24263.003636
  465.050000    -656.48726862       5.61302451    -650.87424411   700.392116 24265.610519
  465.100000    -655.25435038       4.53833015    -650.71602023   566.291961 24268.228744
  465.150000    -656.47129021       6.04265822    -650.42863199   754.001727 24270.852985
  465.200000    -655.24760300       5.44444972    -649.80315329   679.357385 24273.487559
  465.250000    -655.37655965       5.41278970    -649.96376995   675.406855 24276.149771
  465.300000    -654.47085557       5.34386299    -649.12699258   666.806193 24278.778527
  465.350000    -655.60003623       6.55061487    -649.04942136   817.384460 24281.398873
  465.400000    -654.55292744       5.41216925    -649.14075818   675.329435 24284.048229
  465.450000    -655.22750218       6.36719579    -648.86030639   794.497462 24286.636710
  465.500000    -655.14170314       5.12089263    -650.02081050   638.983995 24289.212173
  465.550000    -655.46839364       5.48853895    -649.97985469   684.858831 24291.770707
  465.600000    -655.60632120       5.69624545    -649.91007575   710.776409 24294.332920
  465.650000    -654.71506840       5.84818182    -648.86688658   729.734999 24296.891196
  465.700000    -655.42454116       6.75505366    -648.66948750   842.894293 24299.445431
  465.750000    -654.56886180       6.47644543    -648.09241637   808.129612 24302.000267
  465.800000    -654.32042723       6.25106352    -648.06936370   780.006501 24304.557173
  465.850000    -654.42540272       6.00737920    -648.41802352   749.599618 24307.116364
  465.900000    -654.14422462       4.43034217    -649.71388245   552.817241 24309.666024
  465.950000    -655.62273619       5.58833929    -650.03439690   697.311899 24312.239205
  466.000000    -655.34970762       5.49505685    -649.85465077   685.672134 24314.795048
  466.050000    -654.88570493       5.83805542    -649.04764951   728.471430 24317.352618
  466.100000    -655.46769945       6.03004977    -649.43764968   752.428447 24319.904459
  466.150000    -655.50319886       5.49223696    -650.01096190   685.320269 24322.454037
  466.200000    -655.65052048       5.63979104    -650.01072944   703.732038 24325.000979
  466.250000    -655.50743216       5.75567199    -649.75176017   718.191641 24327.554083
  466.300000    -655.68253120       4.51397969    -651.16855151   563.253515 24330.131232
  466.350000    -655.37762114       4.16396800    -651.21365313   519.579124 24332.720191
  466.400000    -655.88852502       5.79961933    -650.08890569   723.675382 24335.268044
  466.450000    -655.92388098       4.98455743    -650.93932356   621.972114 24337.818114
  466.500000    -656.42666913       4.35000171    -652.07666742   542.792374 24340.367003
  466.550000    -656.44936361       4.62099710    -651.82836651   576.607127 24342.918875
  466.600000    -655.93867749       4.38592305    -651.55275444   547.274632 24345.471325
  466.650000    -655.42829921       4.36517759    -651.06312162   544.686018 24348.024053
  466.700000    -656.23880590       4.62520905    -651.61359684   577.132694 24350.649845
  466.750000    -656.07292689       4.79150664    -651.28142026   597.883274 24353.339600
  466.800000    -655.75416246       4.82397050    -650.93019196   601.934109 24355.986792
  466.850000    -655.50932256       4.57303631    -650.93628626   570.622588 24358.573110
  466.900000    -656.23326349       6.01353124    -650.21973225   750.367268 24361.152975
  466.950000    -655.55236716       5.46571320    -650.08665396   682.010638 24363.740207
  467.000000    -655.64978278       5.80572096    -649.84406182   724.436742 24366.362557
  467.050000    -655.13315738       5.04980173    -650.08335566   630.113286 24368.994679
  467.100000    -655.49844121       5.70248555    -649.79595566   711.555046 24371.597947
  467.150000    -654.95305500       5.62033845    -649.33271655   701.304748 24374.179025
  467.200000    -654.37469836       4.30155434    -650.07314402   536.747121 24376.765338
  467.250000    -655.59191715       5.89089681    -649.70102034   735.064968 24379.352527
  467.300000    -655.03733287       4.86608284    -650.17125002   607.188879 24381.927269
  467.350000    -655.20583605       5.10865341    -650.09718264   637.456787 24384.512194
  467.400000    -655.67350990       6.02865548    -649.64485442   752.254468 24387.089556
  467.450000    -654.28633052       5.91816617    -648.36816435   738.467633 24389.670980
  467.500000    -655.68364640       6.66887616    -649.01477024   832.141081 24392.247178
  467.550000    -655.52817875       6.19585478    -649.33232397   773.117565 24394.831827
  467.600000    -654.17373016       4.33713842    -649.83659174   541.187295 24397.410047
  467.650000    -655.05436194       6.03829135    -649.01607058   753.456830 24399.983760
  467.700000    -655.40960960       6.10821890    -649.30139070   762.182376 24402.553777
  467.750000    -654.49200154       5.26070533    -649.23129620   656.429797 24405.125464
  467.800000    -655.27033612       5.92051556    -649.34982056   738.760790 24407.700003
  467.850000    -654.19505069       5.29654930    -648.89850139   660.902400 24410.273491
  467.900000    -654.66102752       5.05470825    -649.60631927   630.725521 24412.844510
  467.950000    -654.27335881       5.25034902    -649.02300979   655.137538 24415.417064
  468.000000    -654.33567341       5.54207507    -648.79359834   691.539058 24418.013710
  468.050000    -654.05300473       6.30961254    -647.74339219   787.312236 24420.612002
  468.100000    -654.20880853       6.43910637    -647.76970216   803.470450 24423.202888
  468.150000    -655.23209444       6.17344927    -649.05864517   770.321810 24425.786306
  468.200000    -654.77100956       5.65420163    -649.11680793   705.530189 24428.430926
  468.250000    -655.03379931       5.15322094    -649.88057837   643.017914 24431.083531
  468.300000    -655.77205038       5.64744735    -650.12460303   704.687390 24433.665648
  468.350000    -655.48350572       6.01417260    -649.46933311   750.447297 24436.236013
  468.400000    -655.08582194       5.59919784    -649.48662411   698.666826 24438.798864
  468.450000    -655.27531258       5.52032040    -649.75499218   688.824514 24441.365517
  468.500000    -655.20505684       5.94372984    -649.26132701   741.657463 24443.927469
  468.550000    -654.76969557       5.94507642    -648.82461915   741.825489 24446.494548
  468.600000    -654.29560608       6.00076050    -648.29484558   748.773738 24449.088892
  468.650000    -654.91652016       6.28146083    -648.63505933   783.799471 24451.749148
  468.700000    -653.54425072       5.16761739    -648.37663333   644.814301 24454.426764
  468.750000    -654.59082976       5.80356668    -648.78726308   724.167931 24457.080061
  468.800000    -655.14773886       6.05454987    -649.09318900   755.485564 24459.731198
  468.850000    -654.68563315       5.73671440    -648.94891875   715.826116 24462.380672
  468.900000    -655.19281366       5.73401221    -649.45880145   715.488938 24465.031757
  468.950000    -655.26226394       5.38493187    -649.87733207   671.930760 24467.661813
  469.000000    -655.59946375       5.95749190    -649.64197185   743.374690 24470.272768
  469.050000    -655.34406027       5.85323489    -649.49082538   730.365521 24472.884184
  469.100000    -654.63771543       5.35336303    -649.28435239   667.991607 24475.486770
  469.150000    -655.27484159       5.79162329    -649.48321830   722.677637 24478.123957
  469.200000    -655.80983178       5.71762600    -650.09220578   713.444269 24480.785222
  469.250000    -655.07698167       5.94784089    -649.12914078   742.170439 24483.418890
  469.300000    -654.76540414       6.57899388    -648.18641025   820.925588 24486.042722
  469.350000    -655.00936834       6.35320004    -648.65616830   792.751076 24488.657941
  469.400000    -655.20359758       6.13852672    -649.06507086   765.964181 24491.282216
  469.450000    -654.56110792       5.93301004    -648.62809788   740.319848 24493.920130
  469.500000    -654.83631704       6.26670333    -648.56961370   781.958033 24496.517470
  469.550000    -653.89310278       6.02243697    -647.87066581   751.478523 24499.070028
  469.600000    -654.41855522       7.11347506    -647.30508016   887.618046 24501.621965
  469.650000    -654.74700252       6.93542838    -647.81157414   865.401416 24504.174523
  469.700000    -653.89770959       5.62792661    -648.26978298   702.251597 24506.726248
  469.750000    -654.69999422       6.25040115    -648.44959306   779.923850 24509.288692
  469.800000    -654.68392488       5.45533443    -649.22859044   680.715578 24511.861744
  469.850000    -655.43103451       5.66561153    -649.76542298   706.953914 24514.415968
  469.900000    -656.00829376       5.68278578    -650.32550799   709.096913 24516.989231
  469.950000    -657.10129625       6.62334651    -650.47794973   826.459900 24519.578970
  470.000000    -655.77544399       5.14486216    -650.63058183   641.974908 24522.183554
  470.050000    -656.56898259       6.24027360    -650.32870899   778.660136 24524.783109
  470.100000    -654.92620205       5.70434051    -649.22186153   711.786509 24527.351415
  470.150000    -654.99169171       6.15551361    -648.83617811   768.083800 24529.926872
  470.200000    -655.08781478       5.67313929    -649.41467549   707.893226 24532.486730
  470.250000    -655.65163792       7.09541079    -648.55622713   885.363990 24535.064945
  470.300000    -654.55952441       5.55168711    -649.00783730   692.738447 24537.677313
  470.350000    -655.24885660       5.84672779    -649.40212882   729.553565 24540.291824
  470.400000    -655.35558893       4.97987804    -650.37571090   621.388221 24542.858322
  470.450000    -655.44961675       5.18994071    -650.25967604   647.599801 24545.428777
  470.500000    -655.85935781       5.22606196    -650.63329586   652.107003 24547.992286
  470.550000    -655.55382070       5.36568353    -650.18813718   669.528955 24550.547757
  470.600000    -656.14808730       6.42876370    -649.71932360   802.179894 24553.104822
  470.650000    -655.82104787       6.25372071    -649.56732716   780.338064 24555.664222
  470.700000    -655.57630745       5.63835770    -649.93794975   703.553186 24558.233702
  470.750000    -654.76710450       5.46383051    -649.30327399   681.775717 24560.797882
  470.800000    -656.10892949       5.60613910    -650.50279039   699.532956 24563.381942
  470.850000    -655.73768466       5.37340184    -650.36428282   670.492045 24565.963043
  470.900000    -655.61603882       5.20727299    -650.40876583   649.762519 24568.508001
  470.950000    -654.94127546       5.15080803    -649.79046743   642.716832 24571.054613
  471.000000    -656.08443306       6.41508893    -649.66934413   800.473559 24573.607372
  471.050000    -655.19802539       5.58167850    -649.61634690   696.480766 24576.157769
  471.100000    -655.01121757       5.60518007    -649.40603750   699.413287 24578.705858
  471.150000    -655.75406576       5.62018015    -650.13388561   701.284995 24581.256853
  471.200000    -654.96755110       6.10632918    -648.86122192   761.946577 24583.825606
  471.250000    -654.41034628       5.92730658    -648.48303969   739.608172 24586.415557
  471.300000    -654.90607412       6.09042203    -648.81565208   759.961686 24588.975102
  471.350000    -654.58452859       5.63232709    -648.95220149   702.800688 24591.524505
  471.400000    -655.05602283       5.61391671    -649.44210612   700.503444 24594.072638
  471.450000    -655.35593987       5.96531885    -649.39062101   744.351336 24596.622242
  471.500000    -655.28382989       5.95500137    -649.32882852   743.063922 24599.173210
  471.550000    -655.47200827       6.01928490    -649.45272337   751.085209 24601.724197
  471.600000    -654.90608999       5.69726237    -649.20882761   710.903300 24604.277822
  471.650000    -654.68214770       6.10594888    -648.57619883   761.899123 24606.830783
  471.700000    -655.91003008       6.77494612    -649.13508396   845.376470 24609.384143
  471.750000    -655.19277911       5.63981704    -649.55296207   703.735282 24611.952219
  471.800000    -655.75018051       5.31586913    -650.43431138   663.313125 24614.502763
  471.850000    -655.88016345       5.46277997    -650.41738348   681.644631 24617.078860
  471.900000    -655.90350946       5.71837790    -650.18513157   713.538091 24619.687711
  471.950000    -655.60238447       5.16584528    -650.43653919   644.593178 24622.271053
  472.000000    -656.30408532       5.44873908    -650.85534625   679.892611 24624.861101
  472.050000    -655.83364442       4.92827821    -650.90536621   614.949605 24627.424783
  472.100000    -655.88611516       4.89556023    -650.99055493   610.867061 24629.982138
  472.150000    -656.18818029       5.78675036    -650.40142994   722.069593 24632.545185
  472.200000    -655.53361907       4.71746042    -650.81615865   588.643801 24635.104005
  472.250000    -656.14176609       5.93363134    -650.20813476   740.397374 24637.654680
  472.300000    -656.32835938       6.16724991    -650.16110947   769.548255 24640.204133
  472.350000    -655.57172181       4.97442065    -650.59730116   620.707250 24642.755029
  472.400000    -654.71546995       5.01136425    -649.70410570   625.317064 24645.305505
  472.450000    -656.25735408       6.62018538    -649.63716870   826.065454 24647.862522
  472.500000    -655.86055731       6.06112045    -649.79943686   756.305441 24650.438263
  472.550000    -655.31879206       5.73090916    -649.58788289   715.101740 24653.012302
  472.600000    -654.85070903       5.00542669    -649.84528235   624.576176 24655.556522
  472.650000    -656.19682441       5.86643738    -650.33038704   732.012924 24658.125925
  472.700000    -655.06373782       5.13670138    -649.92703644   640.956607 24660.671910
  472.750000    -655.66676526       5.94545183    -649.72131343   741.872333 24663.216653
  472.800000    -654.76725003       4.78371141    -649.98353862   596.910587 24665.769234
  472.850000    -655.68364438       5.90267185    -649.78097253   736.534255 24668.378299
  472.900000    -655.90208410       6.26470939    -649.63737471   781.709229 24670.997490
  472.950000    -654.93559143       5.01209823    -649.92349320   625.408650 24673.617452
  473.000000    -655.65914411       5.83654065    -649.82260346   728.282417 24676.234872
  473.050000    -655.84588792       5.17563558    -650.67025234   645.814809 24678.839897
  473.100000    -655.42887272       5.00075314    -650.42811958   623.993012 24681.455522
  473.150000    -654.97506428       5.43615735    -649.53890692   678.322666 24684.074134
  473.200000    -655.31462382       5.44010726    -649.87451656   678.815535 24686.643983
  473.250000    -655.02300192       4.87418351    -650.14881840   608.199679 24689.229096
  473.300000    -656.20721016       6.23040502    -649.97680514   777.428736 24691.809677
  473.350000    -656.49041849       5.07749651    -651.41292199   633.569035 24694.380646
  473.400000    -656.85110299       4.53859329    -652.31250970   566.324795 24696.999025
  473.450000    -656.08188672       4.29911061    -651.78277610   536.442193 24699.618024
  473.500000    -655.91756907       4.86489049    -651.05267859   607.040097 24702.237649
  473.550000    -656.18189897       5.48298062    -650.69891835   684.165264 24704.884490
  473.600000    -655.71914211       5.49155160    -650.22759051   685.234749 24707.516679
  473.650000    -655.47015857       5.16583308    -650.30432549   644.591655 24710.134601
  473.700000    -655.72582121       5.54734832    -650.17847289   692.197053 24712.747499
  473.750000    -655.60291753       5.59990850    -650.00300903   698.755503 24715.339011
  473.800000    -655.66949539       5.51165261    -650.15784278   687.742949 24717.904355
  473.850000    -655.76081337       5.22365154    -650.53716183   651.806232 24720.460408
  473.900000    -656.68607229       5.16706494    -651.51900735   644.745366 24723.007122
  473.950000    -656.60898877       4.79172061    -651.81726816   597.909973 24725.567463
  474.000000    -656.79113763       5.10716830    -651.68396933   637.271475 24728.127450
  474.050000    -656.09627703       5.07489700    -651.02138003   633.244669 24730.694280
  474.100000    -655.77542188       5.42734890    -650.34807298   677.223549 24733.268496
  474.150000    -655.79330870       5.28176763    -650.51154107   659.057945 24735.832747
  474.200000    -654.49699131       4.70683744    -649.79015387   587.318268 24738.391103
  474.250000    -655.40999501       5.45869047    -649.95130454   681.134343 24740.950698
  474.300000    -655.73831483       6.06561049    -649.67270434   756.865707 24743.509137
  474.350000    -654.46443284       5.65588364    -648.80854921   705.740069 24746.076462
  474.400000    -654.23196487       6.24544733    -647.98651754   779.305713 24748.630902
  474.450000    -654.46607764       6.45501472    -648.01106292   805.455492 24751.207220
  474.500000    -654.24812571       5.80911023    -648.43901548   724.859654 24753.778600
  474.550000    -655.52074003       6.11793490    -649.40280514   763.394736 24756.335237
  474.600000    -655.34022133       6.89980013    -648.44042120   860.955730 24758.909668
  474.650000    -653.99289883       5.99809298    -647.99480586   748.440885 24761.509716
  474.700000    -654.15543484       5.49218425    -648.66325059   685.313691 24764.142905
  474.750000    -655.22712587       5.96690976    -649.26021611   744.549849 24766.729520
  474.800000    -654.72789061       6.09151887    -648.63637174   760.098550 24769.305407
  474.850000    -654.81079085       6.18558128    -648.62520956   771.835640 24771.884805
  474.900000    -653.69419310       6.04898195    -647.64521115   754.790800 24774.490333
  474.950000    -654.14251750       6.52945542    -647.61306208   814.744188 24777.084750
  475.000000    -655.30670883       6.32371545    -648.98299338   789.071994 24779.640702
  475.050000    -655.70008850       6.12443684    -649.57565165   764.206048 24782.190797
  475.100000    -655.65244934       5.45071933    -650.20173001   680.139707 24784.739028
  475.150000    -655.33756461       5.03658320    -650.30098141   628.463881 24787.290084
  475.200000    -655.62453208       5.90848469    -649.71604738   737.259580 24789.838712
  475.250000    -655.02077350       6.70818832    -648.31258518   837.046444 24792.391868
  475.300000    -654.08965091       5.30235259    -648.78729831   661.626534 24794.940480
  475.350000    -654.15195950       6.18619003    -647.96576947   771.911598 24797.491033
  475.400000    -654.28007548       5.82674041    -648.45333507   727.059545 24800.041179
  475.450000    -654.79645232       5.81549467    -648.98095765   725.656303 24802.594897
  475.500000    -655.30976138       6.21152422    -649.09823716   775.072795 24805.146671
  475.550000    -654.03633083       4.97843913    -649.05789170   621.208674 24807.697561
  475.600000    -654.03563151       5.85863529    -648.17699623   731.039381 24810.243620
  475.650000    -654.62142617       5.85526387    -648.76616229   730.618697 24812.786909
  475.700000    -654.86285064       5.40349197    -649.45935866   674.246686 24815.345319
  475.750000    -655.06872443       5.93039996    -649.13832447   739.994163 24817.925108
  475.800000    -655.60531741       5.49373619    -650.11158122   685.507342 24820.470912
  475.850000    -655.51036991       5.22992459    -650.28044532   652.588982 24823.012736
  475.900000    -656.29560062       5.69162349    -650.60397713   710.199681 24825.557711
  475.950000    -655.33501775       5.27943349    -650.05558426   658.766693 24828.109143
  476.000000    -655.78050075       6.22094133    -649.55955942   776.247859 24830.660410
  476.050000    -656.00496135       5.45662824    -650.54833311   680.877020 24833.209782
  476.100000    -655.44205711       5.58959807    -649.85245904   697.468969 24835.758238
  476.150000    -655.79548913       6.14701589    -649.64847324   767.023457 24838.306513
  476.200000    -655.46823720       6.01531509    -649.45292212   750.589856 24840.856259
  476.250000    -655.05324305       5.43717241    -649.61607064   678.449324 24843.429969
  476.300000    -655.04778031       5.67135189    -649.37642841   707.670195 24846.019976
  476.350000    -655.43345812       5.63929942    -649.79415870   703.670693 24848.582207
  476.400000    -655.15635952       5.50270823    -649.65365129   686.626871 24851.132431
  476.450000    -655.22662156       5.49382524    -649.73279632   685.518454 24853.683375
  476.500000    -656.01507821       5.61939314    -650.39568507   701.186792 24856.235491
  476.550000    -656.77076053       5.91709370    -650.85366683   738.333810 24858.800424
  476.600000    -656.39847785       5.68334387    -650.71513398   709.166552 24861.364135
  476.650000    -655.50630761       4.79650367    -650.70980395   598.506802 24863.909534
  476.700000    -656.36196358       4.98479697    -651.37716661   622.002005 24866.473677
  476.750000    -655.65884150       5.05249135    -650.60635015   630.448896 24869.102883
  476.800000    -655.13743059       4.92708797    -650.21034262   614.801086 24871.672693
  476.850000    -656.81711013       5.35673283    -651.46037729   668.412090 24874.239522
  476.900000    -656.19904727       5.49302606    -650.70602122   685.418732 24876.783870
  476.950000    -656.05085322       5.88530657    -650.16554665   734.367418 24879.327127
  477.000000    -655.87996619       4.93670868    -650.94325751   616.001556 24881.871414
  477.050000    -656.33797412       5.18121190    -651.15676221   646.510622 24884.432058
  477.100000    -655.92753635       4.89181523    -651.03572112   610.399761 24887.046248
  477.150000    -656.25959507       5.42020668    -650.83938839   676.332344 24889.659751
  477.200000    -656.42194804       5.08057864    -651.34136940   633.953623 24892.276335
  477.250000    -656.34941654       4.57669371    -651.77272283   571.078959 24894.895793
  477.300000    -656.46034393       5.25625343    -651.20409050   655.874289 24897.517360
  477.350000    -656.29452031       5.14335036    -651.15116994   641.786266 24900.137588
  477.400000    -655.83697495       4.17822973    -651.65874522   521.358699 24902.752532
  477.450000    -655.90240351       4.68182498    -651.22057854   584.197217 24905.341803
  477.500000    -655.71902373       5.09123420    -650.62778953   635.283221 24907.956922
  477.550000    -656.09140582       5.70562548    -650.38578034   711.946846 24910.576767
  477.600000    -655.34521895       5.17310164    -650.17211731   645.498625 24913.200731
  477.650000    -656.03329638       5.15873539    -650.87456099   643.706007 24915.852011
  477.700000    -656.03297207       5.02920026    -651.00377181   627.542638 24918.504620
  477.750000    -655.98877692       5.12041307    -650.86836385   638.924156 24921.131275
  477.800000    -656.07439625       5.59082195    -650.48357430   697.621684 24923.756372
  477.850000    -655.72857355       5.00095538    -650.72761817   624.018247 24926.388332
  477.900000    -656.62441999       5.12890423    -651.49551576   639.983681 24929.006722
  477.950000    -655.83210541       5.48887466    -650.34323075   684.900722 24931.624517
  478.000000    -655.97092726       5.60000011    -650.37092715   698.766933 24934.209115
  478.050000    -655.97127375       5.76402098    -650.20725277   719.233426 24936.786890
  478.100000    -655.00190395       4.86739758    -650.13450637   607.352931 24939.394749
  478.150000    -655.60276683       6.11388479    -649.48888204   762.889364 24942.040115
  478.200000    -655.09362441       5.90984951    -649.18377490   737.429882 24944.645478
  478.250000    -655.54351054       6.56486524    -648.97864530   819.162619 24947.254652
  478.300000    -655.33648686       5.35389612    -649.98259075   668.058125 24949.862444
  478.350000    -655.61332416       5.95603462    -649.65728954   743.192851 24952.440890
  478.400000    -654.53960148       5.69352799    -648.84607349   710.437324 24955.006223
  478.450000    -654.99707385       6.54563411    -648.45143974   816.762962 24957.568806
  478.500000    -654.22413921       5.73383428    -648.49030493   715.466735 24960.127322
  478.550000    -654.31652886       5.75284782    -648.56368104   717.839242 24962.691218
  478.600000    -654.67067869       6.70019385    -647.97048483   836.048897 24965.249450
  478.650000    -654.14296645       6.37014769    -647.77281875   794.865800 24967.835826
  478.700000    -655.31002486       5.66698127    -649.64304360   707.124829 24970.417138
  478.750000    -655.35688922       5.83736295    -649.51952627   728.385023 24972.978858
  478.800000    -655.09472928       5.34397140    -649.75075789   666.819720 24975.548332
  478.850000    -655.02449402       5.53085879    -649.49363523   690.139493 24978.111372
  478.900000    -655.52034729       6.23563716    -649.28471013   778.081602 24980.674887
  478.950000    -654.88756819       5.41275179    -649.47481640   675.402124 24983.269998
  479.000000    -655.73329465       6.67564334    -649.05765131   832.985488 24985.861991
  479.050000    -655.36901860       5.66580061    -649.70321799   706.977507 24988.423195
  479.100000    -655.97410529       6.30585843    -649.66824686   786.843799 24990.985099
  479.150000    -655.34647450       5.69455875    -649.65191576   710.565942 24993.547057
  479.200000    -654.86049699       5.63069312    -649.22980387   702.596801 24996.102934
  479.250000    -654.58389312       6.13010960    -648.45378352   764.913893 24998.658248
  479.300000    -655.07559595       6.07034414    -649.00525182   757.456370 25001.220408
  479.350000    -655.55353669       5.82479807    -649.72873862   726.817179 25003.775361
  479.400000    -656.64995976       6.30190297    -650.34805679   786.350237 25006.330666
  479.450000    -654.89117069       4.75543530    -650.13573538   593.382300 25008.883224
  479.500000    -655.55075395       6.00088958    -649.54986437   748.789844 25011.434014
  479.550000    -654.66047110       5.91468218    -648.74578893   738.032901 25013.985144
  479.600000    -655.10684090       5.66829658    -649.43854432   707.288954 25016.540277
  479.650000    -655.56003193       6.14311436    -649.41691757   766.536625 25019.095215
  479.700000    -655.23986604       6.65931091    -648.58055513   830.947531 25021.653696
  479.750000    -654.06122803       5.95404509    -648.10718294   742.944598 25024.224199
  479.800000    -655.39264684       7.06004360    -648.33260323   880.950879 25026.888783
  479.850000    -654.15433575       5.51418439    -648.64015136   688.058865 25029.567921
  479.900000    -654.81214453       6.58107922    -648.23106532   821.185795 25032.247651
  479.950000    -654.44615555       6.44315433    -648.00300122   803.975555 25034.903607
  480.000000    -654.05196134       5.76887660    -648.28308474   719.839310 25037.519878
  480.050000    -654.60660885       6.27036326    -648.33624560   782.414718 25040.167625
  480.100000    -655.12664826       6.67984835    -648.44679992   833.510188 25042.800314
  480.150000    -655.20952653       5.60582034    -649.60370620   699.493180 25045.491222
  480.200000    -655.20971514       5.00578558    -650.20392956   624.620959 25048.117145
  480.250000    -655.88735179       5.70637538    -650.18097641   712.040419 25050.706885
  480.300000    -655.13100092       4.77101257    -650.35998835   595.326028 25053.266696
  480.350000    -656.30518307       6.31337947    -649.99180360   787.782273 25055.813999
  480.400000    -655.31764841       5.59017143    -649.72747698   697.540512 25058.367623
  480.450000    -654.91921417       5.40592902    -649.51328515   674.550780 25060.928366
  480.500000    -654.87986865       5.91773980    -648.96212885   738.414431 25063.474514
  480.550000    -655.12640315       5.76879593    -649.35760721   719.829244 25066.020498
  480.600000    -655.52564004       5.65005712    -649.87558292   705.013038 25068.565443
  480.650000    -655.64384870       5.29191233    -650.35193637   660.323799 25071.111632
  480.700000    -656.08536222       6.52865489    -649.55670733   814.644298 25073.657571
  480.750000    -655.21442375       5.79369128    -649.42073247   722.935680 25076.202975
  480.800000    -654.62587000       5.65631262    -648.96955738   705.793598 25078.749200
  480.850000    -654.28602437       6.40785547    -647.87816891   799.570969 25081.299105
  480.900000    -654.51990478       6.64725242    -647.87265237   829.442875 25083.841292
  480.950000    -654.75581417       6.51224796    -648.24356621   812.597044 25086.386209
  481.000000    -654.51171010       5.86765487    -648.64405523   732.164843 25088.936842
  481.050000    -654.89280025       6.29701326    -648.59578699   785.740100 25091.475158
  481.100000    -654.23770472       5.55604479    -648.68165994   693.282197 25094.025346
  481.150000    -654.75482705       5.03583195    -649.71899510   628.370139 25096.612712
  481.200000    -655.67377674       5.93890446    -649.73487227   741.055354 25099.177102
  481.250000    -655.53543339       5.38005185    -650.15538155   671.321832 25101.732298
  481.300000    -655.92709844       6.04098475    -649.88611369   753.792912 25104.290958
  481.350000    -654.57618634       4.78229434    -649.79389200   596.733765 25106.931247
  481.400000    -656.11383623       6.41431713    -649.69951910   800.377255 25109.604948
  481.450000    -655.31293383       4.54343058    -650.76950326   566.928391 25112.263302
  481.500000    -655.36510441       4.70104209    -650.66406232   586.595125 25114.977342
  481.550000    -656.15255115       5.65729350    -650.49525765   705.915992 25117.660185
  481.600000    -655.29642391       4.43508847    -650.86133544   553.409483 25120.317209
  481.650000    -655.70538195       4.89158870    -650.81379325   610.371495 25122.966572
  481.700000    -656.08222752       4.86138451    -651.22084301   606.602622 25125.591201
  481.750000    -656.08294422       4.88855108    -651.19439313   609.992461 25128.205343
  481.800000    -656.35496072       5.50219421    -650.85276650   686.562732 25130.817251
  481.850000    -655.73475103       4.95646232    -650.77828872   618.466412 25133.460768
  481.900000    -656.29232199       5.01421378    -651.27810821   625.672629 25136.102175
  481.950000    -656.10369870       5.20015807    -650.90354064   648.874720 25138.761345
  482.000000    -655.55883108       5.24228658    -650.31654451   654.131508 25141.419642
  482.050000    -655.64468787       5.02503261    -650.61965527   627.022600 25144.095228
  482.100000    -655.74028701       5.24905472    -650.49123229   654.976035 25146.765160
  482.150000    -655.98487925       5.63697120    -650.34790805   703.380179 25149.401995
  482.200000    -655.91239782       5.33339630    -650.57900152   665.500162 25152.023216
  482.250000    -656.00781817       4.86104737    -651.14677080   606.560553 25154.602359
  482.300000    -656.57148918       5.61284285    -650.95864633   700.369449 25157.176714
  482.350000    -655.65374182       5.76810853    -649.88563330   719.743470 25159.732991
  482.400000    -654.88005718       4.96486032    -649.91519686   619.514313 25162.356161
  482.450000    -655.64192292       5.24511262    -650.39681031   654.484141 25164.907895
  482.500000    -655.20192694       4.73879291    -650.46313403   591.305665 25167.460960
  482.550000    -655.27918788       4.47869558    -650.80049230   558.850771 25170.015933
  482.600000    -655.72518699       5.96666942    -649.75851758   744.519859 25172.565295
  482.650000    -655.66616639       5.66846533    -649.99770106   707.310010 25175.118284
  482.700000    -655.19656893       5.44660746    -649.74996147   679.626628 25177.673907
  482.750000    -655.79063150       5.40304630    -650.38758520   674.191075 25180.235668
  482.800000    -656.40529827       5.84175374    -650.56354453   728.932905 25182.784381
  482.850000    -655.61201019       5.43815006    -650.17386013   678.571315 25185.336069
  482.900000    -656.11662923       6.41406682    -649.70256241   800.346020 25187.895581
  482.950000    -654.74567947       4.67640199    -650.06927748   583.520538 25190.452815
  483.000000    -655.81292145       6.08892679    -649.72399466   759.775110 25193.004998
  483.050000    -656.30090187       5.49618956    -650.80471231   685.813473 25195.559798
  483.100000    -656.93323956       5.13843476    -651.79480479   641.172898 25198.111447
  483.150000    -656.74599989       4.15865510    -652.58734479   518.916182 25200.681350
  483.200000    -656.80224573       5.07575790    -651.72648783   633.352092 25203.248071
  483.250000    -657.10812524       5.07515160    -652.03297364   633.276438 25205.803581
  483.300000    -656.79326198       4.23828292    -652.55497906   528.852125 25208.373949
  483.350000    -656.63557148       4.64497095    -651.99060052   579.598580 25210.989747
  483.400000    -655.75964050       5.06939634    -650.69024415   632.558298 25213.572217
  483.450000    -656.31860169       5.96135651    -650.35724518   743.856915 25216.135126
  483.500000    -655.34596202       5.53826648    -649.80769555   691.063823 25218.763091
  483.550000    -655.39589732       5.53476893    -649.86112839   690.627400 25221.344593
  483.600000    -655.44734347       5.65052517    -649.79681830   705.071441 25223.929240
  483.650000    -654.64440918       4.95339943    -649.69100974   618.084226 25226.486772
  483.700000    -655.15654193       5.54808249    -649.60845945   692.288662 25229.043578
  483.750000    -655.71850381       5.41256660    -650.30593721   675.379016 25231.600791
  483.800000    -655.41852648       4.57508372    -650.84344276   570.878064 25234.157196
  483.850000    -655.89177035       4.85082600    -651.04094435   605.285132 25236.712810
  483.900000    -655.83454279       5.30923523    -650.52530756   662.485347 25239.265252
  483.950000    -655.66042869       5.00964746    -650.65078124   625.102843 25241.815746
  484.000000    -656.42694243       5.05273271    -651.37420972   630.479013 25244.362982
  484.050000    -656.09481040       4.87402012    -651.22079028   608.179290 25246.919361
  484.100000    -655.51538022       5.29686971    -650.21851051   660.942381 25249.472348
  484.150000    -655.32490904       5.87105030    -649.45385874   732.588524 25252.030836
  484.200000    -654.94595008       4.79190835    -650.15404173   597.933399 25254.617979
  484.250000    -655.33720615       5.51330359    -649.82390257   687.948958 25257.217783
  484.300000    -655.24831654       5.66762424    -649.58069230   707.205059 25259.810927
  484.350000    -655.45391469       5.93381835    -649.52009634   740.420709 25262.378974
  484.400000    -654.98096349       5.34380146    -649.63716203   666.798516 25264.935599
  484.450000    -655.98243394       5.92533064    -650.05710329   739.361614 25267.492497
  484.500000    -655.21619550       4.98862179    -650.22757371   622.479265 25270.048542
  484.550000    -655.61302147       5.67060425    -649.94241722   707.576904 25272.604561
  484.600000    -655.63170514       6.06715270    -649.56455244   757.058144 25275.157735
  484.650000    -654.72411375       6.03711315    -648.68700060   753.309814 25277.717100
  484.700000    -655.57046743       5.72231405    -649.84815338   714.029244 25280.273832
  484.750000    -655.14003073       5.05400712    -650.08602361   630.638033 25282.840050
  484.800000    -655.64441519       5.45567807    -650.18873711   680.758457 25285.563622
  484.850000    -655.63891077       5.78698358    -649.85192719   722.098694 25288.266550
  484.900000    -655.46695594       6.42177861    -649.04517732   801.308297 25290.978100
  484.950000    -654.27487235       5.31571140    -648.95916095   663.293444 25293.687367
  485.000000    -655.10299284       5.39664677    -649.70634607   673.392543 25296.389193
  485.050000    -655.97883217       6.83628668    -649.14254549   853.030533 25299.008250
  485.100000    -655.19157043       5.97514881    -649.21642163   745.577916 25301.600842
  485.150000    -654.81375923       6.63836175    -648.17539747   828.333499 25304.191917
  485.200000    -654.92036903       6.18107013    -648.73929890   771.272739 25306.779613
  485.250000    -655.24927360       6.24621036    -649.00306324   779.400924 25309.358760
  485.300000    -655.02456893       6.03397022    -648.99059870   752.917641 25311.939597
  485.350000    -654.31220249       5.40112911    -648.91107338   673.951849 25314.520231
  485.400000    -655.28520466       7.02276495    -648.26243971   876.299256 25317.095359
  485.450000    -654.23994803       6.64523624    -647.59471179   829.191297 25319.683244
  485.500000    -653.69082465       6.23043833    -647.46038632   777.432893 25322.299926
  485.550000    -655.08427805       7.03873672    -648.04554133   878.292210 25324.970727
  485.600000    -654.70598718       7.14192821    -647.56405897   891.168424 25327.638656
  485.650000    -654.44093502       5.91404993    -648.52688509   737.954009 25330.300595
  485.700000    -654.67392753       6.71720828    -647.95671925   838.171953 25332.961914
  485.750000    -654.76660979       6.57338284    -648.19322695   820.225443 25335.620660
  485.800000    -653.95700174       6.24600203    -647.71099972   779.374928 25338.284229
  485.850000    -654.23785746       6.55175236    -647.68610510   817.526396 25340.959435
  485.900000    -654.24921507       6.86406923    -647.38514584   856.497235 25343.589630
  485.950000    -653.90432249       6.07648626    -647.82783624   758.222783 25346.215289
  486.000000    -654.40410452       6.40685323    -647.99725129   799.445910 25348.842900
  486.050000    -654.18276665       5.81890286    -648.36386379   726.081576 25351.463962
  486.100000    -654.57572317       5.49872573    -649.07699745   686.129935 25354.115887
  486.150000    -655.75645988       6.28470579    -649.47175409   784.204376 25356.783851
  486.200000    -655.58362003       6.10951721    -649.47410281   762.344380 25359.455532
  486.250000    -654.32850897       5.33305096    -648.99545801   665.457070 25362.143830
  486.300000    -654.70973100       5.91953123    -648.79019977   738.637966 25364.834949
  486.350000    -655.07957340       6.07473925    -649.00483415   758.004792 25367.539333
  486.400000    -655.36181458       5.92390344    -649.43791114   739.183529 25370.201795
  486.450000    -654.94621482       6.02874278    -648.91747204   752.265361 25372.834950
  486.500000    -654.83267933       5.32285814    -649.50982119   664.185212 25375.439327
  486.550000    -654.71132308       5.93000585    -648.78131723   739.944986 25378.043853
  486.600000    -653.97716840       6.16989452    -647.80727388   769.878248 25380.640324
  486.650000    -654.46963366       5.73670594    -648.73292771   715.825061 25383.243799
  486.700000    -654.10333716       5.80817033    -648.29516684   724.742373 25385.848549
  486.750000    -654.45930098       5.88181224    -648.57748874   733.931397 25388.500408
  486.800000    -654.87510581       5.76017107    -649.11493475   718.753035 25391.195830
  486.850000    -655.10290549       5.78228776    -649.32061773   721.512751 25393.885884
  486.900000    -654.97609527       6.15515350    -648.82094177   768.038866 25396.494229
  486.950000    -654.67411626       5.65623034    -649.01788592   705.783330 25399.082339
  487.000000    -654.25478922       5.01199890    -649.24279032   625.396256 25401.669341
  487.050000    -654.44368738       6.00295913    -648.44072826   749.048082 25404.251209
  487.100000    -655.07583041       6.78099782    -648.29483259   846.131600 25406.827735
  487.150000    -654.03001016       5.94040378    -648.08960638   741.242438 25409.404642
  487.200000    -655.86142676       7.52427062    -648.33715614   938.877037 25411.980336
  487.250000    -654.83716465       5.87741118    -648.95975348   733.382233 25414.559341
  487.300000    -654.48833863       5.25928579    -649.22905284   656.252666 25417.131748
  487.350000    -654.57563059       5.55695508    -649.01867550   693.395784 25419.706815
  487.400000    -653.41337988       5.04187367    -648.37150620   629.124024 25422.280979
  487.450000    -654.58315770       6.68606656    -647.89709114   834.286095 25424.858474
  487.500000    -654.31990754       5.90546269    -648.41444485   736.882495 25427.460940
  487.550000    -655.48556652       6.55751569    -648.92805082   818.245543 25430.046869
  487.600000    -654.77206777       5.61375933    -649.15830844   700.483806 25432.621378
  487.650000    -655.77783979       6.00328006    -649.77455974   749.088128 25435.194842
  487.700000    -655.21184825       5.56486809    -649.64698016   694.383167 25437.769557
  487.750000    -655.27568924       5.78664479    -649.48904445   722.056420 25440.346042
  487.800000    -655.23543557       5.64935103    -649.58608454   704.924932 25442.925172
  487.850000    -655.09222073       5.19178208    -649.90043865   647.829567 25445.499934
  487.900000    -655.08930841       5.49763242    -649.59167598   685.993513 25448.077302
  487.950000    -654.84152923       6.12663223    -648.71489700   764.479988 25450.654288
  488.000000    -655.31673610       6.28478943    -649.03194667   784.214813 25453.226486
  488.050000    -654.44456027       5.32442403    -649.12013623   664.380604 25455.815359
  488.100000    -655.19537229       5.65951701    -649.53585528   706.193441 25458.429510
  488.150000    -654.19183289       6.12734223    -648.06449066   764.568582 25461.012469
  488.200000    -653.54048387       5.46940007    -648.07108381   682.470685 25463.610304
  488.250000    -654.76182986       6.40145347    -648.36037639   798.772129 25466.193872
  488.300000    -654.89642122       6.11324879    -648.78317243   762.810005 25468.794081
  488.350000    -654.78229699       5.44649836    -649.33579862   679.613015 25471.399320
  488.400000    -653.80699796       4.94577972    -648.86121823   617.133440 25474.004145
  488.450000    -655.03977411       6.11513078    -648.92464333   763.044839 25476.606567
  488.500000    -654.26707563       5.24834424    -649.01873139   654.887382 25479.174790
  488.550000    -655.35233969       6.36738795    -648.98495175   794.521440 25481.731576
  488.600000    -655.30981905       6.25266358    -649.05715547   780.206155 25484.293185
  488.650000    -654.40842086       6.02019896    -648.38822190   751.199265 25486.856296
  488.700000    -654.92971912       6.70575864    -648.22396048   836.743269 25489.411652
  488.750000    -653.89104556       5.16902557    -648.72201999   644.990013 25491.966419
  488.800000    -654.94360654       5.66422862    -649.27937793   706.781354 25494.527049
  488.850000    -655.84181834       6.36615242    -649.47566591   794.367272 25497.089582
  488.900000    -655.06219927       5.15797117    -649.90422809   643.610648 25499.652511
  488.950000    -655.55248788       5.48941776    -650.06307012   684.968489 25502.214645
  489.000000    -655.83509699       5.01812982    -650.81696717   626.161271 25504.772722
  489.050000    -656.49021382       5.67846200    -650.81175181   708.557393 25507.328330
  489.100000    -656.21509883       4.46996683    -651.74513200   557.761599 25509.909376
  489.150000    -656.28657983       4.67275465    -651.61382518   583.065423 25512.458340
  489.200000    -655.12030522       4.63809273    -650.48221249   578.740316 25515.040525
  489.250000    -656.49608916       5.09993083    -651.39615833   636.368385 25517.605305
  489.300000    -655.53736292       4.00471026    -651.53265266   499.706974 25520.180682
  489.350000    -656.08513156       5.39907587    -650.68605569   673.695646 25522.753436
  489.400000    -655.87244286       5.68679809    -650.18564477   709.597568 25525.323373
  489.450000    -655.23433007       5.33718305    -649.89714702   665.972671 25527.880901
  489.500000    -653.65961141       4.62162907    -649.03798234   576.685984 25530.438364
  489.550000    -655.41847736       5.50990996    -649.90856740   687.525502 25532.990468
  489.600000    -656.61073803       6.13271176    -650.47802627   765.238591 25535.545623
  489.650000    -655.64311279       4.89057392    -650.75253887   610.244871 25538.142707
  489.700000    -655.87920008       5.29477543    -650.58442465   660.681056 25540.739803
  489.750000    -655.43780605       5.76566014    -649.67214591   719.437960 25543.379743
  489.800000    -655.24875698       4.94032490    -650.30843207   616.452789 25546.016073
  489.850000    -656.40411041       5.37922273    -651.02488768   671.218375 25548.633833
  489.900000    -656.18199852       4.80172387    -651.38027465   599.158179 25551.253572
  489.950000    -656.46851772       5.07515437    -651.39336334   633.276784 25553.874569
  490.000000    -656.53092460       5.31563518    -651.21528942   663.283932 25556.496697
  490.050000    -655.47990962       4.37033263    -651.10957698   545.329263 25559.116046
  490.100000    -656.92431477       5.83057050    -651.09374427   727.537462 25561.713066
  490.150000    -655.42201616       5.07078696    -650.35122920   632.731818 25564.312138
  490.200000    -655.69284993       5.53676197    -650.15608796   690.876091 25566.912720
  490.250000    -654.77492363       5.14963781    -649.62528582   642.570812 25569.517555
  490.300000    -655.55505166       6.78944836    -648.76560329   847.186057 25572.139892
  490.350000    -654.21176551       5.85314392    -648.35862159   730.354170 25574.768086
  490.400000    -655.03179724       6.32219461    -648.70960263   788.882224 25577.378748
  490.450000    -655.27833102       5.61222927    -649.66610175   700.292886 25579.996310
  490.500000    -655.51556065       5.44002544    -650.07553521   678.805325 25582.615929
  490.550000    -654.19550149       4.69205649    -649.50344500   585.473904 25585.243430
  490.600000    -655.11401975       5.55810276    -649.55591699   693.538990 25587.855849
  490.650000    -655.30842059       5.91677945    -649.39164114   738.294599 25590.483811
  490.700000    -654.80750683       5.54408956    -649.26341727   691.790425 25593.123446
  490.750000    -654.89966620       6.13456740    -648.76509880   765.470137 25595.771549
  490.800000    -655.44911012       5.43790678    -650.01120334   678.540959 25598.390352
  490.850000    -655.78925082       5.87162684    -649.91762399   732.660464 25600.982275
  490.900000    -655.50544472       4.98403749    -650.52140723   621.907236 25603.539528
  490.950000    -655.48740346       4.90816932    -650.57923414   612.440421 25606.091243
  491.000000    -655.32889151       5.27372016    -650.05517134   658.053785 25608.658284
  491.050000    -655.37591666       5.56928071    -649.80663594   694.933773 25611.212759
  491.100000    -656.67569978       6.32798053    -650.34771924   789.604190 25613.772920
  491.150000    -655.96911401       4.95070244    -651.01841157   617.747695 25616.326170
  491.200000    -655.07459677       4.86745064    -650.20714613   607.359552 25618.881413
  491.250000    -655.43014625       5.30356329    -650.12658296   661.777604 25621.436793
  491.300000    -655.25181688       4.85989683    -650.39192005   606.416989 25623.993939
  491.350000    -655.67621008       5.60289716    -650.07331292   699.128426 25626.547055
  491.400000    -655.34312791       5.57643241    -649.76669550   695.826161 25629.102638
  491.450000    -655.18884669       6.12382089    -649.06502580   764.129189 25631.658695
  491.500000    -655.08776984       5.57934560    -649.50842424   696.189668 25634.212230
  491.550000    -654.67313720       5.32217735    -649.35095984   664.100263 25636.791045
  491.600000    -655.22274262       5.47596383    -649.74677878   683.289711 25639.356648
  491.650000    -656.10020109       5.47622355    -650.62397753   683.322119 25641.919197
  491.700000    -655.88596414       5.45702450    -650.42893965   680.926464 25644.490376
  491.750000    -655.67339784       5.35472684    -650.31867100   668.161782 25647.055774
  491.800000    -655.56191948       5.44595373    -650.11596574   679.545056 25649.622539
  491.850000    -656.19870928       6.21419726    -649.98451202   775.406335 25652.190077
  491.900000    -655.51443977       5.05092082    -650.46351895   630.252925 25654.760002
  491.950000    -655.63396237       5.27930307    -650.35465930   658.750419 25657.335543
  492.000000    -655.91488664       6.43182918    -649.48305746   802.562404 25659.937138
  492.050000    -655.51543327       5.77273350    -649.74269977   720.320573 25662.538939
  492.100000    -654.90159133       5.29806742    -649.60352390   661.091831 25665.127882
  492.150000    -655.59084177       6.21037236    -649.38046942   774.929065 25667.702870
  492.200000    -654.52946298       6.22395409    -648.30550889   776.623791 25670.258294
  492.250000    -654.24010752       5.52662862    -648.71347890   689.611653 25672.811307
  492.300000    -653.95083690       6.23224592    -647.71859098   777.658444 25675.419790
  492.350000    -654.41384143       6.90296638    -647.51087505   861.350813 25678.002633
  492.400000    -655.19613937       7.12707572    -648.06906365   889.315133 25680.570522
  492.450000    -654.52151061       5.23258698    -649.28892363   652.921194 25683.117155
  492.500000    -656.30428107       5.98057226    -650.32370881   746.254653 25685.670322
  492.550000    -657.07501745       6.49886136    -650.57615609   810.926667 25688.216831
  492.600000    -655.51999198       4.90144296    -650.61854902   611.601107 25690.763650
  492.650000    -654.95699424       4.95375819    -650.00323605   618.128991 25693.327841
  492.700000    -655.64954767       5.93613274    -649.71341493   740.709499 25695.878426
  492.750000    -655.75977020       5.10719099    -650.65257922   637.274306 25698.432281
  492.800000    -655.23013188       4.67424049    -650.55589139   583.250826 25700.981957
  492.850000    -656.00830019       5.49392308    -650.51437712   685.530662 25703.537274
  492.900000    -654.90270702       4.92965921    -649.97304780   615.121926 25706.126840
  492.950000    -655.97275234       7.38232144    -648.59043091   921.164645 25708.719329
  493.000000    -654.04793706       5.10145709    -648.94647997   636.558832 25711.308806
  493.050000    -655.41150985       6.16581106    -649.24569878   769.368715 25713.877362
  493.100000    -655.03061699       6.50254365    -648.52807334   811.386143 25716.450389
  493.150000    -655.18111521       5.81920000    -649.36191521   726.118654 25719.033828
  493.200000    -655.82457087       5.17070799    -650.65386288   645.199946 25721.594826
  493.250000    -655.40750991       5.20494958    -650.20256033   649.472605 25724.165064
  493.300000    -655.15487917       5.45996648    -649.69491268   681.293564 25726.765746
  493.350000    -655.36209790       5.12700663    -650.23509126   639.746899 25729.379778
  493.400000    -655.07172185       4.92611430    -650.14560754   614.679593 25731.960665
  493.450000    -655.48295710       5.55263769    -649.93031942   692.857059 25734.546701
  493.500000    -655.63722534       5.39416498    -650.24306035   673.082866 25737.114078
  493.550000    -655.61561198       5.35179682    -650.26381516   667.796175 25739.698457
  493.600000    -654.97079940       5.63023277    -649.34056663   702.539360 25742.275606
  493.650000    -654.17236441       4.28596963    -649.88639478   534.802464 25744.852769
  493.700000    -655.00216769       5.26945159    -649.73271609   657.521153 25747.411943
  493.750000    -654.79123267       5.13711646    -649.65411621   641.008401 25749.979015
  493.800000    -654.73114637       4.92697310    -649.80417327   614.786753 25752.557759
  493.850000    -656.39572868       5.70162376    -650.69410492   711.447513 25755.120502
  493.900000    -655.93401083       5.56013483    -650.37387600   693.792551 25757.695070
  493.950000    -655.12091316       5.15527936    -649.96563380   643.274764 25760.309416
  494.000000    -655.31661887       4.91588839    -650.40073047   613.403606 25762.942050
  494.050000    -655.76197157       5.51236942    -650.24960215   687.832392 25765.582903
  494.100000    -654.79688189       5.10339929    -649.69348260   636.801179 25768.220479
  494.150000    -655.90265028       6.26450911    -649.63814117   781.684239 25770.852536
  494.200000    -654.85103700       5.67950973    -649.17152727   708.688129 25773.481837
  494.250000    -655.20136570       5.63661149    -649.56475421   703.335294 25776.096989
  494.300000    -655.10074524       5.65195813    -649.44878711   705.250245 25778.707272
  494.350000    -654.23962350       5.27227606    -648.96734744   657.873589 25781.306515
  494.400000    -655.13028660       5.88419854    -649.24608806   734.229159 25783.916554
  494.450000    -655.06900470       6.07334614    -648.99565856   757.830960 25786.508760
  494.500000    -654.69478258       5.55507792    -649.13970466   693.161552 25789.160959
  494.550000    -655.00934701       6.13689171    -648.87245530   765.760164 25791.791267
  494.600000    -654.73429361       5.26301860    -649.47127501   656.718445 25794.379602
  494.650000    -655.09317368       5.31236291    -649.78081078   662.875619 25796.973139
  494.700000    -654.40835902       4.93658336    -649.47177566   615.985919 25799.564527
  494.750000    -654.50599568       5.15360670    -649.35238898   643.066050 25802.191009
  494.800000    -655.80966146       6.37338513    -649.43627633   795.269767 25804.822226
  494.850000    -655.03046353       5.31473935    -649.71572418   663.172151 25807.455032
  494.900000    -654.70879044       5.02816840    -649.68062203   627.413884 25810.091681
  494.950000    -655.57810458       5.70463443    -649.87347015   711.823183 25812.706675
  495.000000    -654.44595010       5.37181554    -649.07413456   670.294107 25815.326996
  495.050000    -654.47109039       6.15172372    -648.31936667   767.610899 25817.936503
  495.100000    -655.32024618       6.00176179    -649.31848439   748.898678 25820.526167
  495.150000    -654.76195061       5.00779947    -649.75415114   624.872252 25823.096045
  495.200000    -655.70297112       5.91858217    -649.78438895   738.519542 25825.739460
  495.250000    -655.39993258       4.78853267    -650.61139991   597.512183 25828.444863
  495.300000    -655.64938879       5.41571629    -650.23367249   675.772035 25831.096707
  495.350000    -654.02613824       4.97907226    -649.04706598   621.287676 25833.707703
  495.400000    -654.38495558       5.69808940    -648.68686619   711.006496 25836.315347
  495.450000    -654.16694598       5.48324795    -648.68369803   684.198622 25838.940183
  495.500000    -655.37664581       6.01334355    -649.36330226   750.343848 25841.550216
  495.550000    -654.52477077       5.27837642    -649.24639435   658.634791 25844.171398
  495.600000    -654.48576162       5.34697635    -649.13878527   667.194678 25846.780613
  495.650000    -654.53649108       5.34099533    -649.19549576   666.448367 25849.408025
  495.700000    -654.21289391       5.29277811    -648.92011580   660.431832 25852.018320
  495.750000    -654.49270611       5.66854673    -648.82415937   707.320168 25854.629968
  495.800000    -654.40901690       5.79719849    -648.61181842   723.373309 25857.236880
  495.850000    -654.23673058       5.29052789    -648.94620269   660.151050 25859.840450
  495.900000    -655.53242130       6.30463605    -649.22778525   786.691270 25862.441375
  495.950000    -654.78106736       5.43871492    -649.34235244   678.641798 25865.035706
  496.000000    -654.80377232       5.84986036    -648.95391196   729.944447 25867.644636
  496.050000    -655.03592045       5.49886142    -649.53705903   686.146867 25870.248322
  496.100000    -654.99906202       4.76039809    -650.23866393   594.001555 25872.849076
  496.150000    -655.12850576       4.83494257    -650.29356320   603.303201 25875.472226
  496.200000    -654.63939810       4.75667618    -649.88272192   593.537136 25878.102432
  496.250000    -655.15888542       4.88246419    -650.27642123   609.232939 25880.750614
  496.300000    -656.11324999       5.79869167    -650.31455832   723.559628 25883.403770
  496.350000    -655.49202232       5.23455493    -650.25746739   653.166755 25886.040596
  496.400000    -655.73218566       6.22664286    -649.50554280   776.959295 25888.664323
  496.450000    -655.29973976       5.64337566    -649.65636410   704.179326 25891.358300
  496.500000    -655.20507932       5.99591581    -649.20916351   748.169219 25893.987959
  496.550000    -654.75747759       5.17770828    -649.57976930   646.073441 25896.599248
  496.600000    -654.30570421       5.41113187    -648.89457234   675.199991 25899.206492
  496.650000    -655.50905719       5.60787435    -649.90118283   699.749480 25901.813361
  496.700000    -656.34970093       5.72846594    -650.62123499   714.796875 25904.398522
  496.750000    -655.71162615       5.38824865    -650.32337750   672.344628 25907.004211
  496.800000    -655.93930975       6.30417127    -649.63513847   786.633275 25909.602221
  496.850000    -655.85831630       5.73348470    -650.12483160   715.423115 25912.187726
  496.900000    -654.71832442       5.04188196    -649.67644246   629.125058 25914.789024
  496.950000    -654.76973366       6.21843888    -648.55129478   775.935604 25917.387804
  497.000000    -654.40611946       5.46376282    -648.94235664   681.767270 25919.985764
  497.050000    -655.46857617       5.95926332    -649.50931285   743.595728 25922.590823
  497.100000    -655.55677651       6.18873679    -649.36803972   772.229383 25925.183344
  497.150000    -654.99522350       5.74996219    -649.24526131   717.479173 25927.775384
  497.200000    -655.27126657       4.89491738    -650.37634919   610.786847 25930.381686
  497.250000    -656.13896760       5.49163769    -650.64732991   685.245492 25933.007015
  497.300000    -655.16918563       4.75919894    -650.40998669   593.851926 25935.635728
  497.350000    -655.60745338       6.00983051    -649.59762286   749.905492 25938.239938
  497.400000    -656.01671023       5.28017090    -650.73653933   658.858707 25940.821912
  497.450000    -656.43818248       5.15204313    -651.28613935   642.870948 25943.401779
  497.500000    -655.71027609       4.78761068    -650.92266541   597.397137 25945.993325
  497.550000    -656.40943700       5.44840675    -650.96103025   679.851143 25948.581762
  497.600000    -654.98577707       4.44167279    -650.54410428   554.231074 25951.186318
  497.650000    -656.15324972       5.59227016    -650.56097956   697.802392 25953.771956
  497.700000    -655.69362429       5.20568490    -650.48793939   649.564357 25956.347399
  497.750000    -655.72298670       5.84369679    -649.87928991   729.175358 25958.941551
  497.800000    -655.93132052       5.62765454    -650.30366598   702.217648 25961.534155
  497.850000    -654.94653988       4.47013091    -650.47640897   557.782072 25964.135300
  497.900000    -656.99522900       6.10299195    -650.89223706   761.530158 25966.752615
  497.950000    -655.65515962       5.13413990    -650.52101972   640.636986 25969.357340
  498.000000    -655.21002362       5.24360572    -649.96641790   654.296111 25971.958462
  498.050000    -655.27624799       5.52779384    -649.74845414   689.757050 25974.551727
  498.100000    -655.20173683       5.20128947    -650.00044736   649.015897 25977.138983
  498.150000    -655.34537193       5.36858656    -649.97678536   669.891196 25979.732653
  498.200000    -655.46674697       5.98791937    -649.47882760   747.171424 25982.316112
  498.250000    -655.43120349       5.32665957    -650.10454392   664.659554 25984.905300
  498.300000    -655.72651303       5.35096616    -650.37554687   667.692526 25987.485273
  498.350000    -655.20150944       5.02730602    -650.17420342   627.306276 25990.076571
  498.400000    -655.83502843       5.27616995    -650.55885848   658.359469 25992.656425
  498.450000    -656.24782777       4.90737631    -651.34045146   612.341469 25995.234588
  498.500000    -656.29834819       5.12549111    -651.17285708   639.557792 25997.824048
  498.550000    -656.13898382       4.94860175    -651.19038208   617.485571 26000.437014
  498.600000    -656.39874447       5.03770732    -651.36103715   628.604148 26003.008459
  498.650000    -655.87997441       5.14598107    -650.73399334   642.114525 26005.574564
  498.700000    -655.68024440       5.22343055    -650.45681385   651.778656 26008.138986
  498.750000    -655.77762689       5.72491824    -650.05270865   714.354194 26010.711140
  498.800000    -655.83996463       6.05933764    -649.78062699   756.082982 26013.314764
  498.850000    -656.09358743       5.12946970    -650.96411773   640.054240 26015.916888
  498.900000    -655.82433844       5.15180197    -650.67253647   642.840856 26018.506255
  498.950000    -655.12496237       4.58554198    -650.53942038   572.183044 26021.090230
  499.000000    -655.70486283       6.45318944    -649.25167339   805.227734 26023.685033
  499.050000    -655.68696541       5.94302234    -649.74394308   741.569181 26026.309206
  499.100000    -654.65269895       5.21816600    -649.43453295   651.121747 26028.937870
  499.150000    -655.10985023       6.48088061    -648.62896962   808.683033 26031.554110
  499.200000    -654.29905344       6.24146322    -648.05759022   778.808576 26034.171037
  499.250000    -654.57278908       6.37041771    -648.20237137   794.899493 26036.793478
  499.300000    -654.73143136       6.01471129    -648.71672007   750.514514 26039.420327
  499.350000    -654.59460602       5.58769514    -649.00691088   697.231522 26042.055934
  499.400000    -655.46226368       5.67619098    -649.78607270   708.274016 26044.724347
  499.450000    -656.05952567       6.74468833    -649.31483734   841.600909 26047.378855
  499.500000    -655.14747963       5.77660827    -649.37087137   720.804065 26050.027670
  499.550000    -656.18995707       6.41628980    -649.77366727   800.623403 26052.680882
  499.600000    -654.65179003       5.29392772    -649.35786232   660.575279 26055.330378
  499.650000    -654.88659862       5.97016634    -648.91643228   744.956205 26057.984556
  499.700000    -655.07748048       6.08947815    -648.98800234   759.843908 26060.626350
  499.750000    -655.36766766       6.37008960    -648.99757805   794.858552 26063.275840
  499.800000    -653.75332147       5.20428676    -648.54903471   649.389898 26065.911422
  499.850000    -654.97718165       6.37362771    -648.60355394   795.300036 26068.535522
  499.900000    -655.64394014       6.06884072    -649.57509942   757.268775 26071.179537
  499.950000    -655.64382604       5.89670899    -649.74711705   735.790210 26073.777431
  500.000000    -655.20139515       5.70965592    -649.49173923   712.449764 26076.367527
